[hip-two-stage] K=8192 rows=1 wg=128 splits=2 median=40.3882 us correctness=pass
[hip-two-stage] K=8192 rows=1 wg=128 splits=4 median=26.2841 us correctness=pass
[hip-two-stage] K=8192 rows=4 wg=128 splits=2 median=38.8402 us correctness=pass
[hip-two-stage] K=8192 rows=4 wg=128 splits=4 median=27.0801 us correctness=pass
[hip-two-stage] K=32768 rows=1 wg=128 splits=2 median=148.641 us correctness=pass
[hip-two-stage] K=32768 rows=1 wg=128 splits=4 median=78.8283 us correctness=pass
[hip-two-stage] K=32768 rows=4 wg=128 splits=2 median=149.563 us correctness=pass
[hip-two-stage] K=32768 rows=4 wg=128 splits=4 median=78.9524 us correctness=pass
[hip-two-stage] K=8192 rows=1 wg=256 splits=2 median=50.1883 us correctness=pass
[hip-two-stage] K=8192 rows=1 wg=256 splits=4 median=34.3162 us correctness=pass
[hip-two-stage] K=8192 rows=4 wg=256 splits=2 median=40.8962 us correctness=pass
[hip-two-stage] K=8192 rows=4 wg=256 splits=4 median=34.5121 us correctness=pass
[hip-two-stage] K=32768 rows=1 wg=256 splits=2 median=98.3085 us correctness=pass
[hip-two-stage] K=32768 rows=1 wg=256 splits=4 median=63.0123 us correctness=pass
[hip-two-stage] K=32768 rows=4 wg=256 splits=2 median=98.6004 us correctness=pass
[hip-two-stage] K=32768 rows=4 wg=256 splits=4 median=62.8243 us correctness=pass
{
  "artifact_ref": "/home/kaden/ClaudeCode/autorocm/redline-pub/examples/hipengine-6409/results/gfx1201/2026-07-13-radiowave-redline/independent_throughput/hip-two-stage-reduction.json",
  "bench": "two_stage_reduction",
  "claim_gate": {
    "blocking_reasons": [
      "raw_result_identity_mismatch_or_missing",
      "device_identity_mismatch_or_missing",
      "comparison_matrix_incomplete"
    ],
    "clean_source": true,
    "correctness_pass": true,
    "device_match": false,
    "gfx_arch_match": true,
    "hip_device_fingerprint": "radeon_graphics",
    "matrix": {
      "actual_matched_rows": 0,
      "actual_rows": 16,
      "backend_pair_requested": false,
      "comparison_set_complete": false,
      "exact_raw_result_set": false,
      "exact_row_set": false,
      "expected_matched_rows": 16,
      "expected_rows": 32,
      "row_metadata_pass": true
    },
    "matrix_complete": false,
    "performance_claim": false,
    "raw_evidence": {
      "hip": {
        "device_fingerprints": [
          "radeon_graphics"
        ],
        "device_names": [
          "AMD Radeon Graphics"
        ],
        "gfx_arches": [
          "gfx1201"
        ],
        "identity_pass": true,
        "raw_result_count": 2,
        "source_hashes": []
      },
      "identity_pass": false,
      "vulkan": {
        "device_fingerprints": [],
        "device_names": [],
        "gfx_arches": [],
        "identity_pass": false,
        "raw_result_count": 0,
        "source_hashes": []
      }
    },
    "raw_result_identity_pass": false,
    "same_commit": true,
    "source_hash_present": true,
    "source_scope": "single_joint_wrapper_invocation",
    "status": "blocked",
    "vulkan_device_fingerprint": ""
  },
  "classification": "diagnostic_unclassified",
  "command": [
    "python3",
    "/tmp/hipEngine-f2c/benchmarks/micro/runners/two_stage_reduction.py",
    "--backend",
    "hip",
    "--timing-mode",
    "independent_throughput",
    "--independent-streams",
    "4",
    "--reps",
    "10",
    "--warmup",
    "3",
    "--samples",
    "5",
    "--environment-json",
    "/home/kaden/ClaudeCode/autorocm/redline-pub/examples/hipengine-6409/results/gfx1201/2026-07-13-radiowave-redline/environment.json",
    "--environment-ref",
    "/home/kaden/ClaudeCode/autorocm/redline-pub/examples/hipengine-6409/results/gfx1201/2026-07-13-radiowave-redline/environment.json",
    "--gfx-arch",
    "gfx1201",
    "--hardware-gpu",
    "AMD Radeon Graphics",
    "--build-dir",
    "/home/kaden/ClaudeCode/autorocm/redline-pub/examples/hipengine-6409/results/gfx1201/2026-07-13-radiowave-redline/build/hip/two-stage-reduction",
    "--k-list",
    "8192,32768",
    "--rows-list",
    "1,4",
    "--workgroups",
    "128,256",
    "--split-counts",
    "2,4",
    "--body-repeats",
    "16",
    "--out",
    "/home/kaden/ClaudeCode/autorocm/redline-pub/examples/hipengine-6409/results/gfx1201/2026-07-13-radiowave-redline/independent_throughput/hip-two-stage-reduction.json",
    "--pretty"
  ],
  "commands": [
    {
      "build_command": [
        "/usr/bin/hipcc",
        "--offload-arch=gfx1201",
        "-O3",
        "-std=c++17",
        "-DHIPENGINE_FIXED_WORKGROUP_SIZE=128",
        "/tmp/hipEngine-f2c/benchmarks/micro/runners/hip_two_stage_reduction.hip",
        "-o",
        "/home/kaden/ClaudeCode/autorocm/redline-pub/examples/hipengine-6409/results/gfx1201/2026-07-13-radiowave-redline/build/hip/two-stage-reduction/hip_two_stage_reduction_wg128"
      ],
      "kind": "hip",
      "run_command": [
        "/home/kaden/ClaudeCode/autorocm/redline-pub/examples/hipengine-6409/results/gfx1201/2026-07-13-radiowave-redline/build/hip/two-stage-reduction/hip_two_stage_reduction_wg128",
        "--json",
        "/home/kaden/ClaudeCode/autorocm/redline-pub/examples/hipengine-6409/results/gfx1201/2026-07-13-radiowave-redline/build/hip/two-stage-reduction/hip-two-stage-wg128.json",
        "--k-list",
        "8192,32768",
        "--rows-list",
        "1,4",
        "--workgroups",
        "128",
        "--split-counts",
        "2,4",
        "--body-repeats",
        "16",
        "--reps",
        "10",
        "--warmup",
        "3",
        "--samples",
        "5",
        "--timing-mode",
        "independent_throughput",
        "--device-index",
        "0",
        "--independent-streams",
        "4"
      ],
      "workgroup": 128
    },
    {
      "build_command": [
        "/usr/bin/hipcc",
        "--offload-arch=gfx1201",
        "-O3",
        "-std=c++17",
        "-DHIPENGINE_FIXED_WORKGROUP_SIZE=256",
        "/tmp/hipEngine-f2c/benchmarks/micro/runners/hip_two_stage_reduction.hip",
        "-o",
        "/home/kaden/ClaudeCode/autorocm/redline-pub/examples/hipengine-6409/results/gfx1201/2026-07-13-radiowave-redline/build/hip/two-stage-reduction/hip_two_stage_reduction_wg256"
      ],
      "kind": "hip",
      "run_command": [
        "/home/kaden/ClaudeCode/autorocm/redline-pub/examples/hipengine-6409/results/gfx1201/2026-07-13-radiowave-redline/build/hip/two-stage-reduction/hip_two_stage_reduction_wg256",
        "--json",
        "/home/kaden/ClaudeCode/autorocm/redline-pub/examples/hipengine-6409/results/gfx1201/2026-07-13-radiowave-redline/build/hip/two-stage-reduction/hip-two-stage-wg256.json",
        "--k-list",
        "8192,32768",
        "--rows-list",
        "1,4",
        "--workgroups",
        "256",
        "--split-counts",
        "2,4",
        "--body-repeats",
        "16",
        "--reps",
        "10",
        "--warmup",
        "3",
        "--samples",
        "5",
        "--timing-mode",
        "independent_throughput",
        "--device-index",
        "0",
        "--independent-streams",
        "4"
      ],
      "workgroup": 256
    }
  ],
  "comparisons": [],
  "config": {
    "backend": "hip",
    "body_repeats": 16,
    "independent_queues": 4,
    "independent_streams": 4,
    "k_list": [
      8192,
      32768
    ],
    "reps": 10,
    "rows_list": [
      1,
      4
    ],
    "samples": 5,
    "split_counts": [
      2,
      4
    ],
    "timing_mode": "independent_throughput",
    "warmup": 3,
    "workgroups": [
      128,
      256
    ]
  },
  "correctness": {
    "all_rows_pass": true,
    "hip": {
      "all_rows_pass": true,
      "row_count": 16,
      "status": "pass"
    },
    "row_count": 16,
    "status": "pass",
    "vulkan": {
      "row_count": 0,
      "status": "not_run"
    }
  },
  "environment": {
    "captured": null,
    "ref": "/home/kaden/ClaudeCode/autorocm/redline-pub/examples/hipengine-6409/results/gfx1201/2026-07-13-radiowave-redline/environment.json"
  },
  "hardware": {
    "hip": {
      "gfx_arch": "gfx1201",
      "gpu_name": "AMD Radeon Graphics"
    },
    "vulkan": {
      "gfx_arch": "gfx1201",
      "gpu_name": "AMD Radeon Graphics"
    }
  },
  "inputs": {
    "backend": "hip",
    "body_repeats": 16,
    "independent_queues": 4,
    "independent_streams": 4,
    "k_list": [
      8192,
      32768
    ],
    "reps": 10,
    "rows_list": [
      1,
      4
    ],
    "samples": 5,
    "split_counts": [
      2,
      4
    ],
    "timing_mode": "independent_throughput",
    "warmup": 3,
    "workgroups": [
      128,
      256
    ]
  },
  "interpretation": "True two-stage f32 reduction control. serial_latency orders each partial and final dispatch and reuses shared state. independent_throughput uses disjoint slices with one intra-operation partial-to-final dependency per logical operation, distributed over matched HIP stream and Vulkan queue lanes. Vulkan cross-queue GPU span uses calibrated timestamps. GPU ratios are comparable; unlike host submission classes are intentionally not compared.",
  "kind": "hipengine_micro_comparison",
  "matched_rows": [],
  "performance_claim": false,
  "raw_results": {
    "hip:wg128": {
      "backend": "hip",
      "config": {
        "body_repeats": 16,
        "hip_fixed_workgroup_size": 128,
        "independent_streams": 4,
        "k_list": [
          8192,
          32768
        ],
        "method": "two dispatches per repetition: block partials plus final reduction",
        "reps": 10,
        "rows_list": [
          1,
          4
        ],
        "samples": 5,
        "split_counts": [
          2,
          4
        ],
        "timing_mode": "independent_throughput",
        "warmup": 3,
        "workgroups": [
          128
        ]
      },
      "hardware": {
        "device_name": "AMD Radeon Graphics",
        "gcn_arch_name": "gfx1201",
        "multi_processor_count": 32
      },
      "rows": [
        {
          "body_repeats": 16,
          "bytes_per_us": 1622.850251,
          "correctness": {
            "single_dispatch": {
              "oracle": "deterministic CPU two-stage reference with sequence tag",
              "status": "pass"
            },
            "synchronization": {
              "barrier_count": 0,
              "method": "round_robin_stream_lanes_with_intra_operation_order",
              "status": "pass"
            },
            "timed_sequence": {
              "coverage": "all_dispatches",
              "logical_iterations": 10,
              "oracle": "deterministic CPU two-stage reference with sequence tag",
              "status": "pass"
            }
          },
          "correctness_pass": true,
          "dependency_contract": {
            "inter_dispatch_ordering": "hip_round_robin_stream_order",
            "output_partitioning": "disjoint",
            "validation_status": "pass",
            "work_dependency": "independent"
          },
          "gflops": 6.490608693,
          "k": 8192,
          "max_abs": 0,
          "max_rel": 0,
          "max_us": 40.75619876,
          "median_us": 40.38819969,
          "min_us": 40.14010131,
          "p05_us": 40.17292082,
          "p95_us": 40.68977892,
          "rows": 1,
          "split_count": 2,
          "submission": {
            "completion_in_host_wall": true,
            "queue_or_stream_count": 4,
            "recording_in_timed_region": false,
            "strategy": "multi_stream",
            "submit_in_host_wall": true
          },
          "timing": {
            "burst": {
              "dispatches_per_iteration": 2,
              "gpu_elapsed": {
                "clock": "hip_event",
                "per_iteration_us": {
                  "max": 40.75619876,
                  "median": 40.38819969,
                  "min": 40.14010131,
                  "n": 5,
                  "p05": 40.17292082,
                  "p95": 40.68977892,
                  "samples": 5,
                  "stdev": 0.2021336303
                },
                "sequence_us": {
                  "max": 407.5619876,
                  "median": 403.8819969,
                  "min": 401.4010131,
                  "n": 5,
                  "p05": 401.7292082,
                  "p95": 406.8977892,
                  "samples": 5,
                  "stdev": 2.021336303
                },
                "status": "ok"
              },
              "host_wall": {
                "clock": "steady_clock",
                "per_iteration_us": {
                  "max": 43.7816,
                  "median": 43.4806,
                  "min": 43.1776,
                  "n": 5,
                  "p05": 43.2232,
                  "p95": 43.7298,
                  "samples": 5,
                  "stdev": 0.1947069593
                },
                "sequence_us": {
                  "max": 437.816,
                  "median": 434.806,
                  "min": 431.776,
                  "n": 5,
                  "p05": 432.232,
                  "p95": 437.298,
                  "samples": 5,
                  "stdev": 1.947069593
                },
                "status": "ok"
              },
              "logical_iterations": 10
            },
            "single": {
              "dispatches_per_iteration": 2,
              "gpu_elapsed": {
                "clock": "hip_event",
                "per_iteration_us": {
                  "max": 96.72000259,
                  "median": 94.95999664,
                  "min": 94.72099692,
                  "n": 5,
                  "p05": 94.74479705,
                  "p95": 96.62420154,
                  "samples": 5,
                  "stdev": 0.8211541991
                },
                "sequence_us": {
                  "max": 96.72000259,
                  "median": 94.95999664,
                  "min": 94.72099692,
                  "n": 5,
                  "p05": 94.74479705,
                  "p95": 96.62420154,
                  "samples": 5,
                  "stdev": 0.8211541991
                },
                "status": "ok"
              },
              "host_wall": {
                "clock": "steady_clock",
                "per_iteration_us": {
                  "max": 317.305,
                  "median": 126.041,
                  "min": 125.142,
                  "n": 5,
                  "p05": 125.1858,
                  "p95": 279.1904,
                  "samples": 5,
                  "stdev": 76.59642485
                },
                "sequence_us": {
                  "max": 317.305,
                  "median": 126.041,
                  "min": 125.142,
                  "n": 5,
                  "p05": 125.1858,
                  "p95": 279.1904,
                  "samples": 5,
                  "stdev": 76.59642485
                },
                "status": "ok"
              },
              "logical_iterations": 1
            }
          },
          "timing_mode": "independent_throughput",
          "workgroup_size": 128
        },
        {
          "body_repeats": 16,
          "bytes_per_us": 2493.97938,
          "correctness": {
            "single_dispatch": {
              "oracle": "deterministic CPU two-stage reference with sequence tag",
              "status": "pass"
            },
            "synchronization": {
              "barrier_count": 0,
              "method": "round_robin_stream_lanes_with_intra_operation_order",
              "status": "pass"
            },
            "timed_sequence": {
              "coverage": "all_dispatches",
              "logical_iterations": 10,
              "oracle": "deterministic CPU two-stage reference with sequence tag",
              "status": "pass"
            }
          },
          "correctness_pass": true,
          "dependency_contract": {
            "inter_dispatch_ordering": "hip_round_robin_stream_order",
            "output_partitioning": "disjoint",
            "validation_status": "pass",
            "work_dependency": "independent"
          },
          "gflops": 9.973482589,
          "k": 8192,
          "max_abs": 0,
          "max_rel": 0,
          "max_us": 26.63609982,
          "median_us": 26.28409863,
          "min_us": 23.90809953,
          "p05_us": 23.94089967,
          "p95_us": 26.6257,
          "rows": 1,
          "split_count": 4,
          "submission": {
            "completion_in_host_wall": true,
            "queue_or_stream_count": 4,
            "recording_in_timed_region": false,
            "strategy": "multi_stream",
            "submit_in_host_wall": true
          },
          "timing": {
            "burst": {
              "dispatches_per_iteration": 2,
              "gpu_elapsed": {
                "clock": "hip_event",
                "per_iteration_us": {
                  "max": 26.63609982,
                  "median": 26.28409863,
                  "min": 23.90809953,
                  "n": 5,
                  "p05": 23.94089967,
                  "p95": 26.6257,
                  "samples": 5,
                  "stdev": 1.237239236
                },
                "sequence_us": {
                  "max": 266.3609982,
                  "median": 262.8409863,
                  "min": 239.0809953,
                  "n": 5,
                  "p05": 239.4089967,
                  "p95": 266.257,
                  "samples": 5,
                  "stdev": 12.37239236
                },
                "status": "ok"
              },
              "host_wall": {
                "clock": "steady_clock",
                "per_iteration_us": {
                  "max": 29.7204,
                  "median": 29.3724,
                  "min": 26.9184,
                  "n": 5,
                  "p05": 26.9614,
                  "p95": 29.7136,
                  "samples": 5,
                  "stdev": 1.265317731
                },
                "sequence_us": {
                  "max": 297.204,
                  "median": 293.724,
                  "min": 269.184,
                  "n": 5,
                  "p05": 269.614,
                  "p95": 297.136,
                  "samples": 5,
                  "stdev": 12.65317731
                },
                "status": "ok"
              },
              "logical_iterations": 10
            },
            "single": {
              "dispatches_per_iteration": 2,
              "gpu_elapsed": {
                "clock": "hip_event",
                "per_iteration_us": {
                  "max": 78.3199966,
                  "median": 76.36100054,
                  "min": 75.12000203,
                  "n": 5,
                  "p05": 75.20020157,
                  "p95": 78.2559976,
                  "samples": 5,
                  "stdev": 1.289140197
                },
                "sequence_us": {
                  "max": 78.3199966,
                  "median": 76.36100054,
                  "min": 75.12000203,
                  "n": 5,
                  "p05": 75.20020157,
                  "p95": 78.2559976,
                  "samples": 5,
                  "stdev": 1.289140197
                },
                "status": "ok"
              },
              "host_wall": {
                "clock": "steady_clock",
                "per_iteration_us": {
                  "max": 110.731,
                  "median": 107.212,
                  "min": 105.552,
                  "n": 5,
                  "p05": 105.6838,
                  "p95": 110.3112,
                  "samples": 5,
                  "stdev": 1.850378621
                },
                "sequence_us": {
                  "max": 110.731,
                  "median": 107.212,
                  "min": 105.552,
                  "n": 5,
                  "p05": 105.6838,
                  "p95": 110.3112,
                  "samples": 5,
                  "stdev": 1.850378621
                },
                "status": "ok"
              },
              "logical_iterations": 1
            }
          },
          "timing_mode": "independent_throughput",
          "workgroup_size": 128
        },
        {
          "body_repeats": 16,
          "bytes_per_us": 4219.133945,
          "correctness": {
            "single_dispatch": {
              "oracle": "deterministic CPU two-stage reference with sequence tag",
              "status": "pass"
            },
            "synchronization": {
              "barrier_count": 0,
              "method": "round_robin_stream_lanes_with_intra_operation_order",
              "status": "pass"
            },
            "timed_sequence": {
              "coverage": "all_dispatches",
              "logical_iterations": 10,
              "oracle": "deterministic CPU two-stage reference with sequence tag",
              "status": "pass"
            }
          },
          "correctness_pass": true,
          "dependency_contract": {
            "inter_dispatch_ordering": "hip_round_robin_stream_order",
            "output_partitioning": "disjoint",
            "validation_status": "pass",
            "work_dependency": "independent"
          },
          "gflops": 26.99718436,
          "k": 8192,
          "max_abs": 0,
          "max_rel": 0,
          "max_us": 39.28819895,
          "median_us": 38.84019852,
          "min_us": 37.26420105,
          "p05_us": 37.56020069,
          "p95_us": 39.26179945,
          "rows": 4,
          "split_count": 2,
          "submission": {
            "completion_in_host_wall": true,
            "queue_or_stream_count": 4,
            "recording_in_timed_region": false,
            "strategy": "multi_stream",
            "submit_in_host_wall": true
          },
          "timing": {
            "burst": {
              "dispatches_per_iteration": 2,
              "gpu_elapsed": {
                "clock": "hip_event",
                "per_iteration_us": {
                  "max": 39.28819895,
                  "median": 38.84019852,
                  "min": 37.26420105,
                  "n": 5,
                  "p05": 37.56020069,
                  "p95": 39.26179945,
                  "samples": 5,
                  "stdev": 0.7250732064
                },
                "sequence_us": {
                  "max": 392.8819895,
                  "median": 388.4019852,
                  "min": 372.6420105,
                  "n": 5,
                  "p05": 375.6020069,
                  "p95": 392.6179945,
                  "samples": 5,
                  "stdev": 7.250732064
                },
                "status": "ok"
              },
              "host_wall": {
                "clock": "steady_clock",
                "per_iteration_us": {
                  "max": 42.3026,
                  "median": 41.8726,
                  "min": 40.3336,
                  "n": 5,
                  "p05": 40.616,
                  "p95": 42.2962,
                  "samples": 5,
                  "stdev": 0.7193754513
                },
                "sequence_us": {
                  "max": 423.026,
                  "median": 418.726,
                  "min": 403.336,
                  "n": 5,
                  "p05": 406.16,
                  "p95": 422.962,
                  "samples": 5,
                  "stdev": 7.193754513
                },
                "status": "ok"
              },
              "logical_iterations": 10
            },
            "single": {
              "dispatches_per_iteration": 2,
              "gpu_elapsed": {
                "clock": "hip_event",
                "per_iteration_us": {
                  "max": 99.23999757,
                  "median": 94.31999922,
                  "min": 91.83999896,
                  "n": 5,
                  "p05": 92.15999991,
                  "p95": 98.44819754,
                  "samples": 5,
                  "stdev": 2.481274098
                },
                "sequence_us": {
                  "max": 99.23999757,
                  "median": 94.31999922,
                  "min": 91.83999896,
                  "n": 5,
                  "p05": 92.15999991,
                  "p95": 98.44819754,
                  "samples": 5,
                  "stdev": 2.481274098
                },
                "status": "ok"
              },
              "host_wall": {
                "clock": "steady_clock",
                "per_iteration_us": {
                  "max": 125.472,
                  "median": 123.412,
                  "min": 118.682,
                  "n": 5,
                  "p05": 119.4118,
                  "p95": 125.4238,
                  "samples": 5,
                  "stdev": 2.463627293
                },
                "sequence_us": {
                  "max": 125.472,
                  "median": 123.412,
                  "min": 118.682,
                  "n": 5,
                  "p05": 119.4118,
                  "p95": 125.4238,
                  "samples": 5,
                  "stdev": 2.463627293
                },
                "status": "ok"
              },
              "logical_iterations": 1
            }
          },
          "timing_mode": "independent_throughput",
          "workgroup_size": 128
        },
        {
          "body_repeats": 16,
          "bytes_per_us": 6052.56241,
          "correctness": {
            "single_dispatch": {
              "oracle": "deterministic CPU two-stage reference with sequence tag",
              "status": "pass"
            },
            "synchronization": {
              "barrier_count": 0,
              "method": "round_robin_stream_lanes_with_intra_operation_order",
              "status": "pass"
            },
            "timed_sequence": {
              "coverage": "all_dispatches",
              "logical_iterations": 10,
              "oracle": "deterministic CPU two-stage reference with sequence tag",
              "status": "pass"
            }
          },
          "correctness_pass": true,
          "dependency_contract": {
            "inter_dispatch_ordering": "hip_round_robin_stream_order",
            "output_partitioning": "disjoint",
            "validation_status": "pass",
            "work_dependency": "independent"
          },
          "gflops": 38.72127392,
          "k": 8192,
          "max_abs": 0,
          "max_rel": 0,
          "max_us": 27.22409964,
          "median_us": 27.08010077,
          "min_us": 22.12810069,
          "p05_us": 22.15370059,
          "p95_us": 27.21929967,
          "rows": 4,
          "split_count": 4,
          "submission": {
            "completion_in_host_wall": true,
            "queue_or_stream_count": 4,
            "recording_in_timed_region": false,
            "strategy": "multi_stream",
            "submit_in_host_wall": true
          },
          "timing": {
            "burst": {
              "dispatches_per_iteration": 2,
              "gpu_elapsed": {
                "clock": "hip_event",
                "per_iteration_us": {
                  "max": 27.22409964,
                  "median": 27.08010077,
                  "min": 22.12810069,
                  "n": 5,
                  "p05": 22.15370059,
                  "p95": 27.21929967,
                  "samples": 5,
                  "stdev": 2.43855624
                },
                "sequence_us": {
                  "max": 272.2409964,
                  "median": 270.8010077,
                  "min": 221.2810069,
                  "n": 5,
                  "p05": 221.5370059,
                  "p95": 272.1929967,
                  "samples": 5,
                  "stdev": 24.3855624
                },
                "status": "ok"
              },
              "host_wall": {
                "clock": "steady_clock",
                "per_iteration_us": {
                  "max": 30.2424,
                  "median": 30.1434,
                  "min": 25.1873,
                  "n": 5,
                  "p05": 25.20932,
                  "p95": 30.2404,
                  "samples": 5,
                  "stdev": 2.43220811
                },
                "sequence_us": {
                  "max": 302.424,
                  "median": 301.434,
                  "min": 251.873,
                  "n": 5,
                  "p05": 252.0932,
                  "p95": 302.404,
                  "samples": 5,
                  "stdev": 24.3220811
                },
                "status": "ok"
              },
              "logical_iterations": 10
            },
            "single": {
              "dispatches_per_iteration": 2,
              "gpu_elapsed": {
                "clock": "hip_event",
                "per_iteration_us": {
                  "max": 92.23999828,
                  "median": 75.68000257,
                  "min": 75.4000023,
                  "n": 5,
                  "p05": 75.44000149,
                  "p95": 88.95999789,
                  "samples": 5,
                  "stdev": 6.645510301
                },
                "sequence_us": {
                  "max": 92.23999828,
                  "median": 75.68000257,
                  "min": 75.4000023,
                  "n": 5,
                  "p05": 75.44000149,
                  "p95": 88.95999789,
                  "samples": 5,
                  "stdev": 6.645510301
                },
                "status": "ok"
              },
              "host_wall": {
                "clock": "steady_clock",
                "per_iteration_us": {
                  "max": 111.542,
                  "median": 106.282,
                  "min": 106.042,
                  "n": 5,
                  "p05": 106.086,
                  "p95": 110.5698,
                  "samples": 5,
                  "stdev": 2.100236215
                },
                "sequence_us": {
                  "max": 111.542,
                  "median": 106.282,
                  "min": 106.042,
                  "n": 5,
                  "p05": 106.086,
                  "p95": 110.5698,
                  "samples": 5,
                  "stdev": 2.100236215
                },
                "status": "ok"
              },
              "logical_iterations": 1
            }
          },
          "timing_mode": "independent_throughput",
          "workgroup_size": 128
        },
        {
          "body_repeats": 16,
          "bytes_per_us": 1763.662259,
          "correctness": {
            "single_dispatch": {
              "oracle": "deterministic CPU two-stage reference with sequence tag",
              "status": "pass"
            },
            "synchronization": {
              "barrier_count": 0,
              "method": "round_robin_stream_lanes_with_intra_operation_order",
              "status": "pass"
            },
            "timed_sequence": {
              "coverage": "all_dispatches",
              "logical_iterations": 10,
              "oracle": "deterministic CPU two-stage reference with sequence tag",
              "status": "pass"
            }
          },
          "correctness_pass": true,
          "dependency_contract": {
            "inter_dispatch_ordering": "hip_round_robin_stream_order",
            "output_partitioning": "disjoint",
            "validation_status": "pass",
            "work_dependency": "independent"
          },
          "gflops": 7.05443375,
          "k": 32768,
          "max_abs": 0,
          "max_rel": 0,
          "max_us": 148.8847017,
          "median_us": 148.6407042,
          "min_us": 147.0847011,
          "p05_us": 147.2470999,
          "p95_us": 148.8839006,
          "rows": 1,
          "split_count": 2,
          "submission": {
            "completion_in_host_wall": true,
            "queue_or_stream_count": 4,
            "recording_in_timed_region": false,
            "strategy": "multi_stream",
            "submit_in_host_wall": true
          },
          "timing": {
            "burst": {
              "dispatches_per_iteration": 2,
              "gpu_elapsed": {
                "clock": "hip_event",
                "per_iteration_us": {
                  "max": 148.8847017,
                  "median": 148.6407042,
                  "min": 147.0847011,
                  "n": 5,
                  "p05": 147.2470999,
                  "p95": 148.8839006,
                  "samples": 5,
                  "stdev": 0.6974580449
                },
                "sequence_us": {
                  "max": 1488.847017,
                  "median": 1486.407042,
                  "min": 1470.847011,
                  "n": 5,
                  "p05": 1472.470999,
                  "p95": 1488.839006,
                  "samples": 5,
                  "stdev": 6.974580449
                },
                "status": "ok"
              },
              "host_wall": {
                "clock": "steady_clock",
                "per_iteration_us": {
                  "max": 151.9351,
                  "median": 151.7061,
                  "min": 150.1001,
                  "n": 5,
                  "p05": 150.27188,
                  "p95": 151.9319,
                  "samples": 5,
                  "stdev": 0.7077773333
                },
                "sequence_us": {
                  "max": 1519.351,
                  "median": 1517.061,
                  "min": 1501.001,
                  "n": 5,
                  "p05": 1502.7188,
                  "p95": 1519.319,
                  "samples": 5,
                  "stdev": 7.077773333
                },
                "status": "ok"
              },
              "logical_iterations": 10
            },
            "single": {
              "dispatches_per_iteration": 2,
              "gpu_elapsed": {
                "clock": "hip_event",
                "per_iteration_us": {
                  "max": 331.0819864,
                  "median": 327.8410137,
                  "min": 318.9620078,
                  "n": 5,
                  "p05": 319.4418073,
                  "p95": 330.4817915,
                  "samples": 5,
                  "stdev": 4.542492152
                },
                "sequence_us": {
                  "max": 331.0819864,
                  "median": 327.8410137,
                  "min": 318.9620078,
                  "n": 5,
                  "p05": 319.4418073,
                  "p95": 330.4817915,
                  "samples": 5,
                  "stdev": 4.542492152
                },
                "status": "ok"
              },
              "host_wall": {
                "clock": "steady_clock",
                "per_iteration_us": {
                  "max": 361.875,
                  "median": 357.725,
                  "min": 349.545,
                  "n": 5,
                  "p05": 350.009,
                  "p95": 361.807,
                  "samples": 5,
                  "stdev": 5.011932162
                },
                "sequence_us": {
                  "max": 361.875,
                  "median": 357.725,
                  "min": 349.545,
                  "n": 5,
                  "p05": 350.009,
                  "p95": 361.807,
                  "samples": 5,
                  "stdev": 5.011932162
                },
                "status": "ok"
              },
              "logical_iterations": 1
            }
          },
          "timing_mode": "independent_throughput",
          "workgroup_size": 128
        },
        {
          "body_repeats": 16,
          "bytes_per_us": 3325.709208,
          "correctness": {
            "single_dispatch": {
              "oracle": "deterministic CPU two-stage reference with sequence tag",
              "status": "pass"
            },
            "synchronization": {
              "barrier_count": 0,
              "method": "round_robin_stream_lanes_with_intra_operation_order",
              "status": "pass"
            },
            "timed_sequence": {
              "coverage": "all_dispatches",
              "logical_iterations": 10,
              "oracle": "deterministic CPU two-stage reference with sequence tag",
              "status": "pass"
            }
          },
          "correctness_pass": true,
          "dependency_contract": {
            "inter_dispatch_ordering": "hip_round_robin_stream_order",
            "output_partitioning": "disjoint",
            "validation_status": "pass",
            "work_dependency": "independent"
          },
          "gflops": 13.30202494,
          "k": 32768,
          "max_abs": 0,
          "max_rel": 0,
          "max_us": 79.19639945,
          "median_us": 78.82829905,
          "min_us": 77.89229751,
          "p05_us": 78.06349754,
          "p95_us": 79.13399935,
          "rows": 1,
          "split_count": 4,
          "submission": {
            "completion_in_host_wall": true,
            "queue_or_stream_count": 4,
            "recording_in_timed_region": false,
            "strategy": "multi_stream",
            "submit_in_host_wall": true
          },
          "timing": {
            "burst": {
              "dispatches_per_iteration": 2,
              "gpu_elapsed": {
                "clock": "hip_event",
                "per_iteration_us": {
                  "max": 79.19639945,
                  "median": 78.82829905,
                  "min": 77.89229751,
                  "n": 5,
                  "p05": 78.06349754,
                  "p95": 79.13399935,
                  "samples": 5,
                  "stdev": 0.4361417525
                },
                "sequence_us": {
                  "max": 791.9639945,
                  "median": 788.2829905,
                  "min": 778.9229751,
                  "n": 5,
                  "p05": 780.6349754,
                  "p95": 791.3399935,
                  "samples": 5,
                  "stdev": 4.361417525
                },
                "status": "ok"
              },
              "host_wall": {
                "clock": "steady_clock",
                "per_iteration_us": {
                  "max": 82.2362,
                  "median": 81.8852,
                  "min": 80.9341,
                  "n": 5,
                  "p05": 81.11032,
                  "p95": 82.17958,
                  "samples": 5,
                  "stdev": 0.4392661271
                },
                "sequence_us": {
                  "max": 822.362,
                  "median": 818.852,
                  "min": 809.341,
                  "n": 5,
                  "p05": 811.1032,
                  "p95": 821.7958,
                  "samples": 5,
                  "stdev": 4.392661271
                },
                "status": "ok"
              },
              "logical_iterations": 10
            },
            "single": {
              "dispatches_per_iteration": 2,
              "gpu_elapsed": {
                "clock": "hip_event",
                "per_iteration_us": {
                  "max": 190.4799938,
                  "median": 184.5999956,
                  "min": 181.2400073,
                  "n": 5,
                  "p05": 181.4402044,
                  "p95": 189.4561946,
                  "samples": 5,
                  "stdev": 3.219872641
                },
                "sequence_us": {
                  "max": 190.4799938,
                  "median": 184.5999956,
                  "min": 181.2400073,
                  "n": 5,
                  "p05": 181.4402044,
                  "p95": 189.4561946,
                  "samples": 5,
                  "stdev": 3.219872641
                },
                "status": "ok"
              },
              "host_wall": {
                "clock": "steady_clock",
                "per_iteration_us": {
                  "max": 216.553,
                  "median": 212.773,
                  "min": 209.943,
                  "n": 5,
                  "p05": 210.329,
                  "p95": 216.303,
                  "samples": 5,
                  "stdev": 2.373896375
                },
                "sequence_us": {
                  "max": 216.553,
                  "median": 212.773,
                  "min": 209.943,
                  "n": 5,
                  "p05": 210.329,
                  "p95": 216.303,
                  "samples": 5,
                  "stdev": 2.373896375
                },
                "status": "ok"
              },
              "logical_iterations": 1
            }
          },
          "timing_mode": "independent_throughput",
          "workgroup_size": 128
        },
        {
          "body_repeats": 16,
          "bytes_per_us": 4382.043492,
          "correctness": {
            "single_dispatch": {
              "oracle": "deterministic CPU two-stage reference with sequence tag",
              "status": "pass"
            },
            "synchronization": {
              "barrier_count": 0,
              "method": "round_robin_stream_lanes_with_intra_operation_order",
              "status": "pass"
            },
            "timed_sequence": {
              "coverage": "all_dispatches",
              "logical_iterations": 10,
              "oracle": "deterministic CPU two-stage reference with sequence tag",
              "status": "pass"
            }
          },
          "correctness_pass": true,
          "dependency_contract": {
            "inter_dispatch_ordering": "hip_round_robin_stream_order",
            "output_partitioning": "disjoint",
            "validation_status": "pass",
            "work_dependency": "independent"
          },
          "gflops": 28.04370903,
          "k": 32768,
          "max_abs": 0,
          "max_rel": 0,
          "max_us": 150.0270963,
          "median_us": 149.563098,
          "min_us": 149.0151048,
          "p05_us": 149.1063237,
          "p95_us": 149.9391174,
          "rows": 4,
          "split_count": 2,
          "submission": {
            "completion_in_host_wall": true,
            "queue_or_stream_count": 4,
            "recording_in_timed_region": false,
            "strategy": "multi_stream",
            "submit_in_host_wall": true
          },
          "timing": {
            "burst": {
              "dispatches_per_iteration": 2,
              "gpu_elapsed": {
                "clock": "hip_event",
                "per_iteration_us": {
                  "max": 150.0270963,
                  "median": 149.563098,
                  "min": 149.0151048,
                  "n": 5,
                  "p05": 149.1063237,
                  "p95": 149.9391174,
                  "samples": 5,
                  "stdev": 0.3224931962
                },
                "sequence_us": {
                  "max": 1500.270963,
                  "median": 1495.63098,
                  "min": 1490.151048,
                  "n": 5,
                  "p05": 1491.063237,
                  "p95": 1499.391174,
                  "samples": 5,
                  "stdev": 3.224931962
                },
                "status": "ok"
              },
              "host_wall": {
                "clock": "steady_clock",
                "per_iteration_us": {
                  "max": 153.1071,
                  "median": 152.6191,
                  "min": 152.0761,
                  "n": 5,
                  "p05": 152.18212,
                  "p95": 153.0125,
                  "samples": 5,
                  "stdev": 0.3264428673
                },
                "sequence_us": {
                  "max": 1531.071,
                  "median": 1526.191,
                  "min": 1520.761,
                  "n": 5,
                  "p05": 1521.8212,
                  "p95": 1530.125,
                  "samples": 5,
                  "stdev": 3.264428673
                },
                "status": "ok"
              },
              "logical_iterations": 10
            },
            "single": {
              "dispatches_per_iteration": 2,
              "gpu_elapsed": {
                "clock": "hip_event",
                "per_iteration_us": {
                  "max": 329.4470012,
                  "median": 328.8060129,
                  "min": 325.9269893,
                  "n": 5,
                  "p05": 326.4949918,
                  "p95": 329.3830037,
                  "samples": 5,
                  "stdev": 1.26798921
                },
                "sequence_us": {
                  "max": 329.4470012,
                  "median": 328.8060129,
                  "min": 325.9269893,
                  "n": 5,
                  "p05": 326.4949918,
                  "p95": 329.3830037,
                  "samples": 5,
                  "stdev": 1.26798921
                },
                "status": "ok"
              },
              "host_wall": {
                "clock": "steady_clock",
                "per_iteration_us": {
                  "max": 361.905,
                  "median": 359.355,
                  "min": 356.935,
                  "n": 5,
                  "p05": 357.393,
                  "p95": 361.411,
                  "samples": 5,
                  "stdev": 1.573589527
                },
                "sequence_us": {
                  "max": 361.905,
                  "median": 359.355,
                  "min": 356.935,
                  "n": 5,
                  "p05": 357.393,
                  "p95": 361.411,
                  "samples": 5,
                  "stdev": 1.573589527
                },
                "status": "ok"
              },
              "logical_iterations": 1
            }
          },
          "timing_mode": "independent_throughput",
          "workgroup_size": 128
        },
        {
          "body_repeats": 16,
          "bytes_per_us": 8301.508053,
          "correctness": {
            "single_dispatch": {
              "oracle": "deterministic CPU two-stage reference with sequence tag",
              "status": "pass"
            },
            "synchronization": {
              "barrier_count": 0,
              "method": "round_robin_stream_lanes_with_intra_operation_order",
              "status": "pass"
            },
            "timed_sequence": {
              "coverage": "all_dispatches",
              "logical_iterations": 10,
              "oracle": "deterministic CPU two-stage reference with sequence tag",
              "status": "pass"
            }
          },
          "correctness_pass": true,
          "dependency_contract": {
            "inter_dispatch_ordering": "hip_round_robin_stream_order",
            "output_partitioning": "disjoint",
            "validation_status": "pass",
            "work_dependency": "independent"
          },
          "gflops": 53.1244636,
          "k": 32768,
          "max_abs": 0,
          "max_rel": 0,
          "max_us": 79.08030152,
          "median_us": 78.95240188,
          "min_us": 78.79239917,
          "p05_us": 78.81879926,
          "p95_us": 79.07790065,
          "rows": 4,
          "split_count": 4,
          "submission": {
            "completion_in_host_wall": true,
            "queue_or_stream_count": 4,
            "recording_in_timed_region": false,
            "strategy": "multi_stream",
            "submit_in_host_wall": true
          },
          "timing": {
            "burst": {
              "dispatches_per_iteration": 2,
              "gpu_elapsed": {
                "clock": "hip_event",
                "per_iteration_us": {
                  "max": 79.08030152,
                  "median": 78.95240188,
                  "min": 78.79239917,
                  "n": 5,
                  "p05": 78.81879926,
                  "p95": 79.07790065,
                  "samples": 5,
                  "stdev": 0.1054063786
                },
                "sequence_us": {
                  "max": 790.8030152,
                  "median": 789.5240188,
                  "min": 787.9239917,
                  "n": 5,
                  "p05": 788.1879926,
                  "p95": 790.7790065,
                  "samples": 5,
                  "stdev": 1.054063786
                },
                "status": "ok"
              },
              "host_wall": {
                "clock": "steady_clock",
                "per_iteration_us": {
                  "max": 82.1491,
                  "median": 82.0361,
                  "min": 81.8421,
                  "n": 5,
                  "p05": 81.87792,
                  "p95": 82.13852,
                  "samples": 5,
                  "stdev": 0.1039063925
                },
                "sequence_us": {
                  "max": 821.491,
                  "median": 820.361,
                  "min": 818.421,
                  "n": 5,
                  "p05": 818.7792,
                  "p95": 821.3852,
                  "samples": 5,
                  "stdev": 1.039063925
                },
                "status": "ok"
              },
              "logical_iterations": 10
            },
            "single": {
              "dispatches_per_iteration": 2,
              "gpu_elapsed": {
                "clock": "hip_event",
                "per_iteration_us": {
                  "max": 185.3599995,
                  "median": 184.4000071,
                  "min": 183.2800061,
                  "n": 5,
                  "p05": 183.4162056,
                  "p95": 185.2959991,
                  "samples": 5,
                  "stdev": 0.7453808277
                },
                "sequence_us": {
                  "max": 185.3599995,
                  "median": 184.4000071,
                  "min": 183.2800061,
                  "n": 5,
                  "p05": 183.4162056,
                  "p95": 185.2959991,
                  "samples": 5,
                  "stdev": 0.7453808277
                },
                "status": "ok"
              },
              "host_wall": {
                "clock": "steady_clock",
                "per_iteration_us": {
                  "max": 216.983,
                  "median": 215.663,
                  "min": 214.873,
                  "n": 5,
                  "p05": 214.943,
                  "p95": 216.969,
                  "samples": 5,
                  "stdev": 0.8675805438
                },
                "sequence_us": {
                  "max": 216.983,
                  "median": 215.663,
                  "min": 214.873,
                  "n": 5,
                  "p05": 214.943,
                  "p95": 216.969,
                  "samples": 5,
                  "stdev": 0.8675805438
                },
                "status": "ok"
              },
              "logical_iterations": 1
            }
          },
          "timing_mode": "independent_throughput",
          "workgroup_size": 128
        }
      ],
      "run_tag": "hip-two-stage-reduction",
      "status": "diagnostic"
    },
    "hip:wg256": {
      "backend": "hip",
      "config": {
        "body_repeats": 16,
        "hip_fixed_workgroup_size": 256,
        "independent_streams": 4,
        "k_list": [
          8192,
          32768
        ],
        "method": "two dispatches per repetition: block partials plus final reduction",
        "reps": 10,
        "rows_list": [
          1,
          4
        ],
        "samples": 5,
        "split_counts": [
          2,
          4
        ],
        "timing_mode": "independent_throughput",
        "warmup": 3,
        "workgroups": [
          256
        ]
      },
      "hardware": {
        "device_name": "AMD Radeon Graphics",
        "gcn_arch_name": "gfx1201",
        "multi_processor_count": 32
      },
      "rows": [
        {
          "body_repeats": 16,
          "bytes_per_us": 1305.961825,
          "correctness": {
            "single_dispatch": {
              "oracle": "deterministic CPU two-stage reference with sequence tag",
              "status": "pass"
            },
            "synchronization": {
              "barrier_count": 0,
              "method": "round_robin_stream_lanes_with_intra_operation_order",
              "status": "pass"
            },
            "timed_sequence": {
              "coverage": "all_dispatches",
              "logical_iterations": 10,
              "oracle": "deterministic CPU two-stage reference with sequence tag",
              "status": "pass"
            }
          },
          "correctness_pass": true,
          "dependency_contract": {
            "inter_dispatch_ordering": "hip_round_robin_stream_order",
            "output_partitioning": "disjoint",
            "validation_status": "pass",
            "work_dependency": "independent"
          },
          "gflops": 5.223209702,
          "k": 8192,
          "max_abs": 0,
          "max_rel": 0,
          "max_us": 50.3362,
          "median_us": 50.18829703,
          "min_us": 49.94019866,
          "p05_us": 49.96581912,
          "p95_us": 50.30820012,
          "rows": 1,
          "split_count": 2,
          "submission": {
            "completion_in_host_wall": true,
            "queue_or_stream_count": 4,
            "recording_in_timed_region": false,
            "strategy": "multi_stream",
            "submit_in_host_wall": true
          },
          "timing": {
            "burst": {
              "dispatches_per_iteration": 2,
              "gpu_elapsed": {
                "clock": "hip_event",
                "per_iteration_us": {
                  "max": 50.3362,
                  "median": 50.18829703,
                  "min": 49.94019866,
                  "n": 5,
                  "p05": 49.96581912,
                  "p95": 50.30820012,
                  "samples": 5,
                  "stdev": 0.1333239535
                },
                "sequence_us": {
                  "max": 503.362,
                  "median": 501.8829703,
                  "min": 499.4019866,
                  "n": 5,
                  "p05": 499.6581912,
                  "p95": 503.0820012,
                  "samples": 5,
                  "stdev": 1.333239535
                },
                "status": "ok"
              },
              "host_wall": {
                "clock": "steady_clock",
                "per_iteration_us": {
                  "max": 52.1148,
                  "median": 52.0037,
                  "min": 51.7667,
                  "n": 5,
                  "p05": 51.7803,
                  "p95": 52.09778,
                  "samples": 5,
                  "stdev": 0.1290641453
                },
                "sequence_us": {
                  "max": 521.148,
                  "median": 520.037,
                  "min": 517.667,
                  "n": 5,
                  "p05": 517.803,
                  "p95": 520.9778,
                  "samples": 5,
                  "stdev": 1.290641453
                },
                "status": "ok"
              },
              "logical_iterations": 10
            },
            "single": {
              "dispatches_per_iteration": 2,
              "gpu_elapsed": {
                "clock": "hip_event",
                "per_iteration_us": {
                  "max": 274.8819888,
                  "median": 142.2410011,
                  "min": 110.2000028,
                  "n": 5,
                  "p05": 115.1522011,
                  "p95": 260.7695907,
                  "samples": 5,
                  "stdev": 59.49334252
                },
                "sequence_us": {
                  "max": 274.8819888,
                  "median": 142.2410011,
                  "min": 110.2000028,
                  "n": 5,
                  "p05": 115.1522011,
                  "p95": 260.7695907,
                  "samples": 5,
                  "stdev": 59.49334252
                },
                "status": "ok"
              },
              "host_wall": {
                "clock": "steady_clock",
                "per_iteration_us": {
                  "max": 433.896,
                  "median": 160.023,
                  "min": 135.742,
                  "n": 5,
                  "p05": 139.282,
                  "p95": 405.6676,
                  "samples": 5,
                  "stdev": 114.0354374
                },
                "sequence_us": {
                  "max": 433.896,
                  "median": 160.023,
                  "min": 135.742,
                  "n": 5,
                  "p05": 139.282,
                  "p95": 405.6676,
                  "samples": 5,
                  "stdev": 114.0354374
                },
                "status": "ok"
              },
              "logical_iterations": 1
            }
          },
          "timing_mode": "independent_throughput",
          "workgroup_size": 256
        },
        {
          "body_repeats": 16,
          "bytes_per_us": 1910.234815,
          "correctness": {
            "single_dispatch": {
              "oracle": "deterministic CPU two-stage reference with sequence tag",
              "status": "pass"
            },
            "synchronization": {
              "barrier_count": 0,
              "method": "round_robin_stream_lanes_with_intra_operation_order",
              "status": "pass"
            },
            "timed_sequence": {
              "coverage": "all_dispatches",
              "logical_iterations": 10,
              "oracle": "deterministic CPU two-stage reference with sequence tag",
              "status": "pass"
            }
          },
          "correctness_pass": true,
          "dependency_contract": {
            "inter_dispatch_ordering": "hip_round_robin_stream_order",
            "output_partitioning": "disjoint",
            "validation_status": "pass",
            "work_dependency": "independent"
          },
          "gflops": 7.639074252,
          "k": 8192,
          "max_abs": 0,
          "max_rel": 0,
          "max_us": 34.62420106,
          "median_us": 34.31620002,
          "min_us": 34.24020112,
          "p05_us": 34.25140083,
          "p95_us": 34.57380056,
          "rows": 1,
          "split_count": 4,
          "submission": {
            "completion_in_host_wall": true,
            "queue_or_stream_count": 4,
            "recording_in_timed_region": false,
            "strategy": "multi_stream",
            "submit_in_host_wall": true
          },
          "timing": {
            "burst": {
              "dispatches_per_iteration": 2,
              "gpu_elapsed": {
                "clock": "hip_event",
                "per_iteration_us": {
                  "max": 34.62420106,
                  "median": 34.31620002,
                  "min": 34.24020112,
                  "n": 5,
                  "p05": 34.25140083,
                  "p95": 34.57380056,
                  "samples": 5,
                  "stdev": 0.1340234967
                },
                "sequence_us": {
                  "max": 346.2420106,
                  "median": 343.1620002,
                  "min": 342.4020112,
                  "n": 5,
                  "p05": 342.5140083,
                  "p95": 345.7380056,
                  "samples": 5,
                  "stdev": 1.340234967
                },
                "status": "ok"
              },
              "host_wall": {
                "clock": "steady_clock",
                "per_iteration_us": {
                  "max": 37.6406,
                  "median": 37.3725,
                  "min": 37.2775,
                  "n": 5,
                  "p05": 37.2835,
                  "p95": 37.592,
                  "samples": 5,
                  "stdev": 0.1282257166
                },
                "sequence_us": {
                  "max": 376.406,
                  "median": 373.725,
                  "min": 372.775,
                  "n": 5,
                  "p05": 372.835,
                  "p95": 375.92,
                  "samples": 5,
                  "stdev": 1.282257166
                },
                "status": "ok"
              },
              "logical_iterations": 10
            },
            "single": {
              "dispatches_per_iteration": 2,
              "gpu_elapsed": {
                "clock": "hip_event",
                "per_iteration_us": {
                  "max": 153.0400068,
                  "median": 149.8810053,
                  "min": 148.7610042,
                  "n": 5,
                  "p05": 148.9530027,
                  "p95": 152.7682066,
                  "samples": 5,
                  "stdev": 1.535727897
                },
                "sequence_us": {
                  "max": 153.0400068,
                  "median": 149.8810053,
                  "min": 148.7610042,
                  "n": 5,
                  "p05": 148.9530027,
                  "p95": 152.7682066,
                  "samples": 5,
                  "stdev": 1.535727897
                },
                "status": "ok"
              },
              "host_wall": {
                "clock": "steady_clock",
                "per_iteration_us": {
                  "max": 185.343,
                  "median": 180.152,
                  "min": 179.342,
                  "n": 5,
                  "p05": 179.4622,
                  "p95": 184.7088,
                  "samples": 5,
                  "stdev": 2.19355826
                },
                "sequence_us": {
                  "max": 185.343,
                  "median": 180.152,
                  "min": 179.342,
                  "n": 5,
                  "p05": 179.4622,
                  "p95": 184.7088,
                  "samples": 5,
                  "stdev": 2.19355826
                },
                "status": "ok"
              },
              "logical_iterations": 1
            }
          },
          "timing_mode": "independent_throughput",
          "workgroup_size": 256
        },
        {
          "body_repeats": 16,
          "bytes_per_us": 4007.022546,
          "correctness": {
            "single_dispatch": {
              "oracle": "deterministic CPU two-stage reference with sequence tag",
              "status": "pass"
            },
            "synchronization": {
              "barrier_count": 0,
              "method": "round_robin_stream_lanes_with_intra_operation_order",
              "status": "pass"
            },
            "timed_sequence": {
              "coverage": "all_dispatches",
              "logical_iterations": 10,
              "oracle": "deterministic CPU two-stage reference with sequence tag",
              "status": "pass"
            }
          },
          "correctness_pass": true,
          "dependency_contract": {
            "inter_dispatch_ordering": "hip_round_robin_stream_order",
            "output_partitioning": "disjoint",
            "validation_status": "pass",
            "work_dependency": "independent"
          },
          "gflops": 25.6399365,
          "k": 8192,
          "max_abs": 0,
          "max_rel": 0,
          "max_us": 41.17619991,
          "median_us": 40.89620113,
          "min_us": 38.62020075,
          "p05_us": 38.67540061,
          "p95_us": 41.1273998,
          "rows": 4,
          "split_count": 2,
          "submission": {
            "completion_in_host_wall": true,
            "queue_or_stream_count": 4,
            "recording_in_timed_region": false,
            "strategy": "multi_stream",
            "submit_in_host_wall": true
          },
          "timing": {
            "burst": {
              "dispatches_per_iteration": 2,
              "gpu_elapsed": {
                "clock": "hip_event",
                "per_iteration_us": {
                  "max": 41.17619991,
                  "median": 40.89620113,
                  "min": 38.62020075,
                  "n": 5,
                  "p05": 38.67540061,
                  "p95": 41.1273998,
                  "samples": 5,
                  "stdev": 1.10666618
                },
                "sequence_us": {
                  "max": 411.7619991,
                  "median": 408.9620113,
                  "min": 386.2020075,
                  "n": 5,
                  "p05": 386.7540061,
                  "p95": 411.273998,
                  "samples": 5,
                  "stdev": 11.0666618
                },
                "status": "ok"
              },
              "host_wall": {
                "clock": "steady_clock",
                "per_iteration_us": {
                  "max": 44.2347,
                  "median": 43.9446,
                  "min": 41.6535,
                  "n": 5,
                  "p05": 41.71432,
                  "p95": 44.18068,
                  "samples": 5,
                  "stdev": 1.107507239
                },
                "sequence_us": {
                  "max": 442.347,
                  "median": 439.446,
                  "min": 416.535,
                  "n": 5,
                  "p05": 417.1432,
                  "p95": 441.8068,
                  "samples": 5,
                  "stdev": 11.07507239
                },
                "status": "ok"
              },
              "logical_iterations": 10
            },
            "single": {
              "dispatches_per_iteration": 2,
              "gpu_elapsed": {
                "clock": "hip_event",
                "per_iteration_us": {
                  "max": 162.9199982,
                  "median": 160.6000066,
                  "min": 158.4399939,
                  "n": 5,
                  "p05": 158.671996,
                  "p95": 162.4641985,
                  "samples": 5,
                  "stdev": 1.477972301
                },
                "sequence_us": {
                  "max": 162.9199982,
                  "median": 160.6000066,
                  "min": 158.4399939,
                  "n": 5,
                  "p05": 158.671996,
                  "p95": 162.4641985,
                  "samples": 5,
                  "stdev": 1.477972301
                },
                "status": "ok"
              },
              "host_wall": {
                "clock": "steady_clock",
                "per_iteration_us": {
                  "max": 194.583,
                  "median": 190.972,
                  "min": 188.513,
                  "n": 5,
                  "p05": 188.7968,
                  "p95": 193.911,
                  "samples": 5,
                  "stdev": 2.010186519
                },
                "sequence_us": {
                  "max": 194.583,
                  "median": 190.972,
                  "min": 188.513,
                  "n": 5,
                  "p05": 188.7968,
                  "p95": 193.911,
                  "samples": 5,
                  "stdev": 2.010186519
                },
                "status": "ok"
              },
              "logical_iterations": 1
            }
          },
          "timing_mode": "independent_throughput",
          "workgroup_size": 256
        },
        {
          "body_repeats": 16,
          "bytes_per_us": 4749.174979,
          "correctness": {
            "single_dispatch": {
              "oracle": "deterministic CPU two-stage reference with sequence tag",
              "status": "pass"
            },
            "synchronization": {
              "barrier_count": 0,
              "method": "round_robin_stream_lanes_with_intra_operation_order",
              "status": "pass"
            },
            "timed_sequence": {
              "coverage": "all_dispatches",
              "logical_iterations": 10,
              "oracle": "deterministic CPU two-stage reference with sequence tag",
              "status": "pass"
            }
          },
          "correctness_pass": true,
          "dependency_contract": {
            "inter_dispatch_ordering": "hip_round_robin_stream_order",
            "output_partitioning": "disjoint",
            "validation_status": "pass",
            "work_dependency": "independent"
          },
          "gflops": 30.38285156,
          "k": 8192,
          "max_abs": 0,
          "max_rel": 0,
          "max_us": 34.70810056,
          "median_us": 34.51209962,
          "min_us": 34.33620036,
          "p05_us": 34.35860038,
          "p95_us": 34.66972053,
          "rows": 4,
          "split_count": 4,
          "submission": {
            "completion_in_host_wall": true,
            "queue_or_stream_count": 4,
            "recording_in_timed_region": false,
            "strategy": "multi_stream",
            "submit_in_host_wall": true
          },
          "timing": {
            "burst": {
              "dispatches_per_iteration": 2,
              "gpu_elapsed": {
                "clock": "hip_event",
                "per_iteration_us": {
                  "max": 34.70810056,
                  "median": 34.51209962,
                  "min": 34.33620036,
                  "n": 5,
                  "p05": 34.35860038,
                  "p95": 34.66972053,
                  "samples": 5,
                  "stdev": 0.1209476513
                },
                "sequence_us": {
                  "max": 347.0810056,
                  "median": 345.1209962,
                  "min": 343.3620036,
                  "n": 5,
                  "p05": 343.5860038,
                  "p95": 346.6972053,
                  "samples": 5,
                  "stdev": 1.209476513
                },
                "status": "ok"
              },
              "host_wall": {
                "clock": "steady_clock",
                "per_iteration_us": {
                  "max": 37.7775,
                  "median": 37.5546,
                  "min": 37.3975,
                  "n": 5,
                  "p05": 37.4259,
                  "p95": 37.74592,
                  "samples": 5,
                  "stdev": 0.1234022139
                },
                "sequence_us": {
                  "max": 377.775,
                  "median": 375.546,
                  "min": 373.975,
                  "n": 5,
                  "p05": 374.259,
                  "p95": 377.4592,
                  "samples": 5,
                  "stdev": 1.234022139
                },
                "status": "ok"
              },
              "logical_iterations": 10
            },
            "single": {
              "dispatches_per_iteration": 2,
              "gpu_elapsed": {
                "clock": "hip_event",
                "per_iteration_us": {
                  "max": 150.8000046,
                  "median": 149.6810019,
                  "min": 148.4410018,
                  "n": 5,
                  "p05": 148.6490011,
                  "p95": 150.6242037,
                  "samples": 5,
                  "stdev": 0.7597441039
                },
                "sequence_us": {
                  "max": 150.8000046,
                  "median": 149.6810019,
                  "min": 148.4410018,
                  "n": 5,
                  "p05": 148.6490011,
                  "p95": 150.6242037,
                  "samples": 5,
                  "stdev": 0.7597441039
                },
                "status": "ok"
              },
              "host_wall": {
                "clock": "steady_clock",
                "per_iteration_us": {
                  "max": 182.923,
                  "median": 180.672,
                  "min": 179.213,
                  "n": 5,
                  "p05": 179.3768,
                  "p95": 182.6128,
                  "samples": 5,
                  "stdev": 1.260960047
                },
                "sequence_us": {
                  "max": 182.923,
                  "median": 180.672,
                  "min": 179.213,
                  "n": 5,
                  "p05": 179.3768,
                  "p95": 182.6128,
                  "samples": 5,
                  "stdev": 1.260960047
                },
                "status": "ok"
              },
              "logical_iterations": 1
            }
          },
          "timing_mode": "independent_throughput",
          "workgroup_size": 256
        },
        {
          "body_repeats": 16,
          "bytes_per_us": 2666.626042,
          "correctness": {
            "single_dispatch": {
              "oracle": "deterministic CPU two-stage reference with sequence tag",
              "status": "pass"
            },
            "synchronization": {
              "barrier_count": 0,
              "method": "round_robin_stream_lanes_with_intra_operation_order",
              "status": "pass"
            },
            "timed_sequence": {
              "coverage": "all_dispatches",
              "logical_iterations": 10,
              "oracle": "deterministic CPU two-stage reference with sequence tag",
              "status": "pass"
            }
          },
          "correctness_pass": true,
          "dependency_contract": {
            "inter_dispatch_ordering": "hip_round_robin_stream_order",
            "output_partitioning": "disjoint",
            "validation_status": "pass",
            "work_dependency": "independent"
          },
          "gflops": 10.66617866,
          "k": 32768,
          "max_abs": 0,
          "max_rel": 0,
          "max_us": 98.49249721,
          "median_us": 98.30849767,
          "min_us": 97.16849923,
          "p05_us": 97.36929893,
          "p95_us": 98.4676981,
          "rows": 1,
          "split_count": 2,
          "submission": {
            "completion_in_host_wall": true,
            "queue_or_stream_count": 4,
            "recording_in_timed_region": false,
            "strategy": "multi_stream",
            "submit_in_host_wall": true
          },
          "timing": {
            "burst": {
              "dispatches_per_iteration": 2,
              "gpu_elapsed": {
                "clock": "hip_event",
                "per_iteration_us": {
                  "max": 98.49249721,
                  "median": 98.30849767,
                  "min": 97.16849923,
                  "n": 5,
                  "p05": 97.36929893,
                  "p95": 98.4676981,
                  "samples": 5,
                  "stdev": 0.4780263716
                },
                "sequence_us": {
                  "max": 984.9249721,
                  "median": 983.0849767,
                  "min": 971.6849923,
                  "n": 5,
                  "p05": 973.6929893,
                  "p95": 984.676981,
                  "samples": 5,
                  "stdev": 4.780263716
                },
                "status": "ok"
              },
              "host_wall": {
                "clock": "steady_clock",
                "per_iteration_us": {
                  "max": 101.5404,
                  "median": 101.3084,
                  "min": 100.2373,
                  "n": 5,
                  "p05": 100.43752,
                  "p95": 101.5238,
                  "samples": 5,
                  "stdev": 0.471726575
                },
                "sequence_us": {
                  "max": 1015.404,
                  "median": 1013.084,
                  "min": 1002.373,
                  "n": 5,
                  "p05": 1004.3752,
                  "p95": 1015.238,
                  "samples": 5,
                  "stdev": 4.71726575
                },
                "status": "ok"
              },
              "logical_iterations": 10
            },
            "single": {
              "dispatches_per_iteration": 2,
              "gpu_elapsed": {
                "clock": "hip_event",
                "per_iteration_us": {
                  "max": 277.2020102,
                  "median": 273.7610042,
                  "min": 260.2010071,
                  "n": 5,
                  "p05": 262.7612054,
                  "p95": 276.9218087,
                  "samples": 5,
                  "stdev": 6.079961937
                },
                "sequence_us": {
                  "max": 277.2020102,
                  "median": 273.7610042,
                  "min": 260.2010071,
                  "n": 5,
                  "p05": 262.7612054,
                  "p95": 276.9218087,
                  "samples": 5,
                  "stdev": 6.079961937
                },
                "status": "ok"
              },
              "host_wall": {
                "clock": "steady_clock",
                "per_iteration_us": {
                  "max": 307.654,
                  "median": 304.784,
                  "min": 279.883,
                  "n": 5,
                  "p05": 284.7192,
                  "p95": 307.372,
                  "samples": 5,
                  "stdev": 10.39505041
                },
                "sequence_us": {
                  "max": 307.654,
                  "median": 304.784,
                  "min": 279.883,
                  "n": 5,
                  "p05": 284.7192,
                  "p95": 307.372,
                  "samples": 5,
                  "stdev": 10.39505041
                },
                "status": "ok"
              },
              "logical_iterations": 1
            }
          },
          "timing_mode": "independent_throughput",
          "workgroup_size": 256
        },
        {
          "body_repeats": 16,
          "bytes_per_us": 4160.457435,
          "correctness": {
            "single_dispatch": {
              "oracle": "deterministic CPU two-stage reference with sequence tag",
              "status": "pass"
            },
            "synchronization": {
              "barrier_count": 0,
              "method": "round_robin_stream_lanes_with_intra_operation_order",
              "status": "pass"
            },
            "timed_sequence": {
              "coverage": "all_dispatches",
              "logical_iterations": 10,
              "oracle": "deterministic CPU two-stage reference with sequence tag",
              "status": "pass"
            }
          },
          "correctness_pass": true,
          "dependency_contract": {
            "inter_dispatch_ordering": "hip_round_robin_stream_order",
            "output_partitioning": "disjoint",
            "validation_status": "pass",
            "work_dependency": "independent"
          },
          "gflops": 16.64081406,
          "k": 32768,
          "max_abs": 0,
          "max_rel": 0,
          "max_us": 63.19230199,
          "median_us": 63.01230192,
          "min_us": 62.84430027,
          "p05_us": 62.85547972,
          "p95_us": 63.15710187,
          "rows": 1,
          "split_count": 4,
          "submission": {
            "completion_in_host_wall": true,
            "queue_or_stream_count": 4,
            "recording_in_timed_region": false,
            "strategy": "multi_stream",
            "submit_in_host_wall": true
          },
          "timing": {
            "burst": {
              "dispatches_per_iteration": 2,
              "gpu_elapsed": {
                "clock": "hip_event",
                "per_iteration_us": {
                  "max": 63.19230199,
                  "median": 63.01230192,
                  "min": 62.84430027,
                  "n": 5,
                  "p05": 62.85547972,
                  "p95": 63.15710187,
                  "samples": 5,
                  "stdev": 0.119466047
                },
                "sequence_us": {
                  "max": 631.9230199,
                  "median": 630.1230192,
                  "min": 628.4430027,
                  "n": 5,
                  "p05": 628.5547972,
                  "p95": 631.5710187,
                  "samples": 5,
                  "stdev": 1.19466047
                },
                "status": "ok"
              },
              "host_wall": {
                "clock": "steady_clock",
                "per_iteration_us": {
                  "max": 66.2819,
                  "median": 66.0309,
                  "min": 65.8879,
                  "n": 5,
                  "p05": 65.90872,
                  "p95": 66.24092,
                  "samples": 5,
                  "stdev": 0.129949384
                },
                "sequence_us": {
                  "max": 662.819,
                  "median": 660.309,
                  "min": 658.879,
                  "n": 5,
                  "p05": 659.0872,
                  "p95": 662.4092,
                  "samples": 5,
                  "stdev": 1.29949384
                },
                "status": "ok"
              },
              "logical_iterations": 10
            },
            "single": {
              "dispatches_per_iteration": 2,
              "gpu_elapsed": {
                "clock": "hip_event",
                "per_iteration_us": {
                  "max": 205.9209943,
                  "median": 204.0809989,
                  "min": 202.9210031,
                  "n": 5,
                  "p05": 202.9928029,
                  "p95": 205.832994,
                  "samples": 5,
                  "stdev": 1.183687965
                },
                "sequence_us": {
                  "max": 205.9209943,
                  "median": 204.0809989,
                  "min": 202.9210031,
                  "n": 5,
                  "p05": 202.9928029,
                  "p95": 205.832994,
                  "samples": 5,
                  "stdev": 1.183687965
                },
                "status": "ok"
              },
              "host_wall": {
                "clock": "steady_clock",
                "per_iteration_us": {
                  "max": 237.013,
                  "median": 235.774,
                  "min": 233.593,
                  "n": 5,
                  "p05": 233.7752,
                  "p95": 236.863,
                  "samples": 5,
                  "stdev": 1.228833365
                },
                "sequence_us": {
                  "max": 237.013,
                  "median": 235.774,
                  "min": 233.593,
                  "n": 5,
                  "p05": 233.7752,
                  "p95": 236.863,
                  "samples": 5,
                  "stdev": 1.228833365
                },
                "status": "ok"
              },
              "logical_iterations": 1
            }
          },
          "timing_mode": "independent_throughput",
          "workgroup_size": 256
        },
        {
          "body_repeats": 16,
          "bytes_per_us": 6646.950756,
          "correctness": {
            "single_dispatch": {
              "oracle": "deterministic CPU two-stage reference with sequence tag",
              "status": "pass"
            },
            "synchronization": {
              "barrier_count": 0,
              "method": "round_robin_stream_lanes_with_intra_operation_order",
              "status": "pass"
            },
            "timed_sequence": {
              "coverage": "all_dispatches",
              "logical_iterations": 10,
              "oracle": "deterministic CPU two-stage reference with sequence tag",
              "status": "pass"
            }
          },
          "correctness_pass": true,
          "dependency_contract": {
            "inter_dispatch_ordering": "hip_round_robin_stream_order",
            "output_partitioning": "disjoint",
            "validation_status": "pass",
            "work_dependency": "independent"
          },
          "gflops": 42.53840777,
          "k": 32768,
          "max_abs": 0,
          "max_rel": 0,
          "max_us": 98.92439842,
          "median_us": 98.60039949,
          "min_us": 95.36049962,
          "p05_us": 95.94607949,
          "p95_us": 98.88841867,
          "rows": 4,
          "split_count": 2,
          "submission": {
            "completion_in_host_wall": true,
            "queue_or_stream_count": 4,
            "recording_in_timed_region": false,
            "strategy": "multi_stream",
            "submit_in_host_wall": true
          },
          "timing": {
            "burst": {
              "dispatches_per_iteration": 2,
              "gpu_elapsed": {
                "clock": "hip_event",
                "per_iteration_us": {
                  "max": 98.92439842,
                  "median": 98.60039949,
                  "min": 95.36049962,
                  "n": 5,
                  "p05": 95.94607949,
                  "p95": 98.88841867,
                  "samples": 5,
                  "stdev": 1.328011267
                },
                "sequence_us": {
                  "max": 989.2439842,
                  "median": 986.0039949,
                  "min": 953.6049962,
                  "n": 5,
                  "p05": 959.4607949,
                  "p95": 988.8841867,
                  "samples": 5,
                  "stdev": 13.28011267
                },
                "status": "ok"
              },
              "host_wall": {
                "clock": "steady_clock",
                "per_iteration_us": {
                  "max": 101.9424,
                  "median": 101.6444,
                  "min": 98.4284,
                  "n": 5,
                  "p05": 99.01922,
                  "p95": 101.9198,
                  "samples": 5,
                  "stdev": 1.322149115
                },
                "sequence_us": {
                  "max": 1019.424,
                  "median": 1016.444,
                  "min": 984.284,
                  "n": 5,
                  "p05": 990.1922,
                  "p95": 1019.198,
                  "samples": 5,
                  "stdev": 13.22149115
                },
                "status": "ok"
              },
              "logical_iterations": 10
            },
            "single": {
              "dispatches_per_iteration": 2,
              "gpu_elapsed": {
                "clock": "hip_event",
                "per_iteration_us": {
                  "max": 275.680989,
                  "median": 274.9220133,
                  "min": 272.2420096,
                  "n": 5,
                  "p05": 272.7538049,
                  "p95": 275.5929887,
                  "samples": 5,
                  "stdev": 1.206735624
                },
                "sequence_us": {
                  "max": 275.680989,
                  "median": 274.9220133,
                  "min": 272.2420096,
                  "n": 5,
                  "p05": 272.7538049,
                  "p95": 275.5929887,
                  "samples": 5,
                  "stdev": 1.206735624
                },
                "status": "ok"
              },
              "host_wall": {
                "clock": "steady_clock",
                "per_iteration_us": {
                  "max": 309.145,
                  "median": 305.454,
                  "min": 302.794,
                  "n": 5,
                  "p05": 303.244,
                  "p95": 308.6628,
                  "samples": 5,
                  "stdev": 2.087238405
                },
                "sequence_us": {
                  "max": 309.145,
                  "median": 305.454,
                  "min": 302.794,
                  "n": 5,
                  "p05": 303.244,
                  "p95": 308.6628,
                  "samples": 5,
                  "stdev": 2.087238405
                },
                "status": "ok"
              },
              "logical_iterations": 1
            }
          },
          "timing_mode": "independent_throughput",
          "workgroup_size": 256
        },
        {
          "body_repeats": 16,
          "bytes_per_us": 10432.65058,
          "correctness": {
            "single_dispatch": {
              "oracle": "deterministic CPU two-stage reference with sequence tag",
              "status": "pass"
            },
            "synchronization": {
              "barrier_count": 0,
              "method": "round_robin_stream_lanes_with_intra_operation_order",
              "status": "pass"
            },
            "timed_sequence": {
              "coverage": "all_dispatches",
              "logical_iterations": 10,
              "oracle": "deterministic CPU two-stage reference with sequence tag",
              "status": "pass"
            }
          },
          "correctness_pass": true,
          "dependency_contract": {
            "inter_dispatch_ordering": "hip_round_robin_stream_order",
            "output_partitioning": "disjoint",
            "validation_status": "pass",
            "work_dependency": "independent"
          },
          "gflops": 66.76244392,
          "k": 32768,
          "max_abs": 0,
          "max_rel": 0,
          "max_us": 63.02430034,
          "median_us": 62.82430291,
          "min_us": 60.3802979,
          "p05_us": 60.85149884,
          "p95_us": 63.0035007,
          "rows": 4,
          "split_count": 4,
          "submission": {
            "completion_in_host_wall": true,
            "queue_or_stream_count": 4,
            "recording_in_timed_region": false,
            "strategy": "multi_stream",
            "submit_in_host_wall": true
          },
          "timing": {
            "burst": {
              "dispatches_per_iteration": 2,
              "gpu_elapsed": {
                "clock": "hip_event",
                "per_iteration_us": {
                  "max": 63.02430034,
                  "median": 62.82430291,
                  "min": 60.3802979,
                  "n": 5,
                  "p05": 60.85149884,
                  "p95": 63.0035007,
                  "samples": 5,
                  "stdev": 1.003012706
                },
                "sequence_us": {
                  "max": 630.2430034,
                  "median": 628.2430291,
                  "min": 603.802979,
                  "n": 5,
                  "p05": 608.5149884,
                  "p95": 630.035007,
                  "samples": 5,
                  "stdev": 10.03012706
                },
                "status": "ok"
              },
              "host_wall": {
                "clock": "steady_clock",
                "per_iteration_us": {
                  "max": 66.089,
                  "median": 65.8759,
                  "min": 63.4729,
                  "n": 5,
                  "p05": 63.94252,
                  "p95": 66.06418,
                  "samples": 5,
                  "stdev": 0.9900768548
                },
                "sequence_us": {
                  "max": 660.89,
                  "median": 658.759,
                  "min": 634.729,
                  "n": 5,
                  "p05": 639.4252,
                  "p95": 660.6418,
                  "samples": 5,
                  "stdev": 9.900768548
                },
                "status": "ok"
              },
              "logical_iterations": 10
            },
            "single": {
              "dispatches_per_iteration": 2,
              "gpu_elapsed": {
                "clock": "hip_event",
                "per_iteration_us": {
                  "max": 204.2810023,
                  "median": 203.2810003,
                  "min": 190.7999963,
                  "n": 5,
                  "p05": 193.2561964,
                  "p95": 204.2730004,
                  "samples": 5,
                  "stdev": 5.191320216
                },
                "sequence_us": {
                  "max": 204.2810023,
                  "median": 203.2810003,
                  "min": 190.7999963,
                  "n": 5,
                  "p05": 193.2561964,
                  "p95": 204.2730004,
                  "samples": 5,
                  "stdev": 5.191320216
                },
                "status": "ok"
              },
              "host_wall": {
                "clock": "steady_clock",
                "per_iteration_us": {
                  "max": 235.013,
                  "median": 233.904,
                  "min": 210.703,
                  "n": 5,
                  "p05": 215.337,
                  "p95": 235.007,
                  "samples": 5,
                  "stdev": 9.509064063
                },
                "sequence_us": {
                  "max": 235.013,
                  "median": 233.904,
                  "min": 210.703,
                  "n": 5,
                  "p05": 215.337,
                  "p95": 235.007,
                  "samples": 5,
                  "stdev": 9.509064063
                },
                "status": "ok"
              },
              "logical_iterations": 1
            }
          },
          "timing_mode": "independent_throughput",
          "workgroup_size": 256
        }
      ],
      "run_tag": "hip-two-stage-reduction",
      "status": "diagnostic"
    }
  },
  "rows": [
    {
      "backend": "hip",
      "body_repeats": 16,
      "bytes_per_us": 1622.850251,
      "correctness": {
        "single_dispatch": {
          "oracle": "deterministic CPU two-stage reference with sequence tag",
          "status": "pass"
        },
        "synchronization": {
          "barrier_count": 0,
          "method": "round_robin_stream_lanes_with_intra_operation_order",
          "status": "pass"
        },
        "timed_sequence": {
          "coverage": "all_dispatches",
          "logical_iterations": 10,
          "oracle": "deterministic CPU two-stage reference with sequence tag",
          "status": "pass"
        }
      },
      "correctness_pass": true,
      "dependency_contract": {
        "inter_dispatch_ordering": "hip_round_robin_stream_order",
        "output_partitioning": "disjoint",
        "validation_status": "pass",
        "work_dependency": "independent"
      },
      "gflops": 6.490608693,
      "k": 8192,
      "max_abs": 0,
      "max_rel": 0,
      "max_us": 40.75619876,
      "median_us": 40.38819969,
      "min_us": 40.14010131,
      "p05_us": 40.17292082,
      "p95_us": 40.68977892,
      "rows": 1,
      "split_count": 2,
      "submission": {
        "completion_in_host_wall": true,
        "queue_or_stream_count": 4,
        "recording_in_timed_region": false,
        "strategy": "multi_stream",
        "submit_in_host_wall": true
      },
      "timing": {
        "burst": {
          "dispatches_per_iteration": 2,
          "gpu_elapsed": {
            "clock": "hip_event",
            "per_iteration_us": {
              "max": 40.75619876,
              "median": 40.38819969,
              "min": 40.14010131,
              "n": 5,
              "p05": 40.17292082,
              "p95": 40.68977892,
              "samples": 5,
              "stdev": 0.2021336303
            },
            "sequence_us": {
              "max": 407.5619876,
              "median": 403.8819969,
              "min": 401.4010131,
              "n": 5,
              "p05": 401.7292082,
              "p95": 406.8977892,
              "samples": 5,
              "stdev": 2.021336303
            },
            "status": "ok"
          },
          "host_wall": {
            "clock": "steady_clock",
            "per_iteration_us": {
              "max": 43.7816,
              "median": 43.4806,
              "min": 43.1776,
              "n": 5,
              "p05": 43.2232,
              "p95": 43.7298,
              "samples": 5,
              "stdev": 0.1947069593
            },
            "sequence_us": {
              "max": 437.816,
              "median": 434.806,
              "min": 431.776,
              "n": 5,
              "p05": 432.232,
              "p95": 437.298,
              "samples": 5,
              "stdev": 1.947069593
            },
            "status": "ok"
          },
          "logical_iterations": 10
        },
        "single": {
          "dispatches_per_iteration": 2,
          "gpu_elapsed": {
            "clock": "hip_event",
            "per_iteration_us": {
              "max": 96.72000259,
              "median": 94.95999664,
              "min": 94.72099692,
              "n": 5,
              "p05": 94.74479705,
              "p95": 96.62420154,
              "samples": 5,
              "stdev": 0.8211541991
            },
            "sequence_us": {
              "max": 96.72000259,
              "median": 94.95999664,
              "min": 94.72099692,
              "n": 5,
              "p05": 94.74479705,
              "p95": 96.62420154,
              "samples": 5,
              "stdev": 0.8211541991
            },
            "status": "ok"
          },
          "host_wall": {
            "clock": "steady_clock",
            "per_iteration_us": {
              "max": 317.305,
              "median": 126.041,
              "min": 125.142,
              "n": 5,
              "p05": 125.1858,
              "p95": 279.1904,
              "samples": 5,
              "stdev": 76.59642485
            },
            "sequence_us": {
              "max": 317.305,
              "median": 126.041,
              "min": 125.142,
              "n": 5,
              "p05": 125.1858,
              "p95": 279.1904,
              "samples": 5,
              "stdev": 76.59642485
            },
            "status": "ok"
          },
          "logical_iterations": 1
        }
      },
      "timing_mode": "independent_throughput",
      "variant": "two_stage",
      "workgroup_size": 128,
      "workgroup_specialization": "fixed"
    },
    {
      "backend": "hip",
      "body_repeats": 16,
      "bytes_per_us": 2493.97938,
      "correctness": {
        "single_dispatch": {
          "oracle": "deterministic CPU two-stage reference with sequence tag",
          "status": "pass"
        },
        "synchronization": {
          "barrier_count": 0,
          "method": "round_robin_stream_lanes_with_intra_operation_order",
          "status": "pass"
        },
        "timed_sequence": {
          "coverage": "all_dispatches",
          "logical_iterations": 10,
          "oracle": "deterministic CPU two-stage reference with sequence tag",
          "status": "pass"
        }
      },
      "correctness_pass": true,
      "dependency_contract": {
        "inter_dispatch_ordering": "hip_round_robin_stream_order",
        "output_partitioning": "disjoint",
        "validation_status": "pass",
        "work_dependency": "independent"
      },
      "gflops": 9.973482589,
      "k": 8192,
      "max_abs": 0,
      "max_rel": 0,
      "max_us": 26.63609982,
      "median_us": 26.28409863,
      "min_us": 23.90809953,
      "p05_us": 23.94089967,
      "p95_us": 26.6257,
      "rows": 1,
      "split_count": 4,
      "submission": {
        "completion_in_host_wall": true,
        "queue_or_stream_count": 4,
        "recording_in_timed_region": false,
        "strategy": "multi_stream",
        "submit_in_host_wall": true
      },
      "timing": {
        "burst": {
          "dispatches_per_iteration": 2,
          "gpu_elapsed": {
            "clock": "hip_event",
            "per_iteration_us": {
              "max": 26.63609982,
              "median": 26.28409863,
              "min": 23.90809953,
              "n": 5,
              "p05": 23.94089967,
              "p95": 26.6257,
              "samples": 5,
              "stdev": 1.237239236
            },
            "sequence_us": {
              "max": 266.3609982,
              "median": 262.8409863,
              "min": 239.0809953,
              "n": 5,
              "p05": 239.4089967,
              "p95": 266.257,
              "samples": 5,
              "stdev": 12.37239236
            },
            "status": "ok"
          },
          "host_wall": {
            "clock": "steady_clock",
            "per_iteration_us": {
              "max": 29.7204,
              "median": 29.3724,
              "min": 26.9184,
              "n": 5,
              "p05": 26.9614,
              "p95": 29.7136,
              "samples": 5,
              "stdev": 1.265317731
            },
            "sequence_us": {
              "max": 297.204,
              "median": 293.724,
              "min": 269.184,
              "n": 5,
              "p05": 269.614,
              "p95": 297.136,
              "samples": 5,
              "stdev": 12.65317731
            },
            "status": "ok"
          },
          "logical_iterations": 10
        },
        "single": {
          "dispatches_per_iteration": 2,
          "gpu_elapsed": {
            "clock": "hip_event",
            "per_iteration_us": {
              "max": 78.3199966,
              "median": 76.36100054,
              "min": 75.12000203,
              "n": 5,
              "p05": 75.20020157,
              "p95": 78.2559976,
              "samples": 5,
              "stdev": 1.289140197
            },
            "sequence_us": {
              "max": 78.3199966,
              "median": 76.36100054,
              "min": 75.12000203,
              "n": 5,
              "p05": 75.20020157,
              "p95": 78.2559976,
              "samples": 5,
              "stdev": 1.289140197
            },
            "status": "ok"
          },
          "host_wall": {
            "clock": "steady_clock",
            "per_iteration_us": {
              "max": 110.731,
              "median": 107.212,
              "min": 105.552,
              "n": 5,
              "p05": 105.6838,
              "p95": 110.3112,
              "samples": 5,
              "stdev": 1.850378621
            },
            "sequence_us": {
              "max": 110.731,
              "median": 107.212,
              "min": 105.552,
              "n": 5,
              "p05": 105.6838,
              "p95": 110.3112,
              "samples": 5,
              "stdev": 1.850378621
            },
            "status": "ok"
          },
          "logical_iterations": 1
        }
      },
      "timing_mode": "independent_throughput",
      "variant": "two_stage",
      "workgroup_size": 128,
      "workgroup_specialization": "fixed"
    },
    {
      "backend": "hip",
      "body_repeats": 16,
      "bytes_per_us": 4219.133945,
      "correctness": {
        "single_dispatch": {
          "oracle": "deterministic CPU two-stage reference with sequence tag",
          "status": "pass"
        },
        "synchronization": {
          "barrier_count": 0,
          "method": "round_robin_stream_lanes_with_intra_operation_order",
          "status": "pass"
        },
        "timed_sequence": {
          "coverage": "all_dispatches",
          "logical_iterations": 10,
          "oracle": "deterministic CPU two-stage reference with sequence tag",
          "status": "pass"
        }
      },
      "correctness_pass": true,
      "dependency_contract": {
        "inter_dispatch_ordering": "hip_round_robin_stream_order",
        "output_partitioning": "disjoint",
        "validation_status": "pass",
        "work_dependency": "independent"
      },
      "gflops": 26.99718436,
      "k": 8192,
      "max_abs": 0,
      "max_rel": 0,
      "max_us": 39.28819895,
      "median_us": 38.84019852,
      "min_us": 37.26420105,
      "p05_us": 37.56020069,
      "p95_us": 39.26179945,
      "rows": 4,
      "split_count": 2,
      "submission": {
        "completion_in_host_wall": true,
        "queue_or_stream_count": 4,
        "recording_in_timed_region": false,
        "strategy": "multi_stream",
        "submit_in_host_wall": true
      },
      "timing": {
        "burst": {
          "dispatches_per_iteration": 2,
          "gpu_elapsed": {
            "clock": "hip_event",
            "per_iteration_us": {
              "max": 39.28819895,
              "median": 38.84019852,
              "min": 37.26420105,
              "n": 5,
              "p05": 37.56020069,
              "p95": 39.26179945,
              "samples": 5,
              "stdev": 0.7250732064
            },
            "sequence_us": {
              "max": 392.8819895,
              "median": 388.4019852,
              "min": 372.6420105,
              "n": 5,
              "p05": 375.6020069,
              "p95": 392.6179945,
              "samples": 5,
              "stdev": 7.250732064
            },
            "status": "ok"
          },
          "host_wall": {
            "clock": "steady_clock",
            "per_iteration_us": {
              "max": 42.3026,
              "median": 41.8726,
              "min": 40.3336,
              "n": 5,
              "p05": 40.616,
              "p95": 42.2962,
              "samples": 5,
              "stdev": 0.7193754513
            },
            "sequence_us": {
              "max": 423.026,
              "median": 418.726,
              "min": 403.336,
              "n": 5,
              "p05": 406.16,
              "p95": 422.962,
              "samples": 5,
              "stdev": 7.193754513
            },
            "status": "ok"
          },
          "logical_iterations": 10
        },
        "single": {
          "dispatches_per_iteration": 2,
          "gpu_elapsed": {
            "clock": "hip_event",
            "per_iteration_us": {
              "max": 99.23999757,
              "median": 94.31999922,
              "min": 91.83999896,
              "n": 5,
              "p05": 92.15999991,
              "p95": 98.44819754,
              "samples": 5,
              "stdev": 2.481274098
            },
            "sequence_us": {
              "max": 99.23999757,
              "median": 94.31999922,
              "min": 91.83999896,
              "n": 5,
              "p05": 92.15999991,
              "p95": 98.44819754,
              "samples": 5,
              "stdev": 2.481274098
            },
            "status": "ok"
          },
          "host_wall": {
            "clock": "steady_clock",
            "per_iteration_us": {
              "max": 125.472,
              "median": 123.412,
              "min": 118.682,
              "n": 5,
              "p05": 119.4118,
              "p95": 125.4238,
              "samples": 5,
              "stdev": 2.463627293
            },
            "sequence_us": {
              "max": 125.472,
              "median": 123.412,
              "min": 118.682,
              "n": 5,
              "p05": 119.4118,
              "p95": 125.4238,
              "samples": 5,
              "stdev": 2.463627293
            },
            "status": "ok"
          },
          "logical_iterations": 1
        }
      },
      "timing_mode": "independent_throughput",
      "variant": "two_stage",
      "workgroup_size": 128,
      "workgroup_specialization": "fixed"
    },
    {
      "backend": "hip",
      "body_repeats": 16,
      "bytes_per_us": 6052.56241,
      "correctness": {
        "single_dispatch": {
          "oracle": "deterministic CPU two-stage reference with sequence tag",
          "status": "pass"
        },
        "synchronization": {
          "barrier_count": 0,
          "method": "round_robin_stream_lanes_with_intra_operation_order",
          "status": "pass"
        },
        "timed_sequence": {
          "coverage": "all_dispatches",
          "logical_iterations": 10,
          "oracle": "deterministic CPU two-stage reference with sequence tag",
          "status": "pass"
        }
      },
      "correctness_pass": true,
      "dependency_contract": {
        "inter_dispatch_ordering": "hip_round_robin_stream_order",
        "output_partitioning": "disjoint",
        "validation_status": "pass",
        "work_dependency": "independent"
      },
      "gflops": 38.72127392,
      "k": 8192,
      "max_abs": 0,
      "max_rel": 0,
      "max_us": 27.22409964,
      "median_us": 27.08010077,
      "min_us": 22.12810069,
      "p05_us": 22.15370059,
      "p95_us": 27.21929967,
      "rows": 4,
      "split_count": 4,
      "submission": {
        "completion_in_host_wall": true,
        "queue_or_stream_count": 4,
        "recording_in_timed_region": false,
        "strategy": "multi_stream",
        "submit_in_host_wall": true
      },
      "timing": {
        "burst": {
          "dispatches_per_iteration": 2,
          "gpu_elapsed": {
            "clock": "hip_event",
            "per_iteration_us": {
              "max": 27.22409964,
              "median": 27.08010077,
              "min": 22.12810069,
              "n": 5,
              "p05": 22.15370059,
              "p95": 27.21929967,
              "samples": 5,
              "stdev": 2.43855624
            },
            "sequence_us": {
              "max": 272.2409964,
              "median": 270.8010077,
              "min": 221.2810069,
              "n": 5,
              "p05": 221.5370059,
              "p95": 272.1929967,
              "samples": 5,
              "stdev": 24.3855624
            },
            "status": "ok"
          },
          "host_wall": {
            "clock": "steady_clock",
            "per_iteration_us": {
              "max": 30.2424,
              "median": 30.1434,
              "min": 25.1873,
              "n": 5,
              "p05": 25.20932,
              "p95": 30.2404,
              "samples": 5,
              "stdev": 2.43220811
            },
            "sequence_us": {
              "max": 302.424,
              "median": 301.434,
              "min": 251.873,
              "n": 5,
              "p05": 252.0932,
              "p95": 302.404,
              "samples": 5,
              "stdev": 24.3220811
            },
            "status": "ok"
          },
          "logical_iterations": 10
        },
        "single": {
          "dispatches_per_iteration": 2,
          "gpu_elapsed": {
            "clock": "hip_event",
            "per_iteration_us": {
              "max": 92.23999828,
              "median": 75.68000257,
              "min": 75.4000023,
              "n": 5,
              "p05": 75.44000149,
              "p95": 88.95999789,
              "samples": 5,
              "stdev": 6.645510301
            },
            "sequence_us": {
              "max": 92.23999828,
              "median": 75.68000257,
              "min": 75.4000023,
              "n": 5,
              "p05": 75.44000149,
              "p95": 88.95999789,
              "samples": 5,
              "stdev": 6.645510301
            },
            "status": "ok"
          },
          "host_wall": {
            "clock": "steady_clock",
            "per_iteration_us": {
              "max": 111.542,
              "median": 106.282,
              "min": 106.042,
              "n": 5,
              "p05": 106.086,
              "p95": 110.5698,
              "samples": 5,
              "stdev": 2.100236215
            },
            "sequence_us": {
              "max": 111.542,
              "median": 106.282,
              "min": 106.042,
              "n": 5,
              "p05": 106.086,
              "p95": 110.5698,
              "samples": 5,
              "stdev": 2.100236215
            },
            "status": "ok"
          },
          "logical_iterations": 1
        }
      },
      "timing_mode": "independent_throughput",
      "variant": "two_stage",
      "workgroup_size": 128,
      "workgroup_specialization": "fixed"
    },
    {
      "backend": "hip",
      "body_repeats": 16,
      "bytes_per_us": 1763.662259,
      "correctness": {
        "single_dispatch": {
          "oracle": "deterministic CPU two-stage reference with sequence tag",
          "status": "pass"
        },
        "synchronization": {
          "barrier_count": 0,
          "method": "round_robin_stream_lanes_with_intra_operation_order",
          "status": "pass"
        },
        "timed_sequence": {
          "coverage": "all_dispatches",
          "logical_iterations": 10,
          "oracle": "deterministic CPU two-stage reference with sequence tag",
          "status": "pass"
        }
      },
      "correctness_pass": true,
      "dependency_contract": {
        "inter_dispatch_ordering": "hip_round_robin_stream_order",
        "output_partitioning": "disjoint",
        "validation_status": "pass",
        "work_dependency": "independent"
      },
      "gflops": 7.05443375,
      "k": 32768,
      "max_abs": 0,
      "max_rel": 0,
      "max_us": 148.8847017,
      "median_us": 148.6407042,
      "min_us": 147.0847011,
      "p05_us": 147.2470999,
      "p95_us": 148.8839006,
      "rows": 1,
      "split_count": 2,
      "submission": {
        "completion_in_host_wall": true,
        "queue_or_stream_count": 4,
        "recording_in_timed_region": false,
        "strategy": "multi_stream",
        "submit_in_host_wall": true
      },
      "timing": {
        "burst": {
          "dispatches_per_iteration": 2,
          "gpu_elapsed": {
            "clock": "hip_event",
            "per_iteration_us": {
              "max": 148.8847017,
              "median": 148.6407042,
              "min": 147.0847011,
              "n": 5,
              "p05": 147.2470999,
              "p95": 148.8839006,
              "samples": 5,
              "stdev": 0.6974580449
            },
            "sequence_us": {
              "max": 1488.847017,
              "median": 1486.407042,
              "min": 1470.847011,
              "n": 5,
              "p05": 1472.470999,
              "p95": 1488.839006,
              "samples": 5,
              "stdev": 6.974580449
            },
            "status": "ok"
          },
          "host_wall": {
            "clock": "steady_clock",
            "per_iteration_us": {
              "max": 151.9351,
              "median": 151.7061,
              "min": 150.1001,
              "n": 5,
              "p05": 150.27188,
              "p95": 151.9319,
              "samples": 5,
              "stdev": 0.7077773333
            },
            "sequence_us": {
              "max": 1519.351,
              "median": 1517.061,
              "min": 1501.001,
              "n": 5,
              "p05": 1502.7188,
              "p95": 1519.319,
              "samples": 5,
              "stdev": 7.077773333
            },
            "status": "ok"
          },
          "logical_iterations": 10
        },
        "single": {
          "dispatches_per_iteration": 2,
          "gpu_elapsed": {
            "clock": "hip_event",
            "per_iteration_us": {
              "max": 331.0819864,
              "median": 327.8410137,
              "min": 318.9620078,
              "n": 5,
              "p05": 319.4418073,
              "p95": 330.4817915,
              "samples": 5,
              "stdev": 4.542492152
            },
            "sequence_us": {
              "max": 331.0819864,
              "median": 327.8410137,
              "min": 318.9620078,
              "n": 5,
              "p05": 319.4418073,
              "p95": 330.4817915,
              "samples": 5,
              "stdev": 4.542492152
            },
            "status": "ok"
          },
          "host_wall": {
            "clock": "steady_clock",
            "per_iteration_us": {
              "max": 361.875,
              "median": 357.725,
              "min": 349.545,
              "n": 5,
              "p05": 350.009,
              "p95": 361.807,
              "samples": 5,
              "stdev": 5.011932162
            },
            "sequence_us": {
              "max": 361.875,
              "median": 357.725,
              "min": 349.545,
              "n": 5,
              "p05": 350.009,
              "p95": 361.807,
              "samples": 5,
              "stdev": 5.011932162
            },
            "status": "ok"
          },
          "logical_iterations": 1
        }
      },
      "timing_mode": "independent_throughput",
      "variant": "two_stage",
      "workgroup_size": 128,
      "workgroup_specialization": "fixed"
    },
    {
      "backend": "hip",
      "body_repeats": 16,
      "bytes_per_us": 3325.709208,
      "correctness": {
        "single_dispatch": {
          "oracle": "deterministic CPU two-stage reference with sequence tag",
          "status": "pass"
        },
        "synchronization": {
          "barrier_count": 0,
          "method": "round_robin_stream_lanes_with_intra_operation_order",
          "status": "pass"
        },
        "timed_sequence": {
          "coverage": "all_dispatches",
          "logical_iterations": 10,
          "oracle": "deterministic CPU two-stage reference with sequence tag",
          "status": "pass"
        }
      },
      "correctness_pass": true,
      "dependency_contract": {
        "inter_dispatch_ordering": "hip_round_robin_stream_order",
        "output_partitioning": "disjoint",
        "validation_status": "pass",
        "work_dependency": "independent"
      },
      "gflops": 13.30202494,
      "k": 32768,
      "max_abs": 0,
      "max_rel": 0,
      "max_us": 79.19639945,
      "median_us": 78.82829905,
      "min_us": 77.89229751,
      "p05_us": 78.06349754,
      "p95_us": 79.13399935,
      "rows": 1,
      "split_count": 4,
      "submission": {
        "completion_in_host_wall": true,
        "queue_or_stream_count": 4,
        "recording_in_timed_region": false,
        "strategy": "multi_stream",
        "submit_in_host_wall": true
      },
      "timing": {
        "burst": {
          "dispatches_per_iteration": 2,
          "gpu_elapsed": {
            "clock": "hip_event",
            "per_iteration_us": {
              "max": 79.19639945,
              "median": 78.82829905,
              "min": 77.89229751,
              "n": 5,
              "p05": 78.06349754,
              "p95": 79.13399935,
              "samples": 5,
              "stdev": 0.4361417525
            },
            "sequence_us": {
              "max": 791.9639945,
              "median": 788.2829905,
              "min": 778.9229751,
              "n": 5,
              "p05": 780.6349754,
              "p95": 791.3399935,
              "samples": 5,
              "stdev": 4.361417525
            },
            "status": "ok"
          },
          "host_wall": {
            "clock": "steady_clock",
            "per_iteration_us": {
              "max": 82.2362,
              "median": 81.8852,
              "min": 80.9341,
              "n": 5,
              "p05": 81.11032,
              "p95": 82.17958,
              "samples": 5,
              "stdev": 0.4392661271
            },
            "sequence_us": {
              "max": 822.362,
              "median": 818.852,
              "min": 809.341,
              "n": 5,
              "p05": 811.1032,
              "p95": 821.7958,
              "samples": 5,
              "stdev": 4.392661271
            },
            "status": "ok"
          },
          "logical_iterations": 10
        },
        "single": {
          "dispatches_per_iteration": 2,
          "gpu_elapsed": {
            "clock": "hip_event",
            "per_iteration_us": {
              "max": 190.4799938,
              "median": 184.5999956,
              "min": 181.2400073,
              "n": 5,
              "p05": 181.4402044,
              "p95": 189.4561946,
              "samples": 5,
              "stdev": 3.219872641
            },
            "sequence_us": {
              "max": 190.4799938,
              "median": 184.5999956,
              "min": 181.2400073,
              "n": 5,
              "p05": 181.4402044,
              "p95": 189.4561946,
              "samples": 5,
              "stdev": 3.219872641
            },
            "status": "ok"
          },
          "host_wall": {
            "clock": "steady_clock",
            "per_iteration_us": {
              "max": 216.553,
              "median": 212.773,
              "min": 209.943,
              "n": 5,
              "p05": 210.329,
              "p95": 216.303,
              "samples": 5,
              "stdev": 2.373896375
            },
            "sequence_us": {
              "max": 216.553,
              "median": 212.773,
              "min": 209.943,
              "n": 5,
              "p05": 210.329,
              "p95": 216.303,
              "samples": 5,
              "stdev": 2.373896375
            },
            "status": "ok"
          },
          "logical_iterations": 1
        }
      },
      "timing_mode": "independent_throughput",
      "variant": "two_stage",
      "workgroup_size": 128,
      "workgroup_specialization": "fixed"
    },
    {
      "backend": "hip",
      "body_repeats": 16,
      "bytes_per_us": 4382.043492,
      "correctness": {
        "single_dispatch": {
          "oracle": "deterministic CPU two-stage reference with sequence tag",
          "status": "pass"
        },
        "synchronization": {
          "barrier_count": 0,
          "method": "round_robin_stream_lanes_with_intra_operation_order",
          "status": "pass"
        },
        "timed_sequence": {
          "coverage": "all_dispatches",
          "logical_iterations": 10,
          "oracle": "deterministic CPU two-stage reference with sequence tag",
          "status": "pass"
        }
      },
      "correctness_pass": true,
      "dependency_contract": {
        "inter_dispatch_ordering": "hip_round_robin_stream_order",
        "output_partitioning": "disjoint",
        "validation_status": "pass",
        "work_dependency": "independent"
      },
      "gflops": 28.04370903,
      "k": 32768,
      "max_abs": 0,
      "max_rel": 0,
      "max_us": 150.0270963,
      "median_us": 149.563098,
      "min_us": 149.0151048,
      "p05_us": 149.1063237,
      "p95_us": 149.9391174,
      "rows": 4,
      "split_count": 2,
      "submission": {
        "completion_in_host_wall": true,
        "queue_or_stream_count": 4,
        "recording_in_timed_region": false,
        "strategy": "multi_stream",
        "submit_in_host_wall": true
      },
      "timing": {
        "burst": {
          "dispatches_per_iteration": 2,
          "gpu_elapsed": {
            "clock": "hip_event",
            "per_iteration_us": {
              "max": 150.0270963,
              "median": 149.563098,
              "min": 149.0151048,
              "n": 5,
              "p05": 149.1063237,
              "p95": 149.9391174,
              "samples": 5,
              "stdev": 0.3224931962
            },
            "sequence_us": {
              "max": 1500.270963,
              "median": 1495.63098,
              "min": 1490.151048,
              "n": 5,
              "p05": 1491.063237,
              "p95": 1499.391174,
              "samples": 5,
              "stdev": 3.224931962
            },
            "status": "ok"
          },
          "host_wall": {
            "clock": "steady_clock",
            "per_iteration_us": {
              "max": 153.1071,
              "median": 152.6191,
              "min": 152.0761,
              "n": 5,
              "p05": 152.18212,
              "p95": 153.0125,
              "samples": 5,
              "stdev": 0.3264428673
            },
            "sequence_us": {
              "max": 1531.071,
              "median": 1526.191,
              "min": 1520.761,
              "n": 5,
              "p05": 1521.8212,
              "p95": 1530.125,
              "samples": 5,
              "stdev": 3.264428673
            },
            "status": "ok"
          },
          "logical_iterations": 10
        },
        "single": {
          "dispatches_per_iteration": 2,
          "gpu_elapsed": {
            "clock": "hip_event",
            "per_iteration_us": {
              "max": 329.4470012,
              "median": 328.8060129,
              "min": 325.9269893,
              "n": 5,
              "p05": 326.4949918,
              "p95": 329.3830037,
              "samples": 5,
              "stdev": 1.26798921
            },
            "sequence_us": {
              "max": 329.4470012,
              "median": 328.8060129,
              "min": 325.9269893,
              "n": 5,
              "p05": 326.4949918,
              "p95": 329.3830037,
              "samples": 5,
              "stdev": 1.26798921
            },
            "status": "ok"
          },
          "host_wall": {
            "clock": "steady_clock",
            "per_iteration_us": {
              "max": 361.905,
              "median": 359.355,
              "min": 356.935,
              "n": 5,
              "p05": 357.393,
              "p95": 361.411,
              "samples": 5,
              "stdev": 1.573589527
            },
            "sequence_us": {
              "max": 361.905,
              "median": 359.355,
              "min": 356.935,
              "n": 5,
              "p05": 357.393,
              "p95": 361.411,
              "samples": 5,
              "stdev": 1.573589527
            },
            "status": "ok"
          },
          "logical_iterations": 1
        }
      },
      "timing_mode": "independent_throughput",
      "variant": "two_stage",
      "workgroup_size": 128,
      "workgroup_specialization": "fixed"
    },
    {
      "backend": "hip",
      "body_repeats": 16,
      "bytes_per_us": 8301.508053,
      "correctness": {
        "single_dispatch": {
          "oracle": "deterministic CPU two-stage reference with sequence tag",
          "status": "pass"
        },
        "synchronization": {
          "barrier_count": 0,
          "method": "round_robin_stream_lanes_with_intra_operation_order",
          "status": "pass"
        },
        "timed_sequence": {
          "coverage": "all_dispatches",
          "logical_iterations": 10,
          "oracle": "deterministic CPU two-stage reference with sequence tag",
          "status": "pass"
        }
      },
      "correctness_pass": true,
      "dependency_contract": {
        "inter_dispatch_ordering": "hip_round_robin_stream_order",
        "output_partitioning": "disjoint",
        "validation_status": "pass",
        "work_dependency": "independent"
      },
      "gflops": 53.1244636,
      "k": 32768,
      "max_abs": 0,
      "max_rel": 0,
      "max_us": 79.08030152,
      "median_us": 78.95240188,
      "min_us": 78.79239917,
      "p05_us": 78.81879926,
      "p95_us": 79.07790065,
      "rows": 4,
      "split_count": 4,
      "submission": {
        "completion_in_host_wall": true,
        "queue_or_stream_count": 4,
        "recording_in_timed_region": false,
        "strategy": "multi_stream",
        "submit_in_host_wall": true
      },
      "timing": {
        "burst": {
          "dispatches_per_iteration": 2,
          "gpu_elapsed": {
            "clock": "hip_event",
            "per_iteration_us": {
              "max": 79.08030152,
              "median": 78.95240188,
              "min": 78.79239917,
              "n": 5,
              "p05": 78.81879926,
              "p95": 79.07790065,
              "samples": 5,
              "stdev": 0.1054063786
            },
            "sequence_us": {
              "max": 790.8030152,
              "median": 789.5240188,
              "min": 787.9239917,
              "n": 5,
              "p05": 788.1879926,
              "p95": 790.7790065,
              "samples": 5,
              "stdev": 1.054063786
            },
            "status": "ok"
          },
          "host_wall": {
            "clock": "steady_clock",
            "per_iteration_us": {
              "max": 82.1491,
              "median": 82.0361,
              "min": 81.8421,
              "n": 5,
              "p05": 81.87792,
              "p95": 82.13852,
              "samples": 5,
              "stdev": 0.1039063925
            },
            "sequence_us": {
              "max": 821.491,
              "median": 820.361,
              "min": 818.421,
              "n": 5,
              "p05": 818.7792,
              "p95": 821.3852,
              "samples": 5,
              "stdev": 1.039063925
            },
            "status": "ok"
          },
          "logical_iterations": 10
        },
        "single": {
          "dispatches_per_iteration": 2,
          "gpu_elapsed": {
            "clock": "hip_event",
            "per_iteration_us": {
              "max": 185.3599995,
              "median": 184.4000071,
              "min": 183.2800061,
              "n": 5,
              "p05": 183.4162056,
              "p95": 185.2959991,
              "samples": 5,
              "stdev": 0.7453808277
            },
            "sequence_us": {
              "max": 185.3599995,
              "median": 184.4000071,
              "min": 183.2800061,
              "n": 5,
              "p05": 183.4162056,
              "p95": 185.2959991,
              "samples": 5,
              "stdev": 0.7453808277
            },
            "status": "ok"
          },
          "host_wall": {
            "clock": "steady_clock",
            "per_iteration_us": {
              "max": 216.983,
              "median": 215.663,
              "min": 214.873,
              "n": 5,
              "p05": 214.943,
              "p95": 216.969,
              "samples": 5,
              "stdev": 0.8675805438
            },
            "sequence_us": {
              "max": 216.983,
              "median": 215.663,
              "min": 214.873,
              "n": 5,
              "p05": 214.943,
              "p95": 216.969,
              "samples": 5,
              "stdev": 0.8675805438
            },
            "status": "ok"
          },
          "logical_iterations": 1
        }
      },
      "timing_mode": "independent_throughput",
      "variant": "two_stage",
      "workgroup_size": 128,
      "workgroup_specialization": "fixed"
    },
    {
      "backend": "hip",
      "body_repeats": 16,
      "bytes_per_us": 1305.961825,
      "correctness": {
        "single_dispatch": {
          "oracle": "deterministic CPU two-stage reference with sequence tag",
          "status": "pass"
        },
        "synchronization": {
          "barrier_count": 0,
          "method": "round_robin_stream_lanes_with_intra_operation_order",
          "status": "pass"
        },
        "timed_sequence": {
          "coverage": "all_dispatches",
          "logical_iterations": 10,
          "oracle": "deterministic CPU two-stage reference with sequence tag",
          "status": "pass"
        }
      },
      "correctness_pass": true,
      "dependency_contract": {
        "inter_dispatch_ordering": "hip_round_robin_stream_order",
        "output_partitioning": "disjoint",
        "validation_status": "pass",
        "work_dependency": "independent"
      },
      "gflops": 5.223209702,
      "k": 8192,
      "max_abs": 0,
      "max_rel": 0,
      "max_us": 50.3362,
      "median_us": 50.18829703,
      "min_us": 49.94019866,
      "p05_us": 49.96581912,
      "p95_us": 50.30820012,
      "rows": 1,
      "split_count": 2,
      "submission": {
        "completion_in_host_wall": true,
        "queue_or_stream_count": 4,
        "recording_in_timed_region": false,
        "strategy": "multi_stream",
        "submit_in_host_wall": true
      },
      "timing": {
        "burst": {
          "dispatches_per_iteration": 2,
          "gpu_elapsed": {
            "clock": "hip_event",
            "per_iteration_us": {
              "max": 50.3362,
              "median": 50.18829703,
              "min": 49.94019866,
              "n": 5,
              "p05": 49.96581912,
              "p95": 50.30820012,
              "samples": 5,
              "stdev": 0.1333239535
            },
            "sequence_us": {
              "max": 503.362,
              "median": 501.8829703,
              "min": 499.4019866,
              "n": 5,
              "p05": 499.6581912,
              "p95": 503.0820012,
              "samples": 5,
              "stdev": 1.333239535
            },
            "status": "ok"
          },
          "host_wall": {
            "clock": "steady_clock",
            "per_iteration_us": {
              "max": 52.1148,
              "median": 52.0037,
              "min": 51.7667,
              "n": 5,
              "p05": 51.7803,
              "p95": 52.09778,
              "samples": 5,
              "stdev": 0.1290641453
            },
            "sequence_us": {
              "max": 521.148,
              "median": 520.037,
              "min": 517.667,
              "n": 5,
              "p05": 517.803,
              "p95": 520.9778,
              "samples": 5,
              "stdev": 1.290641453
            },
            "status": "ok"
          },
          "logical_iterations": 10
        },
        "single": {
          "dispatches_per_iteration": 2,
          "gpu_elapsed": {
            "clock": "hip_event",
            "per_iteration_us": {
              "max": 274.8819888,
              "median": 142.2410011,
              "min": 110.2000028,
              "n": 5,
              "p05": 115.1522011,
              "p95": 260.7695907,
              "samples": 5,
              "stdev": 59.49334252
            },
            "sequence_us": {
              "max": 274.8819888,
              "median": 142.2410011,
              "min": 110.2000028,
              "n": 5,
              "p05": 115.1522011,
              "p95": 260.7695907,
              "samples": 5,
              "stdev": 59.49334252
            },
            "status": "ok"
          },
          "host_wall": {
            "clock": "steady_clock",
            "per_iteration_us": {
              "max": 433.896,
              "median": 160.023,
              "min": 135.742,
              "n": 5,
              "p05": 139.282,
              "p95": 405.6676,
              "samples": 5,
              "stdev": 114.0354374
            },
            "sequence_us": {
              "max": 433.896,
              "median": 160.023,
              "min": 135.742,
              "n": 5,
              "p05": 139.282,
              "p95": 405.6676,
              "samples": 5,
              "stdev": 114.0354374
            },
            "status": "ok"
          },
          "logical_iterations": 1
        }
      },
      "timing_mode": "independent_throughput",
      "variant": "two_stage",
      "workgroup_size": 256,
      "workgroup_specialization": "fixed"
    },
    {
      "backend": "hip",
      "body_repeats": 16,
      "bytes_per_us": 1910.234815,
      "correctness": {
        "single_dispatch": {
          "oracle": "deterministic CPU two-stage reference with sequence tag",
          "status": "pass"
        },
        "synchronization": {
          "barrier_count": 0,
          "method": "round_robin_stream_lanes_with_intra_operation_order",
          "status": "pass"
        },
        "timed_sequence": {
          "coverage": "all_dispatches",
          "logical_iterations": 10,
          "oracle": "deterministic CPU two-stage reference with sequence tag",
          "status": "pass"
        }
      },
      "correctness_pass": true,
      "dependency_contract": {
        "inter_dispatch_ordering": "hip_round_robin_stream_order",
        "output_partitioning": "disjoint",
        "validation_status": "pass",
        "work_dependency": "independent"
      },
      "gflops": 7.639074252,
      "k": 8192,
      "max_abs": 0,
      "max_rel": 0,
      "max_us": 34.62420106,
      "median_us": 34.31620002,
      "min_us": 34.24020112,
      "p05_us": 34.25140083,
      "p95_us": 34.57380056,
      "rows": 1,
      "split_count": 4,
      "submission": {
        "completion_in_host_wall": true,
        "queue_or_stream_count": 4,
        "recording_in_timed_region": false,
        "strategy": "multi_stream",
        "submit_in_host_wall": true
      },
      "timing": {
        "burst": {
          "dispatches_per_iteration": 2,
          "gpu_elapsed": {
            "clock": "hip_event",
            "per_iteration_us": {
              "max": 34.62420106,
              "median": 34.31620002,
              "min": 34.24020112,
              "n": 5,
              "p05": 34.25140083,
              "p95": 34.57380056,
              "samples": 5,
              "stdev": 0.1340234967
            },
            "sequence_us": {
              "max": 346.2420106,
              "median": 343.1620002,
              "min": 342.4020112,
              "n": 5,
              "p05": 342.5140083,
              "p95": 345.7380056,
              "samples": 5,
              "stdev": 1.340234967
            },
            "status": "ok"
          },
          "host_wall": {
            "clock": "steady_clock",
            "per_iteration_us": {
              "max": 37.6406,
              "median": 37.3725,
              "min": 37.2775,
              "n": 5,
              "p05": 37.2835,
              "p95": 37.592,
              "samples": 5,
              "stdev": 0.1282257166
            },
            "sequence_us": {
              "max": 376.406,
              "median": 373.725,
              "min": 372.775,
              "n": 5,
              "p05": 372.835,
              "p95": 375.92,
              "samples": 5,
              "stdev": 1.282257166
            },
            "status": "ok"
          },
          "logical_iterations": 10
        },
        "single": {
          "dispatches_per_iteration": 2,
          "gpu_elapsed": {
            "clock": "hip_event",
            "per_iteration_us": {
              "max": 153.0400068,
              "median": 149.8810053,
              "min": 148.7610042,
              "n": 5,
              "p05": 148.9530027,
              "p95": 152.7682066,
              "samples": 5,
              "stdev": 1.535727897
            },
            "sequence_us": {
              "max": 153.0400068,
              "median": 149.8810053,
              "min": 148.7610042,
              "n": 5,
              "p05": 148.9530027,
              "p95": 152.7682066,
              "samples": 5,
              "stdev": 1.535727897
            },
            "status": "ok"
          },
          "host_wall": {
            "clock": "steady_clock",
            "per_iteration_us": {
              "max": 185.343,
              "median": 180.152,
              "min": 179.342,
              "n": 5,
              "p05": 179.4622,
              "p95": 184.7088,
              "samples": 5,
              "stdev": 2.19355826
            },
            "sequence_us": {
              "max": 185.343,
              "median": 180.152,
              "min": 179.342,
              "n": 5,
              "p05": 179.4622,
              "p95": 184.7088,
              "samples": 5,
              "stdev": 2.19355826
            },
            "status": "ok"
          },
          "logical_iterations": 1
        }
      },
      "timing_mode": "independent_throughput",
      "variant": "two_stage",
      "workgroup_size": 256,
      "workgroup_specialization": "fixed"
    },
    {
      "backend": "hip",
      "body_repeats": 16,
      "bytes_per_us": 4007.022546,
      "correctness": {
        "single_dispatch": {
          "oracle": "deterministic CPU two-stage reference with sequence tag",
          "status": "pass"
        },
        "synchronization": {
          "barrier_count": 0,
          "method": "round_robin_stream_lanes_with_intra_operation_order",
          "status": "pass"
        },
        "timed_sequence": {
          "coverage": "all_dispatches",
          "logical_iterations": 10,
          "oracle": "deterministic CPU two-stage reference with sequence tag",
          "status": "pass"
        }
      },
      "correctness_pass": true,
      "dependency_contract": {
        "inter_dispatch_ordering": "hip_round_robin_stream_order",
        "output_partitioning": "disjoint",
        "validation_status": "pass",
        "work_dependency": "independent"
      },
      "gflops": 25.6399365,
      "k": 8192,
      "max_abs": 0,
      "max_rel": 0,
      "max_us": 41.17619991,
      "median_us": 40.89620113,
      "min_us": 38.62020075,
      "p05_us": 38.67540061,
      "p95_us": 41.1273998,
      "rows": 4,
      "split_count": 2,
      "submission": {
        "completion_in_host_wall": true,
        "queue_or_stream_count": 4,
        "recording_in_timed_region": false,
        "strategy": "multi_stream",
        "submit_in_host_wall": true
      },
      "timing": {
        "burst": {
          "dispatches_per_iteration": 2,
          "gpu_elapsed": {
            "clock": "hip_event",
            "per_iteration_us": {
              "max": 41.17619991,
              "median": 40.89620113,
              "min": 38.62020075,
              "n": 5,
              "p05": 38.67540061,
              "p95": 41.1273998,
              "samples": 5,
              "stdev": 1.10666618
            },
            "sequence_us": {
              "max": 411.7619991,
              "median": 408.9620113,
              "min": 386.2020075,
              "n": 5,
              "p05": 386.7540061,
              "p95": 411.273998,
              "samples": 5,
              "stdev": 11.0666618
            },
            "status": "ok"
          },
          "host_wall": {
            "clock": "steady_clock",
            "per_iteration_us": {
              "max": 44.2347,
              "median": 43.9446,
              "min": 41.6535,
              "n": 5,
              "p05": 41.71432,
              "p95": 44.18068,
              "samples": 5,
              "stdev": 1.107507239
            },
            "sequence_us": {
              "max": 442.347,
              "median": 439.446,
              "min": 416.535,
              "n": 5,
              "p05": 417.1432,
              "p95": 441.8068,
              "samples": 5,
              "stdev": 11.07507239
            },
            "status": "ok"
          },
          "logical_iterations": 10
        },
        "single": {
          "dispatches_per_iteration": 2,
          "gpu_elapsed": {
            "clock": "hip_event",
            "per_iteration_us": {
              "max": 162.9199982,
              "median": 160.6000066,
              "min": 158.4399939,
              "n": 5,
              "p05": 158.671996,
              "p95": 162.4641985,
              "samples": 5,
              "stdev": 1.477972301
            },
            "sequence_us": {
              "max": 162.9199982,
              "median": 160.6000066,
              "min": 158.4399939,
              "n": 5,
              "p05": 158.671996,
              "p95": 162.4641985,
              "samples": 5,
              "stdev": 1.477972301
            },
            "status": "ok"
          },
          "host_wall": {
            "clock": "steady_clock",
            "per_iteration_us": {
              "max": 194.583,
              "median": 190.972,
              "min": 188.513,
              "n": 5,
              "p05": 188.7968,
              "p95": 193.911,
              "samples": 5,
              "stdev": 2.010186519
            },
            "sequence_us": {
              "max": 194.583,
              "median": 190.972,
              "min": 188.513,
              "n": 5,
              "p05": 188.7968,
              "p95": 193.911,
              "samples": 5,
              "stdev": 2.010186519
            },
            "status": "ok"
          },
          "logical_iterations": 1
        }
      },
      "timing_mode": "independent_throughput",
      "variant": "two_stage",
      "workgroup_size": 256,
      "workgroup_specialization": "fixed"
    },
    {
      "backend": "hip",
      "body_repeats": 16,
      "bytes_per_us": 4749.174979,
      "correctness": {
        "single_dispatch": {
          "oracle": "deterministic CPU two-stage reference with sequence tag",
          "status": "pass"
        },
        "synchronization": {
          "barrier_count": 0,
          "method": "round_robin_stream_lanes_with_intra_operation_order",
          "status": "pass"
        },
        "timed_sequence": {
          "coverage": "all_dispatches",
          "logical_iterations": 10,
          "oracle": "deterministic CPU two-stage reference with sequence tag",
          "status": "pass"
        }
      },
      "correctness_pass": true,
      "dependency_contract": {
        "inter_dispatch_ordering": "hip_round_robin_stream_order",
        "output_partitioning": "disjoint",
        "validation_status": "pass",
        "work_dependency": "independent"
      },
      "gflops": 30.38285156,
      "k": 8192,
      "max_abs": 0,
      "max_rel": 0,
      "max_us": 34.70810056,
      "median_us": 34.51209962,
      "min_us": 34.33620036,
      "p05_us": 34.35860038,
      "p95_us": 34.66972053,
      "rows": 4,
      "split_count": 4,
      "submission": {
        "completion_in_host_wall": true,
        "queue_or_stream_count": 4,
        "recording_in_timed_region": false,
        "strategy": "multi_stream",
        "submit_in_host_wall": true
      },
      "timing": {
        "burst": {
          "dispatches_per_iteration": 2,
          "gpu_elapsed": {
            "clock": "hip_event",
            "per_iteration_us": {
              "max": 34.70810056,
              "median": 34.51209962,
              "min": 34.33620036,
              "n": 5,
              "p05": 34.35860038,
              "p95": 34.66972053,
              "samples": 5,
              "stdev": 0.1209476513
            },
            "sequence_us": {
              "max": 347.0810056,
              "median": 345.1209962,
              "min": 343.3620036,
              "n": 5,
              "p05": 343.5860038,
              "p95": 346.6972053,
              "samples": 5,
              "stdev": 1.209476513
            },
            "status": "ok"
          },
          "host_wall": {
            "clock": "steady_clock",
            "per_iteration_us": {
              "max": 37.7775,
              "median": 37.5546,
              "min": 37.3975,
              "n": 5,
              "p05": 37.4259,
              "p95": 37.74592,
              "samples": 5,
              "stdev": 0.1234022139
            },
            "sequence_us": {
              "max": 377.775,
              "median": 375.546,
              "min": 373.975,
              "n": 5,
              "p05": 374.259,
              "p95": 377.4592,
              "samples": 5,
              "stdev": 1.234022139
            },
            "status": "ok"
          },
          "logical_iterations": 10
        },
        "single": {
          "dispatches_per_iteration": 2,
          "gpu_elapsed": {
            "clock": "hip_event",
            "per_iteration_us": {
              "max": 150.8000046,
              "median": 149.6810019,
              "min": 148.4410018,
              "n": 5,
              "p05": 148.6490011,
              "p95": 150.6242037,
              "samples": 5,
              "stdev": 0.7597441039
            },
            "sequence_us": {
              "max": 150.8000046,
              "median": 149.6810019,
              "min": 148.4410018,
              "n": 5,
              "p05": 148.6490011,
              "p95": 150.6242037,
              "samples": 5,
              "stdev": 0.7597441039
            },
            "status": "ok"
          },
          "host_wall": {
            "clock": "steady_clock",
            "per_iteration_us": {
              "max": 182.923,
              "median": 180.672,
              "min": 179.213,
              "n": 5,
              "p05": 179.3768,
              "p95": 182.6128,
              "samples": 5,
              "stdev": 1.260960047
            },
            "sequence_us": {
              "max": 182.923,
              "median": 180.672,
              "min": 179.213,
              "n": 5,
              "p05": 179.3768,
              "p95": 182.6128,
              "samples": 5,
              "stdev": 1.260960047
            },
            "status": "ok"
          },
          "logical_iterations": 1
        }
      },
      "timing_mode": "independent_throughput",
      "variant": "two_stage",
      "workgroup_size": 256,
      "workgroup_specialization": "fixed"
    },
    {
      "backend": "hip",
      "body_repeats": 16,
      "bytes_per_us": 2666.626042,
      "correctness": {
        "single_dispatch": {
          "oracle": "deterministic CPU two-stage reference with sequence tag",
          "status": "pass"
        },
        "synchronization": {
          "barrier_count": 0,
          "method": "round_robin_stream_lanes_with_intra_operation_order",
          "status": "pass"
        },
        "timed_sequence": {
          "coverage": "all_dispatches",
          "logical_iterations": 10,
          "oracle": "deterministic CPU two-stage reference with sequence tag",
          "status": "pass"
        }
      },
      "correctness_pass": true,
      "dependency_contract": {
        "inter_dispatch_ordering": "hip_round_robin_stream_order",
        "output_partitioning": "disjoint",
        "validation_status": "pass",
        "work_dependency": "independent"
      },
      "gflops": 10.66617866,
      "k": 32768,
      "max_abs": 0,
      "max_rel": 0,
      "max_us": 98.49249721,
      "median_us": 98.30849767,
      "min_us": 97.16849923,
      "p05_us": 97.36929893,
      "p95_us": 98.4676981,
      "rows": 1,
      "split_count": 2,
      "submission": {
        "completion_in_host_wall": true,
        "queue_or_stream_count": 4,
        "recording_in_timed_region": false,
        "strategy": "multi_stream",
        "submit_in_host_wall": true
      },
      "timing": {
        "burst": {
          "dispatches_per_iteration": 2,
          "gpu_elapsed": {
            "clock": "hip_event",
            "per_iteration_us": {
              "max": 98.49249721,
              "median": 98.30849767,
              "min": 97.16849923,
              "n": 5,
              "p05": 97.36929893,
              "p95": 98.4676981,
              "samples": 5,
              "stdev": 0.4780263716
            },
            "sequence_us": {
              "max": 984.9249721,
              "median": 983.0849767,
              "min": 971.6849923,
              "n": 5,
              "p05": 973.6929893,
              "p95": 984.676981,
              "samples": 5,
              "stdev": 4.780263716
            },
            "status": "ok"
          },
          "host_wall": {
            "clock": "steady_clock",
            "per_iteration_us": {
              "max": 101.5404,
              "median": 101.3084,
              "min": 100.2373,
              "n": 5,
              "p05": 100.43752,
              "p95": 101.5238,
              "samples": 5,
              "stdev": 0.471726575
            },
            "sequence_us": {
              "max": 1015.404,
              "median": 1013.084,
              "min": 1002.373,
              "n": 5,
              "p05": 1004.3752,
              "p95": 1015.238,
              "samples": 5,
              "stdev": 4.71726575
            },
            "status": "ok"
          },
          "logical_iterations": 10
        },
        "single": {
          "dispatches_per_iteration": 2,
          "gpu_elapsed": {
            "clock": "hip_event",
            "per_iteration_us": {
              "max": 277.2020102,
              "median": 273.7610042,
              "min": 260.2010071,
              "n": 5,
              "p05": 262.7612054,
              "p95": 276.9218087,
              "samples": 5,
              "stdev": 6.079961937
            },
            "sequence_us": {
              "max": 277.2020102,
              "median": 273.7610042,
              "min": 260.2010071,
              "n": 5,
              "p05": 262.7612054,
              "p95": 276.9218087,
              "samples": 5,
              "stdev": 6.079961937
            },
            "status": "ok"
          },
          "host_wall": {
            "clock": "steady_clock",
            "per_iteration_us": {
              "max": 307.654,
              "median": 304.784,
              "min": 279.883,
              "n": 5,
              "p05": 284.7192,
              "p95": 307.372,
              "samples": 5,
              "stdev": 10.39505041
            },
            "sequence_us": {
              "max": 307.654,
              "median": 304.784,
              "min": 279.883,
              "n": 5,
              "p05": 284.7192,
              "p95": 307.372,
              "samples": 5,
              "stdev": 10.39505041
            },
            "status": "ok"
          },
          "logical_iterations": 1
        }
      },
      "timing_mode": "independent_throughput",
      "variant": "two_stage",
      "workgroup_size": 256,
      "workgroup_specialization": "fixed"
    },
    {
      "backend": "hip",
      "body_repeats": 16,
      "bytes_per_us": 4160.457435,
      "correctness": {
        "single_dispatch": {
          "oracle": "deterministic CPU two-stage reference with sequence tag",
          "status": "pass"
        },
        "synchronization": {
          "barrier_count": 0,
          "method": "round_robin_stream_lanes_with_intra_operation_order",
          "status": "pass"
        },
        "timed_sequence": {
          "coverage": "all_dispatches",
          "logical_iterations": 10,
          "oracle": "deterministic CPU two-stage reference with sequence tag",
          "status": "pass"
        }
      },
      "correctness_pass": true,
      "dependency_contract": {
        "inter_dispatch_ordering": "hip_round_robin_stream_order",
        "output_partitioning": "disjoint",
        "validation_status": "pass",
        "work_dependency": "independent"
      },
      "gflops": 16.64081406,
      "k": 32768,
      "max_abs": 0,
      "max_rel": 0,
      "max_us": 63.19230199,
      "median_us": 63.01230192,
      "min_us": 62.84430027,
      "p05_us": 62.85547972,
      "p95_us": 63.15710187,
      "rows": 1,
      "split_count": 4,
      "submission": {
        "completion_in_host_wall": true,
        "queue_or_stream_count": 4,
        "recording_in_timed_region": false,
        "strategy": "multi_stream",
        "submit_in_host_wall": true
      },
      "timing": {
        "burst": {
          "dispatches_per_iteration": 2,
          "gpu_elapsed": {
            "clock": "hip_event",
            "per_iteration_us": {
              "max": 63.19230199,
              "median": 63.01230192,
              "min": 62.84430027,
              "n": 5,
              "p05": 62.85547972,
              "p95": 63.15710187,
              "samples": 5,
              "stdev": 0.119466047
            },
            "sequence_us": {
              "max": 631.9230199,
              "median": 630.1230192,
              "min": 628.4430027,
              "n": 5,
              "p05": 628.5547972,
              "p95": 631.5710187,
              "samples": 5,
              "stdev": 1.19466047
            },
            "status": "ok"
          },
          "host_wall": {
            "clock": "steady_clock",
            "per_iteration_us": {
              "max": 66.2819,
              "median": 66.0309,
              "min": 65.8879,
              "n": 5,
              "p05": 65.90872,
              "p95": 66.24092,
              "samples": 5,
              "stdev": 0.129949384
            },
            "sequence_us": {
              "max": 662.819,
              "median": 660.309,
              "min": 658.879,
              "n": 5,
              "p05": 659.0872,
              "p95": 662.4092,
              "samples": 5,
              "stdev": 1.29949384
            },
            "status": "ok"
          },
          "logical_iterations": 10
        },
        "single": {
          "dispatches_per_iteration": 2,
          "gpu_elapsed": {
            "clock": "hip_event",
            "per_iteration_us": {
              "max": 205.9209943,
              "median": 204.0809989,
              "min": 202.9210031,
              "n": 5,
              "p05": 202.9928029,
              "p95": 205.832994,
              "samples": 5,
              "stdev": 1.183687965
            },
            "sequence_us": {
              "max": 205.9209943,
              "median": 204.0809989,
              "min": 202.9210031,
              "n": 5,
              "p05": 202.9928029,
              "p95": 205.832994,
              "samples": 5,
              "stdev": 1.183687965
            },
            "status": "ok"
          },
          "host_wall": {
            "clock": "steady_clock",
            "per_iteration_us": {
              "max": 237.013,
              "median": 235.774,
              "min": 233.593,
              "n": 5,
              "p05": 233.7752,
              "p95": 236.863,
              "samples": 5,
              "stdev": 1.228833365
            },
            "sequence_us": {
              "max": 237.013,
              "median": 235.774,
              "min": 233.593,
              "n": 5,
              "p05": 233.7752,
              "p95": 236.863,
              "samples": 5,
              "stdev": 1.228833365
            },
            "status": "ok"
          },
          "logical_iterations": 1
        }
      },
      "timing_mode": "independent_throughput",
      "variant": "two_stage",
      "workgroup_size": 256,
      "workgroup_specialization": "fixed"
    },
    {
      "backend": "hip",
      "body_repeats": 16,
      "bytes_per_us": 6646.950756,
      "correctness": {
        "single_dispatch": {
          "oracle": "deterministic CPU two-stage reference with sequence tag",
          "status": "pass"
        },
        "synchronization": {
          "barrier_count": 0,
          "method": "round_robin_stream_lanes_with_intra_operation_order",
          "status": "pass"
        },
        "timed_sequence": {
          "coverage": "all_dispatches",
          "logical_iterations": 10,
          "oracle": "deterministic CPU two-stage reference with sequence tag",
          "status": "pass"
        }
      },
      "correctness_pass": true,
      "dependency_contract": {
        "inter_dispatch_ordering": "hip_round_robin_stream_order",
        "output_partitioning": "disjoint",
        "validation_status": "pass",
        "work_dependency": "independent"
      },
      "gflops": 42.53840777,
      "k": 32768,
      "max_abs": 0,
      "max_rel": 0,
      "max_us": 98.92439842,
      "median_us": 98.60039949,
      "min_us": 95.36049962,
      "p05_us": 95.94607949,
      "p95_us": 98.88841867,
      "rows": 4,
      "split_count": 2,
      "submission": {
        "completion_in_host_wall": true,
        "queue_or_stream_count": 4,
        "recording_in_timed_region": false,
        "strategy": "multi_stream",
        "submit_in_host_wall": true
      },
      "timing": {
        "burst": {
          "dispatches_per_iteration": 2,
          "gpu_elapsed": {
            "clock": "hip_event",
            "per_iteration_us": {
              "max": 98.92439842,
              "median": 98.60039949,
              "min": 95.36049962,
              "n": 5,
              "p05": 95.94607949,
              "p95": 98.88841867,
              "samples": 5,
              "stdev": 1.328011267
            },
            "sequence_us": {
              "max": 989.2439842,
              "median": 986.0039949,
              "min": 953.6049962,
              "n": 5,
              "p05": 959.4607949,
              "p95": 988.8841867,
              "samples": 5,
              "stdev": 13.28011267
            },
            "status": "ok"
          },
          "host_wall": {
            "clock": "steady_clock",
            "per_iteration_us": {
              "max": 101.9424,
              "median": 101.6444,
              "min": 98.4284,
              "n": 5,
              "p05": 99.01922,
              "p95": 101.9198,
              "samples": 5,
              "stdev": 1.322149115
            },
            "sequence_us": {
              "max": 1019.424,
              "median": 1016.444,
              "min": 984.284,
              "n": 5,
              "p05": 990.1922,
              "p95": 1019.198,
              "samples": 5,
              "stdev": 13.22149115
            },
            "status": "ok"
          },
          "logical_iterations": 10
        },
        "single": {
          "dispatches_per_iteration": 2,
          "gpu_elapsed": {
            "clock": "hip_event",
            "per_iteration_us": {
              "max": 275.680989,
              "median": 274.9220133,
              "min": 272.2420096,
              "n": 5,
              "p05": 272.7538049,
              "p95": 275.5929887,
              "samples": 5,
              "stdev": 1.206735624
            },
            "sequence_us": {
              "max": 275.680989,
              "median": 274.9220133,
              "min": 272.2420096,
              "n": 5,
              "p05": 272.7538049,
              "p95": 275.5929887,
              "samples": 5,
              "stdev": 1.206735624
            },
            "status": "ok"
          },
          "host_wall": {
            "clock": "steady_clock",
            "per_iteration_us": {
              "max": 309.145,
              "median": 305.454,
              "min": 302.794,
              "n": 5,
              "p05": 303.244,
              "p95": 308.6628,
              "samples": 5,
              "stdev": 2.087238405
            },
            "sequence_us": {
              "max": 309.145,
              "median": 305.454,
              "min": 302.794,
              "n": 5,
              "p05": 303.244,
              "p95": 308.6628,
              "samples": 5,
              "stdev": 2.087238405
            },
            "status": "ok"
          },
          "logical_iterations": 1
        }
      },
      "timing_mode": "independent_throughput",
      "variant": "two_stage",
      "workgroup_size": 256,
      "workgroup_specialization": "fixed"
    },
    {
      "backend": "hip",
      "body_repeats": 16,
      "bytes_per_us": 10432.65058,
      "correctness": {
        "single_dispatch": {
          "oracle": "deterministic CPU two-stage reference with sequence tag",
          "status": "pass"
        },
        "synchronization": {
          "barrier_count": 0,
          "method": "round_robin_stream_lanes_with_intra_operation_order",
          "status": "pass"
        },
        "timed_sequence": {
          "coverage": "all_dispatches",
          "logical_iterations": 10,
          "oracle": "deterministic CPU two-stage reference with sequence tag",
          "status": "pass"
        }
      },
      "correctness_pass": true,
      "dependency_contract": {
        "inter_dispatch_ordering": "hip_round_robin_stream_order",
        "output_partitioning": "disjoint",
        "validation_status": "pass",
        "work_dependency": "independent"
      },
      "gflops": 66.76244392,
      "k": 32768,
      "max_abs": 0,
      "max_rel": 0,
      "max_us": 63.02430034,
      "median_us": 62.82430291,
      "min_us": 60.3802979,
      "p05_us": 60.85149884,
      "p95_us": 63.0035007,
      "rows": 4,
      "split_count": 4,
      "submission": {
        "completion_in_host_wall": true,
        "queue_or_stream_count": 4,
        "recording_in_timed_region": false,
        "strategy": "multi_stream",
        "submit_in_host_wall": true
      },
      "timing": {
        "burst": {
          "dispatches_per_iteration": 2,
          "gpu_elapsed": {
            "clock": "hip_event",
            "per_iteration_us": {
              "max": 63.02430034,
              "median": 62.82430291,
              "min": 60.3802979,
              "n": 5,
              "p05": 60.85149884,
              "p95": 63.0035007,
              "samples": 5,
              "stdev": 1.003012706
            },
            "sequence_us": {
              "max": 630.2430034,
              "median": 628.2430291,
              "min": 603.802979,
              "n": 5,
              "p05": 608.5149884,
              "p95": 630.035007,
              "samples": 5,
              "stdev": 10.03012706
            },
            "status": "ok"
          },
          "host_wall": {
            "clock": "steady_clock",
            "per_iteration_us": {
              "max": 66.089,
              "median": 65.8759,
              "min": 63.4729,
              "n": 5,
              "p05": 63.94252,
              "p95": 66.06418,
              "samples": 5,
              "stdev": 0.9900768548
            },
            "sequence_us": {
              "max": 660.89,
              "median": 658.759,
              "min": 634.729,
              "n": 5,
              "p05": 639.4252,
              "p95": 660.6418,
              "samples": 5,
              "stdev": 9.900768548
            },
            "status": "ok"
          },
          "logical_iterations": 10
        },
        "single": {
          "dispatches_per_iteration": 2,
          "gpu_elapsed": {
            "clock": "hip_event",
            "per_iteration_us": {
              "max": 204.2810023,
              "median": 203.2810003,
              "min": 190.7999963,
              "n": 5,
              "p05": 193.2561964,
              "p95": 204.2730004,
              "samples": 5,
              "stdev": 5.191320216
            },
            "sequence_us": {
              "max": 204.2810023,
              "median": 203.2810003,
              "min": 190.7999963,
              "n": 5,
              "p05": 193.2561964,
              "p95": 204.2730004,
              "samples": 5,
              "stdev": 5.191320216
            },
            "status": "ok"
          },
          "host_wall": {
            "clock": "steady_clock",
            "per_iteration_us": {
              "max": 235.013,
              "median": 233.904,
              "min": 210.703,
              "n": 5,
              "p05": 215.337,
              "p95": 235.007,
              "samples": 5,
              "stdev": 9.509064063
            },
            "sequence_us": {
              "max": 235.013,
              "median": 233.904,
              "min": 210.703,
              "n": 5,
              "p05": 215.337,
              "p95": 235.007,
              "samples": 5,
              "stdev": 9.509064063
            },
            "status": "ok"
          },
          "logical_iterations": 1
        }
      },
      "timing_mode": "independent_throughput",
      "variant": "two_stage",
      "workgroup_size": 256,
      "workgroup_specialization": "fixed"
    }
  ],
  "schema": "hipengine.micro.two_stage_reduction.v2",
  "schema_version": 2,
  "source": {
    "branch": "",
    "commit": "f2c3ad6d74c86e3641ce09ff9fd759eaa6cd75e0",
    "dirty": false,
    "repo": "/tmp/hipEngine-f2c",
    "source_hash": "sha256:434549c58262048626636385801b133dbde02f4a053b75bb766f076a1e023794"
  },
  "source_coverage": {
    "backend_hash_status": {
      "hip": "covered_by_combined_source_hash",
      "vulkan": "covered_by_combined_source_hash"
    },
    "backend_source_hashes": {
      "hip": [],
      "vulkan": []
    },
    "combined_hash_backends": [
      "hip",
      "vulkan"
    ],
    "combined_hash_files": [
      "benchmarks/micro/runners/two_stage_reduction.py",
      "benchmarks/micro/runners/hip_two_stage_reduction.hip",
      "benchmarks/micro/runners/vulkan_two_stage_reduction.cpp",
      "benchmarks/micro/kernels/vulkan/reduction_two_stage_partial.comp",
      "benchmarks/micro/kernels/vulkan/reduction_two_stage_final.comp",
      "benchmarks/micro/runners/micro_timing_hip.hpp",
      "benchmarks/micro/runners/micro_timing_vulkan.hpp",
      "benchmarks/micro/timing_contract.py",
      "benchmarks/micro/comparison_claim.py"
    ],
    "combined_source_hash": "sha256:434549c58262048626636385801b133dbde02f4a053b75bb766f076a1e023794",
    "scope": "single_joint_wrapper_invocation"
  },
  "sources": {
    "shared": {
      "branch": "",
      "commit": "f2c3ad6d74c86e3641ce09ff9fd759eaa6cd75e0",
      "dirty": false,
      "repo": "/tmp/hipEngine-f2c",
      "source_hash": "sha256:434549c58262048626636385801b133dbde02f4a053b75bb766f076a1e023794"
    }
  },
  "summary": {
    "all_correctness_pass": true,
    "host_wall_status": "not_comparable_direct_vs_command_buffer",
    "matched_rows": 0,
    "performance_claim": false,
    "primary_domain": "gpu_elapsed",
    "speedup_max": null,
    "speedup_median": null,
    "speedup_min": null
  },
  "wrapper": {
    "build_dir": "/home/kaden/ClaudeCode/autorocm/redline-pub/examples/hipengine-6409/results/gfx1201/2026-07-13-radiowave-redline/build/hip/two-stage-reduction",
    "command": [
      "python3",
      "/tmp/hipEngine-f2c/benchmarks/micro/runners/two_stage_reduction.py",
      "--backend",
      "hip",
      "--timing-mode",
      "independent_throughput",
      "--independent-streams",
      "4",
      "--reps",
      "10",
      "--warmup",
      "3",
      "--samples",
      "5",
      "--environment-json",
      "/home/kaden/ClaudeCode/autorocm/redline-pub/examples/hipengine-6409/results/gfx1201/2026-07-13-radiowave-redline/environment.json",
      "--environment-ref",
      "/home/kaden/ClaudeCode/autorocm/redline-pub/examples/hipengine-6409/results/gfx1201/2026-07-13-radiowave-redline/environment.json",
      "--gfx-arch",
      "gfx1201",
      "--hardware-gpu",
      "AMD Radeon Graphics",
      "--build-dir",
      "/home/kaden/ClaudeCode/autorocm/redline-pub/examples/hipengine-6409/results/gfx1201/2026-07-13-radiowave-redline/build/hip/two-stage-reduction",
      "--k-list",
      "8192,32768",
      "--rows-list",
      "1,4",
      "--workgroups",
      "128,256",
      "--split-counts",
      "2,4",
      "--body-repeats",
      "16",
      "--out",
      "/home/kaden/ClaudeCode/autorocm/redline-pub/examples/hipengine-6409/results/gfx1201/2026-07-13-radiowave-redline/independent_throughput/hip-two-stage-reduction.json",
      "--pretty"
    ],
    "cwd": "/tmp/hipEngine-f2c"
  }
}
