[hip] K=512 rows=1 wg=64 median=2.7 us correctness=pass
[hip] K=2048 rows=1 wg=64 median=9.776 us correctness=pass
[hip] K=512 rows=1 wg=256 median=0.972 us correctness=pass
[hip] K=2048 rows=1 wg=256 median=2.788 us correctness=pass
[hip] K=512 rows=1 wg=64 median=2.708 us correctness=pass
[hip] K=2048 rows=1 wg=64 median=9.812 us correctness=pass
[hip] K=512 rows=1 wg=256 median=0.992 us correctness=pass
[hip] K=2048 rows=1 wg=256 median=2.828 us correctness=pass
[hip] K=512 rows=1 wg=64 median=2.684 us correctness=pass
[hip] K=2048 rows=1 wg=64 median=9.788 us correctness=pass
[hip] K=512 rows=1 wg=256 median=0.952 us correctness=pass
[hip] K=2048 rows=1 wg=256 median=2.78 us correctness=pass
[hip] K=512 rows=1 wg=64 median=2.812 us correctness=pass
[hip] K=2048 rows=1 wg=64 median=10.204 us correctness=pass
[hip] K=512 rows=1 wg=256 median=1.128 us correctness=pass
[hip] K=2048 rows=1 wg=256 median=2.952 us correctness=pass
[hip] K=512 rows=1 wg=64 median=2.772 us correctness=pass
[hip] K=2048 rows=1 wg=64 median=10.04 us correctness=pass
[hip] K=512 rows=1 wg=256 median=1.332 us correctness=pass
[hip] K=2048 rows=1 wg=256 median=2.908 us correctness=pass
[hip] K=512 rows=1 wg=64 median=3.208 us correctness=pass
[hip] K=2048 rows=1 wg=64 median=10.084 us correctness=pass
[hip] K=512 rows=1 wg=256 median=1.784 us correctness=pass
[hip] K=2048 rows=1 wg=256 median=3.324 us correctness=pass
compiled /home/kaden/ClaudeCode/autorocm/redline-pub/examples/hipengine-6409/results/gfx1201/2026-07-13-radiowave-redline/build/redline/reduction/hip_reduction_lds_tree_wg64.redline.co sha256=a1d54a6116f4ea55cb9f34ddcc8c5a00aed2ce9e3b4c5b38f530a613598a1eb4 kernels=1 manifest=/home/kaden/ClaudeCode/autorocm/redline-pub/examples/hipengine-6409/results/gfx1201/2026-07-13-radiowave-redline/build/redline/reduction/hip_reduction_lds_tree_wg64.redline.radiowave.json
compiled /home/kaden/ClaudeCode/autorocm/redline-pub/examples/hipengine-6409/results/gfx1201/2026-07-13-radiowave-redline/build/redline/reduction/hip_reduction_lds_tree_wg256.redline.co sha256=bdff5ac88ecf7bae25d19f8bbaba53ccdd56c30f3ce8cc355bc6cf55f78afd8e kernels=1 manifest=/home/kaden/ClaudeCode/autorocm/redline-pub/examples/hipengine-6409/results/gfx1201/2026-07-13-radiowave-redline/build/redline/reduction/hip_reduction_lds_tree_wg256.redline.radiowave.json
compiled /home/kaden/ClaudeCode/autorocm/redline-pub/examples/hipengine-6409/results/gfx1201/2026-07-13-radiowave-redline/build/redline/reduction/hip_reduction_extra_barrier_wg64.redline.co sha256=1e0fa4f84ab5945c5d2a6145e5bc151fe2fa84d5baa084429e57f4a4f4316e77 kernels=1 manifest=/home/kaden/ClaudeCode/autorocm/redline-pub/examples/hipengine-6409/results/gfx1201/2026-07-13-radiowave-redline/build/redline/reduction/hip_reduction_extra_barrier_wg64.redline.radiowave.json
compiled /home/kaden/ClaudeCode/autorocm/redline-pub/examples/hipengine-6409/results/gfx1201/2026-07-13-radiowave-redline/build/redline/reduction/hip_reduction_extra_barrier_wg256.redline.co sha256=147087dd74b3a78fb74c0a8d7ee0de1712107af7d1f495fea232a1c7ab538797 kernels=1 manifest=/home/kaden/ClaudeCode/autorocm/redline-pub/examples/hipengine-6409/results/gfx1201/2026-07-13-radiowave-redline/build/redline/reduction/hip_reduction_extra_barrier_wg256.redline.radiowave.json
compiled /home/kaden/ClaudeCode/autorocm/redline-pub/examples/hipengine-6409/results/gfx1201/2026-07-13-radiowave-redline/build/redline/reduction/hip_reduction_wave_shuffle_wg64.redline.co sha256=abbbdd0ddc644d425d706e5f7ceadec9ad2c0b362e7b4ee622a0f7145a21597a kernels=1 manifest=/home/kaden/ClaudeCode/autorocm/redline-pub/examples/hipengine-6409/results/gfx1201/2026-07-13-radiowave-redline/build/redline/reduction/hip_reduction_wave_shuffle_wg64.redline.radiowave.json
compiled /home/kaden/ClaudeCode/autorocm/redline-pub/examples/hipengine-6409/results/gfx1201/2026-07-13-radiowave-redline/build/redline/reduction/hip_reduction_wave_shuffle_wg256.redline.co sha256=35080cb959f2e943529fa895763291db2e7c11224c53381556de839193136a32 kernels=1 manifest=/home/kaden/ClaudeCode/autorocm/redline-pub/examples/hipengine-6409/results/gfx1201/2026-07-13-radiowave-redline/build/redline/reduction/hip_reduction_wave_shuffle_wg256.redline.radiowave.json
compiled /home/kaden/ClaudeCode/autorocm/redline-pub/examples/hipengine-6409/results/gfx1201/2026-07-13-radiowave-redline/build/redline/reduction/hip_reduction_multi_accum4_wg64.redline.co sha256=b26a579f30c79ad1a416f3f260169de3a4690de1b952fa07fbc2f2f6f83dc05f kernels=1 manifest=/home/kaden/ClaudeCode/autorocm/redline-pub/examples/hipengine-6409/results/gfx1201/2026-07-13-radiowave-redline/build/redline/reduction/hip_reduction_multi_accum4_wg64.redline.radiowave.json
compiled /home/kaden/ClaudeCode/autorocm/redline-pub/examples/hipengine-6409/results/gfx1201/2026-07-13-radiowave-redline/build/redline/reduction/hip_reduction_multi_accum4_wg256.redline.co sha256=39262cbc05fd082b03df8845b01658c92376f93615a2a18681a802f5beae5010 kernels=1 manifest=/home/kaden/ClaudeCode/autorocm/redline-pub/examples/hipengine-6409/results/gfx1201/2026-07-13-radiowave-redline/build/redline/reduction/hip_reduction_multi_accum4_wg256.redline.radiowave.json
compiled /home/kaden/ClaudeCode/autorocm/redline-pub/examples/hipengine-6409/results/gfx1201/2026-07-13-radiowave-redline/build/redline/reduction/hip_reduction_multi_accum8_wg64.redline.co sha256=25a1e94ca5a39c0cb579f3a28adb8c85bcd369f0373e50e6077609fc358cd742 kernels=1 manifest=/home/kaden/ClaudeCode/autorocm/redline-pub/examples/hipengine-6409/results/gfx1201/2026-07-13-radiowave-redline/build/redline/reduction/hip_reduction_multi_accum8_wg64.redline.radiowave.json
compiled /home/kaden/ClaudeCode/autorocm/redline-pub/examples/hipengine-6409/results/gfx1201/2026-07-13-radiowave-redline/build/redline/reduction/hip_reduction_multi_accum8_wg256.redline.co sha256=fdd8507b2c18b751e1be7cf5c51af5731eefa45e58174c07e765ec3d16ba22bc kernels=1 manifest=/home/kaden/ClaudeCode/autorocm/redline-pub/examples/hipengine-6409/results/gfx1201/2026-07-13-radiowave-redline/build/redline/reduction/hip_reduction_multi_accum8_wg256.redline.radiowave.json
compiled /home/kaden/ClaudeCode/autorocm/redline-pub/examples/hipengine-6409/results/gfx1201/2026-07-13-radiowave-redline/build/redline/reduction/hip_reduction_multi_accum16_wg64.redline.co sha256=d43e42e27ef9bd409bd9dc4c82d2499223e1c34fe0c438e6d6752fffa42f2c16 kernels=1 manifest=/home/kaden/ClaudeCode/autorocm/redline-pub/examples/hipengine-6409/results/gfx1201/2026-07-13-radiowave-redline/build/redline/reduction/hip_reduction_multi_accum16_wg64.redline.radiowave.json
compiled /home/kaden/ClaudeCode/autorocm/redline-pub/examples/hipengine-6409/results/gfx1201/2026-07-13-radiowave-redline/build/redline/reduction/hip_reduction_multi_accum16_wg256.redline.co sha256=b5e16fff6935bc2f093b01e88bebe54ef9798d5a20acdf5dd80554eb3f0f59fa kernels=1 manifest=/home/kaden/ClaudeCode/autorocm/redline-pub/examples/hipengine-6409/results/gfx1201/2026-07-13-radiowave-redline/build/redline/reduction/hip_reduction_multi_accum16_wg256.redline.radiowave.json
{
  "artifact_ref": "/home/kaden/ClaudeCode/autorocm/redline-pub/examples/hipengine-6409/results/gfx1201/2026-07-13-radiowave-redline/independent_throughput/redline-reduction.raw.json",
  "bench": "reduction_sweep",
  "claim_gate": {
    "blocking_reasons": [
      "raw_result_identity_mismatch_or_missing",
      "device_identity_mismatch_or_missing",
      "comparison_matrix_incomplete"
    ],
    "clean_source": true,
    "correctness_pass": true,
    "device_match": false,
    "gfx_arch_match": true,
    "hip_device_fingerprint": "radeon_graphics",
    "matrix": {
      "actual_backend_pairs": 0,
      "actual_rows": 24,
      "backend_pair_requested": false,
      "comparison_set_complete": false,
      "exact_raw_result_set": false,
      "exact_row_set": false,
      "expected_backend_pairs": 20,
      "expected_rows": 48,
      "row_metadata_pass": true
    },
    "matrix_complete": false,
    "performance_claim": false,
    "raw_evidence": {
      "hip": {
        "device_fingerprints": [
          "radeon_graphics"
        ],
        "device_names": [
          "AMD Radeon Graphics"
        ],
        "gfx_arches": [
          "gfx1201"
        ],
        "identity_pass": true,
        "raw_result_count": 12,
        "source_hashes": []
      },
      "identity_pass": false,
      "vulkan": {
        "device_fingerprints": [],
        "device_names": [],
        "gfx_arches": [],
        "identity_pass": false,
        "raw_result_count": 0,
        "source_hashes": []
      }
    },
    "raw_result_identity_pass": false,
    "same_commit": true,
    "source_hash_present": true,
    "source_scope": "single_joint_wrapper_invocation",
    "status": "blocked",
    "vulkan_device_fingerprint": ""
  },
  "classification": "diagnostic_unclassified",
  "command": [
    "python3",
    "/tmp/hipEngine-f2c/benchmarks/micro/runners/reduction_sweep.py",
    "--backend",
    "hip",
    "--timing-mode",
    "independent_throughput",
    "--independent-streams",
    "4",
    "--reps",
    "10",
    "--warmup",
    "3",
    "--samples",
    "5",
    "--environment-json",
    "/home/kaden/ClaudeCode/autorocm/redline-pub/examples/hipengine-6409/results/gfx1201/2026-07-13-radiowave-redline/environment.json",
    "--environment-ref",
    "/home/kaden/ClaudeCode/autorocm/redline-pub/examples/hipengine-6409/results/gfx1201/2026-07-13-radiowave-redline/environment.json",
    "--gfx-arch",
    "gfx1201",
    "--hardware-gpu",
    "AMD Radeon Graphics",
    "--build-dir",
    "/home/kaden/ClaudeCode/autorocm/redline-pub/examples/hipengine-6409/results/gfx1201/2026-07-13-radiowave-redline/build/redline/reduction",
    "--k-list",
    "512,2048",
    "--rows-list",
    "1",
    "--workgroups",
    "64,256",
    "--body-repeats",
    "32",
    "--out",
    "/home/kaden/ClaudeCode/autorocm/redline-pub/examples/hipengine-6409/results/gfx1201/2026-07-13-radiowave-redline/independent_throughput/redline-reduction.raw.json",
    "--pretty"
  ],
  "commands": [
    {
      "build_command": [
        "/home/kaden/ClaudeCode/autorocm/redline-pub/examples/hipengine-6409/toolchain/hipcc",
        "--offload-arch=gfx1201",
        "-O3",
        "-std=c++17",
        "-DHIPENGINE_REDUCTION_VARIANT=0",
        "-DHIPENGINE_FIXED_WORKGROUP_SIZE=64",
        "/tmp/hipEngine-f2c/benchmarks/micro/runners/hip_geometry_sweep.hip",
        "-o",
        "/home/kaden/ClaudeCode/autorocm/redline-pub/examples/hipengine-6409/results/gfx1201/2026-07-13-radiowave-redline/build/redline/reduction/hip_reduction_lds_tree_wg64"
      ],
      "kind": "hip",
      "run_command": [
        "/home/kaden/ClaudeCode/autorocm/redline-pub/examples/hipengine-6409/results/gfx1201/2026-07-13-radiowave-redline/build/redline/reduction/hip_reduction_lds_tree_wg64",
        "--json",
        "/home/kaden/ClaudeCode/autorocm/redline-pub/examples/hipengine-6409/results/gfx1201/2026-07-13-radiowave-redline/build/redline/reduction/hip-lds_tree-wg64.json",
        "--k-list",
        "512,2048",
        "--rows-list",
        "1",
        "--workgroups",
        "64",
        "--body-repeats",
        "32",
        "--reps",
        "10",
        "--warmup",
        "3",
        "--samples",
        "5",
        "--timing-mode",
        "independent_throughput",
        "--independent-streams",
        "4",
        "--device-index",
        "0"
      ],
      "variant": "lds_tree",
      "workgroup": 64
    },
    {
      "build_command": [
        "/home/kaden/ClaudeCode/autorocm/redline-pub/examples/hipengine-6409/toolchain/hipcc",
        "--offload-arch=gfx1201",
        "-O3",
        "-std=c++17",
        "-DHIPENGINE_REDUCTION_VARIANT=0",
        "-DHIPENGINE_FIXED_WORKGROUP_SIZE=256",
        "/tmp/hipEngine-f2c/benchmarks/micro/runners/hip_geometry_sweep.hip",
        "-o",
        "/home/kaden/ClaudeCode/autorocm/redline-pub/examples/hipengine-6409/results/gfx1201/2026-07-13-radiowave-redline/build/redline/reduction/hip_reduction_lds_tree_wg256"
      ],
      "kind": "hip",
      "run_command": [
        "/home/kaden/ClaudeCode/autorocm/redline-pub/examples/hipengine-6409/results/gfx1201/2026-07-13-radiowave-redline/build/redline/reduction/hip_reduction_lds_tree_wg256",
        "--json",
        "/home/kaden/ClaudeCode/autorocm/redline-pub/examples/hipengine-6409/results/gfx1201/2026-07-13-radiowave-redline/build/redline/reduction/hip-lds_tree-wg256.json",
        "--k-list",
        "512,2048",
        "--rows-list",
        "1",
        "--workgroups",
        "256",
        "--body-repeats",
        "32",
        "--reps",
        "10",
        "--warmup",
        "3",
        "--samples",
        "5",
        "--timing-mode",
        "independent_throughput",
        "--independent-streams",
        "4",
        "--device-index",
        "0"
      ],
      "variant": "lds_tree",
      "workgroup": 256
    },
    {
      "build_command": [
        "/home/kaden/ClaudeCode/autorocm/redline-pub/examples/hipengine-6409/toolchain/hipcc",
        "--offload-arch=gfx1201",
        "-O3",
        "-std=c++17",
        "-DHIPENGINE_REDUCTION_VARIANT=1",
        "-DHIPENGINE_FIXED_WORKGROUP_SIZE=64",
        "/tmp/hipEngine-f2c/benchmarks/micro/runners/hip_geometry_sweep.hip",
        "-o",
        "/home/kaden/ClaudeCode/autorocm/redline-pub/examples/hipengine-6409/results/gfx1201/2026-07-13-radiowave-redline/build/redline/reduction/hip_reduction_extra_barrier_wg64"
      ],
      "kind": "hip",
      "run_command": [
        "/home/kaden/ClaudeCode/autorocm/redline-pub/examples/hipengine-6409/results/gfx1201/2026-07-13-radiowave-redline/build/redline/reduction/hip_reduction_extra_barrier_wg64",
        "--json",
        "/home/kaden/ClaudeCode/autorocm/redline-pub/examples/hipengine-6409/results/gfx1201/2026-07-13-radiowave-redline/build/redline/reduction/hip-extra_barrier-wg64.json",
        "--k-list",
        "512,2048",
        "--rows-list",
        "1",
        "--workgroups",
        "64",
        "--body-repeats",
        "32",
        "--reps",
        "10",
        "--warmup",
        "3",
        "--samples",
        "5",
        "--timing-mode",
        "independent_throughput",
        "--independent-streams",
        "4",
        "--device-index",
        "0"
      ],
      "variant": "extra_barrier",
      "workgroup": 64
    },
    {
      "build_command": [
        "/home/kaden/ClaudeCode/autorocm/redline-pub/examples/hipengine-6409/toolchain/hipcc",
        "--offload-arch=gfx1201",
        "-O3",
        "-std=c++17",
        "-DHIPENGINE_REDUCTION_VARIANT=1",
        "-DHIPENGINE_FIXED_WORKGROUP_SIZE=256",
        "/tmp/hipEngine-f2c/benchmarks/micro/runners/hip_geometry_sweep.hip",
        "-o",
        "/home/kaden/ClaudeCode/autorocm/redline-pub/examples/hipengine-6409/results/gfx1201/2026-07-13-radiowave-redline/build/redline/reduction/hip_reduction_extra_barrier_wg256"
      ],
      "kind": "hip",
      "run_command": [
        "/home/kaden/ClaudeCode/autorocm/redline-pub/examples/hipengine-6409/results/gfx1201/2026-07-13-radiowave-redline/build/redline/reduction/hip_reduction_extra_barrier_wg256",
        "--json",
        "/home/kaden/ClaudeCode/autorocm/redline-pub/examples/hipengine-6409/results/gfx1201/2026-07-13-radiowave-redline/build/redline/reduction/hip-extra_barrier-wg256.json",
        "--k-list",
        "512,2048",
        "--rows-list",
        "1",
        "--workgroups",
        "256",
        "--body-repeats",
        "32",
        "--reps",
        "10",
        "--warmup",
        "3",
        "--samples",
        "5",
        "--timing-mode",
        "independent_throughput",
        "--independent-streams",
        "4",
        "--device-index",
        "0"
      ],
      "variant": "extra_barrier",
      "workgroup": 256
    },
    {
      "build_command": [
        "/home/kaden/ClaudeCode/autorocm/redline-pub/examples/hipengine-6409/toolchain/hipcc",
        "--offload-arch=gfx1201",
        "-O3",
        "-std=c++17",
        "-DHIPENGINE_REDUCTION_VARIANT=2",
        "-DHIPENGINE_FIXED_WORKGROUP_SIZE=64",
        "/tmp/hipEngine-f2c/benchmarks/micro/runners/hip_geometry_sweep.hip",
        "-o",
        "/home/kaden/ClaudeCode/autorocm/redline-pub/examples/hipengine-6409/results/gfx1201/2026-07-13-radiowave-redline/build/redline/reduction/hip_reduction_wave_shuffle_wg64"
      ],
      "kind": "hip",
      "run_command": [
        "/home/kaden/ClaudeCode/autorocm/redline-pub/examples/hipengine-6409/results/gfx1201/2026-07-13-radiowave-redline/build/redline/reduction/hip_reduction_wave_shuffle_wg64",
        "--json",
        "/home/kaden/ClaudeCode/autorocm/redline-pub/examples/hipengine-6409/results/gfx1201/2026-07-13-radiowave-redline/build/redline/reduction/hip-wave_shuffle-wg64.json",
        "--k-list",
        "512,2048",
        "--rows-list",
        "1",
        "--workgroups",
        "64",
        "--body-repeats",
        "32",
        "--reps",
        "10",
        "--warmup",
        "3",
        "--samples",
        "5",
        "--timing-mode",
        "independent_throughput",
        "--independent-streams",
        "4",
        "--device-index",
        "0"
      ],
      "variant": "wave_shuffle",
      "workgroup": 64
    },
    {
      "build_command": [
        "/home/kaden/ClaudeCode/autorocm/redline-pub/examples/hipengine-6409/toolchain/hipcc",
        "--offload-arch=gfx1201",
        "-O3",
        "-std=c++17",
        "-DHIPENGINE_REDUCTION_VARIANT=2",
        "-DHIPENGINE_FIXED_WORKGROUP_SIZE=256",
        "/tmp/hipEngine-f2c/benchmarks/micro/runners/hip_geometry_sweep.hip",
        "-o",
        "/home/kaden/ClaudeCode/autorocm/redline-pub/examples/hipengine-6409/results/gfx1201/2026-07-13-radiowave-redline/build/redline/reduction/hip_reduction_wave_shuffle_wg256"
      ],
      "kind": "hip",
      "run_command": [
        "/home/kaden/ClaudeCode/autorocm/redline-pub/examples/hipengine-6409/results/gfx1201/2026-07-13-radiowave-redline/build/redline/reduction/hip_reduction_wave_shuffle_wg256",
        "--json",
        "/home/kaden/ClaudeCode/autorocm/redline-pub/examples/hipengine-6409/results/gfx1201/2026-07-13-radiowave-redline/build/redline/reduction/hip-wave_shuffle-wg256.json",
        "--k-list",
        "512,2048",
        "--rows-list",
        "1",
        "--workgroups",
        "256",
        "--body-repeats",
        "32",
        "--reps",
        "10",
        "--warmup",
        "3",
        "--samples",
        "5",
        "--timing-mode",
        "independent_throughput",
        "--independent-streams",
        "4",
        "--device-index",
        "0"
      ],
      "variant": "wave_shuffle",
      "workgroup": 256
    },
    {
      "build_command": [
        "/home/kaden/ClaudeCode/autorocm/redline-pub/examples/hipengine-6409/toolchain/hipcc",
        "--offload-arch=gfx1201",
        "-O3",
        "-std=c++17",
        "-DHIPENGINE_REDUCTION_VARIANT=3",
        "-DHIPENGINE_FIXED_WORKGROUP_SIZE=64",
        "/tmp/hipEngine-f2c/benchmarks/micro/runners/hip_geometry_sweep.hip",
        "-o",
        "/home/kaden/ClaudeCode/autorocm/redline-pub/examples/hipengine-6409/results/gfx1201/2026-07-13-radiowave-redline/build/redline/reduction/hip_reduction_multi_accum4_wg64"
      ],
      "kind": "hip",
      "run_command": [
        "/home/kaden/ClaudeCode/autorocm/redline-pub/examples/hipengine-6409/results/gfx1201/2026-07-13-radiowave-redline/build/redline/reduction/hip_reduction_multi_accum4_wg64",
        "--json",
        "/home/kaden/ClaudeCode/autorocm/redline-pub/examples/hipengine-6409/results/gfx1201/2026-07-13-radiowave-redline/build/redline/reduction/hip-multi_accum4-wg64.json",
        "--k-list",
        "512,2048",
        "--rows-list",
        "1",
        "--workgroups",
        "64",
        "--body-repeats",
        "32",
        "--reps",
        "10",
        "--warmup",
        "3",
        "--samples",
        "5",
        "--timing-mode",
        "independent_throughput",
        "--independent-streams",
        "4",
        "--device-index",
        "0"
      ],
      "variant": "multi_accum4",
      "workgroup": 64
    },
    {
      "build_command": [
        "/home/kaden/ClaudeCode/autorocm/redline-pub/examples/hipengine-6409/toolchain/hipcc",
        "--offload-arch=gfx1201",
        "-O3",
        "-std=c++17",
        "-DHIPENGINE_REDUCTION_VARIANT=3",
        "-DHIPENGINE_FIXED_WORKGROUP_SIZE=256",
        "/tmp/hipEngine-f2c/benchmarks/micro/runners/hip_geometry_sweep.hip",
        "-o",
        "/home/kaden/ClaudeCode/autorocm/redline-pub/examples/hipengine-6409/results/gfx1201/2026-07-13-radiowave-redline/build/redline/reduction/hip_reduction_multi_accum4_wg256"
      ],
      "kind": "hip",
      "run_command": [
        "/home/kaden/ClaudeCode/autorocm/redline-pub/examples/hipengine-6409/results/gfx1201/2026-07-13-radiowave-redline/build/redline/reduction/hip_reduction_multi_accum4_wg256",
        "--json",
        "/home/kaden/ClaudeCode/autorocm/redline-pub/examples/hipengine-6409/results/gfx1201/2026-07-13-radiowave-redline/build/redline/reduction/hip-multi_accum4-wg256.json",
        "--k-list",
        "512,2048",
        "--rows-list",
        "1",
        "--workgroups",
        "256",
        "--body-repeats",
        "32",
        "--reps",
        "10",
        "--warmup",
        "3",
        "--samples",
        "5",
        "--timing-mode",
        "independent_throughput",
        "--independent-streams",
        "4",
        "--device-index",
        "0"
      ],
      "variant": "multi_accum4",
      "workgroup": 256
    },
    {
      "build_command": [
        "/home/kaden/ClaudeCode/autorocm/redline-pub/examples/hipengine-6409/toolchain/hipcc",
        "--offload-arch=gfx1201",
        "-O3",
        "-std=c++17",
        "-DHIPENGINE_REDUCTION_VARIANT=4",
        "-DHIPENGINE_FIXED_WORKGROUP_SIZE=64",
        "/tmp/hipEngine-f2c/benchmarks/micro/runners/hip_geometry_sweep.hip",
        "-o",
        "/home/kaden/ClaudeCode/autorocm/redline-pub/examples/hipengine-6409/results/gfx1201/2026-07-13-radiowave-redline/build/redline/reduction/hip_reduction_multi_accum8_wg64"
      ],
      "kind": "hip",
      "run_command": [
        "/home/kaden/ClaudeCode/autorocm/redline-pub/examples/hipengine-6409/results/gfx1201/2026-07-13-radiowave-redline/build/redline/reduction/hip_reduction_multi_accum8_wg64",
        "--json",
        "/home/kaden/ClaudeCode/autorocm/redline-pub/examples/hipengine-6409/results/gfx1201/2026-07-13-radiowave-redline/build/redline/reduction/hip-multi_accum8-wg64.json",
        "--k-list",
        "512,2048",
        "--rows-list",
        "1",
        "--workgroups",
        "64",
        "--body-repeats",
        "32",
        "--reps",
        "10",
        "--warmup",
        "3",
        "--samples",
        "5",
        "--timing-mode",
        "independent_throughput",
        "--independent-streams",
        "4",
        "--device-index",
        "0"
      ],
      "variant": "multi_accum8",
      "workgroup": 64
    },
    {
      "build_command": [
        "/home/kaden/ClaudeCode/autorocm/redline-pub/examples/hipengine-6409/toolchain/hipcc",
        "--offload-arch=gfx1201",
        "-O3",
        "-std=c++17",
        "-DHIPENGINE_REDUCTION_VARIANT=4",
        "-DHIPENGINE_FIXED_WORKGROUP_SIZE=256",
        "/tmp/hipEngine-f2c/benchmarks/micro/runners/hip_geometry_sweep.hip",
        "-o",
        "/home/kaden/ClaudeCode/autorocm/redline-pub/examples/hipengine-6409/results/gfx1201/2026-07-13-radiowave-redline/build/redline/reduction/hip_reduction_multi_accum8_wg256"
      ],
      "kind": "hip",
      "run_command": [
        "/home/kaden/ClaudeCode/autorocm/redline-pub/examples/hipengine-6409/results/gfx1201/2026-07-13-radiowave-redline/build/redline/reduction/hip_reduction_multi_accum8_wg256",
        "--json",
        "/home/kaden/ClaudeCode/autorocm/redline-pub/examples/hipengine-6409/results/gfx1201/2026-07-13-radiowave-redline/build/redline/reduction/hip-multi_accum8-wg256.json",
        "--k-list",
        "512,2048",
        "--rows-list",
        "1",
        "--workgroups",
        "256",
        "--body-repeats",
        "32",
        "--reps",
        "10",
        "--warmup",
        "3",
        "--samples",
        "5",
        "--timing-mode",
        "independent_throughput",
        "--independent-streams",
        "4",
        "--device-index",
        "0"
      ],
      "variant": "multi_accum8",
      "workgroup": 256
    },
    {
      "build_command": [
        "/home/kaden/ClaudeCode/autorocm/redline-pub/examples/hipengine-6409/toolchain/hipcc",
        "--offload-arch=gfx1201",
        "-O3",
        "-std=c++17",
        "-DHIPENGINE_REDUCTION_VARIANT=5",
        "-DHIPENGINE_FIXED_WORKGROUP_SIZE=64",
        "/tmp/hipEngine-f2c/benchmarks/micro/runners/hip_geometry_sweep.hip",
        "-o",
        "/home/kaden/ClaudeCode/autorocm/redline-pub/examples/hipengine-6409/results/gfx1201/2026-07-13-radiowave-redline/build/redline/reduction/hip_reduction_multi_accum16_wg64"
      ],
      "kind": "hip",
      "run_command": [
        "/home/kaden/ClaudeCode/autorocm/redline-pub/examples/hipengine-6409/results/gfx1201/2026-07-13-radiowave-redline/build/redline/reduction/hip_reduction_multi_accum16_wg64",
        "--json",
        "/home/kaden/ClaudeCode/autorocm/redline-pub/examples/hipengine-6409/results/gfx1201/2026-07-13-radiowave-redline/build/redline/reduction/hip-multi_accum16-wg64.json",
        "--k-list",
        "512,2048",
        "--rows-list",
        "1",
        "--workgroups",
        "64",
        "--body-repeats",
        "32",
        "--reps",
        "10",
        "--warmup",
        "3",
        "--samples",
        "5",
        "--timing-mode",
        "independent_throughput",
        "--independent-streams",
        "4",
        "--device-index",
        "0"
      ],
      "variant": "multi_accum16",
      "workgroup": 64
    },
    {
      "build_command": [
        "/home/kaden/ClaudeCode/autorocm/redline-pub/examples/hipengine-6409/toolchain/hipcc",
        "--offload-arch=gfx1201",
        "-O3",
        "-std=c++17",
        "-DHIPENGINE_REDUCTION_VARIANT=5",
        "-DHIPENGINE_FIXED_WORKGROUP_SIZE=256",
        "/tmp/hipEngine-f2c/benchmarks/micro/runners/hip_geometry_sweep.hip",
        "-o",
        "/home/kaden/ClaudeCode/autorocm/redline-pub/examples/hipengine-6409/results/gfx1201/2026-07-13-radiowave-redline/build/redline/reduction/hip_reduction_multi_accum16_wg256"
      ],
      "kind": "hip",
      "run_command": [
        "/home/kaden/ClaudeCode/autorocm/redline-pub/examples/hipengine-6409/results/gfx1201/2026-07-13-radiowave-redline/build/redline/reduction/hip_reduction_multi_accum16_wg256",
        "--json",
        "/home/kaden/ClaudeCode/autorocm/redline-pub/examples/hipengine-6409/results/gfx1201/2026-07-13-radiowave-redline/build/redline/reduction/hip-multi_accum16-wg256.json",
        "--k-list",
        "512,2048",
        "--rows-list",
        "1",
        "--workgroups",
        "256",
        "--body-repeats",
        "32",
        "--reps",
        "10",
        "--warmup",
        "3",
        "--samples",
        "5",
        "--timing-mode",
        "independent_throughput",
        "--independent-streams",
        "4",
        "--device-index",
        "0"
      ],
      "variant": "multi_accum16",
      "workgroup": 256
    }
  ],
  "comparison_groups": {
    "backend": [],
    "variant": [
      {
        "comparison": "hip_extra_barrier_vs_lds_tree",
        "control": "burst",
        "k": 512,
        "lhs_backend": "hip",
        "lhs_correctness_pass": true,
        "lhs_gpu_burst_median_us": 2.708,
        "lhs_variant": "extra_barrier",
        "rhs_backend": "hip",
        "rhs_correctness_pass": true,
        "rhs_gpu_burst_median_us": 2.7,
        "rhs_over_lhs_time_ratio": 0.9970457902511078,
        "rhs_variant": "lds_tree",
        "rows": 1,
        "timing_domain": "gpu_elapsed",
        "timing_mode": "independent_throughput",
        "workgroup_size": 64
      },
      {
        "comparison": "hip_wave_shuffle_vs_lds_tree",
        "control": "burst",
        "k": 512,
        "lhs_backend": "hip",
        "lhs_correctness_pass": true,
        "lhs_gpu_burst_median_us": 2.684,
        "lhs_variant": "wave_shuffle",
        "rhs_backend": "hip",
        "rhs_correctness_pass": true,
        "rhs_gpu_burst_median_us": 2.7,
        "rhs_over_lhs_time_ratio": 1.0059612518628913,
        "rhs_variant": "lds_tree",
        "rows": 1,
        "timing_domain": "gpu_elapsed",
        "timing_mode": "independent_throughput",
        "workgroup_size": 64
      },
      {
        "comparison": "hip_multi_accum4_vs_lds_tree",
        "control": "burst",
        "k": 512,
        "lhs_backend": "hip",
        "lhs_correctness_pass": true,
        "lhs_gpu_burst_median_us": 2.812,
        "lhs_variant": "multi_accum4",
        "rhs_backend": "hip",
        "rhs_correctness_pass": true,
        "rhs_gpu_burst_median_us": 2.7,
        "rhs_over_lhs_time_ratio": 0.9601706970128024,
        "rhs_variant": "lds_tree",
        "rows": 1,
        "timing_domain": "gpu_elapsed",
        "timing_mode": "independent_throughput",
        "workgroup_size": 64
      },
      {
        "comparison": "hip_multi_accum8_vs_lds_tree",
        "control": "burst",
        "k": 512,
        "lhs_backend": "hip",
        "lhs_correctness_pass": true,
        "lhs_gpu_burst_median_us": 2.772,
        "lhs_variant": "multi_accum8",
        "rhs_backend": "hip",
        "rhs_correctness_pass": true,
        "rhs_gpu_burst_median_us": 2.7,
        "rhs_over_lhs_time_ratio": 0.9740259740259741,
        "rhs_variant": "lds_tree",
        "rows": 1,
        "timing_domain": "gpu_elapsed",
        "timing_mode": "independent_throughput",
        "workgroup_size": 64
      },
      {
        "comparison": "hip_multi_accum16_vs_lds_tree",
        "control": "burst",
        "k": 512,
        "lhs_backend": "hip",
        "lhs_correctness_pass": true,
        "lhs_gpu_burst_median_us": 3.208,
        "lhs_variant": "multi_accum16",
        "rhs_backend": "hip",
        "rhs_correctness_pass": true,
        "rhs_gpu_burst_median_us": 2.7,
        "rhs_over_lhs_time_ratio": 0.8416458852867831,
        "rhs_variant": "lds_tree",
        "rows": 1,
        "timing_domain": "gpu_elapsed",
        "timing_mode": "independent_throughput",
        "workgroup_size": 64
      },
      {
        "comparison": "hip_extra_barrier_vs_lds_tree",
        "control": "burst",
        "k": 512,
        "lhs_backend": "hip",
        "lhs_correctness_pass": true,
        "lhs_gpu_burst_median_us": 0.992,
        "lhs_variant": "extra_barrier",
        "rhs_backend": "hip",
        "rhs_correctness_pass": true,
        "rhs_gpu_burst_median_us": 0.972,
        "rhs_over_lhs_time_ratio": 0.9798387096774194,
        "rhs_variant": "lds_tree",
        "rows": 1,
        "timing_domain": "gpu_elapsed",
        "timing_mode": "independent_throughput",
        "workgroup_size": 256
      },
      {
        "comparison": "hip_wave_shuffle_vs_lds_tree",
        "control": "burst",
        "k": 512,
        "lhs_backend": "hip",
        "lhs_correctness_pass": true,
        "lhs_gpu_burst_median_us": 0.952,
        "lhs_variant": "wave_shuffle",
        "rhs_backend": "hip",
        "rhs_correctness_pass": true,
        "rhs_gpu_burst_median_us": 0.972,
        "rhs_over_lhs_time_ratio": 1.0210084033613445,
        "rhs_variant": "lds_tree",
        "rows": 1,
        "timing_domain": "gpu_elapsed",
        "timing_mode": "independent_throughput",
        "workgroup_size": 256
      },
      {
        "comparison": "hip_multi_accum4_vs_lds_tree",
        "control": "burst",
        "k": 512,
        "lhs_backend": "hip",
        "lhs_correctness_pass": true,
        "lhs_gpu_burst_median_us": 1.128,
        "lhs_variant": "multi_accum4",
        "rhs_backend": "hip",
        "rhs_correctness_pass": true,
        "rhs_gpu_burst_median_us": 0.972,
        "rhs_over_lhs_time_ratio": 0.8617021276595745,
        "rhs_variant": "lds_tree",
        "rows": 1,
        "timing_domain": "gpu_elapsed",
        "timing_mode": "independent_throughput",
        "workgroup_size": 256
      },
      {
        "comparison": "hip_multi_accum8_vs_lds_tree",
        "control": "burst",
        "k": 512,
        "lhs_backend": "hip",
        "lhs_correctness_pass": true,
        "lhs_gpu_burst_median_us": 1.332,
        "lhs_variant": "multi_accum8",
        "rhs_backend": "hip",
        "rhs_correctness_pass": true,
        "rhs_gpu_burst_median_us": 0.972,
        "rhs_over_lhs_time_ratio": 0.7297297297297297,
        "rhs_variant": "lds_tree",
        "rows": 1,
        "timing_domain": "gpu_elapsed",
        "timing_mode": "independent_throughput",
        "workgroup_size": 256
      },
      {
        "comparison": "hip_multi_accum16_vs_lds_tree",
        "control": "burst",
        "k": 512,
        "lhs_backend": "hip",
        "lhs_correctness_pass": true,
        "lhs_gpu_burst_median_us": 1.784,
        "lhs_variant": "multi_accum16",
        "rhs_backend": "hip",
        "rhs_correctness_pass": true,
        "rhs_gpu_burst_median_us": 0.972,
        "rhs_over_lhs_time_ratio": 0.5448430493273543,
        "rhs_variant": "lds_tree",
        "rows": 1,
        "timing_domain": "gpu_elapsed",
        "timing_mode": "independent_throughput",
        "workgroup_size": 256
      },
      {
        "comparison": "hip_extra_barrier_vs_lds_tree",
        "control": "burst",
        "k": 2048,
        "lhs_backend": "hip",
        "lhs_correctness_pass": true,
        "lhs_gpu_burst_median_us": 9.812,
        "lhs_variant": "extra_barrier",
        "rhs_backend": "hip",
        "rhs_correctness_pass": true,
        "rhs_gpu_burst_median_us": 9.776,
        "rhs_over_lhs_time_ratio": 0.9963310232368529,
        "rhs_variant": "lds_tree",
        "rows": 1,
        "timing_domain": "gpu_elapsed",
        "timing_mode": "independent_throughput",
        "workgroup_size": 64
      },
      {
        "comparison": "hip_wave_shuffle_vs_lds_tree",
        "control": "burst",
        "k": 2048,
        "lhs_backend": "hip",
        "lhs_correctness_pass": true,
        "lhs_gpu_burst_median_us": 9.788,
        "lhs_variant": "wave_shuffle",
        "rhs_backend": "hip",
        "rhs_correctness_pass": true,
        "rhs_gpu_burst_median_us": 9.776,
        "rhs_over_lhs_time_ratio": 0.9987740089906006,
        "rhs_variant": "lds_tree",
        "rows": 1,
        "timing_domain": "gpu_elapsed",
        "timing_mode": "independent_throughput",
        "workgroup_size": 64
      },
      {
        "comparison": "hip_multi_accum4_vs_lds_tree",
        "control": "burst",
        "k": 2048,
        "lhs_backend": "hip",
        "lhs_correctness_pass": true,
        "lhs_gpu_burst_median_us": 10.204,
        "lhs_variant": "multi_accum4",
        "rhs_backend": "hip",
        "rhs_correctness_pass": true,
        "rhs_gpu_burst_median_us": 9.776,
        "rhs_over_lhs_time_ratio": 0.9580556644453155,
        "rhs_variant": "lds_tree",
        "rows": 1,
        "timing_domain": "gpu_elapsed",
        "timing_mode": "independent_throughput",
        "workgroup_size": 64
      },
      {
        "comparison": "hip_multi_accum8_vs_lds_tree",
        "control": "burst",
        "k": 2048,
        "lhs_backend": "hip",
        "lhs_correctness_pass": true,
        "lhs_gpu_burst_median_us": 10.04,
        "lhs_variant": "multi_accum8",
        "rhs_backend": "hip",
        "rhs_correctness_pass": true,
        "rhs_gpu_burst_median_us": 9.776,
        "rhs_over_lhs_time_ratio": 0.9737051792828686,
        "rhs_variant": "lds_tree",
        "rows": 1,
        "timing_domain": "gpu_elapsed",
        "timing_mode": "independent_throughput",
        "workgroup_size": 64
      },
      {
        "comparison": "hip_multi_accum16_vs_lds_tree",
        "control": "burst",
        "k": 2048,
        "lhs_backend": "hip",
        "lhs_correctness_pass": true,
        "lhs_gpu_burst_median_us": 10.084,
        "lhs_variant": "multi_accum16",
        "rhs_backend": "hip",
        "rhs_correctness_pass": true,
        "rhs_gpu_burst_median_us": 9.776,
        "rhs_over_lhs_time_ratio": 0.9694565648552163,
        "rhs_variant": "lds_tree",
        "rows": 1,
        "timing_domain": "gpu_elapsed",
        "timing_mode": "independent_throughput",
        "workgroup_size": 64
      },
      {
        "comparison": "hip_extra_barrier_vs_lds_tree",
        "control": "burst",
        "k": 2048,
        "lhs_backend": "hip",
        "lhs_correctness_pass": true,
        "lhs_gpu_burst_median_us": 2.828,
        "lhs_variant": "extra_barrier",
        "rhs_backend": "hip",
        "rhs_correctness_pass": true,
        "rhs_gpu_burst_median_us": 2.788,
        "rhs_over_lhs_time_ratio": 0.9858557284299858,
        "rhs_variant": "lds_tree",
        "rows": 1,
        "timing_domain": "gpu_elapsed",
        "timing_mode": "independent_throughput",
        "workgroup_size": 256
      },
      {
        "comparison": "hip_wave_shuffle_vs_lds_tree",
        "control": "burst",
        "k": 2048,
        "lhs_backend": "hip",
        "lhs_correctness_pass": true,
        "lhs_gpu_burst_median_us": 2.78,
        "lhs_variant": "wave_shuffle",
        "rhs_backend": "hip",
        "rhs_correctness_pass": true,
        "rhs_gpu_burst_median_us": 2.788,
        "rhs_over_lhs_time_ratio": 1.0028776978417266,
        "rhs_variant": "lds_tree",
        "rows": 1,
        "timing_domain": "gpu_elapsed",
        "timing_mode": "independent_throughput",
        "workgroup_size": 256
      },
      {
        "comparison": "hip_multi_accum4_vs_lds_tree",
        "control": "burst",
        "k": 2048,
        "lhs_backend": "hip",
        "lhs_correctness_pass": true,
        "lhs_gpu_burst_median_us": 2.952,
        "lhs_variant": "multi_accum4",
        "rhs_backend": "hip",
        "rhs_correctness_pass": true,
        "rhs_gpu_burst_median_us": 2.788,
        "rhs_over_lhs_time_ratio": 0.9444444444444444,
        "rhs_variant": "lds_tree",
        "rows": 1,
        "timing_domain": "gpu_elapsed",
        "timing_mode": "independent_throughput",
        "workgroup_size": 256
      },
      {
        "comparison": "hip_multi_accum8_vs_lds_tree",
        "control": "burst",
        "k": 2048,
        "lhs_backend": "hip",
        "lhs_correctness_pass": true,
        "lhs_gpu_burst_median_us": 2.908,
        "lhs_variant": "multi_accum8",
        "rhs_backend": "hip",
        "rhs_correctness_pass": true,
        "rhs_gpu_burst_median_us": 2.788,
        "rhs_over_lhs_time_ratio": 0.9587345254470426,
        "rhs_variant": "lds_tree",
        "rows": 1,
        "timing_domain": "gpu_elapsed",
        "timing_mode": "independent_throughput",
        "workgroup_size": 256
      },
      {
        "comparison": "hip_multi_accum16_vs_lds_tree",
        "control": "burst",
        "k": 2048,
        "lhs_backend": "hip",
        "lhs_correctness_pass": true,
        "lhs_gpu_burst_median_us": 3.324,
        "lhs_variant": "multi_accum16",
        "rhs_backend": "hip",
        "rhs_correctness_pass": true,
        "rhs_gpu_burst_median_us": 2.788,
        "rhs_over_lhs_time_ratio": 0.838748495788207,
        "rhs_variant": "lds_tree",
        "rows": 1,
        "timing_domain": "gpu_elapsed",
        "timing_mode": "independent_throughput",
        "workgroup_size": 256
      }
    ]
  },
  "comparisons": [],
  "config": {
    "backend": "hip",
    "body_repeats": 32,
    "independent_streams": 4,
    "k_list": [
      512,
      2048
    ],
    "reps": 10,
    "rows_list": [
      1
    ],
    "samples": 5,
    "timing_mode": "independent_throughput",
    "variants": {
      "hip": [
        "lds_tree",
        "extra_barrier",
        "wave_shuffle",
        "multi_accum4",
        "multi_accum8",
        "multi_accum16"
      ],
      "vulkan": [
        "lds_tree",
        "extra_barrier",
        "subgroup",
        "multi_accum4",
        "multi_accum8",
        "multi_accum16"
      ]
    },
    "warmup": 3,
    "workgroups": [
      64,
      256
    ]
  },
  "correctness": {
    "all_rows_pass": true,
    "hip": {
      "all_rows_pass": true,
      "row_count": 24,
      "status": "pass"
    },
    "row_count": 24,
    "status": "pass",
    "vulkan": {
      "row_count": 0,
      "status": "not_run"
    }
  },
  "environment": {
    "captured": null,
    "ref": "/home/kaden/ClaudeCode/autorocm/redline-pub/examples/hipengine-6409/results/gfx1201/2026-07-13-radiowave-redline/environment.json"
  },
  "hardware": {
    "hip": {
      "gfx_arch": "gfx1201",
      "gpu_name": "AMD Radeon Graphics"
    },
    "vulkan": {
      "gfx_arch": "gfx1201",
      "gpu_name": "AMD Radeon Graphics"
    }
  },
  "inputs": {
    "backend": "hip",
    "body_repeats": 32,
    "independent_streams": 4,
    "k_list": [
      512,
      2048
    ],
    "reps": 10,
    "rows_list": [
      1
    ],
    "samples": 5,
    "timing_mode": "independent_throughput",
    "variants": {
      "hip": [
        "lds_tree",
        "extra_barrier",
        "wave_shuffle",
        "multi_accum4",
        "multi_accum8",
        "multi_accum16"
      ],
      "vulkan": [
        "lds_tree",
        "extra_barrier",
        "subgroup",
        "multi_accum4",
        "multi_accum8",
        "multi_accum16"
      ]
    },
    "warmup": 3,
    "workgroups": [
      64,
      256
    ]
  },
  "interpretation": "Reduction-shape control for LDS tree, extra barrier, HIP wave-shuffle, Vulkan subgroup reductions, and 4/8/16-way lane-local accumulators. serial_latency orders shared-output iterations; independent_throughput uses disjoint output slices. Cross-backend GPU ratios use equal dependency contracts, while direct/multi-stream HIP and Vulkan command-buffer host walls are intentionally not ratioed.",
  "kind": "hipengine_micro_comparison",
  "matched_rows": [],
  "performance_claim": false,
  "raw_results": {
    "hip:extra_barrier:wg256": {
      "backend": "hip",
      "config": {
        "body_repeats": 32,
        "hip_fixed_workgroup_size": 256,
        "hip_reduction_variant": 1,
        "independent_streams": 4,
        "k_list": [
          512,
          2048
        ],
        "method": "one workgroup per row; repeat-shifted strided f32 FMA inner loop; shared-memory tree reduction",
        "reps": 10,
        "rows_list": [
          1
        ],
        "samples": 5,
        "timing_mode": "independent_throughput",
        "warmup": 3,
        "workgroups": [
          256
        ]
      },
      "hardware": {
        "device_name": "AMD Radeon Graphics",
        "gcn_arch_name": "gfx1201",
        "multi_processor_count": 32
      },
      "rows": [
        {
          "body_repeats": 32,
          "bytes_per_us": 4129.032258,
          "correctness": {
            "single_dispatch": {
              "oracle": "deterministic CPU f32 reference with sequence tag",
              "status": "pass"
            },
            "synchronization": {
              "barrier_count": 0,
              "method": "disjoint_outputs",
              "status": "pass"
            },
            "timed_sequence": {
              "coverage": "all_dispatches",
              "logical_iterations": 10,
              "oracle": "deterministic CPU f32 reference with sequence tag",
              "status": "pass"
            }
          },
          "correctness_pass": true,
          "dependency_contract": {
            "inter_dispatch_ordering": "none",
            "output_partitioning": "disjoint",
            "validation_status": "pass",
            "work_dependency": "independent"
          },
          "gflops": 33.03225806,
          "k": 512,
          "max_abs": 0,
          "max_rel": 0,
          "max_us": 1.032,
          "median_us": 0.992,
          "min_us": 0.98,
          "p05_us": 0.9816,
          "p95_us": 1.0256,
          "rows": 1,
          "submission": {
            "completion_in_host_wall": true,
            "queue_or_stream_count": 4,
            "recording_in_timed_region": false,
            "strategy": "multi_stream",
            "submit_in_host_wall": true
          },
          "timing": {
            "burst": {
              "dispatches_per_iteration": 1,
              "gpu_elapsed": {
                "clock": "hip_event",
                "per_iteration_us": {
                  "max": 1.032,
                  "median": 0.992,
                  "min": 0.98,
                  "n": 5,
                  "p05": 0.9816,
                  "p95": 1.0256,
                  "samples": 5,
                  "stdev": 0.01799555501
                },
                "sequence_us": {
                  "max": 10.32,
                  "median": 9.92,
                  "min": 9.8,
                  "n": 5,
                  "p05": 9.816,
                  "p95": 10.256,
                  "samples": 5,
                  "stdev": 0.1799555501
                },
                "status": "ok"
              },
              "host_wall": {
                "clock": "steady_clock",
                "per_iteration_us": {
                  "max": 19.7562,
                  "median": 2.709,
                  "min": 2.682,
                  "n": 5,
                  "p05": 2.686,
                  "p95": 16.35758,
                  "samples": 5,
                  "stdev": 6.816922866
                },
                "sequence_us": {
                  "max": 197.562,
                  "median": 27.09,
                  "min": 26.82,
                  "n": 5,
                  "p05": 26.86,
                  "p95": 163.5758,
                  "samples": 5,
                  "stdev": 68.16922866
                },
                "status": "ok"
              },
              "logical_iterations": 10
            },
            "single": {
              "dispatches_per_iteration": 1,
              "gpu_elapsed": {
                "clock": "hip_event",
                "per_iteration_us": {
                  "max": 10.12,
                  "median": 10.08,
                  "min": 9.84,
                  "n": 5,
                  "p05": 9.888,
                  "p95": 10.112,
                  "samples": 5,
                  "stdev": 0.1011928851
                },
                "sequence_us": {
                  "max": 10.12,
                  "median": 10.08,
                  "min": 9.84,
                  "n": 5,
                  "p05": 9.888,
                  "p95": 10.112,
                  "samples": 5,
                  "stdev": 0.1011928851
                },
                "status": "ok"
              },
              "host_wall": {
                "clock": "steady_clock",
                "per_iteration_us": {
                  "max": 257.602,
                  "median": 30.251,
                  "min": 29.6,
                  "n": 5,
                  "p05": 29.61,
                  "p95": 212.2856,
                  "samples": 5,
                  "stdev": 90.99014856
                },
                "sequence_us": {
                  "max": 257.602,
                  "median": 30.251,
                  "min": 29.6,
                  "n": 5,
                  "p05": 29.61,
                  "p95": 212.2856,
                  "samples": 5,
                  "stdev": 90.99014856
                },
                "status": "ok"
              },
              "logical_iterations": 1
            }
          },
          "timing_mode": "independent_throughput",
          "workgroup_size": 256
        },
        {
          "body_repeats": 32,
          "bytes_per_us": 5793.493635,
          "correctness": {
            "single_dispatch": {
              "oracle": "deterministic CPU f32 reference with sequence tag",
              "status": "pass"
            },
            "synchronization": {
              "barrier_count": 0,
              "method": "disjoint_outputs",
              "status": "pass"
            },
            "timed_sequence": {
              "coverage": "all_dispatches",
              "logical_iterations": 10,
              "oracle": "deterministic CPU f32 reference with sequence tag",
              "status": "pass"
            }
          },
          "correctness_pass": true,
          "dependency_contract": {
            "inter_dispatch_ordering": "none",
            "output_partitioning": "disjoint",
            "validation_status": "pass",
            "work_dependency": "independent"
          },
          "gflops": 46.34794908,
          "k": 2048,
          "max_abs": 0,
          "max_rel": 0,
          "max_us": 2.912,
          "median_us": 2.828,
          "min_us": 2.816,
          "p05_us": 2.8168,
          "p95_us": 2.8984,
          "rows": 1,
          "submission": {
            "completion_in_host_wall": true,
            "queue_or_stream_count": 4,
            "recording_in_timed_region": false,
            "strategy": "multi_stream",
            "submit_in_host_wall": true
          },
          "timing": {
            "burst": {
              "dispatches_per_iteration": 1,
              "gpu_elapsed": {
                "clock": "hip_event",
                "per_iteration_us": {
                  "max": 2.912,
                  "median": 2.828,
                  "min": 2.816,
                  "n": 5,
                  "p05": 2.8168,
                  "p95": 2.8984,
                  "samples": 5,
                  "stdev": 0.03532704347
                },
                "sequence_us": {
                  "max": 29.12,
                  "median": 28.28,
                  "min": 28.16,
                  "n": 5,
                  "p05": 28.168,
                  "p95": 28.984,
                  "samples": 5,
                  "stdev": 0.3532704347
                },
                "status": "ok"
              },
              "host_wall": {
                "clock": "steady_clock",
                "per_iteration_us": {
                  "max": 22.9553,
                  "median": 4.602,
                  "min": 4.575,
                  "n": 5,
                  "p05": 4.57782,
                  "p95": 19.28584,
                  "samples": 5,
                  "stdev": 7.34471877
                },
                "sequence_us": {
                  "max": 229.553,
                  "median": 46.02,
                  "min": 45.75,
                  "n": 5,
                  "p05": 45.7782,
                  "p95": 192.8584,
                  "samples": 5,
                  "stdev": 73.4471877
                },
                "status": "ok"
              },
              "logical_iterations": 10
            },
            "single": {
              "dispatches_per_iteration": 1,
              "gpu_elapsed": {
                "clock": "hip_event",
                "per_iteration_us": {
                  "max": 29.44,
                  "median": 27.96,
                  "min": 27.92,
                  "n": 5,
                  "p05": 27.92,
                  "p95": 29.144,
                  "samples": 5,
                  "stdev": 0.6002666074
                },
                "sequence_us": {
                  "max": 29.44,
                  "median": 27.96,
                  "min": 27.92,
                  "n": 5,
                  "p05": 27.92,
                  "p95": 29.144,
                  "samples": 5,
                  "stdev": 0.6002666074
                },
                "status": "ok"
              },
              "host_wall": {
                "clock": "steady_clock",
                "per_iteration_us": {
                  "max": 218.722,
                  "median": 47.1,
                  "min": 46.411,
                  "n": 5,
                  "p05": 46.429,
                  "p95": 184.4096,
                  "samples": 5,
                  "stdev": 68.77226906
                },
                "sequence_us": {
                  "max": 218.722,
                  "median": 47.1,
                  "min": 46.411,
                  "n": 5,
                  "p05": 46.429,
                  "p95": 184.4096,
                  "samples": 5,
                  "stdev": 68.77226906
                },
                "status": "ok"
              },
              "logical_iterations": 1
            }
          },
          "timing_mode": "independent_throughput",
          "workgroup_size": 256
        }
      ],
      "run_tag": "hip-geometry-sweep",
      "status": "diagnostic"
    },
    "hip:extra_barrier:wg64": {
      "backend": "hip",
      "config": {
        "body_repeats": 32,
        "hip_fixed_workgroup_size": 64,
        "hip_reduction_variant": 1,
        "independent_streams": 4,
        "k_list": [
          512,
          2048
        ],
        "method": "one workgroup per row; repeat-shifted strided f32 FMA inner loop; shared-memory tree reduction",
        "reps": 10,
        "rows_list": [
          1
        ],
        "samples": 5,
        "timing_mode": "independent_throughput",
        "warmup": 3,
        "workgroups": [
          64
        ]
      },
      "hardware": {
        "device_name": "AMD Radeon Graphics",
        "gcn_arch_name": "gfx1201",
        "multi_processor_count": 32
      },
      "rows": [
        {
          "body_repeats": 32,
          "bytes_per_us": 1512.555391,
          "correctness": {
            "single_dispatch": {
              "oracle": "deterministic CPU f32 reference with sequence tag",
              "status": "pass"
            },
            "synchronization": {
              "barrier_count": 0,
              "method": "disjoint_outputs",
              "status": "pass"
            },
            "timed_sequence": {
              "coverage": "all_dispatches",
              "logical_iterations": 10,
              "oracle": "deterministic CPU f32 reference with sequence tag",
              "status": "pass"
            }
          },
          "correctness_pass": true,
          "dependency_contract": {
            "inter_dispatch_ordering": "none",
            "output_partitioning": "disjoint",
            "validation_status": "pass",
            "work_dependency": "independent"
          },
          "gflops": 12.10044313,
          "k": 512,
          "max_abs": 0,
          "max_rel": 0,
          "max_us": 2.856,
          "median_us": 2.708,
          "min_us": 2.708,
          "p05_us": 2.708,
          "p95_us": 2.8272,
          "rows": 1,
          "submission": {
            "completion_in_host_wall": true,
            "queue_or_stream_count": 4,
            "recording_in_timed_region": false,
            "strategy": "multi_stream",
            "submit_in_host_wall": true
          },
          "timing": {
            "burst": {
              "dispatches_per_iteration": 1,
              "gpu_elapsed": {
                "clock": "hip_event",
                "per_iteration_us": {
                  "max": 2.856,
                  "median": 2.708,
                  "min": 2.708,
                  "n": 5,
                  "p05": 2.708,
                  "p95": 2.8272,
                  "samples": 5,
                  "stdev": 0.05882040462
                },
                "sequence_us": {
                  "max": 28.56,
                  "median": 27.08,
                  "min": 27.08,
                  "n": 5,
                  "p05": 27.08,
                  "p95": 28.272,
                  "samples": 5,
                  "stdev": 0.5882040462
                },
                "status": "ok"
              },
              "host_wall": {
                "clock": "steady_clock",
                "per_iteration_us": {
                  "max": 22.0512,
                  "median": 4.4471,
                  "min": 4.378,
                  "n": 5,
                  "p05": 4.3866,
                  "p95": 18.53258,
                  "samples": 5,
                  "stdev": 7.050113965
                },
                "sequence_us": {
                  "max": 220.512,
                  "median": 44.471,
                  "min": 43.78,
                  "n": 5,
                  "p05": 43.866,
                  "p95": 185.3258,
                  "samples": 5,
                  "stdev": 70.50113965
                },
                "status": "ok"
              },
              "logical_iterations": 10
            },
            "single": {
              "dispatches_per_iteration": 1,
              "gpu_elapsed": {
                "clock": "hip_event",
                "per_iteration_us": {
                  "max": 28.56,
                  "median": 26.92,
                  "min": 26.8,
                  "n": 5,
                  "p05": 26.8,
                  "p95": 28.24,
                  "samples": 5,
                  "stdev": 0.6790110456
                },
                "sequence_us": {
                  "max": 28.56,
                  "median": 26.92,
                  "min": 26.8,
                  "n": 5,
                  "p05": 26.8,
                  "p95": 28.24,
                  "samples": 5,
                  "stdev": 0.6790110456
                },
                "status": "ok"
              },
              "host_wall": {
                "clock": "steady_clock",
                "per_iteration_us": {
                  "max": 257.492,
                  "median": 46.391,
                  "min": 45.701,
                  "n": 5,
                  "p05": 45.7948,
                  "p95": 215.3496,
                  "samples": 5,
                  "stdev": 84.49331975
                },
                "sequence_us": {
                  "max": 257.492,
                  "median": 46.391,
                  "min": 45.701,
                  "n": 5,
                  "p05": 45.7948,
                  "p95": 215.3496,
                  "samples": 5,
                  "stdev": 84.49331975
                },
                "status": "ok"
              },
              "logical_iterations": 1
            }
          },
          "timing_mode": "independent_throughput",
          "workgroup_size": 64
        },
        {
          "body_repeats": 32,
          "bytes_per_us": 1669.792091,
          "correctness": {
            "single_dispatch": {
              "oracle": "deterministic CPU f32 reference with sequence tag",
              "status": "pass"
            },
            "synchronization": {
              "barrier_count": 0,
              "method": "disjoint_outputs",
              "status": "pass"
            },
            "timed_sequence": {
              "coverage": "all_dispatches",
              "logical_iterations": 10,
              "oracle": "deterministic CPU f32 reference with sequence tag",
              "status": "pass"
            }
          },
          "correctness_pass": true,
          "dependency_contract": {
            "inter_dispatch_ordering": "none",
            "output_partitioning": "disjoint",
            "validation_status": "pass",
            "work_dependency": "independent"
          },
          "gflops": 13.35833673,
          "k": 2048,
          "max_abs": 0,
          "max_rel": 0,
          "max_us": 10.112,
          "median_us": 9.812,
          "min_us": 9.804,
          "p05_us": 9.8056,
          "p95_us": 10.0584,
          "rows": 1,
          "submission": {
            "completion_in_host_wall": true,
            "queue_or_stream_count": 4,
            "recording_in_timed_region": false,
            "strategy": "multi_stream",
            "submit_in_host_wall": true
          },
          "timing": {
            "burst": {
              "dispatches_per_iteration": 1,
              "gpu_elapsed": {
                "clock": "hip_event",
                "per_iteration_us": {
                  "max": 10.112,
                  "median": 9.812,
                  "min": 9.804,
                  "n": 5,
                  "p05": 9.8056,
                  "p95": 10.0584,
                  "samples": 5,
                  "stdev": 0.1184
                },
                "sequence_us": {
                  "max": 101.12,
                  "median": 98.12,
                  "min": 98.04,
                  "n": 5,
                  "p05": 98.056,
                  "p95": 100.584,
                  "samples": 5,
                  "stdev": 1.184
                },
                "status": "ok"
              },
              "host_wall": {
                "clock": "steady_clock",
                "per_iteration_us": {
                  "max": 29.4373,
                  "median": 11.5921,
                  "min": 11.5771,
                  "n": 5,
                  "p05": 11.5771,
                  "p95": 26.01526,
                  "samples": 5,
                  "stdev": 7.073469503
                },
                "sequence_us": {
                  "max": 294.373,
                  "median": 115.921,
                  "min": 115.771,
                  "n": 5,
                  "p05": 115.771,
                  "p95": 260.1526,
                  "samples": 5,
                  "stdev": 70.73469503
                },
                "status": "ok"
              },
              "logical_iterations": 10
            },
            "single": {
              "dispatches_per_iteration": 1,
              "gpu_elapsed": {
                "clock": "hip_event",
                "per_iteration_us": {
                  "max": 102.36,
                  "median": 97.96,
                  "min": 97.6,
                  "n": 5,
                  "p05": 97.608,
                  "p95": 101.488,
                  "samples": 5,
                  "stdev": 1.831178855
                },
                "sequence_us": {
                  "max": 102.36,
                  "median": 97.96,
                  "min": 97.6,
                  "n": 5,
                  "p05": 97.608,
                  "p95": 101.488,
                  "samples": 5,
                  "stdev": 1.831178855
                },
                "status": "ok"
              },
              "host_wall": {
                "clock": "steady_clock",
                "per_iteration_us": {
                  "max": 290.552,
                  "median": 116.381,
                  "min": 116.212,
                  "n": 5,
                  "p05": 116.2258,
                  "p95": 255.7278,
                  "samples": 5,
                  "stdev": 69.69034171
                },
                "sequence_us": {
                  "max": 290.552,
                  "median": 116.381,
                  "min": 116.212,
                  "n": 5,
                  "p05": 116.2258,
                  "p95": 255.7278,
                  "samples": 5,
                  "stdev": 69.69034171
                },
                "status": "ok"
              },
              "logical_iterations": 1
            }
          },
          "timing_mode": "independent_throughput",
          "workgroup_size": 64
        }
      ],
      "run_tag": "hip-geometry-sweep",
      "status": "diagnostic"
    },
    "hip:lds_tree:wg256": {
      "backend": "hip",
      "config": {
        "body_repeats": 32,
        "hip_fixed_workgroup_size": 256,
        "hip_reduction_variant": 0,
        "independent_streams": 4,
        "k_list": [
          512,
          2048
        ],
        "method": "one workgroup per row; repeat-shifted strided f32 FMA inner loop; shared-memory tree reduction",
        "reps": 10,
        "rows_list": [
          1
        ],
        "samples": 5,
        "timing_mode": "independent_throughput",
        "warmup": 3,
        "workgroups": [
          256
        ]
      },
      "hardware": {
        "device_name": "AMD Radeon Graphics",
        "gcn_arch_name": "gfx1201",
        "multi_processor_count": 32
      },
      "rows": [
        {
          "body_repeats": 32,
          "bytes_per_us": 4213.99177,
          "correctness": {
            "single_dispatch": {
              "oracle": "deterministic CPU f32 reference with sequence tag",
              "status": "pass"
            },
            "synchronization": {
              "barrier_count": 0,
              "method": "disjoint_outputs",
              "status": "pass"
            },
            "timed_sequence": {
              "coverage": "all_dispatches",
              "logical_iterations": 10,
              "oracle": "deterministic CPU f32 reference with sequence tag",
              "status": "pass"
            }
          },
          "correctness_pass": true,
          "dependency_contract": {
            "inter_dispatch_ordering": "none",
            "output_partitioning": "disjoint",
            "validation_status": "pass",
            "work_dependency": "independent"
          },
          "gflops": 33.71193416,
          "k": 512,
          "max_abs": 0,
          "max_rel": 0,
          "max_us": 1.036,
          "median_us": 0.972,
          "min_us": 0.964,
          "p05_us": 0.9656,
          "p95_us": 1.024,
          "rows": 1,
          "submission": {
            "completion_in_host_wall": true,
            "queue_or_stream_count": 4,
            "recording_in_timed_region": false,
            "strategy": "multi_stream",
            "submit_in_host_wall": true
          },
          "timing": {
            "burst": {
              "dispatches_per_iteration": 1,
              "gpu_elapsed": {
                "clock": "hip_event",
                "per_iteration_us": {
                  "max": 1.036,
                  "median": 0.972,
                  "min": 0.964,
                  "n": 5,
                  "p05": 0.9656,
                  "p95": 1.024,
                  "samples": 5,
                  "stdev": 0.02629068276
                },
                "sequence_us": {
                  "max": 10.36,
                  "median": 9.72,
                  "min": 9.64,
                  "n": 5,
                  "p05": 9.656,
                  "p95": 10.24,
                  "samples": 5,
                  "stdev": 0.2629068276
                },
                "status": "ok"
              },
              "host_wall": {
                "clock": "steady_clock",
                "per_iteration_us": {
                  "max": 20.9022,
                  "median": 2.747,
                  "min": 2.676,
                  "n": 5,
                  "p05": 2.6892,
                  "p95": 17.27118,
                  "samples": 5,
                  "stdev": 7.269719876
                },
                "sequence_us": {
                  "max": 209.022,
                  "median": 27.47,
                  "min": 26.76,
                  "n": 5,
                  "p05": 26.892,
                  "p95": 172.7118,
                  "samples": 5,
                  "stdev": 72.69719876
                },
                "status": "ok"
              },
              "logical_iterations": 10
            },
            "single": {
              "dispatches_per_iteration": 1,
              "gpu_elapsed": {
                "clock": "hip_event",
                "per_iteration_us": {
                  "max": 10.32,
                  "median": 9.32,
                  "min": 9.2,
                  "n": 5,
                  "p05": 9.216,
                  "p95": 10.136,
                  "samples": 5,
                  "stdev": 0.4130665806
                },
                "sequence_us": {
                  "max": 10.32,
                  "median": 9.32,
                  "min": 9.2,
                  "n": 5,
                  "p05": 9.216,
                  "p95": 10.136,
                  "samples": 5,
                  "stdev": 0.4130665806
                },
                "status": "ok"
              },
              "host_wall": {
                "clock": "steady_clock",
                "per_iteration_us": {
                  "max": 238.352,
                  "median": 28.871,
                  "min": 28.56,
                  "n": 5,
                  "p05": 28.574,
                  "p95": 196.4836,
                  "samples": 5,
                  "stdev": 83.83385684
                },
                "sequence_us": {
                  "max": 238.352,
                  "median": 28.871,
                  "min": 28.56,
                  "n": 5,
                  "p05": 28.574,
                  "p95": 196.4836,
                  "samples": 5,
                  "stdev": 83.83385684
                },
                "status": "ok"
              },
              "logical_iterations": 1
            }
          },
          "timing_mode": "independent_throughput",
          "workgroup_size": 256
        },
        {
          "body_repeats": 32,
          "bytes_per_us": 5876.61406,
          "correctness": {
            "single_dispatch": {
              "oracle": "deterministic CPU f32 reference with sequence tag",
              "status": "pass"
            },
            "synchronization": {
              "barrier_count": 0,
              "method": "disjoint_outputs",
              "status": "pass"
            },
            "timed_sequence": {
              "coverage": "all_dispatches",
              "logical_iterations": 10,
              "oracle": "deterministic CPU f32 reference with sequence tag",
              "status": "pass"
            }
          },
          "correctness_pass": true,
          "dependency_contract": {
            "inter_dispatch_ordering": "none",
            "output_partitioning": "disjoint",
            "validation_status": "pass",
            "work_dependency": "independent"
          },
          "gflops": 47.01291248,
          "k": 2048,
          "max_abs": 0,
          "max_rel": 0,
          "max_us": 2.912,
          "median_us": 2.788,
          "min_us": 2.788,
          "p05_us": 2.788,
          "p95_us": 2.892,
          "rows": 1,
          "submission": {
            "completion_in_host_wall": true,
            "queue_or_stream_count": 4,
            "recording_in_timed_region": false,
            "strategy": "multi_stream",
            "submit_in_host_wall": true
          },
          "timing": {
            "burst": {
              "dispatches_per_iteration": 1,
              "gpu_elapsed": {
                "clock": "hip_event",
                "per_iteration_us": {
                  "max": 2.912,
                  "median": 2.788,
                  "min": 2.788,
                  "n": 5,
                  "p05": 2.788,
                  "p95": 2.892,
                  "samples": 5,
                  "stdev": 0.04810654841
                },
                "sequence_us": {
                  "max": 29.12,
                  "median": 27.88,
                  "min": 27.88,
                  "n": 5,
                  "p05": 27.88,
                  "p95": 28.92,
                  "samples": 5,
                  "stdev": 0.4810654841
                },
                "status": "ok"
              },
              "host_wall": {
                "clock": "steady_clock",
                "per_iteration_us": {
                  "max": 22.5932,
                  "median": 4.5681,
                  "min": 4.54,
                  "n": 5,
                  "p05": 4.54222,
                  "p95": 18.98976,
                  "samples": 5,
                  "stdev": 7.213771021
                },
                "sequence_us": {
                  "max": 225.932,
                  "median": 45.681,
                  "min": 45.4,
                  "n": 5,
                  "p05": 45.4222,
                  "p95": 189.8976,
                  "samples": 5,
                  "stdev": 72.13771021
                },
                "status": "ok"
              },
              "logical_iterations": 10
            },
            "single": {
              "dispatches_per_iteration": 1,
              "gpu_elapsed": {
                "clock": "hip_event",
                "per_iteration_us": {
                  "max": 28.84,
                  "median": 27.56,
                  "min": 27.52,
                  "n": 5,
                  "p05": 27.528,
                  "p95": 28.608,
                  "samples": 5,
                  "stdev": 0.50684909
                },
                "sequence_us": {
                  "max": 28.84,
                  "median": 27.56,
                  "min": 27.52,
                  "n": 5,
                  "p05": 27.528,
                  "p95": 28.608,
                  "samples": 5,
                  "stdev": 0.50684909
                },
                "status": "ok"
              },
              "host_wall": {
                "clock": "steady_clock",
                "per_iteration_us": {
                  "max": 211.552,
                  "median": 45.8,
                  "min": 45.3,
                  "n": 5,
                  "p05": 45.3042,
                  "p95": 178.4778,
                  "samples": 5,
                  "stdev": 66.3614065
                },
                "sequence_us": {
                  "max": 211.552,
                  "median": 45.8,
                  "min": 45.3,
                  "n": 5,
                  "p05": 45.3042,
                  "p95": 178.4778,
                  "samples": 5,
                  "stdev": 66.3614065
                },
                "status": "ok"
              },
              "logical_iterations": 1
            }
          },
          "timing_mode": "independent_throughput",
          "workgroup_size": 256
        }
      ],
      "run_tag": "hip-geometry-sweep",
      "status": "diagnostic"
    },
    "hip:lds_tree:wg64": {
      "backend": "hip",
      "config": {
        "body_repeats": 32,
        "hip_fixed_workgroup_size": 64,
        "hip_reduction_variant": 0,
        "independent_streams": 4,
        "k_list": [
          512,
          2048
        ],
        "method": "one workgroup per row; repeat-shifted strided f32 FMA inner loop; shared-memory tree reduction",
        "reps": 10,
        "rows_list": [
          1
        ],
        "samples": 5,
        "timing_mode": "independent_throughput",
        "warmup": 3,
        "workgroups": [
          64
        ]
      },
      "hardware": {
        "device_name": "AMD Radeon Graphics",
        "gcn_arch_name": "gfx1201",
        "multi_processor_count": 32
      },
      "rows": [
        {
          "body_repeats": 32,
          "bytes_per_us": 1517.037037,
          "correctness": {
            "single_dispatch": {
              "oracle": "deterministic CPU f32 reference with sequence tag",
              "status": "pass"
            },
            "synchronization": {
              "barrier_count": 0,
              "method": "disjoint_outputs",
              "status": "pass"
            },
            "timed_sequence": {
              "coverage": "all_dispatches",
              "logical_iterations": 10,
              "oracle": "deterministic CPU f32 reference with sequence tag",
              "status": "pass"
            }
          },
          "correctness_pass": true,
          "dependency_contract": {
            "inter_dispatch_ordering": "none",
            "output_partitioning": "disjoint",
            "validation_status": "pass",
            "work_dependency": "independent"
          },
          "gflops": 12.1362963,
          "k": 512,
          "max_abs": 0,
          "max_rel": 0,
          "max_us": 2.856,
          "median_us": 2.7,
          "min_us": 2.68,
          "p05_us": 2.6816,
          "p95_us": 2.8264,
          "rows": 1,
          "submission": {
            "completion_in_host_wall": true,
            "queue_or_stream_count": 4,
            "recording_in_timed_region": false,
            "strategy": "multi_stream",
            "submit_in_host_wall": true
          },
          "timing": {
            "burst": {
              "dispatches_per_iteration": 1,
              "gpu_elapsed": {
                "clock": "hip_event",
                "per_iteration_us": {
                  "max": 2.856,
                  "median": 2.7,
                  "min": 2.68,
                  "n": 5,
                  "p05": 2.6816,
                  "p95": 2.8264,
                  "samples": 5,
                  "stdev": 0.06551213628
                },
                "sequence_us": {
                  "max": 28.56,
                  "median": 27,
                  "min": 26.8,
                  "n": 5,
                  "p05": 26.816,
                  "p95": 28.264,
                  "samples": 5,
                  "stdev": 0.6551213628
                },
                "status": "ok"
              },
              "host_wall": {
                "clock": "steady_clock",
                "per_iteration_us": {
                  "max": 25.1802,
                  "median": 4.5301,
                  "min": 4.491,
                  "n": 5,
                  "p05": 4.4934,
                  "p95": 21.06498,
                  "samples": 5,
                  "stdev": 8.259353519
                },
                "sequence_us": {
                  "max": 251.802,
                  "median": 45.301,
                  "min": 44.91,
                  "n": 5,
                  "p05": 44.934,
                  "p95": 210.6498,
                  "samples": 5,
                  "stdev": 82.59353519
                },
                "status": "ok"
              },
              "logical_iterations": 10
            },
            "single": {
              "dispatches_per_iteration": 1,
              "gpu_elapsed": {
                "clock": "hip_event",
                "per_iteration_us": {
                  "max": 28,
                  "median": 26.64,
                  "min": 26.56,
                  "n": 5,
                  "p05": 26.56,
                  "p95": 27.736,
                  "samples": 5,
                  "stdev": 0.5579390648
                },
                "sequence_us": {
                  "max": 28,
                  "median": 26.64,
                  "min": 26.56,
                  "n": 5,
                  "p05": 26.56,
                  "p95": 27.736,
                  "samples": 5,
                  "stdev": 0.5579390648
                },
                "status": "ok"
              },
              "host_wall": {
                "clock": "steady_clock",
                "per_iteration_us": {
                  "max": 248.543,
                  "median": 46.36,
                  "min": 45.9,
                  "n": 5,
                  "p05": 45.9362,
                  "p95": 208.1666,
                  "samples": 5,
                  "stdev": 80.9174104
                },
                "sequence_us": {
                  "max": 248.543,
                  "median": 46.36,
                  "min": 45.9,
                  "n": 5,
                  "p05": 45.9362,
                  "p95": 208.1666,
                  "samples": 5,
                  "stdev": 80.9174104
                },
                "status": "ok"
              },
              "logical_iterations": 1
            }
          },
          "timing_mode": "independent_throughput",
          "workgroup_size": 64
        },
        {
          "body_repeats": 32,
          "bytes_per_us": 1675.94108,
          "correctness": {
            "single_dispatch": {
              "oracle": "deterministic CPU f32 reference with sequence tag",
              "status": "pass"
            },
            "synchronization": {
              "barrier_count": 0,
              "method": "disjoint_outputs",
              "status": "pass"
            },
            "timed_sequence": {
              "coverage": "all_dispatches",
              "logical_iterations": 10,
              "oracle": "deterministic CPU f32 reference with sequence tag",
              "status": "pass"
            }
          },
          "correctness_pass": true,
          "dependency_contract": {
            "inter_dispatch_ordering": "none",
            "output_partitioning": "disjoint",
            "validation_status": "pass",
            "work_dependency": "independent"
          },
          "gflops": 13.40752864,
          "k": 2048,
          "max_abs": 0,
          "max_rel": 0,
          "max_us": 10.144,
          "median_us": 9.776,
          "min_us": 9.76,
          "p05_us": 9.7608,
          "p95_us": 10.0736,
          "rows": 1,
          "submission": {
            "completion_in_host_wall": true,
            "queue_or_stream_count": 4,
            "recording_in_timed_region": false,
            "strategy": "multi_stream",
            "submit_in_host_wall": true
          },
          "timing": {
            "burst": {
              "dispatches_per_iteration": 1,
              "gpu_elapsed": {
                "clock": "hip_event",
                "per_iteration_us": {
                  "max": 10.144,
                  "median": 9.776,
                  "min": 9.76,
                  "n": 5,
                  "p05": 9.7608,
                  "p95": 10.0736,
                  "samples": 5,
                  "stdev": 0.1488172033
                },
                "sequence_us": {
                  "max": 101.44,
                  "median": 97.76,
                  "min": 97.6,
                  "n": 5,
                  "p05": 97.608,
                  "p95": 100.736,
                  "samples": 5,
                  "stdev": 1.488172033
                },
                "status": "ok"
              },
              "host_wall": {
                "clock": "steady_clock",
                "per_iteration_us": {
                  "max": 30.8603,
                  "median": 11.5211,
                  "min": 11.4892,
                  "n": 5,
                  "p05": 11.49498,
                  "p95": 26.99446,
                  "samples": 5,
                  "stdev": 7.738182556
                },
                "sequence_us": {
                  "max": 308.603,
                  "median": 115.211,
                  "min": 114.892,
                  "n": 5,
                  "p05": 114.9498,
                  "p95": 269.9446,
                  "samples": 5,
                  "stdev": 77.38182556
                },
                "status": "ok"
              },
              "logical_iterations": 10
            },
            "single": {
              "dispatches_per_iteration": 1,
              "gpu_elapsed": {
                "clock": "hip_event",
                "per_iteration_us": {
                  "max": 102.08,
                  "median": 97.44,
                  "min": 97.08,
                  "n": 5,
                  "p05": 97.088,
                  "p95": 101.168,
                  "samples": 5,
                  "stdev": 1.923729711
                },
                "sequence_us": {
                  "max": 102.08,
                  "median": 97.44,
                  "min": 97.08,
                  "n": 5,
                  "p05": 97.088,
                  "p95": 101.168,
                  "samples": 5,
                  "stdev": 1.923729711
                },
                "status": "ok"
              },
              "host_wall": {
                "clock": "steady_clock",
                "per_iteration_us": {
                  "max": 289.883,
                  "median": 116.221,
                  "min": 114.751,
                  "n": 5,
                  "p05": 114.907,
                  "p95": 255.1566,
                  "samples": 5,
                  "stdev": 69.67995801
                },
                "sequence_us": {
                  "max": 289.883,
                  "median": 116.221,
                  "min": 114.751,
                  "n": 5,
                  "p05": 114.907,
                  "p95": 255.1566,
                  "samples": 5,
                  "stdev": 69.67995801
                },
                "status": "ok"
              },
              "logical_iterations": 1
            }
          },
          "timing_mode": "independent_throughput",
          "workgroup_size": 64
        }
      ],
      "run_tag": "hip-geometry-sweep",
      "status": "diagnostic"
    },
    "hip:multi_accum16:wg256": {
      "backend": "hip",
      "config": {
        "body_repeats": 32,
        "hip_fixed_workgroup_size": 256,
        "hip_reduction_variant": 5,
        "independent_streams": 4,
        "k_list": [
          512,
          2048
        ],
        "method": "one workgroup per row; repeat-shifted strided f32 FMA inner loop; shared-memory tree reduction",
        "reps": 10,
        "rows_list": [
          1
        ],
        "samples": 5,
        "timing_mode": "independent_throughput",
        "warmup": 3,
        "workgroups": [
          256
        ]
      },
      "hardware": {
        "device_name": "AMD Radeon Graphics",
        "gcn_arch_name": "gfx1201",
        "multi_processor_count": 32
      },
      "rows": [
        {
          "body_repeats": 32,
          "bytes_per_us": 2295.964126,
          "correctness": {
            "single_dispatch": {
              "oracle": "deterministic CPU f32 reference with sequence tag",
              "status": "pass"
            },
            "synchronization": {
              "barrier_count": 0,
              "method": "disjoint_outputs",
              "status": "pass"
            },
            "timed_sequence": {
              "coverage": "all_dispatches",
              "logical_iterations": 10,
              "oracle": "deterministic CPU f32 reference with sequence tag",
              "status": "pass"
            }
          },
          "correctness_pass": true,
          "dependency_contract": {
            "inter_dispatch_ordering": "none",
            "output_partitioning": "disjoint",
            "validation_status": "pass",
            "work_dependency": "independent"
          },
          "gflops": 18.367713,
          "k": 512,
          "max_abs": 0,
          "max_rel": 0,
          "max_us": 1.924,
          "median_us": 1.784,
          "min_us": 1.744,
          "p05_us": 1.7464,
          "p95_us": 1.9024,
          "rows": 1,
          "submission": {
            "completion_in_host_wall": true,
            "queue_or_stream_count": 4,
            "recording_in_timed_region": false,
            "strategy": "multi_stream",
            "submit_in_host_wall": true
          },
          "timing": {
            "burst": {
              "dispatches_per_iteration": 1,
              "gpu_elapsed": {
                "clock": "hip_event",
                "per_iteration_us": {
                  "max": 1.924,
                  "median": 1.784,
                  "min": 1.744,
                  "n": 5,
                  "p05": 1.7464,
                  "p95": 1.9024,
                  "samples": 5,
                  "stdev": 0.06456748408
                },
                "sequence_us": {
                  "max": 19.24,
                  "median": 17.84,
                  "min": 17.44,
                  "n": 5,
                  "p05": 17.464,
                  "p95": 19.024,
                  "samples": 5,
                  "stdev": 0.6456748408
                },
                "status": "ok"
              },
              "host_wall": {
                "clock": "steady_clock",
                "per_iteration_us": {
                  "max": 21.3752,
                  "median": 3.532,
                  "min": 3.469,
                  "n": 5,
                  "p05": 3.47802,
                  "p95": 17.81218,
                  "samples": 5,
                  "stdev": 7.142621351
                },
                "sequence_us": {
                  "max": 213.752,
                  "median": 35.32,
                  "min": 34.69,
                  "n": 5,
                  "p05": 34.7802,
                  "p95": 178.1218,
                  "samples": 5,
                  "stdev": 71.42621351
                },
                "status": "ok"
              },
              "logical_iterations": 10
            },
            "single": {
              "dispatches_per_iteration": 1,
              "gpu_elapsed": {
                "clock": "hip_event",
                "per_iteration_us": {
                  "max": 18.72,
                  "median": 18.04,
                  "min": 18.04,
                  "n": 5,
                  "p05": 18.04,
                  "p95": 18.624,
                  "samples": 5,
                  "stdev": 0.2636361129
                },
                "sequence_us": {
                  "max": 18.72,
                  "median": 18.04,
                  "min": 18.04,
                  "n": 5,
                  "p05": 18.04,
                  "p95": 18.624,
                  "samples": 5,
                  "stdev": 0.2636361129
                },
                "status": "ok"
              },
              "host_wall": {
                "clock": "steady_clock",
                "per_iteration_us": {
                  "max": 273.393,
                  "median": 38.181,
                  "min": 37.8,
                  "n": 5,
                  "p05": 37.804,
                  "p95": 226.3566,
                  "samples": 5,
                  "stdev": 94.15615893
                },
                "sequence_us": {
                  "max": 273.393,
                  "median": 38.181,
                  "min": 37.8,
                  "n": 5,
                  "p05": 37.804,
                  "p95": 226.3566,
                  "samples": 5,
                  "stdev": 94.15615893
                },
                "status": "ok"
              },
              "logical_iterations": 1
            }
          },
          "timing_mode": "independent_throughput",
          "workgroup_size": 256
        },
        {
          "body_repeats": 32,
          "bytes_per_us": 4929.001203,
          "correctness": {
            "single_dispatch": {
              "oracle": "deterministic CPU f32 reference with sequence tag",
              "status": "pass"
            },
            "synchronization": {
              "barrier_count": 0,
              "method": "disjoint_outputs",
              "status": "pass"
            },
            "timed_sequence": {
              "coverage": "all_dispatches",
              "logical_iterations": 10,
              "oracle": "deterministic CPU f32 reference with sequence tag",
              "status": "pass"
            }
          },
          "correctness_pass": true,
          "dependency_contract": {
            "inter_dispatch_ordering": "none",
            "output_partitioning": "disjoint",
            "validation_status": "pass",
            "work_dependency": "independent"
          },
          "gflops": 39.43200963,
          "k": 2048,
          "max_abs": 0,
          "max_rel": 0,
          "max_us": 3.472,
          "median_us": 3.324,
          "min_us": 3.28,
          "p05_us": 3.288,
          "p95_us": 3.4464,
          "rows": 1,
          "submission": {
            "completion_in_host_wall": true,
            "queue_or_stream_count": 4,
            "recording_in_timed_region": false,
            "strategy": "multi_stream",
            "submit_in_host_wall": true
          },
          "timing": {
            "burst": {
              "dispatches_per_iteration": 1,
              "gpu_elapsed": {
                "clock": "hip_event",
                "per_iteration_us": {
                  "max": 3.472,
                  "median": 3.324,
                  "min": 3.28,
                  "n": 5,
                  "p05": 3.288,
                  "p95": 3.4464,
                  "samples": 5,
                  "stdev": 0.06538501357
                },
                "sequence_us": {
                  "max": 34.72,
                  "median": 33.24,
                  "min": 32.8,
                  "n": 5,
                  "p05": 32.88,
                  "p95": 34.464,
                  "samples": 5,
                  "stdev": 0.6538501357
                },
                "status": "ok"
              },
              "host_wall": {
                "clock": "steady_clock",
                "per_iteration_us": {
                  "max": 22.9083,
                  "median": 5.083,
                  "min": 5.0241,
                  "n": 5,
                  "p05": 5.0355,
                  "p95": 19.35044,
                  "samples": 5,
                  "stdev": 7.132664703
                },
                "sequence_us": {
                  "max": 229.083,
                  "median": 50.83,
                  "min": 50.241,
                  "n": 5,
                  "p05": 50.355,
                  "p95": 193.5044,
                  "samples": 5,
                  "stdev": 71.32664703
                },
                "status": "ok"
              },
              "logical_iterations": 10
            },
            "single": {
              "dispatches_per_iteration": 1,
              "gpu_elapsed": {
                "clock": "hip_event",
                "per_iteration_us": {
                  "max": 35.16,
                  "median": 33.12,
                  "min": 32.72,
                  "n": 5,
                  "p05": 32.736,
                  "p95": 34.768,
                  "samples": 5,
                  "stdev": 0.8987101869
                },
                "sequence_us": {
                  "max": 35.16,
                  "median": 33.12,
                  "min": 32.72,
                  "n": 5,
                  "p05": 32.736,
                  "p95": 34.768,
                  "samples": 5,
                  "stdev": 0.8987101869
                },
                "status": "ok"
              },
              "host_wall": {
                "clock": "steady_clock",
                "per_iteration_us": {
                  "max": 219.802,
                  "median": 51.441,
                  "min": 50.78,
                  "n": 5,
                  "p05": 50.8802,
                  "p95": 186.2516,
                  "samples": 5,
                  "stdev": 67.36682044
                },
                "sequence_us": {
                  "max": 219.802,
                  "median": 51.441,
                  "min": 50.78,
                  "n": 5,
                  "p05": 50.8802,
                  "p95": 186.2516,
                  "samples": 5,
                  "stdev": 67.36682044
                },
                "status": "ok"
              },
              "logical_iterations": 1
            }
          },
          "timing_mode": "independent_throughput",
          "workgroup_size": 256
        }
      ],
      "run_tag": "hip-geometry-sweep",
      "status": "diagnostic"
    },
    "hip:multi_accum16:wg64": {
      "backend": "hip",
      "config": {
        "body_repeats": 32,
        "hip_fixed_workgroup_size": 64,
        "hip_reduction_variant": 5,
        "independent_streams": 4,
        "k_list": [
          512,
          2048
        ],
        "method": "one workgroup per row; repeat-shifted strided f32 FMA inner loop; shared-memory tree reduction",
        "reps": 10,
        "rows_list": [
          1
        ],
        "samples": 5,
        "timing_mode": "independent_throughput",
        "warmup": 3,
        "workgroups": [
          64
        ]
      },
      "hardware": {
        "device_name": "AMD Radeon Graphics",
        "gcn_arch_name": "gfx1201",
        "multi_processor_count": 32
      },
      "rows": [
        {
          "body_repeats": 32,
          "bytes_per_us": 1276.80798,
          "correctness": {
            "single_dispatch": {
              "oracle": "deterministic CPU f32 reference with sequence tag",
              "status": "pass"
            },
            "synchronization": {
              "barrier_count": 0,
              "method": "disjoint_outputs",
              "status": "pass"
            },
            "timed_sequence": {
              "coverage": "all_dispatches",
              "logical_iterations": 10,
              "oracle": "deterministic CPU f32 reference with sequence tag",
              "status": "pass"
            }
          },
          "correctness_pass": true,
          "dependency_contract": {
            "inter_dispatch_ordering": "none",
            "output_partitioning": "disjoint",
            "validation_status": "pass",
            "work_dependency": "independent"
          },
          "gflops": 10.21446384,
          "k": 512,
          "max_abs": 0,
          "max_rel": 0,
          "max_us": 3.412,
          "median_us": 3.208,
          "min_us": 3.188,
          "p05_us": 3.1888,
          "p95_us": 3.376,
          "rows": 1,
          "submission": {
            "completion_in_host_wall": true,
            "queue_or_stream_count": 4,
            "recording_in_timed_region": false,
            "strategy": "multi_stream",
            "submit_in_host_wall": true
          },
          "timing": {
            "burst": {
              "dispatches_per_iteration": 1,
              "gpu_elapsed": {
                "clock": "hip_event",
                "per_iteration_us": {
                  "max": 3.412,
                  "median": 3.208,
                  "min": 3.188,
                  "n": 5,
                  "p05": 3.1888,
                  "p95": 3.376,
                  "samples": 5,
                  "stdev": 0.0842320604
                },
                "sequence_us": {
                  "max": 34.12,
                  "median": 32.08,
                  "min": 31.88,
                  "n": 5,
                  "p05": 31.888,
                  "p95": 33.76,
                  "samples": 5,
                  "stdev": 0.842320604
                },
                "status": "ok"
              },
              "host_wall": {
                "clock": "steady_clock",
                "per_iteration_us": {
                  "max": 23.1032,
                  "median": 4.9131,
                  "min": 4.854,
                  "n": 5,
                  "p05": 4.857,
                  "p95": 19.48158,
                  "samples": 5,
                  "stdev": 7.278325552
                },
                "sequence_us": {
                  "max": 231.032,
                  "median": 49.131,
                  "min": 48.54,
                  "n": 5,
                  "p05": 48.57,
                  "p95": 194.8158,
                  "samples": 5,
                  "stdev": 72.78325552
                },
                "status": "ok"
              },
              "logical_iterations": 10
            },
            "single": {
              "dispatches_per_iteration": 1,
              "gpu_elapsed": {
                "clock": "hip_event",
                "per_iteration_us": {
                  "max": 36.28,
                  "median": 32.12,
                  "min": 32.04,
                  "n": 5,
                  "p05": 32.048,
                  "p95": 35.488,
                  "samples": 5,
                  "stdev": 1.658799566
                },
                "sequence_us": {
                  "max": 36.28,
                  "median": 32.12,
                  "min": 32.04,
                  "n": 5,
                  "p05": 32.048,
                  "p95": 35.488,
                  "samples": 5,
                  "stdev": 1.658799566
                },
                "status": "ok"
              },
              "host_wall": {
                "clock": "steady_clock",
                "per_iteration_us": {
                  "max": 264.943,
                  "median": 52.03,
                  "min": 51.131,
                  "n": 5,
                  "p05": 51.2468,
                  "p95": 222.5906,
                  "samples": 5,
                  "stdev": 85.17462318
                },
                "sequence_us": {
                  "max": 264.943,
                  "median": 52.03,
                  "min": 51.131,
                  "n": 5,
                  "p05": 51.2468,
                  "p95": 222.5906,
                  "samples": 5,
                  "stdev": 85.17462318
                },
                "status": "ok"
              },
              "logical_iterations": 1
            }
          },
          "timing_mode": "independent_throughput",
          "workgroup_size": 64
        },
        {
          "body_repeats": 32,
          "bytes_per_us": 1624.752083,
          "correctness": {
            "single_dispatch": {
              "oracle": "deterministic CPU f32 reference with sequence tag",
              "status": "pass"
            },
            "synchronization": {
              "barrier_count": 0,
              "method": "disjoint_outputs",
              "status": "pass"
            },
            "timed_sequence": {
              "coverage": "all_dispatches",
              "logical_iterations": 10,
              "oracle": "deterministic CPU f32 reference with sequence tag",
              "status": "pass"
            }
          },
          "correctness_pass": true,
          "dependency_contract": {
            "inter_dispatch_ordering": "none",
            "output_partitioning": "disjoint",
            "validation_status": "pass",
            "work_dependency": "independent"
          },
          "gflops": 12.99801666,
          "k": 2048,
          "max_abs": 0,
          "max_rel": 0,
          "max_us": 10.412,
          "median_us": 10.084,
          "min_us": 10.072,
          "p05_us": 10.072,
          "p95_us": 10.3528,
          "rows": 1,
          "submission": {
            "completion_in_host_wall": true,
            "queue_or_stream_count": 4,
            "recording_in_timed_region": false,
            "strategy": "multi_stream",
            "submit_in_host_wall": true
          },
          "timing": {
            "burst": {
              "dispatches_per_iteration": 1,
              "gpu_elapsed": {
                "clock": "hip_event",
                "per_iteration_us": {
                  "max": 10.412,
                  "median": 10.084,
                  "min": 10.072,
                  "n": 5,
                  "p05": 10.072,
                  "p95": 10.3528,
                  "samples": 5,
                  "stdev": 0.1313901062
                },
                "sequence_us": {
                  "max": 104.12,
                  "median": 100.84,
                  "min": 100.72,
                  "n": 5,
                  "p05": 100.72,
                  "p95": 103.528,
                  "samples": 5,
                  "stdev": 1.313901062
                },
                "status": "ok"
              },
              "host_wall": {
                "clock": "steady_clock",
                "per_iteration_us": {
                  "max": 30.0143,
                  "median": 11.8441,
                  "min": 11.8151,
                  "n": 5,
                  "p05": 11.82012,
                  "p95": 26.38686,
                  "samples": 5,
                  "stdev": 7.268096764
                },
                "sequence_us": {
                  "max": 300.143,
                  "median": 118.441,
                  "min": 118.151,
                  "n": 5,
                  "p05": 118.2012,
                  "p95": 263.8686,
                  "samples": 5,
                  "stdev": 72.68096764
                },
                "status": "ok"
              },
              "logical_iterations": 10
            },
            "single": {
              "dispatches_per_iteration": 1,
              "gpu_elapsed": {
                "clock": "hip_event",
                "per_iteration_us": {
                  "max": 105.72,
                  "median": 100.6,
                  "min": 100.24,
                  "n": 5,
                  "p05": 100.296,
                  "p95": 104.712,
                  "samples": 5,
                  "stdev": 2.089271643
                },
                "sequence_us": {
                  "max": 105.72,
                  "median": 100.6,
                  "min": 100.24,
                  "n": 5,
                  "p05": 100.296,
                  "p95": 104.712,
                  "samples": 5,
                  "stdev": 2.089271643
                },
                "status": "ok"
              },
              "host_wall": {
                "clock": "steady_clock",
                "per_iteration_us": {
                  "max": 289.923,
                  "median": 118.941,
                  "min": 118.471,
                  "n": 5,
                  "p05": 118.5092,
                  "p95": 255.7866,
                  "samples": 5,
                  "stdev": 68.43819438
                },
                "sequence_us": {
                  "max": 289.923,
                  "median": 118.941,
                  "min": 118.471,
                  "n": 5,
                  "p05": 118.5092,
                  "p95": 255.7866,
                  "samples": 5,
                  "stdev": 68.43819438
                },
                "status": "ok"
              },
              "logical_iterations": 1
            }
          },
          "timing_mode": "independent_throughput",
          "workgroup_size": 64
        }
      ],
      "run_tag": "hip-geometry-sweep",
      "status": "diagnostic"
    },
    "hip:multi_accum4:wg256": {
      "backend": "hip",
      "config": {
        "body_repeats": 32,
        "hip_fixed_workgroup_size": 256,
        "hip_reduction_variant": 3,
        "independent_streams": 4,
        "k_list": [
          512,
          2048
        ],
        "method": "one workgroup per row; repeat-shifted strided f32 FMA inner loop; shared-memory tree reduction",
        "reps": 10,
        "rows_list": [
          1
        ],
        "samples": 5,
        "timing_mode": "independent_throughput",
        "warmup": 3,
        "workgroups": [
          256
        ]
      },
      "hardware": {
        "device_name": "AMD Radeon Graphics",
        "gcn_arch_name": "gfx1201",
        "multi_processor_count": 32
      },
      "rows": [
        {
          "body_repeats": 32,
          "bytes_per_us": 3631.205674,
          "correctness": {
            "single_dispatch": {
              "oracle": "deterministic CPU f32 reference with sequence tag",
              "status": "pass"
            },
            "synchronization": {
              "barrier_count": 0,
              "method": "disjoint_outputs",
              "status": "pass"
            },
            "timed_sequence": {
              "coverage": "all_dispatches",
              "logical_iterations": 10,
              "oracle": "deterministic CPU f32 reference with sequence tag",
              "status": "pass"
            }
          },
          "correctness_pass": true,
          "dependency_contract": {
            "inter_dispatch_ordering": "none",
            "output_partitioning": "disjoint",
            "validation_status": "pass",
            "work_dependency": "independent"
          },
          "gflops": 29.04964539,
          "k": 512,
          "max_abs": 0,
          "max_rel": 0,
          "max_us": 1.196,
          "median_us": 1.128,
          "min_us": 1.12,
          "p05_us": 1.1208,
          "p95_us": 1.1832,
          "rows": 1,
          "submission": {
            "completion_in_host_wall": true,
            "queue_or_stream_count": 4,
            "recording_in_timed_region": false,
            "strategy": "multi_stream",
            "submit_in_host_wall": true
          },
          "timing": {
            "burst": {
              "dispatches_per_iteration": 1,
              "gpu_elapsed": {
                "clock": "hip_event",
                "per_iteration_us": {
                  "max": 1.196,
                  "median": 1.128,
                  "min": 1.12,
                  "n": 5,
                  "p05": 1.1208,
                  "p95": 1.1832,
                  "samples": 5,
                  "stdev": 0.02828427125
                },
                "sequence_us": {
                  "max": 11.96,
                  "median": 11.28,
                  "min": 11.2,
                  "n": 5,
                  "p05": 11.208,
                  "p95": 11.832,
                  "samples": 5,
                  "stdev": 0.2828427125
                },
                "status": "ok"
              },
              "host_wall": {
                "clock": "steady_clock",
                "per_iteration_us": {
                  "max": 20.5043,
                  "median": 2.85,
                  "min": 2.8361,
                  "n": 5,
                  "p05": 2.83688,
                  "p95": 16.97844,
                  "samples": 5,
                  "stdev": 7.061622999
                },
                "sequence_us": {
                  "max": 205.043,
                  "median": 28.5,
                  "min": 28.361,
                  "n": 5,
                  "p05": 28.3688,
                  "p95": 169.7844,
                  "samples": 5,
                  "stdev": 70.61622999
                },
                "status": "ok"
              },
              "logical_iterations": 10
            },
            "single": {
              "dispatches_per_iteration": 1,
              "gpu_elapsed": {
                "clock": "hip_event",
                "per_iteration_us": {
                  "max": 11.76,
                  "median": 10.92,
                  "min": 10.76,
                  "n": 5,
                  "p05": 10.768,
                  "p95": 11.592,
                  "samples": 5,
                  "stdev": 0.3695619028
                },
                "sequence_us": {
                  "max": 11.76,
                  "median": 10.92,
                  "min": 10.76,
                  "n": 5,
                  "p05": 10.768,
                  "p95": 11.592,
                  "samples": 5,
                  "stdev": 0.3695619028
                },
                "status": "ok"
              },
              "host_wall": {
                "clock": "steady_clock",
                "per_iteration_us": {
                  "max": 221.622,
                  "median": 30.47,
                  "min": 30.04,
                  "n": 5,
                  "p05": 30.1062,
                  "p95": 183.4676,
                  "samples": 5,
                  "stdev": 76.47613615
                },
                "sequence_us": {
                  "max": 221.622,
                  "median": 30.47,
                  "min": 30.04,
                  "n": 5,
                  "p05": 30.1062,
                  "p95": 183.4676,
                  "samples": 5,
                  "stdev": 76.47613615
                },
                "status": "ok"
              },
              "logical_iterations": 1
            }
          },
          "timing_mode": "independent_throughput",
          "workgroup_size": 256
        },
        {
          "body_repeats": 32,
          "bytes_per_us": 5550.135501,
          "correctness": {
            "single_dispatch": {
              "oracle": "deterministic CPU f32 reference with sequence tag",
              "status": "pass"
            },
            "synchronization": {
              "barrier_count": 0,
              "method": "disjoint_outputs",
              "status": "pass"
            },
            "timed_sequence": {
              "coverage": "all_dispatches",
              "logical_iterations": 10,
              "oracle": "deterministic CPU f32 reference with sequence tag",
              "status": "pass"
            }
          },
          "correctness_pass": true,
          "dependency_contract": {
            "inter_dispatch_ordering": "none",
            "output_partitioning": "disjoint",
            "validation_status": "pass",
            "work_dependency": "independent"
          },
          "gflops": 44.40108401,
          "k": 2048,
          "max_abs": 0,
          "max_rel": 0,
          "max_us": 3.06,
          "median_us": 2.952,
          "min_us": 2.94,
          "p05_us": 2.94,
          "p95_us": 3.0464,
          "rows": 1,
          "submission": {
            "completion_in_host_wall": true,
            "queue_or_stream_count": 4,
            "recording_in_timed_region": false,
            "strategy": "multi_stream",
            "submit_in_host_wall": true
          },
          "timing": {
            "burst": {
              "dispatches_per_iteration": 1,
              "gpu_elapsed": {
                "clock": "hip_event",
                "per_iteration_us": {
                  "max": 3.06,
                  "median": 2.952,
                  "min": 2.94,
                  "n": 5,
                  "p05": 2.94,
                  "p95": 3.0464,
                  "samples": 5,
                  "stdev": 0.0457751024
                },
                "sequence_us": {
                  "max": 30.6,
                  "median": 29.52,
                  "min": 29.4,
                  "n": 5,
                  "p05": 29.4,
                  "p95": 30.464,
                  "samples": 5,
                  "stdev": 0.457751024
                },
                "status": "ok"
              },
              "host_wall": {
                "clock": "steady_clock",
                "per_iteration_us": {
                  "max": 22.2513,
                  "median": 4.735,
                  "min": 4.729,
                  "n": 5,
                  "p05": 4.72922,
                  "p95": 18.75124,
                  "samples": 5,
                  "stdev": 7.006014418
                },
                "sequence_us": {
                  "max": 222.513,
                  "median": 47.35,
                  "min": 47.29,
                  "n": 5,
                  "p05": 47.2922,
                  "p95": 187.5124,
                  "samples": 5,
                  "stdev": 70.06014418
                },
                "status": "ok"
              },
              "logical_iterations": 10
            },
            "single": {
              "dispatches_per_iteration": 1,
              "gpu_elapsed": {
                "clock": "hip_event",
                "per_iteration_us": {
                  "max": 30.68,
                  "median": 29.12,
                  "min": 28.96,
                  "n": 5,
                  "p05": 28.968,
                  "p95": 30.376,
                  "samples": 5,
                  "stdev": 0.6521840231
                },
                "sequence_us": {
                  "max": 30.68,
                  "median": 29.12,
                  "min": 28.96,
                  "n": 5,
                  "p05": 28.968,
                  "p95": 30.376,
                  "samples": 5,
                  "stdev": 0.6521840231
                },
                "status": "ok"
              },
              "host_wall": {
                "clock": "steady_clock",
                "per_iteration_us": {
                  "max": 215.832,
                  "median": 47.291,
                  "min": 47.24,
                  "n": 5,
                  "p05": 47.248,
                  "p95": 182.4438,
                  "samples": 5,
                  "stdev": 67.26553078
                },
                "sequence_us": {
                  "max": 215.832,
                  "median": 47.291,
                  "min": 47.24,
                  "n": 5,
                  "p05": 47.248,
                  "p95": 182.4438,
                  "samples": 5,
                  "stdev": 67.26553078
                },
                "status": "ok"
              },
              "logical_iterations": 1
            }
          },
          "timing_mode": "independent_throughput",
          "workgroup_size": 256
        }
      ],
      "run_tag": "hip-geometry-sweep",
      "status": "diagnostic"
    },
    "hip:multi_accum4:wg64": {
      "backend": "hip",
      "config": {
        "body_repeats": 32,
        "hip_fixed_workgroup_size": 64,
        "hip_reduction_variant": 3,
        "independent_streams": 4,
        "k_list": [
          512,
          2048
        ],
        "method": "one workgroup per row; repeat-shifted strided f32 FMA inner loop; shared-memory tree reduction",
        "reps": 10,
        "rows_list": [
          1
        ],
        "samples": 5,
        "timing_mode": "independent_throughput",
        "warmup": 3,
        "workgroups": [
          64
        ]
      },
      "hardware": {
        "device_name": "AMD Radeon Graphics",
        "gcn_arch_name": "gfx1201",
        "multi_processor_count": 32
      },
      "rows": [
        {
          "body_repeats": 32,
          "bytes_per_us": 1456.614509,
          "correctness": {
            "single_dispatch": {
              "oracle": "deterministic CPU f32 reference with sequence tag",
              "status": "pass"
            },
            "synchronization": {
              "barrier_count": 0,
              "method": "disjoint_outputs",
              "status": "pass"
            },
            "timed_sequence": {
              "coverage": "all_dispatches",
              "logical_iterations": 10,
              "oracle": "deterministic CPU f32 reference with sequence tag",
              "status": "pass"
            }
          },
          "correctness_pass": true,
          "dependency_contract": {
            "inter_dispatch_ordering": "none",
            "output_partitioning": "disjoint",
            "validation_status": "pass",
            "work_dependency": "independent"
          },
          "gflops": 11.65291607,
          "k": 512,
          "max_abs": 0,
          "max_rel": 0,
          "max_us": 2.924,
          "median_us": 2.812,
          "min_us": 2.8,
          "p05_us": 2.8008,
          "p95_us": 2.9016,
          "rows": 1,
          "submission": {
            "completion_in_host_wall": true,
            "queue_or_stream_count": 4,
            "recording_in_timed_region": false,
            "strategy": "multi_stream",
            "submit_in_host_wall": true
          },
          "timing": {
            "burst": {
              "dispatches_per_iteration": 1,
              "gpu_elapsed": {
                "clock": "hip_event",
                "per_iteration_us": {
                  "max": 2.924,
                  "median": 2.812,
                  "min": 2.8,
                  "n": 5,
                  "p05": 2.8008,
                  "p95": 2.9016,
                  "samples": 5,
                  "stdev": 0.04703020306
                },
                "sequence_us": {
                  "max": 29.24,
                  "median": 28.12,
                  "min": 28,
                  "n": 5,
                  "p05": 28.008,
                  "p95": 29.016,
                  "samples": 5,
                  "stdev": 0.4703020306
                },
                "status": "ok"
              },
              "host_wall": {
                "clock": "steady_clock",
                "per_iteration_us": {
                  "max": 22.2212,
                  "median": 4.538,
                  "min": 4.507,
                  "n": 5,
                  "p05": 4.50862,
                  "p95": 18.68738,
                  "samples": 5,
                  "stdev": 7.077278202
                },
                "sequence_us": {
                  "max": 222.212,
                  "median": 45.38,
                  "min": 45.07,
                  "n": 5,
                  "p05": 45.0862,
                  "p95": 186.8738,
                  "samples": 5,
                  "stdev": 70.77278202
                },
                "status": "ok"
              },
              "logical_iterations": 10
            },
            "single": {
              "dispatches_per_iteration": 1,
              "gpu_elapsed": {
                "clock": "hip_event",
                "per_iteration_us": {
                  "max": 30.64,
                  "median": 27.92,
                  "min": 27.72,
                  "n": 5,
                  "p05": 27.752,
                  "p95": 30.104,
                  "samples": 5,
                  "stdev": 1.110992349
                },
                "sequence_us": {
                  "max": 30.64,
                  "median": 27.92,
                  "min": 27.72,
                  "n": 5,
                  "p05": 27.752,
                  "p95": 30.104,
                  "samples": 5,
                  "stdev": 1.110992349
                },
                "status": "ok"
              },
              "host_wall": {
                "clock": "steady_clock",
                "per_iteration_us": {
                  "max": 262.853,
                  "median": 47.6,
                  "min": 47.3,
                  "n": 5,
                  "p05": 47.31,
                  "p95": 219.8146,
                  "samples": 5,
                  "stdev": 86.15021194
                },
                "sequence_us": {
                  "max": 262.853,
                  "median": 47.6,
                  "min": 47.3,
                  "n": 5,
                  "p05": 47.31,
                  "p95": 219.8146,
                  "samples": 5,
                  "stdev": 86.15021194
                },
                "status": "ok"
              },
              "logical_iterations": 1
            }
          },
          "timing_mode": "independent_throughput",
          "workgroup_size": 64
        },
        {
          "body_repeats": 32,
          "bytes_per_us": 1605.644845,
          "correctness": {
            "single_dispatch": {
              "oracle": "deterministic CPU f32 reference with sequence tag",
              "status": "pass"
            },
            "synchronization": {
              "barrier_count": 0,
              "method": "disjoint_outputs",
              "status": "pass"
            },
            "timed_sequence": {
              "coverage": "all_dispatches",
              "logical_iterations": 10,
              "oracle": "deterministic CPU f32 reference with sequence tag",
              "status": "pass"
            }
          },
          "correctness_pass": true,
          "dependency_contract": {
            "inter_dispatch_ordering": "none",
            "output_partitioning": "disjoint",
            "validation_status": "pass",
            "work_dependency": "independent"
          },
          "gflops": 12.84515876,
          "k": 2048,
          "max_abs": 0,
          "max_rel": 0,
          "max_us": 10.5,
          "median_us": 10.204,
          "min_us": 10.192,
          "p05_us": 10.1936,
          "p95_us": 10.4448,
          "rows": 1,
          "submission": {
            "completion_in_host_wall": true,
            "queue_or_stream_count": 4,
            "recording_in_timed_region": false,
            "strategy": "multi_stream",
            "submit_in_host_wall": true
          },
          "timing": {
            "burst": {
              "dispatches_per_iteration": 1,
              "gpu_elapsed": {
                "clock": "hip_event",
                "per_iteration_us": {
                  "max": 10.5,
                  "median": 10.204,
                  "min": 10.192,
                  "n": 5,
                  "p05": 10.1936,
                  "p95": 10.4448,
                  "samples": 5,
                  "stdev": 0.1184702494
                },
                "sequence_us": {
                  "max": 105,
                  "median": 102.04,
                  "min": 101.92,
                  "n": 5,
                  "p05": 101.936,
                  "p95": 104.448,
                  "samples": 5,
                  "stdev": 1.184702494
                },
                "status": "ok"
              },
              "host_wall": {
                "clock": "steady_clock",
                "per_iteration_us": {
                  "max": 30.1092,
                  "median": 11.9562,
                  "min": 11.9211,
                  "n": 5,
                  "p05": 11.9257,
                  "p95": 26.47878,
                  "samples": 5,
                  "stdev": 7.265841606
                },
                "sequence_us": {
                  "max": 301.092,
                  "median": 119.562,
                  "min": 119.211,
                  "n": 5,
                  "p05": 119.257,
                  "p95": 264.7878,
                  "samples": 5,
                  "stdev": 72.65841606
                },
                "status": "ok"
              },
              "logical_iterations": 10
            },
            "single": {
              "dispatches_per_iteration": 1,
              "gpu_elapsed": {
                "clock": "hip_event",
                "per_iteration_us": {
                  "max": 106.68,
                  "median": 101.84,
                  "min": 101.48,
                  "n": 5,
                  "p05": 101.48,
                  "p95": 105.712,
                  "samples": 5,
                  "stdev": 2.014443844
                },
                "sequence_us": {
                  "max": 106.68,
                  "median": 101.84,
                  "min": 101.48,
                  "n": 5,
                  "p05": 101.48,
                  "p95": 105.712,
                  "samples": 5,
                  "stdev": 2.014443844
                },
                "status": "ok"
              },
              "host_wall": {
                "clock": "steady_clock",
                "per_iteration_us": {
                  "max": 292.953,
                  "median": 120.351,
                  "min": 119.431,
                  "n": 5,
                  "p05": 119.513,
                  "p95": 258.4688,
                  "samples": 5,
                  "stdev": 69.16678328
                },
                "sequence_us": {
                  "max": 292.953,
                  "median": 120.351,
                  "min": 119.431,
                  "n": 5,
                  "p05": 119.513,
                  "p95": 258.4688,
                  "samples": 5,
                  "stdev": 69.16678328
                },
                "status": "ok"
              },
              "logical_iterations": 1
            }
          },
          "timing_mode": "independent_throughput",
          "workgroup_size": 64
        }
      ],
      "run_tag": "hip-geometry-sweep",
      "status": "diagnostic"
    },
    "hip:multi_accum8:wg256": {
      "backend": "hip",
      "config": {
        "body_repeats": 32,
        "hip_fixed_workgroup_size": 256,
        "hip_reduction_variant": 4,
        "independent_streams": 4,
        "k_list": [
          512,
          2048
        ],
        "method": "one workgroup per row; repeat-shifted strided f32 FMA inner loop; shared-memory tree reduction",
        "reps": 10,
        "rows_list": [
          1
        ],
        "samples": 5,
        "timing_mode": "independent_throughput",
        "warmup": 3,
        "workgroups": [
          256
        ]
      },
      "hardware": {
        "device_name": "AMD Radeon Graphics",
        "gcn_arch_name": "gfx1201",
        "multi_processor_count": 32
      },
      "rows": [
        {
          "body_repeats": 32,
          "bytes_per_us": 3075.075075,
          "correctness": {
            "single_dispatch": {
              "oracle": "deterministic CPU f32 reference with sequence tag",
              "status": "pass"
            },
            "synchronization": {
              "barrier_count": 0,
              "method": "disjoint_outputs",
              "status": "pass"
            },
            "timed_sequence": {
              "coverage": "all_dispatches",
              "logical_iterations": 10,
              "oracle": "deterministic CPU f32 reference with sequence tag",
              "status": "pass"
            }
          },
          "correctness_pass": true,
          "dependency_contract": {
            "inter_dispatch_ordering": "none",
            "output_partitioning": "disjoint",
            "validation_status": "pass",
            "work_dependency": "independent"
          },
          "gflops": 24.6006006,
          "k": 512,
          "max_abs": 0,
          "max_rel": 0,
          "max_us": 1.408,
          "median_us": 1.332,
          "min_us": 1.296,
          "p05_us": 1.2984,
          "p95_us": 1.3944,
          "rows": 1,
          "submission": {
            "completion_in_host_wall": true,
            "queue_or_stream_count": 4,
            "recording_in_timed_region": false,
            "strategy": "multi_stream",
            "submit_in_host_wall": true
          },
          "timing": {
            "burst": {
              "dispatches_per_iteration": 1,
              "gpu_elapsed": {
                "clock": "hip_event",
                "per_iteration_us": {
                  "max": 1.408,
                  "median": 1.332,
                  "min": 1.296,
                  "n": 5,
                  "p05": 1.2984,
                  "p95": 1.3944,
                  "samples": 5,
                  "stdev": 0.03897896869
                },
                "sequence_us": {
                  "max": 14.08,
                  "median": 13.32,
                  "min": 12.96,
                  "n": 5,
                  "p05": 12.984,
                  "p95": 13.944,
                  "samples": 5,
                  "stdev": 0.3897896869
                },
                "status": "ok"
              },
              "host_wall": {
                "clock": "steady_clock",
                "per_iteration_us": {
                  "max": 21.0382,
                  "median": 3.0631,
                  "min": 3.062,
                  "n": 5,
                  "p05": 3.0622,
                  "p95": 17.45136,
                  "samples": 5,
                  "stdev": 7.186087812
                },
                "sequence_us": {
                  "max": 210.382,
                  "median": 30.631,
                  "min": 30.62,
                  "n": 5,
                  "p05": 30.622,
                  "p95": 174.5136,
                  "samples": 5,
                  "stdev": 71.86087812
                },
                "status": "ok"
              },
              "logical_iterations": 10
            },
            "single": {
              "dispatches_per_iteration": 1,
              "gpu_elapsed": {
                "clock": "hip_event",
                "per_iteration_us": {
                  "max": 13.48,
                  "median": 13,
                  "min": 12.88,
                  "n": 5,
                  "p05": 12.904,
                  "p95": 13.392,
                  "samples": 5,
                  "stdev": 0.2070748657
                },
                "sequence_us": {
                  "max": 13.48,
                  "median": 13,
                  "min": 12.88,
                  "n": 5,
                  "p05": 12.904,
                  "p95": 13.392,
                  "samples": 5,
                  "stdev": 0.2070748657
                },
                "status": "ok"
              },
              "host_wall": {
                "clock": "steady_clock",
                "per_iteration_us": {
                  "max": 236.582,
                  "median": 32.541,
                  "min": 32.15,
                  "n": 5,
                  "p05": 32.1522,
                  "p95": 195.8016,
                  "samples": 5,
                  "stdev": 81.67986536
                },
                "sequence_us": {
                  "max": 236.582,
                  "median": 32.541,
                  "min": 32.15,
                  "n": 5,
                  "p05": 32.1522,
                  "p95": 195.8016,
                  "samples": 5,
                  "stdev": 81.67986536
                },
                "status": "ok"
              },
              "logical_iterations": 1
            }
          },
          "timing_mode": "independent_throughput",
          "workgroup_size": 256
        },
        {
          "body_repeats": 32,
          "bytes_per_us": 5634.112792,
          "correctness": {
            "single_dispatch": {
              "oracle": "deterministic CPU f32 reference with sequence tag",
              "status": "pass"
            },
            "synchronization": {
              "barrier_count": 0,
              "method": "disjoint_outputs",
              "status": "pass"
            },
            "timed_sequence": {
              "coverage": "all_dispatches",
              "logical_iterations": 10,
              "oracle": "deterministic CPU f32 reference with sequence tag",
              "status": "pass"
            }
          },
          "correctness_pass": true,
          "dependency_contract": {
            "inter_dispatch_ordering": "none",
            "output_partitioning": "disjoint",
            "validation_status": "pass",
            "work_dependency": "independent"
          },
          "gflops": 45.07290234,
          "k": 2048,
          "max_abs": 0,
          "max_rel": 0,
          "max_us": 3.024,
          "median_us": 2.908,
          "min_us": 2.904,
          "p05_us": 2.9048,
          "p95_us": 3.0024,
          "rows": 1,
          "submission": {
            "completion_in_host_wall": true,
            "queue_or_stream_count": 4,
            "recording_in_timed_region": false,
            "strategy": "multi_stream",
            "submit_in_host_wall": true
          },
          "timing": {
            "burst": {
              "dispatches_per_iteration": 1,
              "gpu_elapsed": {
                "clock": "hip_event",
                "per_iteration_us": {
                  "max": 3.024,
                  "median": 2.908,
                  "min": 2.904,
                  "n": 5,
                  "p05": 2.9048,
                  "p95": 3.0024,
                  "samples": 5,
                  "stdev": 0.04616492175
                },
                "sequence_us": {
                  "max": 30.24,
                  "median": 29.08,
                  "min": 29.04,
                  "n": 5,
                  "p05": 29.048,
                  "p95": 30.024,
                  "samples": 5,
                  "stdev": 0.4616492175
                },
                "status": "ok"
              },
              "host_wall": {
                "clock": "steady_clock",
                "per_iteration_us": {
                  "max": 22.4812,
                  "median": 4.659,
                  "min": 4.6271,
                  "n": 5,
                  "p05": 4.63308,
                  "p95": 18.91878,
                  "samples": 5,
                  "stdev": 7.13127377
                },
                "sequence_us": {
                  "max": 224.812,
                  "median": 46.59,
                  "min": 46.271,
                  "n": 5,
                  "p05": 46.3308,
                  "p95": 189.1878,
                  "samples": 5,
                  "stdev": 71.3127377
                },
                "status": "ok"
              },
              "logical_iterations": 10
            },
            "single": {
              "dispatches_per_iteration": 1,
              "gpu_elapsed": {
                "clock": "hip_event",
                "per_iteration_us": {
                  "max": 29.88,
                  "median": 28.6,
                  "min": 28.56,
                  "n": 5,
                  "p05": 28.56,
                  "p95": 29.64,
                  "samples": 5,
                  "stdev": 0.5138715793
                },
                "sequence_us": {
                  "max": 29.88,
                  "median": 28.6,
                  "min": 28.56,
                  "n": 5,
                  "p05": 28.56,
                  "p95": 29.64,
                  "samples": 5,
                  "stdev": 0.5138715793
                },
                "status": "ok"
              },
              "host_wall": {
                "clock": "steady_clock",
                "per_iteration_us": {
                  "max": 215.502,
                  "median": 46.731,
                  "min": 46.41,
                  "n": 5,
                  "p05": 46.456,
                  "p95": 181.7578,
                  "samples": 5,
                  "stdev": 67.54472001
                },
                "sequence_us": {
                  "max": 215.502,
                  "median": 46.731,
                  "min": 46.41,
                  "n": 5,
                  "p05": 46.456,
                  "p95": 181.7578,
                  "samples": 5,
                  "stdev": 67.54472001
                },
                "status": "ok"
              },
              "logical_iterations": 1
            }
          },
          "timing_mode": "independent_throughput",
          "workgroup_size": 256
        }
      ],
      "run_tag": "hip-geometry-sweep",
      "status": "diagnostic"
    },
    "hip:multi_accum8:wg64": {
      "backend": "hip",
      "config": {
        "body_repeats": 32,
        "hip_fixed_workgroup_size": 64,
        "hip_reduction_variant": 4,
        "independent_streams": 4,
        "k_list": [
          512,
          2048
        ],
        "method": "one workgroup per row; repeat-shifted strided f32 FMA inner loop; shared-memory tree reduction",
        "reps": 10,
        "rows_list": [
          1
        ],
        "samples": 5,
        "timing_mode": "independent_throughput",
        "warmup": 3,
        "workgroups": [
          64
        ]
      },
      "hardware": {
        "device_name": "AMD Radeon Graphics",
        "gcn_arch_name": "gfx1201",
        "multi_processor_count": 32
      },
      "rows": [
        {
          "body_repeats": 32,
          "bytes_per_us": 1477.633478,
          "correctness": {
            "single_dispatch": {
              "oracle": "deterministic CPU f32 reference with sequence tag",
              "status": "pass"
            },
            "synchronization": {
              "barrier_count": 0,
              "method": "disjoint_outputs",
              "status": "pass"
            },
            "timed_sequence": {
              "coverage": "all_dispatches",
              "logical_iterations": 10,
              "oracle": "deterministic CPU f32 reference with sequence tag",
              "status": "pass"
            }
          },
          "correctness_pass": true,
          "dependency_contract": {
            "inter_dispatch_ordering": "none",
            "output_partitioning": "disjoint",
            "validation_status": "pass",
            "work_dependency": "independent"
          },
          "gflops": 11.82106782,
          "k": 512,
          "max_abs": 0,
          "max_rel": 0,
          "max_us": 2.908,
          "median_us": 2.772,
          "min_us": 2.764,
          "p05_us": 2.7656,
          "p95_us": 2.8816,
          "rows": 1,
          "submission": {
            "completion_in_host_wall": true,
            "queue_or_stream_count": 4,
            "recording_in_timed_region": false,
            "strategy": "multi_stream",
            "submit_in_host_wall": true
          },
          "timing": {
            "burst": {
              "dispatches_per_iteration": 1,
              "gpu_elapsed": {
                "clock": "hip_event",
                "per_iteration_us": {
                  "max": 2.908,
                  "median": 2.772,
                  "min": 2.764,
                  "n": 5,
                  "p05": 2.7656,
                  "p95": 2.8816,
                  "samples": 5,
                  "stdev": 0.05493851108
                },
                "sequence_us": {
                  "max": 29.08,
                  "median": 27.72,
                  "min": 27.64,
                  "n": 5,
                  "p05": 27.656,
                  "p95": 28.816,
                  "samples": 5,
                  "stdev": 0.5493851108
                },
                "status": "ok"
              },
              "host_wall": {
                "clock": "steady_clock",
                "per_iteration_us": {
                  "max": 21.8343,
                  "median": 4.519,
                  "min": 4.47,
                  "n": 5,
                  "p05": 4.47442,
                  "p95": 18.37304,
                  "samples": 5,
                  "stdev": 6.932840099
                },
                "sequence_us": {
                  "max": 218.343,
                  "median": 45.19,
                  "min": 44.7,
                  "n": 5,
                  "p05": 44.7442,
                  "p95": 183.7304,
                  "samples": 5,
                  "stdev": 69.32840099
                },
                "status": "ok"
              },
              "logical_iterations": 10
            },
            "single": {
              "dispatches_per_iteration": 1,
              "gpu_elapsed": {
                "clock": "hip_event",
                "per_iteration_us": {
                  "max": 29.44,
                  "median": 27.36,
                  "min": 27.32,
                  "n": 5,
                  "p05": 27.328,
                  "p95": 29.04,
                  "samples": 5,
                  "stdev": 0.8289173662
                },
                "sequence_us": {
                  "max": 29.44,
                  "median": 27.36,
                  "min": 27.32,
                  "n": 5,
                  "p05": 27.328,
                  "p95": 29.04,
                  "samples": 5,
                  "stdev": 0.8289173662
                },
                "status": "ok"
              },
              "host_wall": {
                "clock": "steady_clock",
                "per_iteration_us": {
                  "max": 220.343,
                  "median": 45.51,
                  "min": 44.63,
                  "n": 5,
                  "p05": 44.7282,
                  "p95": 185.4244,
                  "samples": 5,
                  "stdev": 70.03712605
                },
                "sequence_us": {
                  "max": 220.343,
                  "median": 45.51,
                  "min": 44.63,
                  "n": 5,
                  "p05": 44.7282,
                  "p95": 185.4244,
                  "samples": 5,
                  "stdev": 70.03712605
                },
                "status": "ok"
              },
              "logical_iterations": 1
            }
          },
          "timing_mode": "independent_throughput",
          "workgroup_size": 64
        },
        {
          "body_repeats": 32,
          "bytes_per_us": 1631.87251,
          "correctness": {
            "single_dispatch": {
              "oracle": "deterministic CPU f32 reference with sequence tag",
              "status": "pass"
            },
            "synchronization": {
              "barrier_count": 0,
              "method": "disjoint_outputs",
              "status": "pass"
            },
            "timed_sequence": {
              "coverage": "all_dispatches",
              "logical_iterations": 10,
              "oracle": "deterministic CPU f32 reference with sequence tag",
              "status": "pass"
            }
          },
          "correctness_pass": true,
          "dependency_contract": {
            "inter_dispatch_ordering": "none",
            "output_partitioning": "disjoint",
            "validation_status": "pass",
            "work_dependency": "independent"
          },
          "gflops": 13.05498008,
          "k": 2048,
          "max_abs": 0,
          "max_rel": 0,
          "max_us": 10.372,
          "median_us": 10.04,
          "min_us": 10.032,
          "p05_us": 10.0336,
          "p95_us": 10.312,
          "rows": 1,
          "submission": {
            "completion_in_host_wall": true,
            "queue_or_stream_count": 4,
            "recording_in_timed_region": false,
            "strategy": "multi_stream",
            "submit_in_host_wall": true
          },
          "timing": {
            "burst": {
              "dispatches_per_iteration": 1,
              "gpu_elapsed": {
                "clock": "hip_event",
                "per_iteration_us": {
                  "max": 10.372,
                  "median": 10.04,
                  "min": 10.032,
                  "n": 5,
                  "p05": 10.0336,
                  "p95": 10.312,
                  "samples": 5,
                  "stdev": 0.131121928
                },
                "sequence_us": {
                  "max": 103.72,
                  "median": 100.4,
                  "min": 100.32,
                  "n": 5,
                  "p05": 100.336,
                  "p95": 103.12,
                  "samples": 5,
                  "stdev": 1.31121928
                },
                "status": "ok"
              },
              "host_wall": {
                "clock": "steady_clock",
                "per_iteration_us": {
                  "max": 29.2653,
                  "median": 11.7951,
                  "min": 11.7751,
                  "n": 5,
                  "p05": 11.7777,
                  "p95": 25.77988,
                  "samples": 5,
                  "stdev": 6.986502088
                },
                "sequence_us": {
                  "max": 292.653,
                  "median": 117.951,
                  "min": 117.751,
                  "n": 5,
                  "p05": 117.777,
                  "p95": 257.7988,
                  "samples": 5,
                  "stdev": 69.86502088
                },
                "status": "ok"
              },
              "logical_iterations": 10
            },
            "single": {
              "dispatches_per_iteration": 1,
              "gpu_elapsed": {
                "clock": "hip_event",
                "per_iteration_us": {
                  "max": 104.12,
                  "median": 100.2,
                  "min": 99.88,
                  "n": 5,
                  "p05": 99.896,
                  "p95": 103.368,
                  "samples": 5,
                  "stdev": 1.617029375
                },
                "sequence_us": {
                  "max": 104.12,
                  "median": 100.2,
                  "min": 99.88,
                  "n": 5,
                  "p05": 99.896,
                  "p95": 103.368,
                  "samples": 5,
                  "stdev": 1.617029375
                },
                "status": "ok"
              },
              "host_wall": {
                "clock": "steady_clock",
                "per_iteration_us": {
                  "max": 285.853,
                  "median": 118.891,
                  "min": 118.071,
                  "n": 5,
                  "p05": 118.201,
                  "p95": 252.5546,
                  "samples": 5,
                  "stdev": 66.83807862
                },
                "sequence_us": {
                  "max": 285.853,
                  "median": 118.891,
                  "min": 118.071,
                  "n": 5,
                  "p05": 118.201,
                  "p95": 252.5546,
                  "samples": 5,
                  "stdev": 66.83807862
                },
                "status": "ok"
              },
              "logical_iterations": 1
            }
          },
          "timing_mode": "independent_throughput",
          "workgroup_size": 64
        }
      ],
      "run_tag": "hip-geometry-sweep",
      "status": "diagnostic"
    },
    "hip:wave_shuffle:wg256": {
      "backend": "hip",
      "config": {
        "body_repeats": 32,
        "hip_fixed_workgroup_size": 256,
        "hip_reduction_variant": 2,
        "independent_streams": 4,
        "k_list": [
          512,
          2048
        ],
        "method": "one workgroup per row; repeat-shifted strided f32 FMA inner loop; shared-memory tree reduction",
        "reps": 10,
        "rows_list": [
          1
        ],
        "samples": 5,
        "timing_mode": "independent_throughput",
        "warmup": 3,
        "workgroups": [
          256
        ]
      },
      "hardware": {
        "device_name": "AMD Radeon Graphics",
        "gcn_arch_name": "gfx1201",
        "multi_processor_count": 32
      },
      "rows": [
        {
          "body_repeats": 32,
          "bytes_per_us": 4302.521008,
          "correctness": {
            "single_dispatch": {
              "oracle": "deterministic CPU f32 reference with sequence tag",
              "status": "pass"
            },
            "synchronization": {
              "barrier_count": 0,
              "method": "disjoint_outputs",
              "status": "pass"
            },
            "timed_sequence": {
              "coverage": "all_dispatches",
              "logical_iterations": 10,
              "oracle": "deterministic CPU f32 reference with sequence tag",
              "status": "pass"
            }
          },
          "correctness_pass": true,
          "dependency_contract": {
            "inter_dispatch_ordering": "none",
            "output_partitioning": "disjoint",
            "validation_status": "pass",
            "work_dependency": "independent"
          },
          "gflops": 34.42016807,
          "k": 512,
          "max_abs": 0,
          "max_rel": 0,
          "max_us": 1.004,
          "median_us": 0.952,
          "min_us": 0.944,
          "p05_us": 0.9448,
          "p95_us": 0.9952,
          "rows": 1,
          "submission": {
            "completion_in_host_wall": true,
            "queue_or_stream_count": 4,
            "recording_in_timed_region": false,
            "strategy": "multi_stream",
            "submit_in_host_wall": true
          },
          "timing": {
            "burst": {
              "dispatches_per_iteration": 1,
              "gpu_elapsed": {
                "clock": "hip_event",
                "per_iteration_us": {
                  "max": 1.004,
                  "median": 0.952,
                  "min": 0.944,
                  "n": 5,
                  "p05": 0.9448,
                  "p95": 0.9952,
                  "samples": 5,
                  "stdev": 0.02185040045
                },
                "sequence_us": {
                  "max": 10.04,
                  "median": 9.52,
                  "min": 9.44,
                  "n": 5,
                  "p05": 9.448,
                  "p95": 9.952,
                  "samples": 5,
                  "stdev": 0.2185040045
                },
                "status": "ok"
              },
              "host_wall": {
                "clock": "steady_clock",
                "per_iteration_us": {
                  "max": 20.8472,
                  "median": 2.726,
                  "min": 2.656,
                  "n": 5,
                  "p05": 2.66662,
                  "p95": 17.22336,
                  "samples": 5,
                  "stdev": 7.257016681
                },
                "sequence_us": {
                  "max": 208.472,
                  "median": 27.26,
                  "min": 26.56,
                  "n": 5,
                  "p05": 26.6662,
                  "p95": 172.2336,
                  "samples": 5,
                  "stdev": 72.57016681
                },
                "status": "ok"
              },
              "logical_iterations": 10
            },
            "single": {
              "dispatches_per_iteration": 1,
              "gpu_elapsed": {
                "clock": "hip_event",
                "per_iteration_us": {
                  "max": 9.48,
                  "median": 9.16,
                  "min": 9.08,
                  "n": 5,
                  "p05": 9.096,
                  "p95": 9.424,
                  "samples": 5,
                  "stdev": 0.1376372043
                },
                "sequence_us": {
                  "max": 9.48,
                  "median": 9.16,
                  "min": 9.08,
                  "n": 5,
                  "p05": 9.096,
                  "p95": 9.424,
                  "samples": 5,
                  "stdev": 0.1376372043
                },
                "status": "ok"
              },
              "host_wall": {
                "clock": "steady_clock",
                "per_iteration_us": {
                  "max": 230.962,
                  "median": 28.63,
                  "min": 28.051,
                  "n": 5,
                  "p05": 28.0688,
                  "p95": 190.5536,
                  "samples": 5,
                  "stdev": 81.01132674
                },
                "sequence_us": {
                  "max": 230.962,
                  "median": 28.63,
                  "min": 28.051,
                  "n": 5,
                  "p05": 28.0688,
                  "p95": 190.5536,
                  "samples": 5,
                  "stdev": 81.01132674
                },
                "status": "ok"
              },
              "logical_iterations": 1
            }
          },
          "timing_mode": "independent_throughput",
          "workgroup_size": 256
        },
        {
          "body_repeats": 32,
          "bytes_per_us": 5893.52518,
          "correctness": {
            "single_dispatch": {
              "oracle": "deterministic CPU f32 reference with sequence tag",
              "status": "pass"
            },
            "synchronization": {
              "barrier_count": 0,
              "method": "disjoint_outputs",
              "status": "pass"
            },
            "timed_sequence": {
              "coverage": "all_dispatches",
              "logical_iterations": 10,
              "oracle": "deterministic CPU f32 reference with sequence tag",
              "status": "pass"
            }
          },
          "correctness_pass": true,
          "dependency_contract": {
            "inter_dispatch_ordering": "none",
            "output_partitioning": "disjoint",
            "validation_status": "pass",
            "work_dependency": "independent"
          },
          "gflops": 47.14820144,
          "k": 2048,
          "max_abs": 0,
          "max_rel": 0,
          "max_us": 2.864,
          "median_us": 2.78,
          "min_us": 2.772,
          "p05_us": 2.7728,
          "p95_us": 2.8496,
          "rows": 1,
          "submission": {
            "completion_in_host_wall": true,
            "queue_or_stream_count": 4,
            "recording_in_timed_region": false,
            "strategy": "multi_stream",
            "submit_in_host_wall": true
          },
          "timing": {
            "burst": {
              "dispatches_per_iteration": 1,
              "gpu_elapsed": {
                "clock": "hip_event",
                "per_iteration_us": {
                  "max": 2.864,
                  "median": 2.78,
                  "min": 2.772,
                  "n": 5,
                  "p05": 2.7728,
                  "p95": 2.8496,
                  "samples": 5,
                  "stdev": 0.03426018097
                },
                "sequence_us": {
                  "max": 28.64,
                  "median": 27.8,
                  "min": 27.72,
                  "n": 5,
                  "p05": 27.728,
                  "p95": 28.496,
                  "samples": 5,
                  "stdev": 0.3426018097
                },
                "status": "ok"
              },
              "host_wall": {
                "clock": "steady_clock",
                "per_iteration_us": {
                  "max": 22.0662,
                  "median": 4.531,
                  "min": 4.5181,
                  "n": 5,
                  "p05": 4.51928,
                  "p95": 18.56158,
                  "samples": 5,
                  "stdev": 7.014864941
                },
                "sequence_us": {
                  "max": 220.662,
                  "median": 45.31,
                  "min": 45.181,
                  "n": 5,
                  "p05": 45.1928,
                  "p95": 185.6158,
                  "samples": 5,
                  "stdev": 70.14864941
                },
                "status": "ok"
              },
              "logical_iterations": 10
            },
            "single": {
              "dispatches_per_iteration": 1,
              "gpu_elapsed": {
                "clock": "hip_event",
                "per_iteration_us": {
                  "max": 28.36,
                  "median": 27.36,
                  "min": 27.32,
                  "n": 5,
                  "p05": 27.328,
                  "p95": 28.176,
                  "samples": 5,
                  "stdev": 0.3979145637
                },
                "sequence_us": {
                  "max": 28.36,
                  "median": 27.36,
                  "min": 27.32,
                  "n": 5,
                  "p05": 27.328,
                  "p95": 28.176,
                  "samples": 5,
                  "stdev": 0.3979145637
                },
                "status": "ok"
              },
              "host_wall": {
                "clock": "steady_clock",
                "per_iteration_us": {
                  "max": 215.362,
                  "median": 45.54,
                  "min": 45.371,
                  "n": 5,
                  "p05": 45.387,
                  "p95": 181.4016,
                  "samples": 5,
                  "stdev": 67.95263344
                },
                "sequence_us": {
                  "max": 215.362,
                  "median": 45.54,
                  "min": 45.371,
                  "n": 5,
                  "p05": 45.387,
                  "p95": 181.4016,
                  "samples": 5,
                  "stdev": 67.95263344
                },
                "status": "ok"
              },
              "logical_iterations": 1
            }
          },
          "timing_mode": "independent_throughput",
          "workgroup_size": 256
        }
      ],
      "run_tag": "hip-geometry-sweep",
      "status": "diagnostic"
    },
    "hip:wave_shuffle:wg64": {
      "backend": "hip",
      "config": {
        "body_repeats": 32,
        "hip_fixed_workgroup_size": 64,
        "hip_reduction_variant": 2,
        "independent_streams": 4,
        "k_list": [
          512,
          2048
        ],
        "method": "one workgroup per row; repeat-shifted strided f32 FMA inner loop; shared-memory tree reduction",
        "reps": 10,
        "rows_list": [
          1
        ],
        "samples": 5,
        "timing_mode": "independent_throughput",
        "warmup": 3,
        "workgroups": [
          64
        ]
      },
      "hardware": {
        "device_name": "AMD Radeon Graphics",
        "gcn_arch_name": "gfx1201",
        "multi_processor_count": 32
      },
      "rows": [
        {
          "body_repeats": 32,
          "bytes_per_us": 1526.080477,
          "correctness": {
            "single_dispatch": {
              "oracle": "deterministic CPU f32 reference with sequence tag",
              "status": "pass"
            },
            "synchronization": {
              "barrier_count": 0,
              "method": "disjoint_outputs",
              "status": "pass"
            },
            "timed_sequence": {
              "coverage": "all_dispatches",
              "logical_iterations": 10,
              "oracle": "deterministic CPU f32 reference with sequence tag",
              "status": "pass"
            }
          },
          "correctness_pass": true,
          "dependency_contract": {
            "inter_dispatch_ordering": "none",
            "output_partitioning": "disjoint",
            "validation_status": "pass",
            "work_dependency": "independent"
          },
          "gflops": 12.20864382,
          "k": 512,
          "max_abs": 0,
          "max_rel": 0,
          "max_us": 2.792,
          "median_us": 2.684,
          "min_us": 2.68,
          "p05_us": 2.6808,
          "p95_us": 2.772,
          "rows": 1,
          "submission": {
            "completion_in_host_wall": true,
            "queue_or_stream_count": 4,
            "recording_in_timed_region": false,
            "strategy": "multi_stream",
            "submit_in_host_wall": true
          },
          "timing": {
            "burst": {
              "dispatches_per_iteration": 1,
              "gpu_elapsed": {
                "clock": "hip_event",
                "per_iteration_us": {
                  "max": 2.792,
                  "median": 2.684,
                  "min": 2.68,
                  "n": 5,
                  "p05": 2.6808,
                  "p95": 2.772,
                  "samples": 5,
                  "stdev": 0.04297720326
                },
                "sequence_us": {
                  "max": 27.92,
                  "median": 26.84,
                  "min": 26.8,
                  "n": 5,
                  "p05": 26.808,
                  "p95": 27.72,
                  "samples": 5,
                  "stdev": 0.4297720326
                },
                "status": "ok"
              },
              "host_wall": {
                "clock": "steady_clock",
                "per_iteration_us": {
                  "max": 22.2833,
                  "median": 4.4001,
                  "min": 4.374,
                  "n": 5,
                  "p05": 4.376,
                  "p95": 18.70904,
                  "samples": 5,
                  "stdev": 7.156321913
                },
                "sequence_us": {
                  "max": 222.833,
                  "median": 44.001,
                  "min": 43.74,
                  "n": 5,
                  "p05": 43.76,
                  "p95": 187.0904,
                  "samples": 5,
                  "stdev": 71.56321913
                },
                "status": "ok"
              },
              "logical_iterations": 10
            },
            "single": {
              "dispatches_per_iteration": 1,
              "gpu_elapsed": {
                "clock": "hip_event",
                "per_iteration_us": {
                  "max": 27.84,
                  "median": 26.64,
                  "min": 26.52,
                  "n": 5,
                  "p05": 26.528,
                  "p95": 27.608,
                  "samples": 5,
                  "stdev": 0.4992153844
                },
                "sequence_us": {
                  "max": 27.84,
                  "median": 26.64,
                  "min": 26.52,
                  "n": 5,
                  "p05": 26.528,
                  "p95": 27.608,
                  "samples": 5,
                  "stdev": 0.4992153844
                },
                "status": "ok"
              },
              "host_wall": {
                "clock": "steady_clock",
                "per_iteration_us": {
                  "max": 244.313,
                  "median": 46.281,
                  "min": 45.91,
                  "n": 5,
                  "p05": 45.918,
                  "p95": 204.7546,
                  "samples": 5,
                  "stdev": 79.25931724
                },
                "sequence_us": {
                  "max": 244.313,
                  "median": 46.281,
                  "min": 45.91,
                  "n": 5,
                  "p05": 45.918,
                  "p95": 204.7546,
                  "samples": 5,
                  "stdev": 79.25931724
                },
                "status": "ok"
              },
              "logical_iterations": 1
            }
          },
          "timing_mode": "independent_throughput",
          "workgroup_size": 64
        },
        {
          "body_repeats": 32,
          "bytes_per_us": 1673.886391,
          "correctness": {
            "single_dispatch": {
              "oracle": "deterministic CPU f32 reference with sequence tag",
              "status": "pass"
            },
            "synchronization": {
              "barrier_count": 0,
              "method": "disjoint_outputs",
              "status": "pass"
            },
            "timed_sequence": {
              "coverage": "all_dispatches",
              "logical_iterations": 10,
              "oracle": "deterministic CPU f32 reference with sequence tag",
              "status": "pass"
            }
          },
          "correctness_pass": true,
          "dependency_contract": {
            "inter_dispatch_ordering": "none",
            "output_partitioning": "disjoint",
            "validation_status": "pass",
            "work_dependency": "independent"
          },
          "gflops": 13.39109113,
          "k": 2048,
          "max_abs": 0,
          "max_rel": 0,
          "max_us": 10.068,
          "median_us": 9.788,
          "min_us": 9.78,
          "p05_us": 9.7808,
          "p95_us": 10.02,
          "rows": 1,
          "submission": {
            "completion_in_host_wall": true,
            "queue_or_stream_count": 4,
            "recording_in_timed_region": false,
            "strategy": "multi_stream",
            "submit_in_host_wall": true
          },
          "timing": {
            "burst": {
              "dispatches_per_iteration": 1,
              "gpu_elapsed": {
                "clock": "hip_event",
                "per_iteration_us": {
                  "max": 10.068,
                  "median": 9.788,
                  "min": 9.78,
                  "n": 5,
                  "p05": 9.7808,
                  "p95": 10.02,
                  "samples": 5,
                  "stdev": 0.1105506219
                },
                "sequence_us": {
                  "max": 100.68,
                  "median": 97.88,
                  "min": 97.8,
                  "n": 5,
                  "p05": 97.808,
                  "p95": 100.2,
                  "samples": 5,
                  "stdev": 1.105506219
                },
                "status": "ok"
              },
              "host_wall": {
                "clock": "steady_clock",
                "per_iteration_us": {
                  "max": 28.6583,
                  "median": 11.5612,
                  "min": 11.5501,
                  "n": 5,
                  "p05": 11.5507,
                  "p95": 25.23926,
                  "samples": 5,
                  "stdev": 6.840571719
                },
                "sequence_us": {
                  "max": 286.583,
                  "median": 115.612,
                  "min": 115.501,
                  "n": 5,
                  "p05": 115.507,
                  "p95": 252.3926,
                  "samples": 5,
                  "stdev": 68.40571719
                },
                "status": "ok"
              },
              "logical_iterations": 10
            },
            "single": {
              "dispatches_per_iteration": 1,
              "gpu_elapsed": {
                "clock": "hip_event",
                "per_iteration_us": {
                  "max": 101.2,
                  "median": 97.52,
                  "min": 97.16,
                  "n": 5,
                  "p05": 97.208,
                  "p95": 100.488,
                  "samples": 5,
                  "stdev": 1.516332417
                },
                "sequence_us": {
                  "max": 101.2,
                  "median": 97.52,
                  "min": 97.16,
                  "n": 5,
                  "p05": 97.208,
                  "p95": 100.488,
                  "samples": 5,
                  "stdev": 1.516332417
                },
                "status": "ok"
              },
              "host_wall": {
                "clock": "steady_clock",
                "per_iteration_us": {
                  "max": 289.523,
                  "median": 115.841,
                  "min": 114.891,
                  "n": 5,
                  "p05": 115.067,
                  "p95": 254.8046,
                  "samples": 5,
                  "stdev": 69.56680519
                },
                "sequence_us": {
                  "max": 289.523,
                  "median": 115.841,
                  "min": 114.891,
                  "n": 5,
                  "p05": 115.067,
                  "p95": 254.8046,
                  "samples": 5,
                  "stdev": 69.56680519
                },
                "status": "ok"
              },
              "logical_iterations": 1
            }
          },
          "timing_mode": "independent_throughput",
          "workgroup_size": 64
        }
      ],
      "run_tag": "hip-geometry-sweep",
      "status": "diagnostic"
    }
  },
  "rows": [
    {
      "backend": "hip",
      "body_repeats": 32,
      "bytes_per_us": 1517.037037,
      "correctness": {
        "single_dispatch": {
          "oracle": "deterministic CPU f32 reference with sequence tag",
          "status": "pass"
        },
        "synchronization": {
          "barrier_count": 0,
          "method": "disjoint_outputs",
          "status": "pass"
        },
        "timed_sequence": {
          "coverage": "all_dispatches",
          "logical_iterations": 10,
          "oracle": "deterministic CPU f32 reference with sequence tag",
          "status": "pass"
        }
      },
      "correctness_pass": true,
      "dependency_contract": {
        "inter_dispatch_ordering": "none",
        "output_partitioning": "disjoint",
        "validation_status": "pass",
        "work_dependency": "independent"
      },
      "gflops": 12.1362963,
      "k": 512,
      "max_abs": 0,
      "max_rel": 0,
      "max_us": 2.856,
      "median_us": 2.7,
      "min_us": 2.68,
      "p05_us": 2.6816,
      "p95_us": 2.8264,
      "row_key": {
        "k": 512,
        "rows": 1,
        "workgroup_size": 64
      },
      "rows": 1,
      "submission": {
        "completion_in_host_wall": true,
        "queue_or_stream_count": 4,
        "recording_in_timed_region": false,
        "strategy": "multi_stream",
        "submit_in_host_wall": true
      },
      "timing": {
        "burst": {
          "dispatches_per_iteration": 1,
          "gpu_elapsed": {
            "clock": "hip_event",
            "per_iteration_us": {
              "max": 2.856,
              "median": 2.7,
              "min": 2.68,
              "n": 5,
              "p05": 2.6816,
              "p95": 2.8264,
              "samples": 5,
              "stdev": 0.06551213628
            },
            "sequence_us": {
              "max": 28.56,
              "median": 27,
              "min": 26.8,
              "n": 5,
              "p05": 26.816,
              "p95": 28.264,
              "samples": 5,
              "stdev": 0.6551213628
            },
            "status": "ok"
          },
          "host_wall": {
            "clock": "steady_clock",
            "per_iteration_us": {
              "max": 25.1802,
              "median": 4.5301,
              "min": 4.491,
              "n": 5,
              "p05": 4.4934,
              "p95": 21.06498,
              "samples": 5,
              "stdev": 8.259353519
            },
            "sequence_us": {
              "max": 251.802,
              "median": 45.301,
              "min": 44.91,
              "n": 5,
              "p05": 44.934,
              "p95": 210.6498,
              "samples": 5,
              "stdev": 82.59353519
            },
            "status": "ok"
          },
          "logical_iterations": 10
        },
        "single": {
          "dispatches_per_iteration": 1,
          "gpu_elapsed": {
            "clock": "hip_event",
            "per_iteration_us": {
              "max": 28,
              "median": 26.64,
              "min": 26.56,
              "n": 5,
              "p05": 26.56,
              "p95": 27.736,
              "samples": 5,
              "stdev": 0.5579390648
            },
            "sequence_us": {
              "max": 28,
              "median": 26.64,
              "min": 26.56,
              "n": 5,
              "p05": 26.56,
              "p95": 27.736,
              "samples": 5,
              "stdev": 0.5579390648
            },
            "status": "ok"
          },
          "host_wall": {
            "clock": "steady_clock",
            "per_iteration_us": {
              "max": 248.543,
              "median": 46.36,
              "min": 45.9,
              "n": 5,
              "p05": 45.9362,
              "p95": 208.1666,
              "samples": 5,
              "stdev": 80.9174104
            },
            "sequence_us": {
              "max": 248.543,
              "median": 46.36,
              "min": 45.9,
              "n": 5,
              "p05": 45.9362,
              "p95": 208.1666,
              "samples": 5,
              "stdev": 80.9174104
            },
            "status": "ok"
          },
          "logical_iterations": 1
        }
      },
      "timing_mode": "independent_throughput",
      "variant": "lds_tree",
      "workgroup_size": 64,
      "workgroup_specialization": "fixed"
    },
    {
      "backend": "hip",
      "body_repeats": 32,
      "bytes_per_us": 1675.94108,
      "correctness": {
        "single_dispatch": {
          "oracle": "deterministic CPU f32 reference with sequence tag",
          "status": "pass"
        },
        "synchronization": {
          "barrier_count": 0,
          "method": "disjoint_outputs",
          "status": "pass"
        },
        "timed_sequence": {
          "coverage": "all_dispatches",
          "logical_iterations": 10,
          "oracle": "deterministic CPU f32 reference with sequence tag",
          "status": "pass"
        }
      },
      "correctness_pass": true,
      "dependency_contract": {
        "inter_dispatch_ordering": "none",
        "output_partitioning": "disjoint",
        "validation_status": "pass",
        "work_dependency": "independent"
      },
      "gflops": 13.40752864,
      "k": 2048,
      "max_abs": 0,
      "max_rel": 0,
      "max_us": 10.144,
      "median_us": 9.776,
      "min_us": 9.76,
      "p05_us": 9.7608,
      "p95_us": 10.0736,
      "row_key": {
        "k": 2048,
        "rows": 1,
        "workgroup_size": 64
      },
      "rows": 1,
      "submission": {
        "completion_in_host_wall": true,
        "queue_or_stream_count": 4,
        "recording_in_timed_region": false,
        "strategy": "multi_stream",
        "submit_in_host_wall": true
      },
      "timing": {
        "burst": {
          "dispatches_per_iteration": 1,
          "gpu_elapsed": {
            "clock": "hip_event",
            "per_iteration_us": {
              "max": 10.144,
              "median": 9.776,
              "min": 9.76,
              "n": 5,
              "p05": 9.7608,
              "p95": 10.0736,
              "samples": 5,
              "stdev": 0.1488172033
            },
            "sequence_us": {
              "max": 101.44,
              "median": 97.76,
              "min": 97.6,
              "n": 5,
              "p05": 97.608,
              "p95": 100.736,
              "samples": 5,
              "stdev": 1.488172033
            },
            "status": "ok"
          },
          "host_wall": {
            "clock": "steady_clock",
            "per_iteration_us": {
              "max": 30.8603,
              "median": 11.5211,
              "min": 11.4892,
              "n": 5,
              "p05": 11.49498,
              "p95": 26.99446,
              "samples": 5,
              "stdev": 7.738182556
            },
            "sequence_us": {
              "max": 308.603,
              "median": 115.211,
              "min": 114.892,
              "n": 5,
              "p05": 114.9498,
              "p95": 269.9446,
              "samples": 5,
              "stdev": 77.38182556
            },
            "status": "ok"
          },
          "logical_iterations": 10
        },
        "single": {
          "dispatches_per_iteration": 1,
          "gpu_elapsed": {
            "clock": "hip_event",
            "per_iteration_us": {
              "max": 102.08,
              "median": 97.44,
              "min": 97.08,
              "n": 5,
              "p05": 97.088,
              "p95": 101.168,
              "samples": 5,
              "stdev": 1.923729711
            },
            "sequence_us": {
              "max": 102.08,
              "median": 97.44,
              "min": 97.08,
              "n": 5,
              "p05": 97.088,
              "p95": 101.168,
              "samples": 5,
              "stdev": 1.923729711
            },
            "status": "ok"
          },
          "host_wall": {
            "clock": "steady_clock",
            "per_iteration_us": {
              "max": 289.883,
              "median": 116.221,
              "min": 114.751,
              "n": 5,
              "p05": 114.907,
              "p95": 255.1566,
              "samples": 5,
              "stdev": 69.67995801
            },
            "sequence_us": {
              "max": 289.883,
              "median": 116.221,
              "min": 114.751,
              "n": 5,
              "p05": 114.907,
              "p95": 255.1566,
              "samples": 5,
              "stdev": 69.67995801
            },
            "status": "ok"
          },
          "logical_iterations": 1
        }
      },
      "timing_mode": "independent_throughput",
      "variant": "lds_tree",
      "workgroup_size": 64,
      "workgroup_specialization": "fixed"
    },
    {
      "backend": "hip",
      "body_repeats": 32,
      "bytes_per_us": 4213.99177,
      "correctness": {
        "single_dispatch": {
          "oracle": "deterministic CPU f32 reference with sequence tag",
          "status": "pass"
        },
        "synchronization": {
          "barrier_count": 0,
          "method": "disjoint_outputs",
          "status": "pass"
        },
        "timed_sequence": {
          "coverage": "all_dispatches",
          "logical_iterations": 10,
          "oracle": "deterministic CPU f32 reference with sequence tag",
          "status": "pass"
        }
      },
      "correctness_pass": true,
      "dependency_contract": {
        "inter_dispatch_ordering": "none",
        "output_partitioning": "disjoint",
        "validation_status": "pass",
        "work_dependency": "independent"
      },
      "gflops": 33.71193416,
      "k": 512,
      "max_abs": 0,
      "max_rel": 0,
      "max_us": 1.036,
      "median_us": 0.972,
      "min_us": 0.964,
      "p05_us": 0.9656,
      "p95_us": 1.024,
      "row_key": {
        "k": 512,
        "rows": 1,
        "workgroup_size": 256
      },
      "rows": 1,
      "submission": {
        "completion_in_host_wall": true,
        "queue_or_stream_count": 4,
        "recording_in_timed_region": false,
        "strategy": "multi_stream",
        "submit_in_host_wall": true
      },
      "timing": {
        "burst": {
          "dispatches_per_iteration": 1,
          "gpu_elapsed": {
            "clock": "hip_event",
            "per_iteration_us": {
              "max": 1.036,
              "median": 0.972,
              "min": 0.964,
              "n": 5,
              "p05": 0.9656,
              "p95": 1.024,
              "samples": 5,
              "stdev": 0.02629068276
            },
            "sequence_us": {
              "max": 10.36,
              "median": 9.72,
              "min": 9.64,
              "n": 5,
              "p05": 9.656,
              "p95": 10.24,
              "samples": 5,
              "stdev": 0.2629068276
            },
            "status": "ok"
          },
          "host_wall": {
            "clock": "steady_clock",
            "per_iteration_us": {
              "max": 20.9022,
              "median": 2.747,
              "min": 2.676,
              "n": 5,
              "p05": 2.6892,
              "p95": 17.27118,
              "samples": 5,
              "stdev": 7.269719876
            },
            "sequence_us": {
              "max": 209.022,
              "median": 27.47,
              "min": 26.76,
              "n": 5,
              "p05": 26.892,
              "p95": 172.7118,
              "samples": 5,
              "stdev": 72.69719876
            },
            "status": "ok"
          },
          "logical_iterations": 10
        },
        "single": {
          "dispatches_per_iteration": 1,
          "gpu_elapsed": {
            "clock": "hip_event",
            "per_iteration_us": {
              "max": 10.32,
              "median": 9.32,
              "min": 9.2,
              "n": 5,
              "p05": 9.216,
              "p95": 10.136,
              "samples": 5,
              "stdev": 0.4130665806
            },
            "sequence_us": {
              "max": 10.32,
              "median": 9.32,
              "min": 9.2,
              "n": 5,
              "p05": 9.216,
              "p95": 10.136,
              "samples": 5,
              "stdev": 0.4130665806
            },
            "status": "ok"
          },
          "host_wall": {
            "clock": "steady_clock",
            "per_iteration_us": {
              "max": 238.352,
              "median": 28.871,
              "min": 28.56,
              "n": 5,
              "p05": 28.574,
              "p95": 196.4836,
              "samples": 5,
              "stdev": 83.83385684
            },
            "sequence_us": {
              "max": 238.352,
              "median": 28.871,
              "min": 28.56,
              "n": 5,
              "p05": 28.574,
              "p95": 196.4836,
              "samples": 5,
              "stdev": 83.83385684
            },
            "status": "ok"
          },
          "logical_iterations": 1
        }
      },
      "timing_mode": "independent_throughput",
      "variant": "lds_tree",
      "workgroup_size": 256,
      "workgroup_specialization": "fixed"
    },
    {
      "backend": "hip",
      "body_repeats": 32,
      "bytes_per_us": 5876.61406,
      "correctness": {
        "single_dispatch": {
          "oracle": "deterministic CPU f32 reference with sequence tag",
          "status": "pass"
        },
        "synchronization": {
          "barrier_count": 0,
          "method": "disjoint_outputs",
          "status": "pass"
        },
        "timed_sequence": {
          "coverage": "all_dispatches",
          "logical_iterations": 10,
          "oracle": "deterministic CPU f32 reference with sequence tag",
          "status": "pass"
        }
      },
      "correctness_pass": true,
      "dependency_contract": {
        "inter_dispatch_ordering": "none",
        "output_partitioning": "disjoint",
        "validation_status": "pass",
        "work_dependency": "independent"
      },
      "gflops": 47.01291248,
      "k": 2048,
      "max_abs": 0,
      "max_rel": 0,
      "max_us": 2.912,
      "median_us": 2.788,
      "min_us": 2.788,
      "p05_us": 2.788,
      "p95_us": 2.892,
      "row_key": {
        "k": 2048,
        "rows": 1,
        "workgroup_size": 256
      },
      "rows": 1,
      "submission": {
        "completion_in_host_wall": true,
        "queue_or_stream_count": 4,
        "recording_in_timed_region": false,
        "strategy": "multi_stream",
        "submit_in_host_wall": true
      },
      "timing": {
        "burst": {
          "dispatches_per_iteration": 1,
          "gpu_elapsed": {
            "clock": "hip_event",
            "per_iteration_us": {
              "max": 2.912,
              "median": 2.788,
              "min": 2.788,
              "n": 5,
              "p05": 2.788,
              "p95": 2.892,
              "samples": 5,
              "stdev": 0.04810654841
            },
            "sequence_us": {
              "max": 29.12,
              "median": 27.88,
              "min": 27.88,
              "n": 5,
              "p05": 27.88,
              "p95": 28.92,
              "samples": 5,
              "stdev": 0.4810654841
            },
            "status": "ok"
          },
          "host_wall": {
            "clock": "steady_clock",
            "per_iteration_us": {
              "max": 22.5932,
              "median": 4.5681,
              "min": 4.54,
              "n": 5,
              "p05": 4.54222,
              "p95": 18.98976,
              "samples": 5,
              "stdev": 7.213771021
            },
            "sequence_us": {
              "max": 225.932,
              "median": 45.681,
              "min": 45.4,
              "n": 5,
              "p05": 45.4222,
              "p95": 189.8976,
              "samples": 5,
              "stdev": 72.13771021
            },
            "status": "ok"
          },
          "logical_iterations": 10
        },
        "single": {
          "dispatches_per_iteration": 1,
          "gpu_elapsed": {
            "clock": "hip_event",
            "per_iteration_us": {
              "max": 28.84,
              "median": 27.56,
              "min": 27.52,
              "n": 5,
              "p05": 27.528,
              "p95": 28.608,
              "samples": 5,
              "stdev": 0.50684909
            },
            "sequence_us": {
              "max": 28.84,
              "median": 27.56,
              "min": 27.52,
              "n": 5,
              "p05": 27.528,
              "p95": 28.608,
              "samples": 5,
              "stdev": 0.50684909
            },
            "status": "ok"
          },
          "host_wall": {
            "clock": "steady_clock",
            "per_iteration_us": {
              "max": 211.552,
              "median": 45.8,
              "min": 45.3,
              "n": 5,
              "p05": 45.3042,
              "p95": 178.4778,
              "samples": 5,
              "stdev": 66.3614065
            },
            "sequence_us": {
              "max": 211.552,
              "median": 45.8,
              "min": 45.3,
              "n": 5,
              "p05": 45.3042,
              "p95": 178.4778,
              "samples": 5,
              "stdev": 66.3614065
            },
            "status": "ok"
          },
          "logical_iterations": 1
        }
      },
      "timing_mode": "independent_throughput",
      "variant": "lds_tree",
      "workgroup_size": 256,
      "workgroup_specialization": "fixed"
    },
    {
      "backend": "hip",
      "body_repeats": 32,
      "bytes_per_us": 1512.555391,
      "correctness": {
        "single_dispatch": {
          "oracle": "deterministic CPU f32 reference with sequence tag",
          "status": "pass"
        },
        "synchronization": {
          "barrier_count": 0,
          "method": "disjoint_outputs",
          "status": "pass"
        },
        "timed_sequence": {
          "coverage": "all_dispatches",
          "logical_iterations": 10,
          "oracle": "deterministic CPU f32 reference with sequence tag",
          "status": "pass"
        }
      },
      "correctness_pass": true,
      "dependency_contract": {
        "inter_dispatch_ordering": "none",
        "output_partitioning": "disjoint",
        "validation_status": "pass",
        "work_dependency": "independent"
      },
      "gflops": 12.10044313,
      "k": 512,
      "max_abs": 0,
      "max_rel": 0,
      "max_us": 2.856,
      "median_us": 2.708,
      "min_us": 2.708,
      "p05_us": 2.708,
      "p95_us": 2.8272,
      "row_key": {
        "k": 512,
        "rows": 1,
        "workgroup_size": 64
      },
      "rows": 1,
      "submission": {
        "completion_in_host_wall": true,
        "queue_or_stream_count": 4,
        "recording_in_timed_region": false,
        "strategy": "multi_stream",
        "submit_in_host_wall": true
      },
      "timing": {
        "burst": {
          "dispatches_per_iteration": 1,
          "gpu_elapsed": {
            "clock": "hip_event",
            "per_iteration_us": {
              "max": 2.856,
              "median": 2.708,
              "min": 2.708,
              "n": 5,
              "p05": 2.708,
              "p95": 2.8272,
              "samples": 5,
              "stdev": 0.05882040462
            },
            "sequence_us": {
              "max": 28.56,
              "median": 27.08,
              "min": 27.08,
              "n": 5,
              "p05": 27.08,
              "p95": 28.272,
              "samples": 5,
              "stdev": 0.5882040462
            },
            "status": "ok"
          },
          "host_wall": {
            "clock": "steady_clock",
            "per_iteration_us": {
              "max": 22.0512,
              "median": 4.4471,
              "min": 4.378,
              "n": 5,
              "p05": 4.3866,
              "p95": 18.53258,
              "samples": 5,
              "stdev": 7.050113965
            },
            "sequence_us": {
              "max": 220.512,
              "median": 44.471,
              "min": 43.78,
              "n": 5,
              "p05": 43.866,
              "p95": 185.3258,
              "samples": 5,
              "stdev": 70.50113965
            },
            "status": "ok"
          },
          "logical_iterations": 10
        },
        "single": {
          "dispatches_per_iteration": 1,
          "gpu_elapsed": {
            "clock": "hip_event",
            "per_iteration_us": {
              "max": 28.56,
              "median": 26.92,
              "min": 26.8,
              "n": 5,
              "p05": 26.8,
              "p95": 28.24,
              "samples": 5,
              "stdev": 0.6790110456
            },
            "sequence_us": {
              "max": 28.56,
              "median": 26.92,
              "min": 26.8,
              "n": 5,
              "p05": 26.8,
              "p95": 28.24,
              "samples": 5,
              "stdev": 0.6790110456
            },
            "status": "ok"
          },
          "host_wall": {
            "clock": "steady_clock",
            "per_iteration_us": {
              "max": 257.492,
              "median": 46.391,
              "min": 45.701,
              "n": 5,
              "p05": 45.7948,
              "p95": 215.3496,
              "samples": 5,
              "stdev": 84.49331975
            },
            "sequence_us": {
              "max": 257.492,
              "median": 46.391,
              "min": 45.701,
              "n": 5,
              "p05": 45.7948,
              "p95": 215.3496,
              "samples": 5,
              "stdev": 84.49331975
            },
            "status": "ok"
          },
          "logical_iterations": 1
        }
      },
      "timing_mode": "independent_throughput",
      "variant": "extra_barrier",
      "workgroup_size": 64,
      "workgroup_specialization": "fixed"
    },
    {
      "backend": "hip",
      "body_repeats": 32,
      "bytes_per_us": 1669.792091,
      "correctness": {
        "single_dispatch": {
          "oracle": "deterministic CPU f32 reference with sequence tag",
          "status": "pass"
        },
        "synchronization": {
          "barrier_count": 0,
          "method": "disjoint_outputs",
          "status": "pass"
        },
        "timed_sequence": {
          "coverage": "all_dispatches",
          "logical_iterations": 10,
          "oracle": "deterministic CPU f32 reference with sequence tag",
          "status": "pass"
        }
      },
      "correctness_pass": true,
      "dependency_contract": {
        "inter_dispatch_ordering": "none",
        "output_partitioning": "disjoint",
        "validation_status": "pass",
        "work_dependency": "independent"
      },
      "gflops": 13.35833673,
      "k": 2048,
      "max_abs": 0,
      "max_rel": 0,
      "max_us": 10.112,
      "median_us": 9.812,
      "min_us": 9.804,
      "p05_us": 9.8056,
      "p95_us": 10.0584,
      "row_key": {
        "k": 2048,
        "rows": 1,
        "workgroup_size": 64
      },
      "rows": 1,
      "submission": {
        "completion_in_host_wall": true,
        "queue_or_stream_count": 4,
        "recording_in_timed_region": false,
        "strategy": "multi_stream",
        "submit_in_host_wall": true
      },
      "timing": {
        "burst": {
          "dispatches_per_iteration": 1,
          "gpu_elapsed": {
            "clock": "hip_event",
            "per_iteration_us": {
              "max": 10.112,
              "median": 9.812,
              "min": 9.804,
              "n": 5,
              "p05": 9.8056,
              "p95": 10.0584,
              "samples": 5,
              "stdev": 0.1184
            },
            "sequence_us": {
              "max": 101.12,
              "median": 98.12,
              "min": 98.04,
              "n": 5,
              "p05": 98.056,
              "p95": 100.584,
              "samples": 5,
              "stdev": 1.184
            },
            "status": "ok"
          },
          "host_wall": {
            "clock": "steady_clock",
            "per_iteration_us": {
              "max": 29.4373,
              "median": 11.5921,
              "min": 11.5771,
              "n": 5,
              "p05": 11.5771,
              "p95": 26.01526,
              "samples": 5,
              "stdev": 7.073469503
            },
            "sequence_us": {
              "max": 294.373,
              "median": 115.921,
              "min": 115.771,
              "n": 5,
              "p05": 115.771,
              "p95": 260.1526,
              "samples": 5,
              "stdev": 70.73469503
            },
            "status": "ok"
          },
          "logical_iterations": 10
        },
        "single": {
          "dispatches_per_iteration": 1,
          "gpu_elapsed": {
            "clock": "hip_event",
            "per_iteration_us": {
              "max": 102.36,
              "median": 97.96,
              "min": 97.6,
              "n": 5,
              "p05": 97.608,
              "p95": 101.488,
              "samples": 5,
              "stdev": 1.831178855
            },
            "sequence_us": {
              "max": 102.36,
              "median": 97.96,
              "min": 97.6,
              "n": 5,
              "p05": 97.608,
              "p95": 101.488,
              "samples": 5,
              "stdev": 1.831178855
            },
            "status": "ok"
          },
          "host_wall": {
            "clock": "steady_clock",
            "per_iteration_us": {
              "max": 290.552,
              "median": 116.381,
              "min": 116.212,
              "n": 5,
              "p05": 116.2258,
              "p95": 255.7278,
              "samples": 5,
              "stdev": 69.69034171
            },
            "sequence_us": {
              "max": 290.552,
              "median": 116.381,
              "min": 116.212,
              "n": 5,
              "p05": 116.2258,
              "p95": 255.7278,
              "samples": 5,
              "stdev": 69.69034171
            },
            "status": "ok"
          },
          "logical_iterations": 1
        }
      },
      "timing_mode": "independent_throughput",
      "variant": "extra_barrier",
      "workgroup_size": 64,
      "workgroup_specialization": "fixed"
    },
    {
      "backend": "hip",
      "body_repeats": 32,
      "bytes_per_us": 4129.032258,
      "correctness": {
        "single_dispatch": {
          "oracle": "deterministic CPU f32 reference with sequence tag",
          "status": "pass"
        },
        "synchronization": {
          "barrier_count": 0,
          "method": "disjoint_outputs",
          "status": "pass"
        },
        "timed_sequence": {
          "coverage": "all_dispatches",
          "logical_iterations": 10,
          "oracle": "deterministic CPU f32 reference with sequence tag",
          "status": "pass"
        }
      },
      "correctness_pass": true,
      "dependency_contract": {
        "inter_dispatch_ordering": "none",
        "output_partitioning": "disjoint",
        "validation_status": "pass",
        "work_dependency": "independent"
      },
      "gflops": 33.03225806,
      "k": 512,
      "max_abs": 0,
      "max_rel": 0,
      "max_us": 1.032,
      "median_us": 0.992,
      "min_us": 0.98,
      "p05_us": 0.9816,
      "p95_us": 1.0256,
      "row_key": {
        "k": 512,
        "rows": 1,
        "workgroup_size": 256
      },
      "rows": 1,
      "submission": {
        "completion_in_host_wall": true,
        "queue_or_stream_count": 4,
        "recording_in_timed_region": false,
        "strategy": "multi_stream",
        "submit_in_host_wall": true
      },
      "timing": {
        "burst": {
          "dispatches_per_iteration": 1,
          "gpu_elapsed": {
            "clock": "hip_event",
            "per_iteration_us": {
              "max": 1.032,
              "median": 0.992,
              "min": 0.98,
              "n": 5,
              "p05": 0.9816,
              "p95": 1.0256,
              "samples": 5,
              "stdev": 0.01799555501
            },
            "sequence_us": {
              "max": 10.32,
              "median": 9.92,
              "min": 9.8,
              "n": 5,
              "p05": 9.816,
              "p95": 10.256,
              "samples": 5,
              "stdev": 0.1799555501
            },
            "status": "ok"
          },
          "host_wall": {
            "clock": "steady_clock",
            "per_iteration_us": {
              "max": 19.7562,
              "median": 2.709,
              "min": 2.682,
              "n": 5,
              "p05": 2.686,
              "p95": 16.35758,
              "samples": 5,
              "stdev": 6.816922866
            },
            "sequence_us": {
              "max": 197.562,
              "median": 27.09,
              "min": 26.82,
              "n": 5,
              "p05": 26.86,
              "p95": 163.5758,
              "samples": 5,
              "stdev": 68.16922866
            },
            "status": "ok"
          },
          "logical_iterations": 10
        },
        "single": {
          "dispatches_per_iteration": 1,
          "gpu_elapsed": {
            "clock": "hip_event",
            "per_iteration_us": {
              "max": 10.12,
              "median": 10.08,
              "min": 9.84,
              "n": 5,
              "p05": 9.888,
              "p95": 10.112,
              "samples": 5,
              "stdev": 0.1011928851
            },
            "sequence_us": {
              "max": 10.12,
              "median": 10.08,
              "min": 9.84,
              "n": 5,
              "p05": 9.888,
              "p95": 10.112,
              "samples": 5,
              "stdev": 0.1011928851
            },
            "status": "ok"
          },
          "host_wall": {
            "clock": "steady_clock",
            "per_iteration_us": {
              "max": 257.602,
              "median": 30.251,
              "min": 29.6,
              "n": 5,
              "p05": 29.61,
              "p95": 212.2856,
              "samples": 5,
              "stdev": 90.99014856
            },
            "sequence_us": {
              "max": 257.602,
              "median": 30.251,
              "min": 29.6,
              "n": 5,
              "p05": 29.61,
              "p95": 212.2856,
              "samples": 5,
              "stdev": 90.99014856
            },
            "status": "ok"
          },
          "logical_iterations": 1
        }
      },
      "timing_mode": "independent_throughput",
      "variant": "extra_barrier",
      "workgroup_size": 256,
      "workgroup_specialization": "fixed"
    },
    {
      "backend": "hip",
      "body_repeats": 32,
      "bytes_per_us": 5793.493635,
      "correctness": {
        "single_dispatch": {
          "oracle": "deterministic CPU f32 reference with sequence tag",
          "status": "pass"
        },
        "synchronization": {
          "barrier_count": 0,
          "method": "disjoint_outputs",
          "status": "pass"
        },
        "timed_sequence": {
          "coverage": "all_dispatches",
          "logical_iterations": 10,
          "oracle": "deterministic CPU f32 reference with sequence tag",
          "status": "pass"
        }
      },
      "correctness_pass": true,
      "dependency_contract": {
        "inter_dispatch_ordering": "none",
        "output_partitioning": "disjoint",
        "validation_status": "pass",
        "work_dependency": "independent"
      },
      "gflops": 46.34794908,
      "k": 2048,
      "max_abs": 0,
      "max_rel": 0,
      "max_us": 2.912,
      "median_us": 2.828,
      "min_us": 2.816,
      "p05_us": 2.8168,
      "p95_us": 2.8984,
      "row_key": {
        "k": 2048,
        "rows": 1,
        "workgroup_size": 256
      },
      "rows": 1,
      "submission": {
        "completion_in_host_wall": true,
        "queue_or_stream_count": 4,
        "recording_in_timed_region": false,
        "strategy": "multi_stream",
        "submit_in_host_wall": true
      },
      "timing": {
        "burst": {
          "dispatches_per_iteration": 1,
          "gpu_elapsed": {
            "clock": "hip_event",
            "per_iteration_us": {
              "max": 2.912,
              "median": 2.828,
              "min": 2.816,
              "n": 5,
              "p05": 2.8168,
              "p95": 2.8984,
              "samples": 5,
              "stdev": 0.03532704347
            },
            "sequence_us": {
              "max": 29.12,
              "median": 28.28,
              "min": 28.16,
              "n": 5,
              "p05": 28.168,
              "p95": 28.984,
              "samples": 5,
              "stdev": 0.3532704347
            },
            "status": "ok"
          },
          "host_wall": {
            "clock": "steady_clock",
            "per_iteration_us": {
              "max": 22.9553,
              "median": 4.602,
              "min": 4.575,
              "n": 5,
              "p05": 4.57782,
              "p95": 19.28584,
              "samples": 5,
              "stdev": 7.34471877
            },
            "sequence_us": {
              "max": 229.553,
              "median": 46.02,
              "min": 45.75,
              "n": 5,
              "p05": 45.7782,
              "p95": 192.8584,
              "samples": 5,
              "stdev": 73.4471877
            },
            "status": "ok"
          },
          "logical_iterations": 10
        },
        "single": {
          "dispatches_per_iteration": 1,
          "gpu_elapsed": {
            "clock": "hip_event",
            "per_iteration_us": {
              "max": 29.44,
              "median": 27.96,
              "min": 27.92,
              "n": 5,
              "p05": 27.92,
              "p95": 29.144,
              "samples": 5,
              "stdev": 0.6002666074
            },
            "sequence_us": {
              "max": 29.44,
              "median": 27.96,
              "min": 27.92,
              "n": 5,
              "p05": 27.92,
              "p95": 29.144,
              "samples": 5,
              "stdev": 0.6002666074
            },
            "status": "ok"
          },
          "host_wall": {
            "clock": "steady_clock",
            "per_iteration_us": {
              "max": 218.722,
              "median": 47.1,
              "min": 46.411,
              "n": 5,
              "p05": 46.429,
              "p95": 184.4096,
              "samples": 5,
              "stdev": 68.77226906
            },
            "sequence_us": {
              "max": 218.722,
              "median": 47.1,
              "min": 46.411,
              "n": 5,
              "p05": 46.429,
              "p95": 184.4096,
              "samples": 5,
              "stdev": 68.77226906
            },
            "status": "ok"
          },
          "logical_iterations": 1
        }
      },
      "timing_mode": "independent_throughput",
      "variant": "extra_barrier",
      "workgroup_size": 256,
      "workgroup_specialization": "fixed"
    },
    {
      "backend": "hip",
      "body_repeats": 32,
      "bytes_per_us": 1526.080477,
      "correctness": {
        "single_dispatch": {
          "oracle": "deterministic CPU f32 reference with sequence tag",
          "status": "pass"
        },
        "synchronization": {
          "barrier_count": 0,
          "method": "disjoint_outputs",
          "status": "pass"
        },
        "timed_sequence": {
          "coverage": "all_dispatches",
          "logical_iterations": 10,
          "oracle": "deterministic CPU f32 reference with sequence tag",
          "status": "pass"
        }
      },
      "correctness_pass": true,
      "dependency_contract": {
        "inter_dispatch_ordering": "none",
        "output_partitioning": "disjoint",
        "validation_status": "pass",
        "work_dependency": "independent"
      },
      "gflops": 12.20864382,
      "k": 512,
      "max_abs": 0,
      "max_rel": 0,
      "max_us": 2.792,
      "median_us": 2.684,
      "min_us": 2.68,
      "p05_us": 2.6808,
      "p95_us": 2.772,
      "row_key": {
        "k": 512,
        "rows": 1,
        "workgroup_size": 64
      },
      "rows": 1,
      "submission": {
        "completion_in_host_wall": true,
        "queue_or_stream_count": 4,
        "recording_in_timed_region": false,
        "strategy": "multi_stream",
        "submit_in_host_wall": true
      },
      "timing": {
        "burst": {
          "dispatches_per_iteration": 1,
          "gpu_elapsed": {
            "clock": "hip_event",
            "per_iteration_us": {
              "max": 2.792,
              "median": 2.684,
              "min": 2.68,
              "n": 5,
              "p05": 2.6808,
              "p95": 2.772,
              "samples": 5,
              "stdev": 0.04297720326
            },
            "sequence_us": {
              "max": 27.92,
              "median": 26.84,
              "min": 26.8,
              "n": 5,
              "p05": 26.808,
              "p95": 27.72,
              "samples": 5,
              "stdev": 0.4297720326
            },
            "status": "ok"
          },
          "host_wall": {
            "clock": "steady_clock",
            "per_iteration_us": {
              "max": 22.2833,
              "median": 4.4001,
              "min": 4.374,
              "n": 5,
              "p05": 4.376,
              "p95": 18.70904,
              "samples": 5,
              "stdev": 7.156321913
            },
            "sequence_us": {
              "max": 222.833,
              "median": 44.001,
              "min": 43.74,
              "n": 5,
              "p05": 43.76,
              "p95": 187.0904,
              "samples": 5,
              "stdev": 71.56321913
            },
            "status": "ok"
          },
          "logical_iterations": 10
        },
        "single": {
          "dispatches_per_iteration": 1,
          "gpu_elapsed": {
            "clock": "hip_event",
            "per_iteration_us": {
              "max": 27.84,
              "median": 26.64,
              "min": 26.52,
              "n": 5,
              "p05": 26.528,
              "p95": 27.608,
              "samples": 5,
              "stdev": 0.4992153844
            },
            "sequence_us": {
              "max": 27.84,
              "median": 26.64,
              "min": 26.52,
              "n": 5,
              "p05": 26.528,
              "p95": 27.608,
              "samples": 5,
              "stdev": 0.4992153844
            },
            "status": "ok"
          },
          "host_wall": {
            "clock": "steady_clock",
            "per_iteration_us": {
              "max": 244.313,
              "median": 46.281,
              "min": 45.91,
              "n": 5,
              "p05": 45.918,
              "p95": 204.7546,
              "samples": 5,
              "stdev": 79.25931724
            },
            "sequence_us": {
              "max": 244.313,
              "median": 46.281,
              "min": 45.91,
              "n": 5,
              "p05": 45.918,
              "p95": 204.7546,
              "samples": 5,
              "stdev": 79.25931724
            },
            "status": "ok"
          },
          "logical_iterations": 1
        }
      },
      "timing_mode": "independent_throughput",
      "variant": "wave_shuffle",
      "workgroup_size": 64,
      "workgroup_specialization": "fixed"
    },
    {
      "backend": "hip",
      "body_repeats": 32,
      "bytes_per_us": 1673.886391,
      "correctness": {
        "single_dispatch": {
          "oracle": "deterministic CPU f32 reference with sequence tag",
          "status": "pass"
        },
        "synchronization": {
          "barrier_count": 0,
          "method": "disjoint_outputs",
          "status": "pass"
        },
        "timed_sequence": {
          "coverage": "all_dispatches",
          "logical_iterations": 10,
          "oracle": "deterministic CPU f32 reference with sequence tag",
          "status": "pass"
        }
      },
      "correctness_pass": true,
      "dependency_contract": {
        "inter_dispatch_ordering": "none",
        "output_partitioning": "disjoint",
        "validation_status": "pass",
        "work_dependency": "independent"
      },
      "gflops": 13.39109113,
      "k": 2048,
      "max_abs": 0,
      "max_rel": 0,
      "max_us": 10.068,
      "median_us": 9.788,
      "min_us": 9.78,
      "p05_us": 9.7808,
      "p95_us": 10.02,
      "row_key": {
        "k": 2048,
        "rows": 1,
        "workgroup_size": 64
      },
      "rows": 1,
      "submission": {
        "completion_in_host_wall": true,
        "queue_or_stream_count": 4,
        "recording_in_timed_region": false,
        "strategy": "multi_stream",
        "submit_in_host_wall": true
      },
      "timing": {
        "burst": {
          "dispatches_per_iteration": 1,
          "gpu_elapsed": {
            "clock": "hip_event",
            "per_iteration_us": {
              "max": 10.068,
              "median": 9.788,
              "min": 9.78,
              "n": 5,
              "p05": 9.7808,
              "p95": 10.02,
              "samples": 5,
              "stdev": 0.1105506219
            },
            "sequence_us": {
              "max": 100.68,
              "median": 97.88,
              "min": 97.8,
              "n": 5,
              "p05": 97.808,
              "p95": 100.2,
              "samples": 5,
              "stdev": 1.105506219
            },
            "status": "ok"
          },
          "host_wall": {
            "clock": "steady_clock",
            "per_iteration_us": {
              "max": 28.6583,
              "median": 11.5612,
              "min": 11.5501,
              "n": 5,
              "p05": 11.5507,
              "p95": 25.23926,
              "samples": 5,
              "stdev": 6.840571719
            },
            "sequence_us": {
              "max": 286.583,
              "median": 115.612,
              "min": 115.501,
              "n": 5,
              "p05": 115.507,
              "p95": 252.3926,
              "samples": 5,
              "stdev": 68.40571719
            },
            "status": "ok"
          },
          "logical_iterations": 10
        },
        "single": {
          "dispatches_per_iteration": 1,
          "gpu_elapsed": {
            "clock": "hip_event",
            "per_iteration_us": {
              "max": 101.2,
              "median": 97.52,
              "min": 97.16,
              "n": 5,
              "p05": 97.208,
              "p95": 100.488,
              "samples": 5,
              "stdev": 1.516332417
            },
            "sequence_us": {
              "max": 101.2,
              "median": 97.52,
              "min": 97.16,
              "n": 5,
              "p05": 97.208,
              "p95": 100.488,
              "samples": 5,
              "stdev": 1.516332417
            },
            "status": "ok"
          },
          "host_wall": {
            "clock": "steady_clock",
            "per_iteration_us": {
              "max": 289.523,
              "median": 115.841,
              "min": 114.891,
              "n": 5,
              "p05": 115.067,
              "p95": 254.8046,
              "samples": 5,
              "stdev": 69.56680519
            },
            "sequence_us": {
              "max": 289.523,
              "median": 115.841,
              "min": 114.891,
              "n": 5,
              "p05": 115.067,
              "p95": 254.8046,
              "samples": 5,
              "stdev": 69.56680519
            },
            "status": "ok"
          },
          "logical_iterations": 1
        }
      },
      "timing_mode": "independent_throughput",
      "variant": "wave_shuffle",
      "workgroup_size": 64,
      "workgroup_specialization": "fixed"
    },
    {
      "backend": "hip",
      "body_repeats": 32,
      "bytes_per_us": 4302.521008,
      "correctness": {
        "single_dispatch": {
          "oracle": "deterministic CPU f32 reference with sequence tag",
          "status": "pass"
        },
        "synchronization": {
          "barrier_count": 0,
          "method": "disjoint_outputs",
          "status": "pass"
        },
        "timed_sequence": {
          "coverage": "all_dispatches",
          "logical_iterations": 10,
          "oracle": "deterministic CPU f32 reference with sequence tag",
          "status": "pass"
        }
      },
      "correctness_pass": true,
      "dependency_contract": {
        "inter_dispatch_ordering": "none",
        "output_partitioning": "disjoint",
        "validation_status": "pass",
        "work_dependency": "independent"
      },
      "gflops": 34.42016807,
      "k": 512,
      "max_abs": 0,
      "max_rel": 0,
      "max_us": 1.004,
      "median_us": 0.952,
      "min_us": 0.944,
      "p05_us": 0.9448,
      "p95_us": 0.9952,
      "row_key": {
        "k": 512,
        "rows": 1,
        "workgroup_size": 256
      },
      "rows": 1,
      "submission": {
        "completion_in_host_wall": true,
        "queue_or_stream_count": 4,
        "recording_in_timed_region": false,
        "strategy": "multi_stream",
        "submit_in_host_wall": true
      },
      "timing": {
        "burst": {
          "dispatches_per_iteration": 1,
          "gpu_elapsed": {
            "clock": "hip_event",
            "per_iteration_us": {
              "max": 1.004,
              "median": 0.952,
              "min": 0.944,
              "n": 5,
              "p05": 0.9448,
              "p95": 0.9952,
              "samples": 5,
              "stdev": 0.02185040045
            },
            "sequence_us": {
              "max": 10.04,
              "median": 9.52,
              "min": 9.44,
              "n": 5,
              "p05": 9.448,
              "p95": 9.952,
              "samples": 5,
              "stdev": 0.2185040045
            },
            "status": "ok"
          },
          "host_wall": {
            "clock": "steady_clock",
            "per_iteration_us": {
              "max": 20.8472,
              "median": 2.726,
              "min": 2.656,
              "n": 5,
              "p05": 2.66662,
              "p95": 17.22336,
              "samples": 5,
              "stdev": 7.257016681
            },
            "sequence_us": {
              "max": 208.472,
              "median": 27.26,
              "min": 26.56,
              "n": 5,
              "p05": 26.6662,
              "p95": 172.2336,
              "samples": 5,
              "stdev": 72.57016681
            },
            "status": "ok"
          },
          "logical_iterations": 10
        },
        "single": {
          "dispatches_per_iteration": 1,
          "gpu_elapsed": {
            "clock": "hip_event",
            "per_iteration_us": {
              "max": 9.48,
              "median": 9.16,
              "min": 9.08,
              "n": 5,
              "p05": 9.096,
              "p95": 9.424,
              "samples": 5,
              "stdev": 0.1376372043
            },
            "sequence_us": {
              "max": 9.48,
              "median": 9.16,
              "min": 9.08,
              "n": 5,
              "p05": 9.096,
              "p95": 9.424,
              "samples": 5,
              "stdev": 0.1376372043
            },
            "status": "ok"
          },
          "host_wall": {
            "clock": "steady_clock",
            "per_iteration_us": {
              "max": 230.962,
              "median": 28.63,
              "min": 28.051,
              "n": 5,
              "p05": 28.0688,
              "p95": 190.5536,
              "samples": 5,
              "stdev": 81.01132674
            },
            "sequence_us": {
              "max": 230.962,
              "median": 28.63,
              "min": 28.051,
              "n": 5,
              "p05": 28.0688,
              "p95": 190.5536,
              "samples": 5,
              "stdev": 81.01132674
            },
            "status": "ok"
          },
          "logical_iterations": 1
        }
      },
      "timing_mode": "independent_throughput",
      "variant": "wave_shuffle",
      "workgroup_size": 256,
      "workgroup_specialization": "fixed"
    },
    {
      "backend": "hip",
      "body_repeats": 32,
      "bytes_per_us": 5893.52518,
      "correctness": {
        "single_dispatch": {
          "oracle": "deterministic CPU f32 reference with sequence tag",
          "status": "pass"
        },
        "synchronization": {
          "barrier_count": 0,
          "method": "disjoint_outputs",
          "status": "pass"
        },
        "timed_sequence": {
          "coverage": "all_dispatches",
          "logical_iterations": 10,
          "oracle": "deterministic CPU f32 reference with sequence tag",
          "status": "pass"
        }
      },
      "correctness_pass": true,
      "dependency_contract": {
        "inter_dispatch_ordering": "none",
        "output_partitioning": "disjoint",
        "validation_status": "pass",
        "work_dependency": "independent"
      },
      "gflops": 47.14820144,
      "k": 2048,
      "max_abs": 0,
      "max_rel": 0,
      "max_us": 2.864,
      "median_us": 2.78,
      "min_us": 2.772,
      "p05_us": 2.7728,
      "p95_us": 2.8496,
      "row_key": {
        "k": 2048,
        "rows": 1,
        "workgroup_size": 256
      },
      "rows": 1,
      "submission": {
        "completion_in_host_wall": true,
        "queue_or_stream_count": 4,
        "recording_in_timed_region": false,
        "strategy": "multi_stream",
        "submit_in_host_wall": true
      },
      "timing": {
        "burst": {
          "dispatches_per_iteration": 1,
          "gpu_elapsed": {
            "clock": "hip_event",
            "per_iteration_us": {
              "max": 2.864,
              "median": 2.78,
              "min": 2.772,
              "n": 5,
              "p05": 2.7728,
              "p95": 2.8496,
              "samples": 5,
              "stdev": 0.03426018097
            },
            "sequence_us": {
              "max": 28.64,
              "median": 27.8,
              "min": 27.72,
              "n": 5,
              "p05": 27.728,
              "p95": 28.496,
              "samples": 5,
              "stdev": 0.3426018097
            },
            "status": "ok"
          },
          "host_wall": {
            "clock": "steady_clock",
            "per_iteration_us": {
              "max": 22.0662,
              "median": 4.531,
              "min": 4.5181,
              "n": 5,
              "p05": 4.51928,
              "p95": 18.56158,
              "samples": 5,
              "stdev": 7.014864941
            },
            "sequence_us": {
              "max": 220.662,
              "median": 45.31,
              "min": 45.181,
              "n": 5,
              "p05": 45.1928,
              "p95": 185.6158,
              "samples": 5,
              "stdev": 70.14864941
            },
            "status": "ok"
          },
          "logical_iterations": 10
        },
        "single": {
          "dispatches_per_iteration": 1,
          "gpu_elapsed": {
            "clock": "hip_event",
            "per_iteration_us": {
              "max": 28.36,
              "median": 27.36,
              "min": 27.32,
              "n": 5,
              "p05": 27.328,
              "p95": 28.176,
              "samples": 5,
              "stdev": 0.3979145637
            },
            "sequence_us": {
              "max": 28.36,
              "median": 27.36,
              "min": 27.32,
              "n": 5,
              "p05": 27.328,
              "p95": 28.176,
              "samples": 5,
              "stdev": 0.3979145637
            },
            "status": "ok"
          },
          "host_wall": {
            "clock": "steady_clock",
            "per_iteration_us": {
              "max": 215.362,
              "median": 45.54,
              "min": 45.371,
              "n": 5,
              "p05": 45.387,
              "p95": 181.4016,
              "samples": 5,
              "stdev": 67.95263344
            },
            "sequence_us": {
              "max": 215.362,
              "median": 45.54,
              "min": 45.371,
              "n": 5,
              "p05": 45.387,
              "p95": 181.4016,
              "samples": 5,
              "stdev": 67.95263344
            },
            "status": "ok"
          },
          "logical_iterations": 1
        }
      },
      "timing_mode": "independent_throughput",
      "variant": "wave_shuffle",
      "workgroup_size": 256,
      "workgroup_specialization": "fixed"
    },
    {
      "backend": "hip",
      "body_repeats": 32,
      "bytes_per_us": 1456.614509,
      "correctness": {
        "single_dispatch": {
          "oracle": "deterministic CPU f32 reference with sequence tag",
          "status": "pass"
        },
        "synchronization": {
          "barrier_count": 0,
          "method": "disjoint_outputs",
          "status": "pass"
        },
        "timed_sequence": {
          "coverage": "all_dispatches",
          "logical_iterations": 10,
          "oracle": "deterministic CPU f32 reference with sequence tag",
          "status": "pass"
        }
      },
      "correctness_pass": true,
      "dependency_contract": {
        "inter_dispatch_ordering": "none",
        "output_partitioning": "disjoint",
        "validation_status": "pass",
        "work_dependency": "independent"
      },
      "gflops": 11.65291607,
      "k": 512,
      "max_abs": 0,
      "max_rel": 0,
      "max_us": 2.924,
      "median_us": 2.812,
      "min_us": 2.8,
      "p05_us": 2.8008,
      "p95_us": 2.9016,
      "row_key": {
        "k": 512,
        "rows": 1,
        "workgroup_size": 64
      },
      "rows": 1,
      "submission": {
        "completion_in_host_wall": true,
        "queue_or_stream_count": 4,
        "recording_in_timed_region": false,
        "strategy": "multi_stream",
        "submit_in_host_wall": true
      },
      "timing": {
        "burst": {
          "dispatches_per_iteration": 1,
          "gpu_elapsed": {
            "clock": "hip_event",
            "per_iteration_us": {
              "max": 2.924,
              "median": 2.812,
              "min": 2.8,
              "n": 5,
              "p05": 2.8008,
              "p95": 2.9016,
              "samples": 5,
              "stdev": 0.04703020306
            },
            "sequence_us": {
              "max": 29.24,
              "median": 28.12,
              "min": 28,
              "n": 5,
              "p05": 28.008,
              "p95": 29.016,
              "samples": 5,
              "stdev": 0.4703020306
            },
            "status": "ok"
          },
          "host_wall": {
            "clock": "steady_clock",
            "per_iteration_us": {
              "max": 22.2212,
              "median": 4.538,
              "min": 4.507,
              "n": 5,
              "p05": 4.50862,
              "p95": 18.68738,
              "samples": 5,
              "stdev": 7.077278202
            },
            "sequence_us": {
              "max": 222.212,
              "median": 45.38,
              "min": 45.07,
              "n": 5,
              "p05": 45.0862,
              "p95": 186.8738,
              "samples": 5,
              "stdev": 70.77278202
            },
            "status": "ok"
          },
          "logical_iterations": 10
        },
        "single": {
          "dispatches_per_iteration": 1,
          "gpu_elapsed": {
            "clock": "hip_event",
            "per_iteration_us": {
              "max": 30.64,
              "median": 27.92,
              "min": 27.72,
              "n": 5,
              "p05": 27.752,
              "p95": 30.104,
              "samples": 5,
              "stdev": 1.110992349
            },
            "sequence_us": {
              "max": 30.64,
              "median": 27.92,
              "min": 27.72,
              "n": 5,
              "p05": 27.752,
              "p95": 30.104,
              "samples": 5,
              "stdev": 1.110992349
            },
            "status": "ok"
          },
          "host_wall": {
            "clock": "steady_clock",
            "per_iteration_us": {
              "max": 262.853,
              "median": 47.6,
              "min": 47.3,
              "n": 5,
              "p05": 47.31,
              "p95": 219.8146,
              "samples": 5,
              "stdev": 86.15021194
            },
            "sequence_us": {
              "max": 262.853,
              "median": 47.6,
              "min": 47.3,
              "n": 5,
              "p05": 47.31,
              "p95": 219.8146,
              "samples": 5,
              "stdev": 86.15021194
            },
            "status": "ok"
          },
          "logical_iterations": 1
        }
      },
      "timing_mode": "independent_throughput",
      "variant": "multi_accum4",
      "workgroup_size": 64,
      "workgroup_specialization": "fixed"
    },
    {
      "backend": "hip",
      "body_repeats": 32,
      "bytes_per_us": 1605.644845,
      "correctness": {
        "single_dispatch": {
          "oracle": "deterministic CPU f32 reference with sequence tag",
          "status": "pass"
        },
        "synchronization": {
          "barrier_count": 0,
          "method": "disjoint_outputs",
          "status": "pass"
        },
        "timed_sequence": {
          "coverage": "all_dispatches",
          "logical_iterations": 10,
          "oracle": "deterministic CPU f32 reference with sequence tag",
          "status": "pass"
        }
      },
      "correctness_pass": true,
      "dependency_contract": {
        "inter_dispatch_ordering": "none",
        "output_partitioning": "disjoint",
        "validation_status": "pass",
        "work_dependency": "independent"
      },
      "gflops": 12.84515876,
      "k": 2048,
      "max_abs": 0,
      "max_rel": 0,
      "max_us": 10.5,
      "median_us": 10.204,
      "min_us": 10.192,
      "p05_us": 10.1936,
      "p95_us": 10.4448,
      "row_key": {
        "k": 2048,
        "rows": 1,
        "workgroup_size": 64
      },
      "rows": 1,
      "submission": {
        "completion_in_host_wall": true,
        "queue_or_stream_count": 4,
        "recording_in_timed_region": false,
        "strategy": "multi_stream",
        "submit_in_host_wall": true
      },
      "timing": {
        "burst": {
          "dispatches_per_iteration": 1,
          "gpu_elapsed": {
            "clock": "hip_event",
            "per_iteration_us": {
              "max": 10.5,
              "median": 10.204,
              "min": 10.192,
              "n": 5,
              "p05": 10.1936,
              "p95": 10.4448,
              "samples": 5,
              "stdev": 0.1184702494
            },
            "sequence_us": {
              "max": 105,
              "median": 102.04,
              "min": 101.92,
              "n": 5,
              "p05": 101.936,
              "p95": 104.448,
              "samples": 5,
              "stdev": 1.184702494
            },
            "status": "ok"
          },
          "host_wall": {
            "clock": "steady_clock",
            "per_iteration_us": {
              "max": 30.1092,
              "median": 11.9562,
              "min": 11.9211,
              "n": 5,
              "p05": 11.9257,
              "p95": 26.47878,
              "samples": 5,
              "stdev": 7.265841606
            },
            "sequence_us": {
              "max": 301.092,
              "median": 119.562,
              "min": 119.211,
              "n": 5,
              "p05": 119.257,
              "p95": 264.7878,
              "samples": 5,
              "stdev": 72.65841606
            },
            "status": "ok"
          },
          "logical_iterations": 10
        },
        "single": {
          "dispatches_per_iteration": 1,
          "gpu_elapsed": {
            "clock": "hip_event",
            "per_iteration_us": {
              "max": 106.68,
              "median": 101.84,
              "min": 101.48,
              "n": 5,
              "p05": 101.48,
              "p95": 105.712,
              "samples": 5,
              "stdev": 2.014443844
            },
            "sequence_us": {
              "max": 106.68,
              "median": 101.84,
              "min": 101.48,
              "n": 5,
              "p05": 101.48,
              "p95": 105.712,
              "samples": 5,
              "stdev": 2.014443844
            },
            "status": "ok"
          },
          "host_wall": {
            "clock": "steady_clock",
            "per_iteration_us": {
              "max": 292.953,
              "median": 120.351,
              "min": 119.431,
              "n": 5,
              "p05": 119.513,
              "p95": 258.4688,
              "samples": 5,
              "stdev": 69.16678328
            },
            "sequence_us": {
              "max": 292.953,
              "median": 120.351,
              "min": 119.431,
              "n": 5,
              "p05": 119.513,
              "p95": 258.4688,
              "samples": 5,
              "stdev": 69.16678328
            },
            "status": "ok"
          },
          "logical_iterations": 1
        }
      },
      "timing_mode": "independent_throughput",
      "variant": "multi_accum4",
      "workgroup_size": 64,
      "workgroup_specialization": "fixed"
    },
    {
      "backend": "hip",
      "body_repeats": 32,
      "bytes_per_us": 3631.205674,
      "correctness": {
        "single_dispatch": {
          "oracle": "deterministic CPU f32 reference with sequence tag",
          "status": "pass"
        },
        "synchronization": {
          "barrier_count": 0,
          "method": "disjoint_outputs",
          "status": "pass"
        },
        "timed_sequence": {
          "coverage": "all_dispatches",
          "logical_iterations": 10,
          "oracle": "deterministic CPU f32 reference with sequence tag",
          "status": "pass"
        }
      },
      "correctness_pass": true,
      "dependency_contract": {
        "inter_dispatch_ordering": "none",
        "output_partitioning": "disjoint",
        "validation_status": "pass",
        "work_dependency": "independent"
      },
      "gflops": 29.04964539,
      "k": 512,
      "max_abs": 0,
      "max_rel": 0,
      "max_us": 1.196,
      "median_us": 1.128,
      "min_us": 1.12,
      "p05_us": 1.1208,
      "p95_us": 1.1832,
      "row_key": {
        "k": 512,
        "rows": 1,
        "workgroup_size": 256
      },
      "rows": 1,
      "submission": {
        "completion_in_host_wall": true,
        "queue_or_stream_count": 4,
        "recording_in_timed_region": false,
        "strategy": "multi_stream",
        "submit_in_host_wall": true
      },
      "timing": {
        "burst": {
          "dispatches_per_iteration": 1,
          "gpu_elapsed": {
            "clock": "hip_event",
            "per_iteration_us": {
              "max": 1.196,
              "median": 1.128,
              "min": 1.12,
              "n": 5,
              "p05": 1.1208,
              "p95": 1.1832,
              "samples": 5,
              "stdev": 0.02828427125
            },
            "sequence_us": {
              "max": 11.96,
              "median": 11.28,
              "min": 11.2,
              "n": 5,
              "p05": 11.208,
              "p95": 11.832,
              "samples": 5,
              "stdev": 0.2828427125
            },
            "status": "ok"
          },
          "host_wall": {
            "clock": "steady_clock",
            "per_iteration_us": {
              "max": 20.5043,
              "median": 2.85,
              "min": 2.8361,
              "n": 5,
              "p05": 2.83688,
              "p95": 16.97844,
              "samples": 5,
              "stdev": 7.061622999
            },
            "sequence_us": {
              "max": 205.043,
              "median": 28.5,
              "min": 28.361,
              "n": 5,
              "p05": 28.3688,
              "p95": 169.7844,
              "samples": 5,
              "stdev": 70.61622999
            },
            "status": "ok"
          },
          "logical_iterations": 10
        },
        "single": {
          "dispatches_per_iteration": 1,
          "gpu_elapsed": {
            "clock": "hip_event",
            "per_iteration_us": {
              "max": 11.76,
              "median": 10.92,
              "min": 10.76,
              "n": 5,
              "p05": 10.768,
              "p95": 11.592,
              "samples": 5,
              "stdev": 0.3695619028
            },
            "sequence_us": {
              "max": 11.76,
              "median": 10.92,
              "min": 10.76,
              "n": 5,
              "p05": 10.768,
              "p95": 11.592,
              "samples": 5,
              "stdev": 0.3695619028
            },
            "status": "ok"
          },
          "host_wall": {
            "clock": "steady_clock",
            "per_iteration_us": {
              "max": 221.622,
              "median": 30.47,
              "min": 30.04,
              "n": 5,
              "p05": 30.1062,
              "p95": 183.4676,
              "samples": 5,
              "stdev": 76.47613615
            },
            "sequence_us": {
              "max": 221.622,
              "median": 30.47,
              "min": 30.04,
              "n": 5,
              "p05": 30.1062,
              "p95": 183.4676,
              "samples": 5,
              "stdev": 76.47613615
            },
            "status": "ok"
          },
          "logical_iterations": 1
        }
      },
      "timing_mode": "independent_throughput",
      "variant": "multi_accum4",
      "workgroup_size": 256,
      "workgroup_specialization": "fixed"
    },
    {
      "backend": "hip",
      "body_repeats": 32,
      "bytes_per_us": 5550.135501,
      "correctness": {
        "single_dispatch": {
          "oracle": "deterministic CPU f32 reference with sequence tag",
          "status": "pass"
        },
        "synchronization": {
          "barrier_count": 0,
          "method": "disjoint_outputs",
          "status": "pass"
        },
        "timed_sequence": {
          "coverage": "all_dispatches",
          "logical_iterations": 10,
          "oracle": "deterministic CPU f32 reference with sequence tag",
          "status": "pass"
        }
      },
      "correctness_pass": true,
      "dependency_contract": {
        "inter_dispatch_ordering": "none",
        "output_partitioning": "disjoint",
        "validation_status": "pass",
        "work_dependency": "independent"
      },
      "gflops": 44.40108401,
      "k": 2048,
      "max_abs": 0,
      "max_rel": 0,
      "max_us": 3.06,
      "median_us": 2.952,
      "min_us": 2.94,
      "p05_us": 2.94,
      "p95_us": 3.0464,
      "row_key": {
        "k": 2048,
        "rows": 1,
        "workgroup_size": 256
      },
      "rows": 1,
      "submission": {
        "completion_in_host_wall": true,
        "queue_or_stream_count": 4,
        "recording_in_timed_region": false,
        "strategy": "multi_stream",
        "submit_in_host_wall": true
      },
      "timing": {
        "burst": {
          "dispatches_per_iteration": 1,
          "gpu_elapsed": {
            "clock": "hip_event",
            "per_iteration_us": {
              "max": 3.06,
              "median": 2.952,
              "min": 2.94,
              "n": 5,
              "p05": 2.94,
              "p95": 3.0464,
              "samples": 5,
              "stdev": 0.0457751024
            },
            "sequence_us": {
              "max": 30.6,
              "median": 29.52,
              "min": 29.4,
              "n": 5,
              "p05": 29.4,
              "p95": 30.464,
              "samples": 5,
              "stdev": 0.457751024
            },
            "status": "ok"
          },
          "host_wall": {
            "clock": "steady_clock",
            "per_iteration_us": {
              "max": 22.2513,
              "median": 4.735,
              "min": 4.729,
              "n": 5,
              "p05": 4.72922,
              "p95": 18.75124,
              "samples": 5,
              "stdev": 7.006014418
            },
            "sequence_us": {
              "max": 222.513,
              "median": 47.35,
              "min": 47.29,
              "n": 5,
              "p05": 47.2922,
              "p95": 187.5124,
              "samples": 5,
              "stdev": 70.06014418
            },
            "status": "ok"
          },
          "logical_iterations": 10
        },
        "single": {
          "dispatches_per_iteration": 1,
          "gpu_elapsed": {
            "clock": "hip_event",
            "per_iteration_us": {
              "max": 30.68,
              "median": 29.12,
              "min": 28.96,
              "n": 5,
              "p05": 28.968,
              "p95": 30.376,
              "samples": 5,
              "stdev": 0.6521840231
            },
            "sequence_us": {
              "max": 30.68,
              "median": 29.12,
              "min": 28.96,
              "n": 5,
              "p05": 28.968,
              "p95": 30.376,
              "samples": 5,
              "stdev": 0.6521840231
            },
            "status": "ok"
          },
          "host_wall": {
            "clock": "steady_clock",
            "per_iteration_us": {
              "max": 215.832,
              "median": 47.291,
              "min": 47.24,
              "n": 5,
              "p05": 47.248,
              "p95": 182.4438,
              "samples": 5,
              "stdev": 67.26553078
            },
            "sequence_us": {
              "max": 215.832,
              "median": 47.291,
              "min": 47.24,
              "n": 5,
              "p05": 47.248,
              "p95": 182.4438,
              "samples": 5,
              "stdev": 67.26553078
            },
            "status": "ok"
          },
          "logical_iterations": 1
        }
      },
      "timing_mode": "independent_throughput",
      "variant": "multi_accum4",
      "workgroup_size": 256,
      "workgroup_specialization": "fixed"
    },
    {
      "backend": "hip",
      "body_repeats": 32,
      "bytes_per_us": 1477.633478,
      "correctness": {
        "single_dispatch": {
          "oracle": "deterministic CPU f32 reference with sequence tag",
          "status": "pass"
        },
        "synchronization": {
          "barrier_count": 0,
          "method": "disjoint_outputs",
          "status": "pass"
        },
        "timed_sequence": {
          "coverage": "all_dispatches",
          "logical_iterations": 10,
          "oracle": "deterministic CPU f32 reference with sequence tag",
          "status": "pass"
        }
      },
      "correctness_pass": true,
      "dependency_contract": {
        "inter_dispatch_ordering": "none",
        "output_partitioning": "disjoint",
        "validation_status": "pass",
        "work_dependency": "independent"
      },
      "gflops": 11.82106782,
      "k": 512,
      "max_abs": 0,
      "max_rel": 0,
      "max_us": 2.908,
      "median_us": 2.772,
      "min_us": 2.764,
      "p05_us": 2.7656,
      "p95_us": 2.8816,
      "row_key": {
        "k": 512,
        "rows": 1,
        "workgroup_size": 64
      },
      "rows": 1,
      "submission": {
        "completion_in_host_wall": true,
        "queue_or_stream_count": 4,
        "recording_in_timed_region": false,
        "strategy": "multi_stream",
        "submit_in_host_wall": true
      },
      "timing": {
        "burst": {
          "dispatches_per_iteration": 1,
          "gpu_elapsed": {
            "clock": "hip_event",
            "per_iteration_us": {
              "max": 2.908,
              "median": 2.772,
              "min": 2.764,
              "n": 5,
              "p05": 2.7656,
              "p95": 2.8816,
              "samples": 5,
              "stdev": 0.05493851108
            },
            "sequence_us": {
              "max": 29.08,
              "median": 27.72,
              "min": 27.64,
              "n": 5,
              "p05": 27.656,
              "p95": 28.816,
              "samples": 5,
              "stdev": 0.5493851108
            },
            "status": "ok"
          },
          "host_wall": {
            "clock": "steady_clock",
            "per_iteration_us": {
              "max": 21.8343,
              "median": 4.519,
              "min": 4.47,
              "n": 5,
              "p05": 4.47442,
              "p95": 18.37304,
              "samples": 5,
              "stdev": 6.932840099
            },
            "sequence_us": {
              "max": 218.343,
              "median": 45.19,
              "min": 44.7,
              "n": 5,
              "p05": 44.7442,
              "p95": 183.7304,
              "samples": 5,
              "stdev": 69.32840099
            },
            "status": "ok"
          },
          "logical_iterations": 10
        },
        "single": {
          "dispatches_per_iteration": 1,
          "gpu_elapsed": {
            "clock": "hip_event",
            "per_iteration_us": {
              "max": 29.44,
              "median": 27.36,
              "min": 27.32,
              "n": 5,
              "p05": 27.328,
              "p95": 29.04,
              "samples": 5,
              "stdev": 0.8289173662
            },
            "sequence_us": {
              "max": 29.44,
              "median": 27.36,
              "min": 27.32,
              "n": 5,
              "p05": 27.328,
              "p95": 29.04,
              "samples": 5,
              "stdev": 0.8289173662
            },
            "status": "ok"
          },
          "host_wall": {
            "clock": "steady_clock",
            "per_iteration_us": {
              "max": 220.343,
              "median": 45.51,
              "min": 44.63,
              "n": 5,
              "p05": 44.7282,
              "p95": 185.4244,
              "samples": 5,
              "stdev": 70.03712605
            },
            "sequence_us": {
              "max": 220.343,
              "median": 45.51,
              "min": 44.63,
              "n": 5,
              "p05": 44.7282,
              "p95": 185.4244,
              "samples": 5,
              "stdev": 70.03712605
            },
            "status": "ok"
          },
          "logical_iterations": 1
        }
      },
      "timing_mode": "independent_throughput",
      "variant": "multi_accum8",
      "workgroup_size": 64,
      "workgroup_specialization": "fixed"
    },
    {
      "backend": "hip",
      "body_repeats": 32,
      "bytes_per_us": 1631.87251,
      "correctness": {
        "single_dispatch": {
          "oracle": "deterministic CPU f32 reference with sequence tag",
          "status": "pass"
        },
        "synchronization": {
          "barrier_count": 0,
          "method": "disjoint_outputs",
          "status": "pass"
        },
        "timed_sequence": {
          "coverage": "all_dispatches",
          "logical_iterations": 10,
          "oracle": "deterministic CPU f32 reference with sequence tag",
          "status": "pass"
        }
      },
      "correctness_pass": true,
      "dependency_contract": {
        "inter_dispatch_ordering": "none",
        "output_partitioning": "disjoint",
        "validation_status": "pass",
        "work_dependency": "independent"
      },
      "gflops": 13.05498008,
      "k": 2048,
      "max_abs": 0,
      "max_rel": 0,
      "max_us": 10.372,
      "median_us": 10.04,
      "min_us": 10.032,
      "p05_us": 10.0336,
      "p95_us": 10.312,
      "row_key": {
        "k": 2048,
        "rows": 1,
        "workgroup_size": 64
      },
      "rows": 1,
      "submission": {
        "completion_in_host_wall": true,
        "queue_or_stream_count": 4,
        "recording_in_timed_region": false,
        "strategy": "multi_stream",
        "submit_in_host_wall": true
      },
      "timing": {
        "burst": {
          "dispatches_per_iteration": 1,
          "gpu_elapsed": {
            "clock": "hip_event",
            "per_iteration_us": {
              "max": 10.372,
              "median": 10.04,
              "min": 10.032,
              "n": 5,
              "p05": 10.0336,
              "p95": 10.312,
              "samples": 5,
              "stdev": 0.131121928
            },
            "sequence_us": {
              "max": 103.72,
              "median": 100.4,
              "min": 100.32,
              "n": 5,
              "p05": 100.336,
              "p95": 103.12,
              "samples": 5,
              "stdev": 1.31121928
            },
            "status": "ok"
          },
          "host_wall": {
            "clock": "steady_clock",
            "per_iteration_us": {
              "max": 29.2653,
              "median": 11.7951,
              "min": 11.7751,
              "n": 5,
              "p05": 11.7777,
              "p95": 25.77988,
              "samples": 5,
              "stdev": 6.986502088
            },
            "sequence_us": {
              "max": 292.653,
              "median": 117.951,
              "min": 117.751,
              "n": 5,
              "p05": 117.777,
              "p95": 257.7988,
              "samples": 5,
              "stdev": 69.86502088
            },
            "status": "ok"
          },
          "logical_iterations": 10
        },
        "single": {
          "dispatches_per_iteration": 1,
          "gpu_elapsed": {
            "clock": "hip_event",
            "per_iteration_us": {
              "max": 104.12,
              "median": 100.2,
              "min": 99.88,
              "n": 5,
              "p05": 99.896,
              "p95": 103.368,
              "samples": 5,
              "stdev": 1.617029375
            },
            "sequence_us": {
              "max": 104.12,
              "median": 100.2,
              "min": 99.88,
              "n": 5,
              "p05": 99.896,
              "p95": 103.368,
              "samples": 5,
              "stdev": 1.617029375
            },
            "status": "ok"
          },
          "host_wall": {
            "clock": "steady_clock",
            "per_iteration_us": {
              "max": 285.853,
              "median": 118.891,
              "min": 118.071,
              "n": 5,
              "p05": 118.201,
              "p95": 252.5546,
              "samples": 5,
              "stdev": 66.83807862
            },
            "sequence_us": {
              "max": 285.853,
              "median": 118.891,
              "min": 118.071,
              "n": 5,
              "p05": 118.201,
              "p95": 252.5546,
              "samples": 5,
              "stdev": 66.83807862
            },
            "status": "ok"
          },
          "logical_iterations": 1
        }
      },
      "timing_mode": "independent_throughput",
      "variant": "multi_accum8",
      "workgroup_size": 64,
      "workgroup_specialization": "fixed"
    },
    {
      "backend": "hip",
      "body_repeats": 32,
      "bytes_per_us": 3075.075075,
      "correctness": {
        "single_dispatch": {
          "oracle": "deterministic CPU f32 reference with sequence tag",
          "status": "pass"
        },
        "synchronization": {
          "barrier_count": 0,
          "method": "disjoint_outputs",
          "status": "pass"
        },
        "timed_sequence": {
          "coverage": "all_dispatches",
          "logical_iterations": 10,
          "oracle": "deterministic CPU f32 reference with sequence tag",
          "status": "pass"
        }
      },
      "correctness_pass": true,
      "dependency_contract": {
        "inter_dispatch_ordering": "none",
        "output_partitioning": "disjoint",
        "validation_status": "pass",
        "work_dependency": "independent"
      },
      "gflops": 24.6006006,
      "k": 512,
      "max_abs": 0,
      "max_rel": 0,
      "max_us": 1.408,
      "median_us": 1.332,
      "min_us": 1.296,
      "p05_us": 1.2984,
      "p95_us": 1.3944,
      "row_key": {
        "k": 512,
        "rows": 1,
        "workgroup_size": 256
      },
      "rows": 1,
      "submission": {
        "completion_in_host_wall": true,
        "queue_or_stream_count": 4,
        "recording_in_timed_region": false,
        "strategy": "multi_stream",
        "submit_in_host_wall": true
      },
      "timing": {
        "burst": {
          "dispatches_per_iteration": 1,
          "gpu_elapsed": {
            "clock": "hip_event",
            "per_iteration_us": {
              "max": 1.408,
              "median": 1.332,
              "min": 1.296,
              "n": 5,
              "p05": 1.2984,
              "p95": 1.3944,
              "samples": 5,
              "stdev": 0.03897896869
            },
            "sequence_us": {
              "max": 14.08,
              "median": 13.32,
              "min": 12.96,
              "n": 5,
              "p05": 12.984,
              "p95": 13.944,
              "samples": 5,
              "stdev": 0.3897896869
            },
            "status": "ok"
          },
          "host_wall": {
            "clock": "steady_clock",
            "per_iteration_us": {
              "max": 21.0382,
              "median": 3.0631,
              "min": 3.062,
              "n": 5,
              "p05": 3.0622,
              "p95": 17.45136,
              "samples": 5,
              "stdev": 7.186087812
            },
            "sequence_us": {
              "max": 210.382,
              "median": 30.631,
              "min": 30.62,
              "n": 5,
              "p05": 30.622,
              "p95": 174.5136,
              "samples": 5,
              "stdev": 71.86087812
            },
            "status": "ok"
          },
          "logical_iterations": 10
        },
        "single": {
          "dispatches_per_iteration": 1,
          "gpu_elapsed": {
            "clock": "hip_event",
            "per_iteration_us": {
              "max": 13.48,
              "median": 13,
              "min": 12.88,
              "n": 5,
              "p05": 12.904,
              "p95": 13.392,
              "samples": 5,
              "stdev": 0.2070748657
            },
            "sequence_us": {
              "max": 13.48,
              "median": 13,
              "min": 12.88,
              "n": 5,
              "p05": 12.904,
              "p95": 13.392,
              "samples": 5,
              "stdev": 0.2070748657
            },
            "status": "ok"
          },
          "host_wall": {
            "clock": "steady_clock",
            "per_iteration_us": {
              "max": 236.582,
              "median": 32.541,
              "min": 32.15,
              "n": 5,
              "p05": 32.1522,
              "p95": 195.8016,
              "samples": 5,
              "stdev": 81.67986536
            },
            "sequence_us": {
              "max": 236.582,
              "median": 32.541,
              "min": 32.15,
              "n": 5,
              "p05": 32.1522,
              "p95": 195.8016,
              "samples": 5,
              "stdev": 81.67986536
            },
            "status": "ok"
          },
          "logical_iterations": 1
        }
      },
      "timing_mode": "independent_throughput",
      "variant": "multi_accum8",
      "workgroup_size": 256,
      "workgroup_specialization": "fixed"
    },
    {
      "backend": "hip",
      "body_repeats": 32,
      "bytes_per_us": 5634.112792,
      "correctness": {
        "single_dispatch": {
          "oracle": "deterministic CPU f32 reference with sequence tag",
          "status": "pass"
        },
        "synchronization": {
          "barrier_count": 0,
          "method": "disjoint_outputs",
          "status": "pass"
        },
        "timed_sequence": {
          "coverage": "all_dispatches",
          "logical_iterations": 10,
          "oracle": "deterministic CPU f32 reference with sequence tag",
          "status": "pass"
        }
      },
      "correctness_pass": true,
      "dependency_contract": {
        "inter_dispatch_ordering": "none",
        "output_partitioning": "disjoint",
        "validation_status": "pass",
        "work_dependency": "independent"
      },
      "gflops": 45.07290234,
      "k": 2048,
      "max_abs": 0,
      "max_rel": 0,
      "max_us": 3.024,
      "median_us": 2.908,
      "min_us": 2.904,
      "p05_us": 2.9048,
      "p95_us": 3.0024,
      "row_key": {
        "k": 2048,
        "rows": 1,
        "workgroup_size": 256
      },
      "rows": 1,
      "submission": {
        "completion_in_host_wall": true,
        "queue_or_stream_count": 4,
        "recording_in_timed_region": false,
        "strategy": "multi_stream",
        "submit_in_host_wall": true
      },
      "timing": {
        "burst": {
          "dispatches_per_iteration": 1,
          "gpu_elapsed": {
            "clock": "hip_event",
            "per_iteration_us": {
              "max": 3.024,
              "median": 2.908,
              "min": 2.904,
              "n": 5,
              "p05": 2.9048,
              "p95": 3.0024,
              "samples": 5,
              "stdev": 0.04616492175
            },
            "sequence_us": {
              "max": 30.24,
              "median": 29.08,
              "min": 29.04,
              "n": 5,
              "p05": 29.048,
              "p95": 30.024,
              "samples": 5,
              "stdev": 0.4616492175
            },
            "status": "ok"
          },
          "host_wall": {
            "clock": "steady_clock",
            "per_iteration_us": {
              "max": 22.4812,
              "median": 4.659,
              "min": 4.6271,
              "n": 5,
              "p05": 4.63308,
              "p95": 18.91878,
              "samples": 5,
              "stdev": 7.13127377
            },
            "sequence_us": {
              "max": 224.812,
              "median": 46.59,
              "min": 46.271,
              "n": 5,
              "p05": 46.3308,
              "p95": 189.1878,
              "samples": 5,
              "stdev": 71.3127377
            },
            "status": "ok"
          },
          "logical_iterations": 10
        },
        "single": {
          "dispatches_per_iteration": 1,
          "gpu_elapsed": {
            "clock": "hip_event",
            "per_iteration_us": {
              "max": 29.88,
              "median": 28.6,
              "min": 28.56,
              "n": 5,
              "p05": 28.56,
              "p95": 29.64,
              "samples": 5,
              "stdev": 0.5138715793
            },
            "sequence_us": {
              "max": 29.88,
              "median": 28.6,
              "min": 28.56,
              "n": 5,
              "p05": 28.56,
              "p95": 29.64,
              "samples": 5,
              "stdev": 0.5138715793
            },
            "status": "ok"
          },
          "host_wall": {
            "clock": "steady_clock",
            "per_iteration_us": {
              "max": 215.502,
              "median": 46.731,
              "min": 46.41,
              "n": 5,
              "p05": 46.456,
              "p95": 181.7578,
              "samples": 5,
              "stdev": 67.54472001
            },
            "sequence_us": {
              "max": 215.502,
              "median": 46.731,
              "min": 46.41,
              "n": 5,
              "p05": 46.456,
              "p95": 181.7578,
              "samples": 5,
              "stdev": 67.54472001
            },
            "status": "ok"
          },
          "logical_iterations": 1
        }
      },
      "timing_mode": "independent_throughput",
      "variant": "multi_accum8",
      "workgroup_size": 256,
      "workgroup_specialization": "fixed"
    },
    {
      "backend": "hip",
      "body_repeats": 32,
      "bytes_per_us": 1276.80798,
      "correctness": {
        "single_dispatch": {
          "oracle": "deterministic CPU f32 reference with sequence tag",
          "status": "pass"
        },
        "synchronization": {
          "barrier_count": 0,
          "method": "disjoint_outputs",
          "status": "pass"
        },
        "timed_sequence": {
          "coverage": "all_dispatches",
          "logical_iterations": 10,
          "oracle": "deterministic CPU f32 reference with sequence tag",
          "status": "pass"
        }
      },
      "correctness_pass": true,
      "dependency_contract": {
        "inter_dispatch_ordering": "none",
        "output_partitioning": "disjoint",
        "validation_status": "pass",
        "work_dependency": "independent"
      },
      "gflops": 10.21446384,
      "k": 512,
      "max_abs": 0,
      "max_rel": 0,
      "max_us": 3.412,
      "median_us": 3.208,
      "min_us": 3.188,
      "p05_us": 3.1888,
      "p95_us": 3.376,
      "row_key": {
        "k": 512,
        "rows": 1,
        "workgroup_size": 64
      },
      "rows": 1,
      "submission": {
        "completion_in_host_wall": true,
        "queue_or_stream_count": 4,
        "recording_in_timed_region": false,
        "strategy": "multi_stream",
        "submit_in_host_wall": true
      },
      "timing": {
        "burst": {
          "dispatches_per_iteration": 1,
          "gpu_elapsed": {
            "clock": "hip_event",
            "per_iteration_us": {
              "max": 3.412,
              "median": 3.208,
              "min": 3.188,
              "n": 5,
              "p05": 3.1888,
              "p95": 3.376,
              "samples": 5,
              "stdev": 0.0842320604
            },
            "sequence_us": {
              "max": 34.12,
              "median": 32.08,
              "min": 31.88,
              "n": 5,
              "p05": 31.888,
              "p95": 33.76,
              "samples": 5,
              "stdev": 0.842320604
            },
            "status": "ok"
          },
          "host_wall": {
            "clock": "steady_clock",
            "per_iteration_us": {
              "max": 23.1032,
              "median": 4.9131,
              "min": 4.854,
              "n": 5,
              "p05": 4.857,
              "p95": 19.48158,
              "samples": 5,
              "stdev": 7.278325552
            },
            "sequence_us": {
              "max": 231.032,
              "median": 49.131,
              "min": 48.54,
              "n": 5,
              "p05": 48.57,
              "p95": 194.8158,
              "samples": 5,
              "stdev": 72.78325552
            },
            "status": "ok"
          },
          "logical_iterations": 10
        },
        "single": {
          "dispatches_per_iteration": 1,
          "gpu_elapsed": {
            "clock": "hip_event",
            "per_iteration_us": {
              "max": 36.28,
              "median": 32.12,
              "min": 32.04,
              "n": 5,
              "p05": 32.048,
              "p95": 35.488,
              "samples": 5,
              "stdev": 1.658799566
            },
            "sequence_us": {
              "max": 36.28,
              "median": 32.12,
              "min": 32.04,
              "n": 5,
              "p05": 32.048,
              "p95": 35.488,
              "samples": 5,
              "stdev": 1.658799566
            },
            "status": "ok"
          },
          "host_wall": {
            "clock": "steady_clock",
            "per_iteration_us": {
              "max": 264.943,
              "median": 52.03,
              "min": 51.131,
              "n": 5,
              "p05": 51.2468,
              "p95": 222.5906,
              "samples": 5,
              "stdev": 85.17462318
            },
            "sequence_us": {
              "max": 264.943,
              "median": 52.03,
              "min": 51.131,
              "n": 5,
              "p05": 51.2468,
              "p95": 222.5906,
              "samples": 5,
              "stdev": 85.17462318
            },
            "status": "ok"
          },
          "logical_iterations": 1
        }
      },
      "timing_mode": "independent_throughput",
      "variant": "multi_accum16",
      "workgroup_size": 64,
      "workgroup_specialization": "fixed"
    },
    {
      "backend": "hip",
      "body_repeats": 32,
      "bytes_per_us": 1624.752083,
      "correctness": {
        "single_dispatch": {
          "oracle": "deterministic CPU f32 reference with sequence tag",
          "status": "pass"
        },
        "synchronization": {
          "barrier_count": 0,
          "method": "disjoint_outputs",
          "status": "pass"
        },
        "timed_sequence": {
          "coverage": "all_dispatches",
          "logical_iterations": 10,
          "oracle": "deterministic CPU f32 reference with sequence tag",
          "status": "pass"
        }
      },
      "correctness_pass": true,
      "dependency_contract": {
        "inter_dispatch_ordering": "none",
        "output_partitioning": "disjoint",
        "validation_status": "pass",
        "work_dependency": "independent"
      },
      "gflops": 12.99801666,
      "k": 2048,
      "max_abs": 0,
      "max_rel": 0,
      "max_us": 10.412,
      "median_us": 10.084,
      "min_us": 10.072,
      "p05_us": 10.072,
      "p95_us": 10.3528,
      "row_key": {
        "k": 2048,
        "rows": 1,
        "workgroup_size": 64
      },
      "rows": 1,
      "submission": {
        "completion_in_host_wall": true,
        "queue_or_stream_count": 4,
        "recording_in_timed_region": false,
        "strategy": "multi_stream",
        "submit_in_host_wall": true
      },
      "timing": {
        "burst": {
          "dispatches_per_iteration": 1,
          "gpu_elapsed": {
            "clock": "hip_event",
            "per_iteration_us": {
              "max": 10.412,
              "median": 10.084,
              "min": 10.072,
              "n": 5,
              "p05": 10.072,
              "p95": 10.3528,
              "samples": 5,
              "stdev": 0.1313901062
            },
            "sequence_us": {
              "max": 104.12,
              "median": 100.84,
              "min": 100.72,
              "n": 5,
              "p05": 100.72,
              "p95": 103.528,
              "samples": 5,
              "stdev": 1.313901062
            },
            "status": "ok"
          },
          "host_wall": {
            "clock": "steady_clock",
            "per_iteration_us": {
              "max": 30.0143,
              "median": 11.8441,
              "min": 11.8151,
              "n": 5,
              "p05": 11.82012,
              "p95": 26.38686,
              "samples": 5,
              "stdev": 7.268096764
            },
            "sequence_us": {
              "max": 300.143,
              "median": 118.441,
              "min": 118.151,
              "n": 5,
              "p05": 118.2012,
              "p95": 263.8686,
              "samples": 5,
              "stdev": 72.68096764
            },
            "status": "ok"
          },
          "logical_iterations": 10
        },
        "single": {
          "dispatches_per_iteration": 1,
          "gpu_elapsed": {
            "clock": "hip_event",
            "per_iteration_us": {
              "max": 105.72,
              "median": 100.6,
              "min": 100.24,
              "n": 5,
              "p05": 100.296,
              "p95": 104.712,
              "samples": 5,
              "stdev": 2.089271643
            },
            "sequence_us": {
              "max": 105.72,
              "median": 100.6,
              "min": 100.24,
              "n": 5,
              "p05": 100.296,
              "p95": 104.712,
              "samples": 5,
              "stdev": 2.089271643
            },
            "status": "ok"
          },
          "host_wall": {
            "clock": "steady_clock",
            "per_iteration_us": {
              "max": 289.923,
              "median": 118.941,
              "min": 118.471,
              "n": 5,
              "p05": 118.5092,
              "p95": 255.7866,
              "samples": 5,
              "stdev": 68.43819438
            },
            "sequence_us": {
              "max": 289.923,
              "median": 118.941,
              "min": 118.471,
              "n": 5,
              "p05": 118.5092,
              "p95": 255.7866,
              "samples": 5,
              "stdev": 68.43819438
            },
            "status": "ok"
          },
          "logical_iterations": 1
        }
      },
      "timing_mode": "independent_throughput",
      "variant": "multi_accum16",
      "workgroup_size": 64,
      "workgroup_specialization": "fixed"
    },
    {
      "backend": "hip",
      "body_repeats": 32,
      "bytes_per_us": 2295.964126,
      "correctness": {
        "single_dispatch": {
          "oracle": "deterministic CPU f32 reference with sequence tag",
          "status": "pass"
        },
        "synchronization": {
          "barrier_count": 0,
          "method": "disjoint_outputs",
          "status": "pass"
        },
        "timed_sequence": {
          "coverage": "all_dispatches",
          "logical_iterations": 10,
          "oracle": "deterministic CPU f32 reference with sequence tag",
          "status": "pass"
        }
      },
      "correctness_pass": true,
      "dependency_contract": {
        "inter_dispatch_ordering": "none",
        "output_partitioning": "disjoint",
        "validation_status": "pass",
        "work_dependency": "independent"
      },
      "gflops": 18.367713,
      "k": 512,
      "max_abs": 0,
      "max_rel": 0,
      "max_us": 1.924,
      "median_us": 1.784,
      "min_us": 1.744,
      "p05_us": 1.7464,
      "p95_us": 1.9024,
      "row_key": {
        "k": 512,
        "rows": 1,
        "workgroup_size": 256
      },
      "rows": 1,
      "submission": {
        "completion_in_host_wall": true,
        "queue_or_stream_count": 4,
        "recording_in_timed_region": false,
        "strategy": "multi_stream",
        "submit_in_host_wall": true
      },
      "timing": {
        "burst": {
          "dispatches_per_iteration": 1,
          "gpu_elapsed": {
            "clock": "hip_event",
            "per_iteration_us": {
              "max": 1.924,
              "median": 1.784,
              "min": 1.744,
              "n": 5,
              "p05": 1.7464,
              "p95": 1.9024,
              "samples": 5,
              "stdev": 0.06456748408
            },
            "sequence_us": {
              "max": 19.24,
              "median": 17.84,
              "min": 17.44,
              "n": 5,
              "p05": 17.464,
              "p95": 19.024,
              "samples": 5,
              "stdev": 0.6456748408
            },
            "status": "ok"
          },
          "host_wall": {
            "clock": "steady_clock",
            "per_iteration_us": {
              "max": 21.3752,
              "median": 3.532,
              "min": 3.469,
              "n": 5,
              "p05": 3.47802,
              "p95": 17.81218,
              "samples": 5,
              "stdev": 7.142621351
            },
            "sequence_us": {
              "max": 213.752,
              "median": 35.32,
              "min": 34.69,
              "n": 5,
              "p05": 34.7802,
              "p95": 178.1218,
              "samples": 5,
              "stdev": 71.42621351
            },
            "status": "ok"
          },
          "logical_iterations": 10
        },
        "single": {
          "dispatches_per_iteration": 1,
          "gpu_elapsed": {
            "clock": "hip_event",
            "per_iteration_us": {
              "max": 18.72,
              "median": 18.04,
              "min": 18.04,
              "n": 5,
              "p05": 18.04,
              "p95": 18.624,
              "samples": 5,
              "stdev": 0.2636361129
            },
            "sequence_us": {
              "max": 18.72,
              "median": 18.04,
              "min": 18.04,
              "n": 5,
              "p05": 18.04,
              "p95": 18.624,
              "samples": 5,
              "stdev": 0.2636361129
            },
            "status": "ok"
          },
          "host_wall": {
            "clock": "steady_clock",
            "per_iteration_us": {
              "max": 273.393,
              "median": 38.181,
              "min": 37.8,
              "n": 5,
              "p05": 37.804,
              "p95": 226.3566,
              "samples": 5,
              "stdev": 94.15615893
            },
            "sequence_us": {
              "max": 273.393,
              "median": 38.181,
              "min": 37.8,
              "n": 5,
              "p05": 37.804,
              "p95": 226.3566,
              "samples": 5,
              "stdev": 94.15615893
            },
            "status": "ok"
          },
          "logical_iterations": 1
        }
      },
      "timing_mode": "independent_throughput",
      "variant": "multi_accum16",
      "workgroup_size": 256,
      "workgroup_specialization": "fixed"
    },
    {
      "backend": "hip",
      "body_repeats": 32,
      "bytes_per_us": 4929.001203,
      "correctness": {
        "single_dispatch": {
          "oracle": "deterministic CPU f32 reference with sequence tag",
          "status": "pass"
        },
        "synchronization": {
          "barrier_count": 0,
          "method": "disjoint_outputs",
          "status": "pass"
        },
        "timed_sequence": {
          "coverage": "all_dispatches",
          "logical_iterations": 10,
          "oracle": "deterministic CPU f32 reference with sequence tag",
          "status": "pass"
        }
      },
      "correctness_pass": true,
      "dependency_contract": {
        "inter_dispatch_ordering": "none",
        "output_partitioning": "disjoint",
        "validation_status": "pass",
        "work_dependency": "independent"
      },
      "gflops": 39.43200963,
      "k": 2048,
      "max_abs": 0,
      "max_rel": 0,
      "max_us": 3.472,
      "median_us": 3.324,
      "min_us": 3.28,
      "p05_us": 3.288,
      "p95_us": 3.4464,
      "row_key": {
        "k": 2048,
        "rows": 1,
        "workgroup_size": 256
      },
      "rows": 1,
      "submission": {
        "completion_in_host_wall": true,
        "queue_or_stream_count": 4,
        "recording_in_timed_region": false,
        "strategy": "multi_stream",
        "submit_in_host_wall": true
      },
      "timing": {
        "burst": {
          "dispatches_per_iteration": 1,
          "gpu_elapsed": {
            "clock": "hip_event",
            "per_iteration_us": {
              "max": 3.472,
              "median": 3.324,
              "min": 3.28,
              "n": 5,
              "p05": 3.288,
              "p95": 3.4464,
              "samples": 5,
              "stdev": 0.06538501357
            },
            "sequence_us": {
              "max": 34.72,
              "median": 33.24,
              "min": 32.8,
              "n": 5,
              "p05": 32.88,
              "p95": 34.464,
              "samples": 5,
              "stdev": 0.6538501357
            },
            "status": "ok"
          },
          "host_wall": {
            "clock": "steady_clock",
            "per_iteration_us": {
              "max": 22.9083,
              "median": 5.083,
              "min": 5.0241,
              "n": 5,
              "p05": 5.0355,
              "p95": 19.35044,
              "samples": 5,
              "stdev": 7.132664703
            },
            "sequence_us": {
              "max": 229.083,
              "median": 50.83,
              "min": 50.241,
              "n": 5,
              "p05": 50.355,
              "p95": 193.5044,
              "samples": 5,
              "stdev": 71.32664703
            },
            "status": "ok"
          },
          "logical_iterations": 10
        },
        "single": {
          "dispatches_per_iteration": 1,
          "gpu_elapsed": {
            "clock": "hip_event",
            "per_iteration_us": {
              "max": 35.16,
              "median": 33.12,
              "min": 32.72,
              "n": 5,
              "p05": 32.736,
              "p95": 34.768,
              "samples": 5,
              "stdev": 0.8987101869
            },
            "sequence_us": {
              "max": 35.16,
              "median": 33.12,
              "min": 32.72,
              "n": 5,
              "p05": 32.736,
              "p95": 34.768,
              "samples": 5,
              "stdev": 0.8987101869
            },
            "status": "ok"
          },
          "host_wall": {
            "clock": "steady_clock",
            "per_iteration_us": {
              "max": 219.802,
              "median": 51.441,
              "min": 50.78,
              "n": 5,
              "p05": 50.8802,
              "p95": 186.2516,
              "samples": 5,
              "stdev": 67.36682044
            },
            "sequence_us": {
              "max": 219.802,
              "median": 51.441,
              "min": 50.78,
              "n": 5,
              "p05": 50.8802,
              "p95": 186.2516,
              "samples": 5,
              "stdev": 67.36682044
            },
            "status": "ok"
          },
          "logical_iterations": 1
        }
      },
      "timing_mode": "independent_throughput",
      "variant": "multi_accum16",
      "workgroup_size": 256,
      "workgroup_specialization": "fixed"
    }
  ],
  "schema": "hipengine.micro.reduction_sweep.v2",
  "schema_version": 2,
  "source": {
    "branch": "",
    "commit": "f2c3ad6d74c86e3641ce09ff9fd759eaa6cd75e0",
    "dirty": false,
    "repo": "/tmp/hipEngine-f2c",
    "source_hash": "sha256:9ac12bc1aad5c4ba4b89ec2c43856b112c7f94a80fd12c280a7d1f9b1e147878"
  },
  "source_coverage": {
    "backend_hash_status": {
      "hip": "covered_by_combined_source_hash",
      "vulkan": "covered_by_combined_source_hash"
    },
    "backend_source_hashes": {
      "hip": [],
      "vulkan": []
    },
    "combined_hash_backends": [
      "hip",
      "vulkan"
    ],
    "combined_hash_files": [
      "benchmarks/micro/runners/reduction_sweep.py",
      "benchmarks/micro/runners/hip_geometry_sweep.hip",
      "benchmarks/micro/runners/vulkan_geometry_sweep.cpp",
      "benchmarks/micro/kernels/vulkan/geometry_sweep.comp",
      "benchmarks/micro/kernels/vulkan/reduction_extra_barrier.comp",
      "benchmarks/micro/kernels/vulkan/reduction_subgroup.comp",
      "benchmarks/micro/kernels/vulkan/reduction_multi_accum.comp",
      "benchmarks/micro/runners/micro_timing_hip.hpp",
      "benchmarks/micro/runners/micro_timing_vulkan.hpp",
      "benchmarks/micro/timing_contract.py",
      "benchmarks/micro/comparison_claim.py"
    ],
    "combined_source_hash": "sha256:9ac12bc1aad5c4ba4b89ec2c43856b112c7f94a80fd12c280a7d1f9b1e147878",
    "scope": "single_joint_wrapper_invocation"
  },
  "sources": {
    "shared": {
      "branch": "",
      "commit": "f2c3ad6d74c86e3641ce09ff9fd759eaa6cd75e0",
      "dirty": false,
      "repo": "/tmp/hipEngine-f2c",
      "source_hash": "sha256:9ac12bc1aad5c4ba4b89ec2c43856b112c7f94a80fd12c280a7d1f9b1e147878"
    }
  },
  "summary": {
    "all_correctness_pass": true,
    "backend_ratio_summary": {},
    "host_wall_status": "not_comparable_direct_vs_command_buffer",
    "performance_claim": false,
    "primary_domain": "gpu_elapsed",
    "variant_ratio_summary": {
      "hip_extra_barrier_vs_lds_tree": {
        "max": 0.9970457902511078,
        "median": 0.9963310232368529,
        "min": 0.9798387096774194
      },
      "hip_multi_accum16_vs_lds_tree": {
        "max": 0.9694565648552163,
        "median": 0.8416458852867831,
        "min": 0.5448430493273543
      },
      "hip_multi_accum4_vs_lds_tree": {
        "max": 0.9601706970128024,
        "median": 0.9580556644453155,
        "min": 0.8617021276595745
      },
      "hip_multi_accum8_vs_lds_tree": {
        "max": 0.9740259740259741,
        "median": 0.9737051792828686,
        "min": 0.7297297297297297
      },
      "hip_wave_shuffle_vs_lds_tree": {
        "max": 1.0210084033613445,
        "median": 1.0059612518628913,
        "min": 0.9987740089906006
      }
    }
  },
  "wrapper": {
    "build_dir": "/home/kaden/ClaudeCode/autorocm/redline-pub/examples/hipengine-6409/results/gfx1201/2026-07-13-radiowave-redline/build/redline/reduction",
    "command": [
      "python3",
      "/tmp/hipEngine-f2c/benchmarks/micro/runners/reduction_sweep.py",
      "--backend",
      "hip",
      "--timing-mode",
      "independent_throughput",
      "--independent-streams",
      "4",
      "--reps",
      "10",
      "--warmup",
      "3",
      "--samples",
      "5",
      "--environment-json",
      "/home/kaden/ClaudeCode/autorocm/redline-pub/examples/hipengine-6409/results/gfx1201/2026-07-13-radiowave-redline/environment.json",
      "--environment-ref",
      "/home/kaden/ClaudeCode/autorocm/redline-pub/examples/hipengine-6409/results/gfx1201/2026-07-13-radiowave-redline/environment.json",
      "--gfx-arch",
      "gfx1201",
      "--hardware-gpu",
      "AMD Radeon Graphics",
      "--build-dir",
      "/home/kaden/ClaudeCode/autorocm/redline-pub/examples/hipengine-6409/results/gfx1201/2026-07-13-radiowave-redline/build/redline/reduction",
      "--k-list",
      "512,2048",
      "--rows-list",
      "1",
      "--workgroups",
      "64,256",
      "--body-repeats",
      "32",
      "--out",
      "/home/kaden/ClaudeCode/autorocm/redline-pub/examples/hipengine-6409/results/gfx1201/2026-07-13-radiowave-redline/independent_throughput/redline-reduction.raw.json",
      "--pretty"
    ],
    "cwd": "/tmp/hipEngine-f2c"
  }
}
