WARNING: radv is not a conformant Vulkan implementation, testing use only.
[vulkan] K=512 rows=1 wg=64 median=5.784 us correctness=pass
[vulkan] K=512 rows=1 wg=256 median=1.724 us correctness=pass
[vulkan] K=2048 rows=1 wg=64 median=22.248 us correctness=pass
[vulkan] K=2048 rows=1 wg=256 median=5.936 us correctness=pass
WARNING: radv is not a conformant Vulkan implementation, testing use only.
[vulkan] K=512 rows=1 wg=64 median=7.936 us correctness=pass
[vulkan] K=512 rows=1 wg=256 median=2.372 us correctness=pass
[vulkan] K=2048 rows=1 wg=64 median=31.36 us correctness=pass
[vulkan] K=2048 rows=1 wg=256 median=8.124 us correctness=pass
WARNING: radv is not a conformant Vulkan implementation, testing use only.
[vulkan] K=512 rows=1 wg=64 median=7.444 us correctness=pass
[vulkan] K=512 rows=1 wg=256 median=2.188 us correctness=pass
[vulkan] K=2048 rows=1 wg=64 median=28.74 us correctness=pass
[vulkan] K=2048 rows=1 wg=256 median=7.608 us correctness=pass
WARNING: radv is not a conformant Vulkan implementation, testing use only.
[vulkan] K=512 rows=1 wg=64 median=8.008 us correctness=pass
[vulkan] K=512 rows=1 wg=256 median=2.664 us correctness=pass
[vulkan] K=2048 rows=1 wg=64 median=30.892 us correctness=pass
[vulkan] K=2048 rows=1 wg=256 median=8.188 us correctness=pass
WARNING: radv is not a conformant Vulkan implementation, testing use only.
[vulkan] K=512 rows=1 wg=64 median=7.884 us correctness=pass
[vulkan] K=512 rows=1 wg=256 median=3.152 us correctness=pass
[vulkan] K=2048 rows=1 wg=64 median=30.424 us correctness=pass
[vulkan] K=2048 rows=1 wg=256 median=8.068 us correctness=pass
WARNING: radv is not a conformant Vulkan implementation, testing use only.
[vulkan] K=512 rows=1 wg=64 median=8.868 us correctness=pass
[vulkan] K=512 rows=1 wg=256 median=4.148 us correctness=pass
[vulkan] K=2048 rows=1 wg=64 median=30.18 us correctness=pass
[vulkan] K=2048 rows=1 wg=256 median=9.024 us correctness=pass
{
  "artifact_ref": "/home/kaden/ClaudeCode/autorocm/redline-pub/examples/hipengine-6409/results/gfx1201/2026-07-13-radiowave-redline/independent_throughput/vulkan-reduction.json",
  "bench": "reduction_sweep",
  "claim_gate": {
    "blocking_reasons": [
      "raw_result_identity_mismatch_or_missing",
      "device_identity_mismatch_or_missing",
      "gfx_arch_mismatch_or_missing",
      "comparison_matrix_incomplete"
    ],
    "clean_source": true,
    "correctness_pass": true,
    "device_match": false,
    "gfx_arch_match": false,
    "hip_device_fingerprint": "",
    "matrix": {
      "actual_backend_pairs": 0,
      "actual_rows": 24,
      "backend_pair_requested": false,
      "comparison_set_complete": false,
      "exact_raw_result_set": false,
      "exact_row_set": false,
      "expected_backend_pairs": 20,
      "expected_rows": 48,
      "row_metadata_pass": true
    },
    "matrix_complete": false,
    "performance_claim": false,
    "raw_evidence": {
      "hip": {
        "device_fingerprints": [],
        "device_names": [],
        "gfx_arches": [],
        "identity_pass": false,
        "raw_result_count": 0,
        "source_hashes": []
      },
      "identity_pass": false,
      "vulkan": {
        "device_fingerprints": [
          "radeon_graphics"
        ],
        "device_names": [
          "AMD Radeon Graphics (RADV GFX1201)"
        ],
        "gfx_arches": [],
        "identity_pass": true,
        "raw_result_count": 6,
        "source_hashes": []
      }
    },
    "raw_result_identity_pass": false,
    "same_commit": true,
    "source_hash_present": true,
    "source_scope": "single_joint_wrapper_invocation",
    "status": "blocked",
    "vulkan_device_fingerprint": "radeon_graphics"
  },
  "classification": "diagnostic_unclassified",
  "command": [
    "python3",
    "/tmp/hipEngine-f2c/benchmarks/micro/runners/reduction_sweep.py",
    "--backend",
    "vulkan",
    "--timing-mode",
    "independent_throughput",
    "--independent-streams",
    "4",
    "--reps",
    "10",
    "--warmup",
    "3",
    "--samples",
    "5",
    "--environment-json",
    "/home/kaden/ClaudeCode/autorocm/redline-pub/examples/hipengine-6409/results/gfx1201/2026-07-13-radiowave-redline/environment.json",
    "--environment-ref",
    "/home/kaden/ClaudeCode/autorocm/redline-pub/examples/hipengine-6409/results/gfx1201/2026-07-13-radiowave-redline/environment.json",
    "--gfx-arch",
    "gfx1201",
    "--hardware-gpu",
    "AMD Radeon Graphics",
    "--build-dir",
    "/home/kaden/ClaudeCode/autorocm/redline-pub/examples/hipengine-6409/results/gfx1201/2026-07-13-radiowave-redline/build/vulkan/reduction",
    "--k-list",
    "512,2048",
    "--rows-list",
    "1",
    "--workgroups",
    "64,256",
    "--body-repeats",
    "32",
    "--out",
    "/home/kaden/ClaudeCode/autorocm/redline-pub/examples/hipengine-6409/results/gfx1201/2026-07-13-radiowave-redline/independent_throughput/vulkan-reduction.json",
    "--pretty"
  ],
  "commands": [
    {
      "build_command": [
        "/usr/bin/c++",
        "-O2",
        "-std=c++17",
        "/tmp/hipEngine-f2c/benchmarks/micro/runners/vulkan_geometry_sweep.cpp",
        "-o",
        "/home/kaden/ClaudeCode/autorocm/redline-pub/examples/hipengine-6409/results/gfx1201/2026-07-13-radiowave-redline/build/vulkan/reduction/vulkan_reduction_sweep",
        "-lvulkan"
      ],
      "kind": "vulkan_harness"
    },
    {
      "kind": "vulkan",
      "run_command": [
        "/home/kaden/ClaudeCode/autorocm/redline-pub/examples/hipengine-6409/results/gfx1201/2026-07-13-radiowave-redline/build/vulkan/reduction/vulkan_reduction_sweep",
        "--spirv",
        "/home/kaden/ClaudeCode/autorocm/redline-pub/examples/hipengine-6409/results/gfx1201/2026-07-13-radiowave-redline/build/vulkan/reduction/vulkan_reduction_lds_tree.spv",
        "--json",
        "/home/kaden/ClaudeCode/autorocm/redline-pub/examples/hipengine-6409/results/gfx1201/2026-07-13-radiowave-redline/build/vulkan/reduction/vulkan-lds_tree.json",
        "--k-list",
        "512,2048",
        "--rows-list",
        "1",
        "--workgroups",
        "64,256",
        "--body-repeats",
        "32",
        "--reps",
        "10",
        "--warmup",
        "3",
        "--samples",
        "5",
        "--timing-mode",
        "independent_throughput",
        "--device-index",
        "0"
      ],
      "shader_command": [
        "/tmp/shaderc-2025/root/usr/bin/glslc",
        "--target-env=vulkan1.1",
        "-O",
        "/tmp/hipEngine-f2c/benchmarks/micro/kernels/vulkan/geometry_sweep.comp",
        "-o",
        "/home/kaden/ClaudeCode/autorocm/redline-pub/examples/hipengine-6409/results/gfx1201/2026-07-13-radiowave-redline/build/vulkan/reduction/vulkan_reduction_lds_tree.spv"
      ],
      "variant": "lds_tree"
    },
    {
      "kind": "vulkan",
      "run_command": [
        "/home/kaden/ClaudeCode/autorocm/redline-pub/examples/hipengine-6409/results/gfx1201/2026-07-13-radiowave-redline/build/vulkan/reduction/vulkan_reduction_sweep",
        "--spirv",
        "/home/kaden/ClaudeCode/autorocm/redline-pub/examples/hipengine-6409/results/gfx1201/2026-07-13-radiowave-redline/build/vulkan/reduction/vulkan_reduction_extra_barrier.spv",
        "--json",
        "/home/kaden/ClaudeCode/autorocm/redline-pub/examples/hipengine-6409/results/gfx1201/2026-07-13-radiowave-redline/build/vulkan/reduction/vulkan-extra_barrier.json",
        "--k-list",
        "512,2048",
        "--rows-list",
        "1",
        "--workgroups",
        "64,256",
        "--body-repeats",
        "32",
        "--reps",
        "10",
        "--warmup",
        "3",
        "--samples",
        "5",
        "--timing-mode",
        "independent_throughput",
        "--device-index",
        "0"
      ],
      "shader_command": [
        "/tmp/shaderc-2025/root/usr/bin/glslc",
        "--target-env=vulkan1.1",
        "-O",
        "/tmp/hipEngine-f2c/benchmarks/micro/kernels/vulkan/reduction_extra_barrier.comp",
        "-o",
        "/home/kaden/ClaudeCode/autorocm/redline-pub/examples/hipengine-6409/results/gfx1201/2026-07-13-radiowave-redline/build/vulkan/reduction/vulkan_reduction_extra_barrier.spv"
      ],
      "variant": "extra_barrier"
    },
    {
      "kind": "vulkan",
      "run_command": [
        "/home/kaden/ClaudeCode/autorocm/redline-pub/examples/hipengine-6409/results/gfx1201/2026-07-13-radiowave-redline/build/vulkan/reduction/vulkan_reduction_sweep",
        "--spirv",
        "/home/kaden/ClaudeCode/autorocm/redline-pub/examples/hipengine-6409/results/gfx1201/2026-07-13-radiowave-redline/build/vulkan/reduction/vulkan_reduction_subgroup.spv",
        "--json",
        "/home/kaden/ClaudeCode/autorocm/redline-pub/examples/hipengine-6409/results/gfx1201/2026-07-13-radiowave-redline/build/vulkan/reduction/vulkan-subgroup.json",
        "--k-list",
        "512,2048",
        "--rows-list",
        "1",
        "--workgroups",
        "64,256",
        "--body-repeats",
        "32",
        "--reps",
        "10",
        "--warmup",
        "3",
        "--samples",
        "5",
        "--timing-mode",
        "independent_throughput",
        "--device-index",
        "0"
      ],
      "shader_command": [
        "/tmp/shaderc-2025/root/usr/bin/glslc",
        "--target-env=vulkan1.1",
        "-O",
        "/tmp/hipEngine-f2c/benchmarks/micro/kernels/vulkan/reduction_subgroup.comp",
        "-o",
        "/home/kaden/ClaudeCode/autorocm/redline-pub/examples/hipengine-6409/results/gfx1201/2026-07-13-radiowave-redline/build/vulkan/reduction/vulkan_reduction_subgroup.spv"
      ],
      "variant": "subgroup"
    },
    {
      "kind": "vulkan",
      "run_command": [
        "/home/kaden/ClaudeCode/autorocm/redline-pub/examples/hipengine-6409/results/gfx1201/2026-07-13-radiowave-redline/build/vulkan/reduction/vulkan_reduction_sweep",
        "--spirv",
        "/home/kaden/ClaudeCode/autorocm/redline-pub/examples/hipengine-6409/results/gfx1201/2026-07-13-radiowave-redline/build/vulkan/reduction/vulkan_reduction_multi_accum4.spv",
        "--json",
        "/home/kaden/ClaudeCode/autorocm/redline-pub/examples/hipengine-6409/results/gfx1201/2026-07-13-radiowave-redline/build/vulkan/reduction/vulkan-multi_accum4.json",
        "--k-list",
        "512,2048",
        "--rows-list",
        "1",
        "--workgroups",
        "64,256",
        "--body-repeats",
        "32",
        "--reps",
        "10",
        "--warmup",
        "3",
        "--samples",
        "5",
        "--timing-mode",
        "independent_throughput",
        "--device-index",
        "0"
      ],
      "shader_command": [
        "/tmp/shaderc-2025/root/usr/bin/glslc",
        "--target-env=vulkan1.1",
        "-O",
        "-DHIPENGINE_ACCUM_COUNT=4",
        "/tmp/hipEngine-f2c/benchmarks/micro/kernels/vulkan/reduction_multi_accum.comp",
        "-o",
        "/home/kaden/ClaudeCode/autorocm/redline-pub/examples/hipengine-6409/results/gfx1201/2026-07-13-radiowave-redline/build/vulkan/reduction/vulkan_reduction_multi_accum4.spv"
      ],
      "variant": "multi_accum4"
    },
    {
      "kind": "vulkan",
      "run_command": [
        "/home/kaden/ClaudeCode/autorocm/redline-pub/examples/hipengine-6409/results/gfx1201/2026-07-13-radiowave-redline/build/vulkan/reduction/vulkan_reduction_sweep",
        "--spirv",
        "/home/kaden/ClaudeCode/autorocm/redline-pub/examples/hipengine-6409/results/gfx1201/2026-07-13-radiowave-redline/build/vulkan/reduction/vulkan_reduction_multi_accum8.spv",
        "--json",
        "/home/kaden/ClaudeCode/autorocm/redline-pub/examples/hipengine-6409/results/gfx1201/2026-07-13-radiowave-redline/build/vulkan/reduction/vulkan-multi_accum8.json",
        "--k-list",
        "512,2048",
        "--rows-list",
        "1",
        "--workgroups",
        "64,256",
        "--body-repeats",
        "32",
        "--reps",
        "10",
        "--warmup",
        "3",
        "--samples",
        "5",
        "--timing-mode",
        "independent_throughput",
        "--device-index",
        "0"
      ],
      "shader_command": [
        "/tmp/shaderc-2025/root/usr/bin/glslc",
        "--target-env=vulkan1.1",
        "-O",
        "-DHIPENGINE_ACCUM_COUNT=8",
        "/tmp/hipEngine-f2c/benchmarks/micro/kernels/vulkan/reduction_multi_accum.comp",
        "-o",
        "/home/kaden/ClaudeCode/autorocm/redline-pub/examples/hipengine-6409/results/gfx1201/2026-07-13-radiowave-redline/build/vulkan/reduction/vulkan_reduction_multi_accum8.spv"
      ],
      "variant": "multi_accum8"
    },
    {
      "kind": "vulkan",
      "run_command": [
        "/home/kaden/ClaudeCode/autorocm/redline-pub/examples/hipengine-6409/results/gfx1201/2026-07-13-radiowave-redline/build/vulkan/reduction/vulkan_reduction_sweep",
        "--spirv",
        "/home/kaden/ClaudeCode/autorocm/redline-pub/examples/hipengine-6409/results/gfx1201/2026-07-13-radiowave-redline/build/vulkan/reduction/vulkan_reduction_multi_accum16.spv",
        "--json",
        "/home/kaden/ClaudeCode/autorocm/redline-pub/examples/hipengine-6409/results/gfx1201/2026-07-13-radiowave-redline/build/vulkan/reduction/vulkan-multi_accum16.json",
        "--k-list",
        "512,2048",
        "--rows-list",
        "1",
        "--workgroups",
        "64,256",
        "--body-repeats",
        "32",
        "--reps",
        "10",
        "--warmup",
        "3",
        "--samples",
        "5",
        "--timing-mode",
        "independent_throughput",
        "--device-index",
        "0"
      ],
      "shader_command": [
        "/tmp/shaderc-2025/root/usr/bin/glslc",
        "--target-env=vulkan1.1",
        "-O",
        "-DHIPENGINE_ACCUM_COUNT=16",
        "/tmp/hipEngine-f2c/benchmarks/micro/kernels/vulkan/reduction_multi_accum.comp",
        "-o",
        "/home/kaden/ClaudeCode/autorocm/redline-pub/examples/hipengine-6409/results/gfx1201/2026-07-13-radiowave-redline/build/vulkan/reduction/vulkan_reduction_multi_accum16.spv"
      ],
      "variant": "multi_accum16"
    }
  ],
  "comparison_groups": {
    "backend": [],
    "variant": [
      {
        "comparison": "vulkan_extra_barrier_vs_lds_tree",
        "control": "burst",
        "k": 512,
        "lhs_backend": "vulkan",
        "lhs_correctness_pass": true,
        "lhs_gpu_burst_median_us": 7.936,
        "lhs_variant": "extra_barrier",
        "rhs_backend": "vulkan",
        "rhs_correctness_pass": true,
        "rhs_gpu_burst_median_us": 5.784,
        "rhs_over_lhs_time_ratio": 0.7288306451612903,
        "rhs_variant": "lds_tree",
        "rows": 1,
        "timing_domain": "gpu_elapsed",
        "timing_mode": "independent_throughput",
        "workgroup_size": 64
      },
      {
        "comparison": "vulkan_subgroup_vs_lds_tree",
        "control": "burst",
        "k": 512,
        "lhs_backend": "vulkan",
        "lhs_correctness_pass": true,
        "lhs_gpu_burst_median_us": 7.444,
        "lhs_variant": "subgroup",
        "rhs_backend": "vulkan",
        "rhs_correctness_pass": true,
        "rhs_gpu_burst_median_us": 5.784,
        "rhs_over_lhs_time_ratio": 0.7770016120365395,
        "rhs_variant": "lds_tree",
        "rows": 1,
        "timing_domain": "gpu_elapsed",
        "timing_mode": "independent_throughput",
        "workgroup_size": 64
      },
      {
        "comparison": "vulkan_multi_accum4_vs_lds_tree",
        "control": "burst",
        "k": 512,
        "lhs_backend": "vulkan",
        "lhs_correctness_pass": true,
        "lhs_gpu_burst_median_us": 8.008,
        "lhs_variant": "multi_accum4",
        "rhs_backend": "vulkan",
        "rhs_correctness_pass": true,
        "rhs_gpu_burst_median_us": 5.784,
        "rhs_over_lhs_time_ratio": 0.7222777222777224,
        "rhs_variant": "lds_tree",
        "rows": 1,
        "timing_domain": "gpu_elapsed",
        "timing_mode": "independent_throughput",
        "workgroup_size": 64
      },
      {
        "comparison": "vulkan_multi_accum8_vs_lds_tree",
        "control": "burst",
        "k": 512,
        "lhs_backend": "vulkan",
        "lhs_correctness_pass": true,
        "lhs_gpu_burst_median_us": 7.884,
        "lhs_variant": "multi_accum8",
        "rhs_backend": "vulkan",
        "rhs_correctness_pass": true,
        "rhs_gpu_burst_median_us": 5.784,
        "rhs_over_lhs_time_ratio": 0.7336377473363774,
        "rhs_variant": "lds_tree",
        "rows": 1,
        "timing_domain": "gpu_elapsed",
        "timing_mode": "independent_throughput",
        "workgroup_size": 64
      },
      {
        "comparison": "vulkan_multi_accum16_vs_lds_tree",
        "control": "burst",
        "k": 512,
        "lhs_backend": "vulkan",
        "lhs_correctness_pass": true,
        "lhs_gpu_burst_median_us": 8.868,
        "lhs_variant": "multi_accum16",
        "rhs_backend": "vulkan",
        "rhs_correctness_pass": true,
        "rhs_gpu_burst_median_us": 5.784,
        "rhs_over_lhs_time_ratio": 0.652232746955345,
        "rhs_variant": "lds_tree",
        "rows": 1,
        "timing_domain": "gpu_elapsed",
        "timing_mode": "independent_throughput",
        "workgroup_size": 64
      },
      {
        "comparison": "vulkan_extra_barrier_vs_lds_tree",
        "control": "burst",
        "k": 512,
        "lhs_backend": "vulkan",
        "lhs_correctness_pass": true,
        "lhs_gpu_burst_median_us": 2.372,
        "lhs_variant": "extra_barrier",
        "rhs_backend": "vulkan",
        "rhs_correctness_pass": true,
        "rhs_gpu_burst_median_us": 1.724,
        "rhs_over_lhs_time_ratio": 0.7268128161888702,
        "rhs_variant": "lds_tree",
        "rows": 1,
        "timing_domain": "gpu_elapsed",
        "timing_mode": "independent_throughput",
        "workgroup_size": 256
      },
      {
        "comparison": "vulkan_subgroup_vs_lds_tree",
        "control": "burst",
        "k": 512,
        "lhs_backend": "vulkan",
        "lhs_correctness_pass": true,
        "lhs_gpu_burst_median_us": 2.188,
        "lhs_variant": "subgroup",
        "rhs_backend": "vulkan",
        "rhs_correctness_pass": true,
        "rhs_gpu_burst_median_us": 1.724,
        "rhs_over_lhs_time_ratio": 0.7879341864716636,
        "rhs_variant": "lds_tree",
        "rows": 1,
        "timing_domain": "gpu_elapsed",
        "timing_mode": "independent_throughput",
        "workgroup_size": 256
      },
      {
        "comparison": "vulkan_multi_accum4_vs_lds_tree",
        "control": "burst",
        "k": 512,
        "lhs_backend": "vulkan",
        "lhs_correctness_pass": true,
        "lhs_gpu_burst_median_us": 2.664,
        "lhs_variant": "multi_accum4",
        "rhs_backend": "vulkan",
        "rhs_correctness_pass": true,
        "rhs_gpu_burst_median_us": 1.724,
        "rhs_over_lhs_time_ratio": 0.647147147147147,
        "rhs_variant": "lds_tree",
        "rows": 1,
        "timing_domain": "gpu_elapsed",
        "timing_mode": "independent_throughput",
        "workgroup_size": 256
      },
      {
        "comparison": "vulkan_multi_accum8_vs_lds_tree",
        "control": "burst",
        "k": 512,
        "lhs_backend": "vulkan",
        "lhs_correctness_pass": true,
        "lhs_gpu_burst_median_us": 3.152,
        "lhs_variant": "multi_accum8",
        "rhs_backend": "vulkan",
        "rhs_correctness_pass": true,
        "rhs_gpu_burst_median_us": 1.724,
        "rhs_over_lhs_time_ratio": 0.5469543147208121,
        "rhs_variant": "lds_tree",
        "rows": 1,
        "timing_domain": "gpu_elapsed",
        "timing_mode": "independent_throughput",
        "workgroup_size": 256
      },
      {
        "comparison": "vulkan_multi_accum16_vs_lds_tree",
        "control": "burst",
        "k": 512,
        "lhs_backend": "vulkan",
        "lhs_correctness_pass": true,
        "lhs_gpu_burst_median_us": 4.148,
        "lhs_variant": "multi_accum16",
        "rhs_backend": "vulkan",
        "rhs_correctness_pass": true,
        "rhs_gpu_burst_median_us": 1.724,
        "rhs_over_lhs_time_ratio": 0.41562198649951787,
        "rhs_variant": "lds_tree",
        "rows": 1,
        "timing_domain": "gpu_elapsed",
        "timing_mode": "independent_throughput",
        "workgroup_size": 256
      },
      {
        "comparison": "vulkan_extra_barrier_vs_lds_tree",
        "control": "burst",
        "k": 2048,
        "lhs_backend": "vulkan",
        "lhs_correctness_pass": true,
        "lhs_gpu_burst_median_us": 31.36,
        "lhs_variant": "extra_barrier",
        "rhs_backend": "vulkan",
        "rhs_correctness_pass": true,
        "rhs_gpu_burst_median_us": 22.248,
        "rhs_over_lhs_time_ratio": 0.7094387755102042,
        "rhs_variant": "lds_tree",
        "rows": 1,
        "timing_domain": "gpu_elapsed",
        "timing_mode": "independent_throughput",
        "workgroup_size": 64
      },
      {
        "comparison": "vulkan_subgroup_vs_lds_tree",
        "control": "burst",
        "k": 2048,
        "lhs_backend": "vulkan",
        "lhs_correctness_pass": true,
        "lhs_gpu_burst_median_us": 28.74,
        "lhs_variant": "subgroup",
        "rhs_backend": "vulkan",
        "rhs_correctness_pass": true,
        "rhs_gpu_burst_median_us": 22.248,
        "rhs_over_lhs_time_ratio": 0.7741127348643007,
        "rhs_variant": "lds_tree",
        "rows": 1,
        "timing_domain": "gpu_elapsed",
        "timing_mode": "independent_throughput",
        "workgroup_size": 64
      },
      {
        "comparison": "vulkan_multi_accum4_vs_lds_tree",
        "control": "burst",
        "k": 2048,
        "lhs_backend": "vulkan",
        "lhs_correctness_pass": true,
        "lhs_gpu_burst_median_us": 30.892,
        "lhs_variant": "multi_accum4",
        "rhs_backend": "vulkan",
        "rhs_correctness_pass": true,
        "rhs_gpu_burst_median_us": 22.248,
        "rhs_over_lhs_time_ratio": 0.7201864560403989,
        "rhs_variant": "lds_tree",
        "rows": 1,
        "timing_domain": "gpu_elapsed",
        "timing_mode": "independent_throughput",
        "workgroup_size": 64
      },
      {
        "comparison": "vulkan_multi_accum8_vs_lds_tree",
        "control": "burst",
        "k": 2048,
        "lhs_backend": "vulkan",
        "lhs_correctness_pass": true,
        "lhs_gpu_burst_median_us": 30.424,
        "lhs_variant": "multi_accum8",
        "rhs_backend": "vulkan",
        "rhs_correctness_pass": true,
        "rhs_gpu_burst_median_us": 22.248,
        "rhs_over_lhs_time_ratio": 0.7312647909545097,
        "rhs_variant": "lds_tree",
        "rows": 1,
        "timing_domain": "gpu_elapsed",
        "timing_mode": "independent_throughput",
        "workgroup_size": 64
      },
      {
        "comparison": "vulkan_multi_accum16_vs_lds_tree",
        "control": "burst",
        "k": 2048,
        "lhs_backend": "vulkan",
        "lhs_correctness_pass": true,
        "lhs_gpu_burst_median_us": 30.18,
        "lhs_variant": "multi_accum16",
        "rhs_backend": "vulkan",
        "rhs_correctness_pass": true,
        "rhs_gpu_burst_median_us": 22.248,
        "rhs_over_lhs_time_ratio": 0.7371769383697814,
        "rhs_variant": "lds_tree",
        "rows": 1,
        "timing_domain": "gpu_elapsed",
        "timing_mode": "independent_throughput",
        "workgroup_size": 64
      },
      {
        "comparison": "vulkan_extra_barrier_vs_lds_tree",
        "control": "burst",
        "k": 2048,
        "lhs_backend": "vulkan",
        "lhs_correctness_pass": true,
        "lhs_gpu_burst_median_us": 8.124,
        "lhs_variant": "extra_barrier",
        "rhs_backend": "vulkan",
        "rhs_correctness_pass": true,
        "rhs_gpu_burst_median_us": 5.936,
        "rhs_over_lhs_time_ratio": 0.7306745445593303,
        "rhs_variant": "lds_tree",
        "rows": 1,
        "timing_domain": "gpu_elapsed",
        "timing_mode": "independent_throughput",
        "workgroup_size": 256
      },
      {
        "comparison": "vulkan_subgroup_vs_lds_tree",
        "control": "burst",
        "k": 2048,
        "lhs_backend": "vulkan",
        "lhs_correctness_pass": true,
        "lhs_gpu_burst_median_us": 7.608,
        "lhs_variant": "subgroup",
        "rhs_backend": "vulkan",
        "rhs_correctness_pass": true,
        "rhs_gpu_burst_median_us": 5.936,
        "rhs_over_lhs_time_ratio": 0.7802313354363828,
        "rhs_variant": "lds_tree",
        "rows": 1,
        "timing_domain": "gpu_elapsed",
        "timing_mode": "independent_throughput",
        "workgroup_size": 256
      },
      {
        "comparison": "vulkan_multi_accum4_vs_lds_tree",
        "control": "burst",
        "k": 2048,
        "lhs_backend": "vulkan",
        "lhs_correctness_pass": true,
        "lhs_gpu_burst_median_us": 8.188,
        "lhs_variant": "multi_accum4",
        "rhs_backend": "vulkan",
        "rhs_correctness_pass": true,
        "rhs_gpu_burst_median_us": 5.936,
        "rhs_over_lhs_time_ratio": 0.7249633610161211,
        "rhs_variant": "lds_tree",
        "rows": 1,
        "timing_domain": "gpu_elapsed",
        "timing_mode": "independent_throughput",
        "workgroup_size": 256
      },
      {
        "comparison": "vulkan_multi_accum8_vs_lds_tree",
        "control": "burst",
        "k": 2048,
        "lhs_backend": "vulkan",
        "lhs_correctness_pass": true,
        "lhs_gpu_burst_median_us": 8.068,
        "lhs_variant": "multi_accum8",
        "rhs_backend": "vulkan",
        "rhs_correctness_pass": true,
        "rhs_gpu_burst_median_us": 5.936,
        "rhs_over_lhs_time_ratio": 0.7357461576598909,
        "rhs_variant": "lds_tree",
        "rows": 1,
        "timing_domain": "gpu_elapsed",
        "timing_mode": "independent_throughput",
        "workgroup_size": 256
      },
      {
        "comparison": "vulkan_multi_accum16_vs_lds_tree",
        "control": "burst",
        "k": 2048,
        "lhs_backend": "vulkan",
        "lhs_correctness_pass": true,
        "lhs_gpu_burst_median_us": 9.024,
        "lhs_variant": "multi_accum16",
        "rhs_backend": "vulkan",
        "rhs_correctness_pass": true,
        "rhs_gpu_burst_median_us": 5.936,
        "rhs_over_lhs_time_ratio": 0.6578014184397164,
        "rhs_variant": "lds_tree",
        "rows": 1,
        "timing_domain": "gpu_elapsed",
        "timing_mode": "independent_throughput",
        "workgroup_size": 256
      }
    ]
  },
  "comparisons": [],
  "config": {
    "backend": "vulkan",
    "body_repeats": 32,
    "independent_streams": 4,
    "k_list": [
      512,
      2048
    ],
    "reps": 10,
    "rows_list": [
      1
    ],
    "samples": 5,
    "timing_mode": "independent_throughput",
    "variants": {
      "hip": [
        "lds_tree",
        "extra_barrier",
        "wave_shuffle",
        "multi_accum4",
        "multi_accum8",
        "multi_accum16"
      ],
      "vulkan": [
        "lds_tree",
        "extra_barrier",
        "subgroup",
        "multi_accum4",
        "multi_accum8",
        "multi_accum16"
      ]
    },
    "warmup": 3,
    "workgroups": [
      64,
      256
    ]
  },
  "correctness": {
    "all_rows_pass": true,
    "hip": {
      "row_count": 0,
      "status": "not_run"
    },
    "row_count": 24,
    "status": "pass",
    "vulkan": {
      "all_rows_pass": true,
      "row_count": 24,
      "status": "pass"
    }
  },
  "environment": {
    "captured": null,
    "ref": "/home/kaden/ClaudeCode/autorocm/redline-pub/examples/hipengine-6409/results/gfx1201/2026-07-13-radiowave-redline/environment.json"
  },
  "hardware": {
    "hip": {
      "gfx_arch": "gfx1201",
      "gpu_name": "AMD Radeon Graphics"
    },
    "vulkan": {
      "gfx_arch": "gfx1201",
      "gpu_name": "AMD Radeon Graphics (RADV GFX1201)"
    }
  },
  "inputs": {
    "backend": "vulkan",
    "body_repeats": 32,
    "independent_streams": 4,
    "k_list": [
      512,
      2048
    ],
    "reps": 10,
    "rows_list": [
      1
    ],
    "samples": 5,
    "timing_mode": "independent_throughput",
    "variants": {
      "hip": [
        "lds_tree",
        "extra_barrier",
        "wave_shuffle",
        "multi_accum4",
        "multi_accum8",
        "multi_accum16"
      ],
      "vulkan": [
        "lds_tree",
        "extra_barrier",
        "subgroup",
        "multi_accum4",
        "multi_accum8",
        "multi_accum16"
      ]
    },
    "warmup": 3,
    "workgroups": [
      64,
      256
    ]
  },
  "interpretation": "Reduction-shape control for LDS tree, extra barrier, HIP wave-shuffle, Vulkan subgroup reductions, and 4/8/16-way lane-local accumulators. serial_latency orders shared-output iterations; independent_throughput uses disjoint output slices. Cross-backend GPU ratios use equal dependency contracts, while direct/multi-stream HIP and Vulkan command-buffer host walls are intentionally not ratioed.",
  "kind": "hipengine_micro_comparison",
  "matched_rows": [],
  "performance_claim": false,
  "raw_results": {
    "vulkan:extra_barrier": {
      "backend": "vulkan",
      "config": {
        "body_repeats": 32,
        "k_list": [
          512,
          2048
        ],
        "method": "one workgroup per row; repeat-shifted strided f32 FMA inner loop; shared-memory tree reduction; device-local buffers",
        "reps": 10,
        "rows_list": [
          1
        ],
        "samples": 5,
        "timing_mode": "independent_throughput",
        "warmup": 3,
        "workgroups": [
          64,
          256
        ]
      },
      "hardware": {
        "api_version": 4211006,
        "device_id": 30032,
        "device_name": "AMD Radeon Graphics (RADV GFX1201)",
        "device_type": 2,
        "driver_version_raw": 104865800,
        "queue_family": 0,
        "vendor_id": 4098
      },
      "rows": [
        {
          "body_repeats": 32,
          "bytes_per_us": 516.1290323,
          "correctness": {
            "single_dispatch": {
              "oracle": "deterministic CPU f32 reference with sequence tag",
              "status": "pass"
            },
            "synchronization": {
              "barrier_count": 0,
              "method": "disjoint_outputs",
              "status": "pass"
            },
            "timed_sequence": {
              "coverage": "all_dispatches",
              "logical_iterations": 10,
              "oracle": "deterministic CPU f32 reference with sequence tag",
              "status": "pass"
            }
          },
          "correctness_pass": true,
          "dependency_contract": {
            "inter_dispatch_ordering": "none",
            "output_partitioning": "disjoint",
            "validation_status": "pass",
            "work_dependency": "independent"
          },
          "gflops": 4.129032258,
          "k": 512,
          "max_abs": 0,
          "max_rel": 0,
          "max_us": 7.94,
          "median_us": 7.936,
          "min_us": 7.932,
          "p05_us": 7.9328,
          "p95_us": 7.94,
          "rows": 1,
          "submission": {
            "completion_in_host_wall": true,
            "queue_or_stream_count": 1,
            "recording_in_timed_region": false,
            "strategy": "vulkan_command_buffer",
            "submit_in_host_wall": true
          },
          "timestamp_period_ns": 10,
          "timestamp_valid_bits": 64,
          "timing": {
            "burst": {
              "dispatches_per_iteration": 1,
              "gpu_elapsed": {
                "clock": "vulkan_timestamp",
                "per_iteration_us": {
                  "max": 7.94,
                  "median": 7.936,
                  "min": 7.932,
                  "n": 5,
                  "p05": 7.9328,
                  "p95": 7.94,
                  "samples": 5,
                  "stdev": 0.002993325909
                },
                "sequence_us": {
                  "max": 79.4,
                  "median": 79.36,
                  "min": 79.32,
                  "n": 5,
                  "p05": 79.328,
                  "p95": 79.4,
                  "samples": 5,
                  "stdev": 0.02993325909
                },
                "status": "ok"
              },
              "host_wall": {
                "clock": "steady_clock",
                "per_iteration_us": {
                  "max": 13.8212,
                  "median": 13.6761,
                  "min": 13.6682,
                  "n": 5,
                  "p05": 13.66898,
                  "p95": 13.80578,
                  "samples": 5,
                  "stdev": 0.05943085394
                },
                "sequence_us": {
                  "max": 138.212,
                  "median": 136.761,
                  "min": 136.682,
                  "n": 5,
                  "p05": 136.6898,
                  "p95": 138.0578,
                  "samples": 5,
                  "stdev": 0.5943085394
                },
                "status": "ok"
              },
              "logical_iterations": 10
            },
            "single": {
              "dispatches_per_iteration": 1,
              "gpu_elapsed": {
                "clock": "vulkan_timestamp",
                "per_iteration_us": {
                  "max": 81.12,
                  "median": 79.24,
                  "min": 79.24,
                  "n": 5,
                  "p05": 79.24,
                  "p95": 80.76,
                  "samples": 5,
                  "stdev": 0.7446448818
                },
                "sequence_us": {
                  "max": 81.12,
                  "median": 79.24,
                  "min": 79.24,
                  "n": 5,
                  "p05": 79.24,
                  "p95": 80.76,
                  "samples": 5,
                  "stdev": 0.7446448818
                },
                "status": "ok"
              },
              "host_wall": {
                "clock": "steady_clock",
                "per_iteration_us": {
                  "max": 138.791,
                  "median": 137.391,
                  "min": 132.521,
                  "n": 5,
                  "p05": 133.4832,
                  "p95": 138.565,
                  "samples": 5,
                  "stdev": 2.173893502
                },
                "sequence_us": {
                  "max": 138.791,
                  "median": 137.391,
                  "min": 132.521,
                  "n": 5,
                  "p05": 133.4832,
                  "p95": 138.565,
                  "samples": 5,
                  "stdev": 2.173893502
                },
                "status": "ok"
              },
              "logical_iterations": 1
            }
          },
          "timing_mode": "independent_throughput",
          "workgroup_size": 64
        },
        {
          "body_repeats": 32,
          "bytes_per_us": 1726.812816,
          "correctness": {
            "single_dispatch": {
              "oracle": "deterministic CPU f32 reference with sequence tag",
              "status": "pass"
            },
            "synchronization": {
              "barrier_count": 0,
              "method": "disjoint_outputs",
              "status": "pass"
            },
            "timed_sequence": {
              "coverage": "all_dispatches",
              "logical_iterations": 10,
              "oracle": "deterministic CPU f32 reference with sequence tag",
              "status": "pass"
            }
          },
          "correctness_pass": true,
          "dependency_contract": {
            "inter_dispatch_ordering": "none",
            "output_partitioning": "disjoint",
            "validation_status": "pass",
            "work_dependency": "independent"
          },
          "gflops": 13.81450253,
          "k": 512,
          "max_abs": 0,
          "max_rel": 0,
          "max_us": 2.372,
          "median_us": 2.372,
          "min_us": 2.364,
          "p05_us": 2.3648,
          "p95_us": 2.372,
          "rows": 1,
          "submission": {
            "completion_in_host_wall": true,
            "queue_or_stream_count": 1,
            "recording_in_timed_region": false,
            "strategy": "vulkan_command_buffer",
            "submit_in_host_wall": true
          },
          "timestamp_period_ns": 10,
          "timestamp_valid_bits": 64,
          "timing": {
            "burst": {
              "dispatches_per_iteration": 1,
              "gpu_elapsed": {
                "clock": "vulkan_timestamp",
                "per_iteration_us": {
                  "max": 2.372,
                  "median": 2.372,
                  "min": 2.364,
                  "n": 5,
                  "p05": 2.3648,
                  "p95": 2.372,
                  "samples": 5,
                  "stdev": 0.0032
                },
                "sequence_us": {
                  "max": 23.72,
                  "median": 23.72,
                  "min": 23.64,
                  "n": 5,
                  "p05": 23.648,
                  "p95": 23.72,
                  "samples": 5,
                  "stdev": 0.032
                },
                "status": "ok"
              },
              "host_wall": {
                "clock": "steady_clock",
                "per_iteration_us": {
                  "max": 8.2031,
                  "median": 8.141,
                  "min": 8.1031,
                  "n": 5,
                  "p05": 8.1067,
                  "p95": 8.1967,
                  "samples": 5,
                  "stdev": 0.03565997196
                },
                "sequence_us": {
                  "max": 82.031,
                  "median": 81.41,
                  "min": 81.031,
                  "n": 5,
                  "p05": 81.067,
                  "p95": 81.967,
                  "samples": 5,
                  "stdev": 0.3565997196
                },
                "status": "ok"
              },
              "logical_iterations": 10
            },
            "single": {
              "dispatches_per_iteration": 1,
              "gpu_elapsed": {
                "clock": "vulkan_timestamp",
                "per_iteration_us": {
                  "max": 24.56,
                  "median": 23.64,
                  "min": 23.6,
                  "n": 5,
                  "p05": 23.6,
                  "p95": 24.376,
                  "samples": 5,
                  "stdev": 0.3764252914
                },
                "sequence_us": {
                  "max": 24.56,
                  "median": 23.64,
                  "min": 23.6,
                  "n": 5,
                  "p05": 23.6,
                  "p95": 24.376,
                  "samples": 5,
                  "stdev": 0.3764252914
                },
                "status": "ok"
              },
              "host_wall": {
                "clock": "steady_clock",
                "per_iteration_us": {
                  "max": 87.931,
                  "median": 82.48,
                  "min": 81.461,
                  "n": 5,
                  "p05": 81.511,
                  "p95": 87.431,
                  "samples": 5,
                  "stdev": 2.50210011
                },
                "sequence_us": {
                  "max": 87.931,
                  "median": 82.48,
                  "min": 81.461,
                  "n": 5,
                  "p05": 81.511,
                  "p95": 87.431,
                  "samples": 5,
                  "stdev": 2.50210011
                },
                "status": "ok"
              },
              "logical_iterations": 1
            }
          },
          "timing_mode": "independent_throughput",
          "workgroup_size": 256
        },
        {
          "body_repeats": 32,
          "bytes_per_us": 522.4489796,
          "correctness": {
            "single_dispatch": {
              "oracle": "deterministic CPU f32 reference with sequence tag",
              "status": "pass"
            },
            "synchronization": {
              "barrier_count": 0,
              "method": "disjoint_outputs",
              "status": "pass"
            },
            "timed_sequence": {
              "coverage": "all_dispatches",
              "logical_iterations": 10,
              "oracle": "deterministic CPU f32 reference with sequence tag",
              "status": "pass"
            }
          },
          "correctness_pass": true,
          "dependency_contract": {
            "inter_dispatch_ordering": "none",
            "output_partitioning": "disjoint",
            "validation_status": "pass",
            "work_dependency": "independent"
          },
          "gflops": 4.179591837,
          "k": 2048,
          "max_abs": 0,
          "max_rel": 0,
          "max_us": 31.38,
          "median_us": 31.36,
          "min_us": 30.576,
          "p05_us": 30.5808,
          "p95_us": 31.3784,
          "rows": 1,
          "submission": {
            "completion_in_host_wall": true,
            "queue_or_stream_count": 1,
            "recording_in_timed_region": false,
            "strategy": "vulkan_command_buffer",
            "submit_in_host_wall": true
          },
          "timestamp_period_ns": 10,
          "timestamp_valid_bits": 64,
          "timing": {
            "burst": {
              "dispatches_per_iteration": 1,
              "gpu_elapsed": {
                "clock": "vulkan_timestamp",
                "per_iteration_us": {
                  "max": 31.38,
                  "median": 31.36,
                  "min": 30.576,
                  "n": 5,
                  "p05": 30.5808,
                  "p95": 31.3784,
                  "samples": 5,
                  "stdev": 0.3835547419
                },
                "sequence_us": {
                  "max": 313.8,
                  "median": 313.6,
                  "min": 305.76,
                  "n": 5,
                  "p05": 305.808,
                  "p95": 313.784,
                  "samples": 5,
                  "stdev": 3.835547419
                },
                "status": "ok"
              },
              "host_wall": {
                "clock": "steady_clock",
                "per_iteration_us": {
                  "max": 37.8154,
                  "median": 37.4564,
                  "min": 36.6283,
                  "n": 5,
                  "p05": 36.6435,
                  "p95": 37.7682,
                  "samples": 5,
                  "stdev": 0.4804592328
                },
                "sequence_us": {
                  "max": 378.154,
                  "median": 374.564,
                  "min": 366.283,
                  "n": 5,
                  "p05": 366.435,
                  "p95": 377.682,
                  "samples": 5,
                  "stdev": 4.804592328
                },
                "status": "ok"
              },
              "logical_iterations": 10
            },
            "single": {
              "dispatches_per_iteration": 1,
              "gpu_elapsed": {
                "clock": "vulkan_timestamp",
                "per_iteration_us": {
                  "max": 313.4,
                  "median": 305.88,
                  "min": 305.44,
                  "n": 5,
                  "p05": 305.48,
                  "p95": 313.336,
                  "samples": 5,
                  "stdev": 3.720679508
                },
                "sequence_us": {
                  "max": 313.4,
                  "median": 305.88,
                  "min": 305.44,
                  "n": 5,
                  "p05": 305.48,
                  "p95": 313.336,
                  "samples": 5,
                  "stdev": 3.720679508
                },
                "status": "ok"
              },
              "host_wall": {
                "clock": "steady_clock",
                "per_iteration_us": {
                  "max": 375.523,
                  "median": 367.934,
                  "min": 365.654,
                  "n": 5,
                  "p05": 365.832,
                  "p95": 375.225,
                  "samples": 5,
                  "stdev": 4.045964834
                },
                "sequence_us": {
                  "max": 375.523,
                  "median": 367.934,
                  "min": 365.654,
                  "n": 5,
                  "p05": 365.832,
                  "p95": 375.225,
                  "samples": 5,
                  "stdev": 4.045964834
                },
                "status": "ok"
              },
              "logical_iterations": 1
            }
          },
          "timing_mode": "independent_throughput",
          "workgroup_size": 64
        },
        {
          "body_repeats": 32,
          "bytes_per_us": 2016.740522,
          "correctness": {
            "single_dispatch": {
              "oracle": "deterministic CPU f32 reference with sequence tag",
              "status": "pass"
            },
            "synchronization": {
              "barrier_count": 0,
              "method": "disjoint_outputs",
              "status": "pass"
            },
            "timed_sequence": {
              "coverage": "all_dispatches",
              "logical_iterations": 10,
              "oracle": "deterministic CPU f32 reference with sequence tag",
              "status": "pass"
            }
          },
          "correctness_pass": true,
          "dependency_contract": {
            "inter_dispatch_ordering": "none",
            "output_partitioning": "disjoint",
            "validation_status": "pass",
            "work_dependency": "independent"
          },
          "gflops": 16.13392418,
          "k": 2048,
          "max_abs": 0,
          "max_rel": 0,
          "max_us": 8.136,
          "median_us": 8.124,
          "min_us": 8.108,
          "p05_us": 8.1112,
          "p95_us": 8.1336,
          "rows": 1,
          "submission": {
            "completion_in_host_wall": true,
            "queue_or_stream_count": 1,
            "recording_in_timed_region": false,
            "strategy": "vulkan_command_buffer",
            "submit_in_host_wall": true
          },
          "timestamp_period_ns": 10,
          "timestamp_valid_bits": 64,
          "timing": {
            "burst": {
              "dispatches_per_iteration": 1,
              "gpu_elapsed": {
                "clock": "vulkan_timestamp",
                "per_iteration_us": {
                  "max": 8.136,
                  "median": 8.124,
                  "min": 8.108,
                  "n": 5,
                  "p05": 8.1112,
                  "p95": 8.1336,
                  "samples": 5,
                  "stdev": 0.008908422981
                },
                "sequence_us": {
                  "max": 81.36,
                  "median": 81.24,
                  "min": 81.08,
                  "n": 5,
                  "p05": 81.112,
                  "p95": 81.336,
                  "samples": 5,
                  "stdev": 0.08908422981
                },
                "status": "ok"
              },
              "host_wall": {
                "clock": "steady_clock",
                "per_iteration_us": {
                  "max": 14.8071,
                  "median": 13.9771,
                  "min": 13.9171,
                  "n": 5,
                  "p05": 13.9239,
                  "p95": 14.65032,
                  "samples": 5,
                  "stdev": 0.3377719965
                },
                "sequence_us": {
                  "max": 148.071,
                  "median": 139.771,
                  "min": 139.171,
                  "n": 5,
                  "p05": 139.239,
                  "p95": 146.5032,
                  "samples": 5,
                  "stdev": 3.377719965
                },
                "status": "ok"
              },
              "logical_iterations": 10
            },
            "single": {
              "dispatches_per_iteration": 1,
              "gpu_elapsed": {
                "clock": "vulkan_timestamp",
                "per_iteration_us": {
                  "max": 83.88,
                  "median": 81.28,
                  "min": 80.8,
                  "n": 5,
                  "p05": 80.816,
                  "p95": 83.368,
                  "samples": 5,
                  "stdev": 1.14302056
                },
                "sequence_us": {
                  "max": 83.88,
                  "median": 81.28,
                  "min": 80.8,
                  "n": 5,
                  "p05": 80.816,
                  "p95": 83.368,
                  "samples": 5,
                  "stdev": 1.14302056
                },
                "status": "ok"
              },
              "host_wall": {
                "clock": "steady_clock",
                "per_iteration_us": {
                  "max": 148.571,
                  "median": 142.062,
                  "min": 141.231,
                  "n": 5,
                  "p05": 141.2932,
                  "p95": 147.317,
                  "samples": 5,
                  "stdev": 2.740789711
                },
                "sequence_us": {
                  "max": 148.571,
                  "median": 142.062,
                  "min": 141.231,
                  "n": 5,
                  "p05": 141.2932,
                  "p95": 147.317,
                  "samples": 5,
                  "stdev": 2.740789711
                },
                "status": "ok"
              },
              "logical_iterations": 1
            }
          },
          "timing_mode": "independent_throughput",
          "workgroup_size": 256
        }
      ],
      "run_tag": "vulkan-geometry-sweep",
      "status": "diagnostic"
    },
    "vulkan:lds_tree": {
      "backend": "vulkan",
      "config": {
        "body_repeats": 32,
        "k_list": [
          512,
          2048
        ],
        "method": "one workgroup per row; repeat-shifted strided f32 FMA inner loop; shared-memory tree reduction; device-local buffers",
        "reps": 10,
        "rows_list": [
          1
        ],
        "samples": 5,
        "timing_mode": "independent_throughput",
        "warmup": 3,
        "workgroups": [
          64,
          256
        ]
      },
      "hardware": {
        "api_version": 4211006,
        "device_id": 30032,
        "device_name": "AMD Radeon Graphics (RADV GFX1201)",
        "device_type": 2,
        "driver_version_raw": 104865800,
        "queue_family": 0,
        "vendor_id": 4098
      },
      "rows": [
        {
          "body_repeats": 32,
          "bytes_per_us": 708.1604426,
          "correctness": {
            "single_dispatch": {
              "oracle": "deterministic CPU f32 reference with sequence tag",
              "status": "pass"
            },
            "synchronization": {
              "barrier_count": 0,
              "method": "disjoint_outputs",
              "status": "pass"
            },
            "timed_sequence": {
              "coverage": "all_dispatches",
              "logical_iterations": 10,
              "oracle": "deterministic CPU f32 reference with sequence tag",
              "status": "pass"
            }
          },
          "correctness_pass": true,
          "dependency_contract": {
            "inter_dispatch_ordering": "none",
            "output_partitioning": "disjoint",
            "validation_status": "pass",
            "work_dependency": "independent"
          },
          "gflops": 5.665283541,
          "k": 512,
          "max_abs": 0,
          "max_rel": 0,
          "max_us": 5.792,
          "median_us": 5.784,
          "min_us": 5.776,
          "p05_us": 5.7768,
          "p95_us": 5.792,
          "rows": 1,
          "submission": {
            "completion_in_host_wall": true,
            "queue_or_stream_count": 1,
            "recording_in_timed_region": false,
            "strategy": "vulkan_command_buffer",
            "submit_in_host_wall": true
          },
          "timestamp_period_ns": 10,
          "timestamp_valid_bits": 64,
          "timing": {
            "burst": {
              "dispatches_per_iteration": 1,
              "gpu_elapsed": {
                "clock": "vulkan_timestamp",
                "per_iteration_us": {
                  "max": 5.792,
                  "median": 5.784,
                  "min": 5.776,
                  "n": 5,
                  "p05": 5.7768,
                  "p95": 5.792,
                  "samples": 5,
                  "stdev": 0.0064
                },
                "sequence_us": {
                  "max": 57.92,
                  "median": 57.84,
                  "min": 57.76,
                  "n": 5,
                  "p05": 57.768,
                  "p95": 57.92,
                  "samples": 5,
                  "stdev": 0.064
                },
                "status": "ok"
              },
              "host_wall": {
                "clock": "steady_clock",
                "per_iteration_us": {
                  "max": 11.1351,
                  "median": 11.0121,
                  "min": 10.7571,
                  "n": 5,
                  "p05": 10.8003,
                  "p95": 11.1181,
                  "samples": 5,
                  "stdev": 0.1261595815
                },
                "sequence_us": {
                  "max": 111.351,
                  "median": 110.121,
                  "min": 107.571,
                  "n": 5,
                  "p05": 108.003,
                  "p95": 111.181,
                  "samples": 5,
                  "stdev": 1.261595815
                },
                "status": "ok"
              },
              "logical_iterations": 10
            },
            "single": {
              "dispatches_per_iteration": 1,
              "gpu_elapsed": {
                "clock": "vulkan_timestamp",
                "per_iteration_us": {
                  "max": 60.48,
                  "median": 57.88,
                  "min": 57.8,
                  "n": 5,
                  "p05": 57.808,
                  "p95": 60.12,
                  "samples": 5,
                  "stdev": 1.02531166
                },
                "sequence_us": {
                  "max": 60.48,
                  "median": 57.88,
                  "min": 57.8,
                  "n": 5,
                  "p05": 57.808,
                  "p95": 60.12,
                  "samples": 5,
                  "stdev": 1.02531166
                },
                "status": "ok"
              },
              "host_wall": {
                "clock": "steady_clock",
                "per_iteration_us": {
                  "max": 113.271,
                  "median": 110.111,
                  "min": 109.881,
                  "n": 5,
                  "p05": 109.901,
                  "p95": 113.195,
                  "samples": 5,
                  "stdev": 1.520297339
                },
                "sequence_us": {
                  "max": 113.271,
                  "median": 110.111,
                  "min": 109.881,
                  "n": 5,
                  "p05": 109.901,
                  "p95": 113.195,
                  "samples": 5,
                  "stdev": 1.520297339
                },
                "status": "ok"
              },
              "logical_iterations": 1
            }
          },
          "timing_mode": "independent_throughput",
          "workgroup_size": 64
        },
        {
          "body_repeats": 32,
          "bytes_per_us": 2375.87007,
          "correctness": {
            "single_dispatch": {
              "oracle": "deterministic CPU f32 reference with sequence tag",
              "status": "pass"
            },
            "synchronization": {
              "barrier_count": 0,
              "method": "disjoint_outputs",
              "status": "pass"
            },
            "timed_sequence": {
              "coverage": "all_dispatches",
              "logical_iterations": 10,
              "oracle": "deterministic CPU f32 reference with sequence tag",
              "status": "pass"
            }
          },
          "correctness_pass": true,
          "dependency_contract": {
            "inter_dispatch_ordering": "none",
            "output_partitioning": "disjoint",
            "validation_status": "pass",
            "work_dependency": "independent"
          },
          "gflops": 19.00696056,
          "k": 512,
          "max_abs": 0,
          "max_rel": 0,
          "max_us": 1.724,
          "median_us": 1.724,
          "min_us": 1.72,
          "p05_us": 1.7208,
          "p95_us": 1.724,
          "rows": 1,
          "submission": {
            "completion_in_host_wall": true,
            "queue_or_stream_count": 1,
            "recording_in_timed_region": false,
            "strategy": "vulkan_command_buffer",
            "submit_in_host_wall": true
          },
          "timestamp_period_ns": 10,
          "timestamp_valid_bits": 64,
          "timing": {
            "burst": {
              "dispatches_per_iteration": 1,
              "gpu_elapsed": {
                "clock": "vulkan_timestamp",
                "per_iteration_us": {
                  "max": 1.724,
                  "median": 1.724,
                  "min": 1.72,
                  "n": 5,
                  "p05": 1.7208,
                  "p95": 1.724,
                  "samples": 5,
                  "stdev": 0.0016
                },
                "sequence_us": {
                  "max": 17.24,
                  "median": 17.24,
                  "min": 17.2,
                  "n": 5,
                  "p05": 17.208,
                  "p95": 17.24,
                  "samples": 5,
                  "stdev": 0.016
                },
                "status": "ok"
              },
              "host_wall": {
                "clock": "steady_clock",
                "per_iteration_us": {
                  "max": 7.6491,
                  "median": 6.746,
                  "min": 6.1891,
                  "n": 5,
                  "p05": 6.2977,
                  "p95": 7.47328,
                  "samples": 5,
                  "stdev": 0.4692774216
                },
                "sequence_us": {
                  "max": 76.491,
                  "median": 67.46,
                  "min": 61.891,
                  "n": 5,
                  "p05": 62.977,
                  "p95": 74.7328,
                  "samples": 5,
                  "stdev": 4.692774216
                },
                "status": "ok"
              },
              "logical_iterations": 10
            },
            "single": {
              "dispatches_per_iteration": 1,
              "gpu_elapsed": {
                "clock": "vulkan_timestamp",
                "per_iteration_us": {
                  "max": 18.32,
                  "median": 18.24,
                  "min": 17.24,
                  "n": 5,
                  "p05": 17.312,
                  "p95": 18.304,
                  "samples": 5,
                  "stdev": 0.4311101947
                },
                "sequence_us": {
                  "max": 18.32,
                  "median": 18.24,
                  "min": 17.24,
                  "n": 5,
                  "p05": 17.312,
                  "p95": 18.304,
                  "samples": 5,
                  "stdev": 0.4311101947
                },
                "status": "ok"
              },
              "host_wall": {
                "clock": "steady_clock",
                "per_iteration_us": {
                  "max": 75.73,
                  "median": 70.761,
                  "min": 61.02,
                  "n": 5,
                  "p05": 61.4122,
                  "p95": 75.0942,
                  "samples": 5,
                  "stdev": 5.659441902
                },
                "sequence_us": {
                  "max": 75.73,
                  "median": 70.761,
                  "min": 61.02,
                  "n": 5,
                  "p05": 61.4122,
                  "p95": 75.0942,
                  "samples": 5,
                  "stdev": 5.659441902
                },
                "status": "ok"
              },
              "logical_iterations": 1
            }
          },
          "timing_mode": "independent_throughput",
          "workgroup_size": 256
        },
        {
          "body_repeats": 32,
          "bytes_per_us": 736.4257461,
          "correctness": {
            "single_dispatch": {
              "oracle": "deterministic CPU f32 reference with sequence tag",
              "status": "pass"
            },
            "synchronization": {
              "barrier_count": 0,
              "method": "disjoint_outputs",
              "status": "pass"
            },
            "timed_sequence": {
              "coverage": "all_dispatches",
              "logical_iterations": 10,
              "oracle": "deterministic CPU f32 reference with sequence tag",
              "status": "pass"
            }
          },
          "correctness_pass": true,
          "dependency_contract": {
            "inter_dispatch_ordering": "none",
            "output_partitioning": "disjoint",
            "validation_status": "pass",
            "work_dependency": "independent"
          },
          "gflops": 5.891405969,
          "k": 2048,
          "max_abs": 0,
          "max_rel": 0,
          "max_us": 23.028,
          "median_us": 22.248,
          "min_us": 22.224,
          "p05_us": 22.228,
          "p95_us": 22.8752,
          "rows": 1,
          "submission": {
            "completion_in_host_wall": true,
            "queue_or_stream_count": 1,
            "recording_in_timed_region": false,
            "strategy": "vulkan_command_buffer",
            "submit_in_host_wall": true
          },
          "timestamp_period_ns": 10,
          "timestamp_valid_bits": 64,
          "timing": {
            "burst": {
              "dispatches_per_iteration": 1,
              "gpu_elapsed": {
                "clock": "vulkan_timestamp",
                "per_iteration_us": {
                  "max": 23.028,
                  "median": 22.248,
                  "min": 22.224,
                  "n": 5,
                  "p05": 22.228,
                  "p95": 22.8752,
                  "samples": 5,
                  "stdev": 0.313459152
                },
                "sequence_us": {
                  "max": 230.28,
                  "median": 222.48,
                  "min": 222.24,
                  "n": 5,
                  "p05": 222.28,
                  "p95": 228.752,
                  "samples": 5,
                  "stdev": 3.13459152
                },
                "status": "ok"
              },
              "host_wall": {
                "clock": "steady_clock",
                "per_iteration_us": {
                  "max": 28.6363,
                  "median": 27.4402,
                  "min": 27.4093,
                  "n": 5,
                  "p05": 27.41208,
                  "p95": 28.4163,
                  "samples": 5,
                  "stdev": 0.4757053147
                },
                "sequence_us": {
                  "max": 286.363,
                  "median": 274.402,
                  "min": 274.093,
                  "n": 5,
                  "p05": 274.1208,
                  "p95": 284.163,
                  "samples": 5,
                  "stdev": 4.757053147
                },
                "status": "ok"
              },
              "logical_iterations": 10
            },
            "single": {
              "dispatches_per_iteration": 1,
              "gpu_elapsed": {
                "clock": "vulkan_timestamp",
                "per_iteration_us": {
                  "max": 230.28,
                  "median": 222.44,
                  "min": 222.32,
                  "n": 5,
                  "p05": 222.336,
                  "p95": 228.776,
                  "samples": 5,
                  "stdev": 3.123587681
                },
                "sequence_us": {
                  "max": 230.28,
                  "median": 222.44,
                  "min": 222.32,
                  "n": 5,
                  "p05": 222.336,
                  "p95": 228.776,
                  "samples": 5,
                  "stdev": 3.123587681
                },
                "status": "ok"
              },
              "host_wall": {
                "clock": "steady_clock",
                "per_iteration_us": {
                  "max": 291.593,
                  "median": 278.263,
                  "min": 275.833,
                  "n": 5,
                  "p05": 276.1148,
                  "p95": 289.3788,
                  "samples": 5,
                  "stdev": 5.661680196
                },
                "sequence_us": {
                  "max": 291.593,
                  "median": 278.263,
                  "min": 275.833,
                  "n": 5,
                  "p05": 276.1148,
                  "p95": 289.3788,
                  "samples": 5,
                  "stdev": 5.661680196
                },
                "status": "ok"
              },
              "logical_iterations": 1
            }
          },
          "timing_mode": "independent_throughput",
          "workgroup_size": 64
        },
        {
          "body_repeats": 32,
          "bytes_per_us": 2760.107817,
          "correctness": {
            "single_dispatch": {
              "oracle": "deterministic CPU f32 reference with sequence tag",
              "status": "pass"
            },
            "synchronization": {
              "barrier_count": 0,
              "method": "disjoint_outputs",
              "status": "pass"
            },
            "timed_sequence": {
              "coverage": "all_dispatches",
              "logical_iterations": 10,
              "oracle": "deterministic CPU f32 reference with sequence tag",
              "status": "pass"
            }
          },
          "correctness_pass": true,
          "dependency_contract": {
            "inter_dispatch_ordering": "none",
            "output_partitioning": "disjoint",
            "validation_status": "pass",
            "work_dependency": "independent"
          },
          "gflops": 22.08086253,
          "k": 2048,
          "max_abs": 0,
          "max_rel": 0,
          "max_us": 5.94,
          "median_us": 5.936,
          "min_us": 5.92,
          "p05_us": 5.9208,
          "p95_us": 5.9392,
          "rows": 1,
          "submission": {
            "completion_in_host_wall": true,
            "queue_or_stream_count": 1,
            "recording_in_timed_region": false,
            "strategy": "vulkan_command_buffer",
            "submit_in_host_wall": true
          },
          "timestamp_period_ns": 10,
          "timestamp_valid_bits": 64,
          "timing": {
            "burst": {
              "dispatches_per_iteration": 1,
              "gpu_elapsed": {
                "clock": "vulkan_timestamp",
                "per_iteration_us": {
                  "max": 5.94,
                  "median": 5.936,
                  "min": 5.92,
                  "n": 5,
                  "p05": 5.9208,
                  "p95": 5.9392,
                  "samples": 5,
                  "stdev": 0.007756287772
                },
                "sequence_us": {
                  "max": 59.4,
                  "median": 59.36,
                  "min": 59.2,
                  "n": 5,
                  "p05": 59.208,
                  "p95": 59.392,
                  "samples": 5,
                  "stdev": 0.07756287772
                },
                "status": "ok"
              },
              "host_wall": {
                "clock": "steady_clock",
                "per_iteration_us": {
                  "max": 11.6041,
                  "median": 11.0721,
                  "min": 10.8771,
                  "n": 5,
                  "p05": 10.9141,
                  "p95": 11.5069,
                  "samples": 5,
                  "stdev": 0.2430799046
                },
                "sequence_us": {
                  "max": 116.041,
                  "median": 110.721,
                  "min": 108.771,
                  "n": 5,
                  "p05": 109.141,
                  "p95": 115.069,
                  "samples": 5,
                  "stdev": 2.430799046
                },
                "status": "ok"
              },
              "logical_iterations": 10
            },
            "single": {
              "dispatches_per_iteration": 1,
              "gpu_elapsed": {
                "clock": "vulkan_timestamp",
                "per_iteration_us": {
                  "max": 62.4,
                  "median": 59.4,
                  "min": 58.92,
                  "n": 5,
                  "p05": 58.976,
                  "p95": 62.112,
                  "samples": 5,
                  "stdev": 1.318568921
                },
                "sequence_us": {
                  "max": 62.4,
                  "median": 59.4,
                  "min": 58.92,
                  "n": 5,
                  "p05": 58.976,
                  "p95": 62.112,
                  "samples": 5,
                  "stdev": 1.318568921
                },
                "status": "ok"
              },
              "host_wall": {
                "clock": "steady_clock",
                "per_iteration_us": {
                  "max": 119.281,
                  "median": 111.061,
                  "min": 99.521,
                  "n": 5,
                  "p05": 101.649,
                  "p95": 117.851,
                  "samples": 5,
                  "stdev": 6.335777774
                },
                "sequence_us": {
                  "max": 119.281,
                  "median": 111.061,
                  "min": 99.521,
                  "n": 5,
                  "p05": 101.649,
                  "p95": 117.851,
                  "samples": 5,
                  "stdev": 6.335777774
                },
                "status": "ok"
              },
              "logical_iterations": 1
            }
          },
          "timing_mode": "independent_throughput",
          "workgroup_size": 256
        }
      ],
      "run_tag": "vulkan-geometry-sweep",
      "status": "diagnostic"
    },
    "vulkan:multi_accum16": {
      "backend": "vulkan",
      "config": {
        "body_repeats": 32,
        "k_list": [
          512,
          2048
        ],
        "method": "one workgroup per row; repeat-shifted strided f32 FMA inner loop; shared-memory tree reduction; device-local buffers",
        "reps": 10,
        "rows_list": [
          1
        ],
        "samples": 5,
        "timing_mode": "independent_throughput",
        "warmup": 3,
        "workgroups": [
          64,
          256
        ]
      },
      "hardware": {
        "api_version": 4211006,
        "device_id": 30032,
        "device_name": "AMD Radeon Graphics (RADV GFX1201)",
        "device_type": 2,
        "driver_version_raw": 104865800,
        "queue_family": 0,
        "vendor_id": 4098
      },
      "rows": [
        {
          "body_repeats": 32,
          "bytes_per_us": 461.8854308,
          "correctness": {
            "single_dispatch": {
              "oracle": "deterministic CPU f32 reference with sequence tag",
              "status": "pass"
            },
            "synchronization": {
              "barrier_count": 0,
              "method": "disjoint_outputs",
              "status": "pass"
            },
            "timed_sequence": {
              "coverage": "all_dispatches",
              "logical_iterations": 10,
              "oracle": "deterministic CPU f32 reference with sequence tag",
              "status": "pass"
            }
          },
          "correctness_pass": true,
          "dependency_contract": {
            "inter_dispatch_ordering": "none",
            "output_partitioning": "disjoint",
            "validation_status": "pass",
            "work_dependency": "independent"
          },
          "gflops": 3.695083446,
          "k": 512,
          "max_abs": 0,
          "max_rel": 0,
          "max_us": 8.88,
          "median_us": 8.868,
          "min_us": 8.86,
          "p05_us": 8.8608,
          "p95_us": 8.8784,
          "rows": 1,
          "submission": {
            "completion_in_host_wall": true,
            "queue_or_stream_count": 1,
            "recording_in_timed_region": false,
            "strategy": "vulkan_command_buffer",
            "submit_in_host_wall": true
          },
          "timestamp_period_ns": 10,
          "timestamp_valid_bits": 64,
          "timing": {
            "burst": {
              "dispatches_per_iteration": 1,
              "gpu_elapsed": {
                "clock": "vulkan_timestamp",
                "per_iteration_us": {
                  "max": 8.88,
                  "median": 8.868,
                  "min": 8.86,
                  "n": 5,
                  "p05": 8.8608,
                  "p95": 8.8784,
                  "samples": 5,
                  "stdev": 0.006881860214
                },
                "sequence_us": {
                  "max": 88.8,
                  "median": 88.68,
                  "min": 88.6,
                  "n": 5,
                  "p05": 88.608,
                  "p95": 88.784,
                  "samples": 5,
                  "stdev": 0.06881860214
                },
                "status": "ok"
              },
              "host_wall": {
                "clock": "steady_clock",
                "per_iteration_us": {
                  "max": 14.7301,
                  "median": 14.6811,
                  "min": 14.5972,
                  "n": 5,
                  "p05": 14.6068,
                  "p95": 14.7219,
                  "samples": 5,
                  "stdev": 0.0447308663
                },
                "sequence_us": {
                  "max": 147.301,
                  "median": 146.811,
                  "min": 145.972,
                  "n": 5,
                  "p05": 146.068,
                  "p95": 147.219,
                  "samples": 5,
                  "stdev": 0.447308663
                },
                "status": "ok"
              },
              "logical_iterations": 10
            },
            "single": {
              "dispatches_per_iteration": 1,
              "gpu_elapsed": {
                "clock": "vulkan_timestamp",
                "per_iteration_us": {
                  "max": 91.92,
                  "median": 88.72,
                  "min": 88.64,
                  "n": 5,
                  "p05": 88.648,
                  "p95": 91.304,
                  "samples": 5,
                  "stdev": 1.281748805
                },
                "sequence_us": {
                  "max": 91.92,
                  "median": 88.72,
                  "min": 88.64,
                  "n": 5,
                  "p05": 88.648,
                  "p95": 91.304,
                  "samples": 5,
                  "stdev": 1.281748805
                },
                "status": "ok"
              },
              "host_wall": {
                "clock": "steady_clock",
                "per_iteration_us": {
                  "max": 148.511,
                  "median": 147.841,
                  "min": 143.671,
                  "n": 5,
                  "p05": 144.2232,
                  "p95": 148.3972,
                  "samples": 5,
                  "stdev": 1.744127816
                },
                "sequence_us": {
                  "max": 148.511,
                  "median": 147.841,
                  "min": 143.671,
                  "n": 5,
                  "p05": 144.2232,
                  "p95": 148.3972,
                  "samples": 5,
                  "stdev": 1.744127816
                },
                "status": "ok"
              },
              "logical_iterations": 1
            }
          },
          "timing_mode": "independent_throughput",
          "workgroup_size": 64
        },
        {
          "body_repeats": 32,
          "bytes_per_us": 987.463838,
          "correctness": {
            "single_dispatch": {
              "oracle": "deterministic CPU f32 reference with sequence tag",
              "status": "pass"
            },
            "synchronization": {
              "barrier_count": 0,
              "method": "disjoint_outputs",
              "status": "pass"
            },
            "timed_sequence": {
              "coverage": "all_dispatches",
              "logical_iterations": 10,
              "oracle": "deterministic CPU f32 reference with sequence tag",
              "status": "pass"
            }
          },
          "correctness_pass": true,
          "dependency_contract": {
            "inter_dispatch_ordering": "none",
            "output_partitioning": "disjoint",
            "validation_status": "pass",
            "work_dependency": "independent"
          },
          "gflops": 7.899710704,
          "k": 512,
          "max_abs": 0,
          "max_rel": 0,
          "max_us": 4.168,
          "median_us": 4.148,
          "min_us": 4.14,
          "p05_us": 4.1416,
          "p95_us": 4.1656,
          "rows": 1,
          "submission": {
            "completion_in_host_wall": true,
            "queue_or_stream_count": 1,
            "recording_in_timed_region": false,
            "strategy": "vulkan_command_buffer",
            "submit_in_host_wall": true
          },
          "timestamp_period_ns": 10,
          "timestamp_valid_bits": 64,
          "timing": {
            "burst": {
              "dispatches_per_iteration": 1,
              "gpu_elapsed": {
                "clock": "vulkan_timestamp",
                "per_iteration_us": {
                  "max": 4.168,
                  "median": 4.148,
                  "min": 4.14,
                  "n": 5,
                  "p05": 4.1416,
                  "p95": 4.1656,
                  "samples": 5,
                  "stdev": 0.009465727653
                },
                "sequence_us": {
                  "max": 41.68,
                  "median": 41.48,
                  "min": 41.4,
                  "n": 5,
                  "p05": 41.416,
                  "p95": 41.656,
                  "samples": 5,
                  "stdev": 0.09465727653
                },
                "status": "ok"
              },
              "host_wall": {
                "clock": "steady_clock",
                "per_iteration_us": {
                  "max": 10.0211,
                  "median": 9.9051,
                  "min": 9.8701,
                  "n": 5,
                  "p05": 9.87568,
                  "p95": 10.0041,
                  "samples": 5,
                  "stdev": 0.0519453713
                },
                "sequence_us": {
                  "max": 100.211,
                  "median": 99.051,
                  "min": 98.701,
                  "n": 5,
                  "p05": 98.7568,
                  "p95": 100.041,
                  "samples": 5,
                  "stdev": 0.519453713
                },
                "status": "ok"
              },
              "logical_iterations": 10
            },
            "single": {
              "dispatches_per_iteration": 1,
              "gpu_elapsed": {
                "clock": "vulkan_timestamp",
                "per_iteration_us": {
                  "max": 41.52,
                  "median": 41.48,
                  "min": 41.4,
                  "n": 5,
                  "p05": 41.408,
                  "p95": 41.512,
                  "samples": 5,
                  "stdev": 0.04079215611
                },
                "sequence_us": {
                  "max": 41.52,
                  "median": 41.48,
                  "min": 41.4,
                  "n": 5,
                  "p05": 41.408,
                  "p95": 41.512,
                  "samples": 5,
                  "stdev": 0.04079215611
                },
                "status": "ok"
              },
              "host_wall": {
                "clock": "steady_clock",
                "per_iteration_us": {
                  "max": 100.561,
                  "median": 99.101,
                  "min": 96.611,
                  "n": 5,
                  "p05": 97.045,
                  "p95": 100.383,
                  "samples": 5,
                  "stdev": 1.314330248
                },
                "sequence_us": {
                  "max": 100.561,
                  "median": 99.101,
                  "min": 96.611,
                  "n": 5,
                  "p05": 97.045,
                  "p95": 100.383,
                  "samples": 5,
                  "stdev": 1.314330248
                },
                "status": "ok"
              },
              "logical_iterations": 1
            }
          },
          "timing_mode": "independent_throughput",
          "workgroup_size": 256
        },
        {
          "body_repeats": 32,
          "bytes_per_us": 542.8760769,
          "correctness": {
            "single_dispatch": {
              "oracle": "deterministic CPU f32 reference with sequence tag",
              "status": "pass"
            },
            "synchronization": {
              "barrier_count": 0,
              "method": "disjoint_outputs",
              "status": "pass"
            },
            "timed_sequence": {
              "coverage": "all_dispatches",
              "logical_iterations": 10,
              "oracle": "deterministic CPU f32 reference with sequence tag",
              "status": "pass"
            }
          },
          "correctness_pass": true,
          "dependency_contract": {
            "inter_dispatch_ordering": "none",
            "output_partitioning": "disjoint",
            "validation_status": "pass",
            "work_dependency": "independent"
          },
          "gflops": 4.343008615,
          "k": 2048,
          "max_abs": 0,
          "max_rel": 0,
          "max_us": 30.824,
          "median_us": 30.18,
          "min_us": 30.172,
          "p05_us": 30.1728,
          "p95_us": 30.7,
          "rows": 1,
          "submission": {
            "completion_in_host_wall": true,
            "queue_or_stream_count": 1,
            "recording_in_timed_region": false,
            "strategy": "vulkan_command_buffer",
            "submit_in_host_wall": true
          },
          "timestamp_period_ns": 10,
          "timestamp_valid_bits": 64,
          "timing": {
            "burst": {
              "dispatches_per_iteration": 1,
              "gpu_elapsed": {
                "clock": "vulkan_timestamp",
                "per_iteration_us": {
                  "max": 30.824,
                  "median": 30.18,
                  "min": 30.172,
                  "n": 5,
                  "p05": 30.1728,
                  "p95": 30.7,
                  "samples": 5,
                  "stdev": 0.2566416958
                },
                "sequence_us": {
                  "max": 308.24,
                  "median": 301.8,
                  "min": 301.72,
                  "n": 5,
                  "p05": 301.728,
                  "p95": 307,
                  "samples": 5,
                  "stdev": 2.566416958
                },
                "status": "ok"
              },
              "host_wall": {
                "clock": "steady_clock",
                "per_iteration_us": {
                  "max": 37.1934,
                  "median": 36.2663,
                  "min": 36.0373,
                  "n": 5,
                  "p05": 36.0597,
                  "p95": 37.0228,
                  "samples": 5,
                  "stdev": 0.4111636686
                },
                "sequence_us": {
                  "max": 371.934,
                  "median": 362.663,
                  "min": 360.373,
                  "n": 5,
                  "p05": 360.597,
                  "p95": 370.228,
                  "samples": 5,
                  "stdev": 4.111636686
                },
                "status": "ok"
              },
              "logical_iterations": 10
            },
            "single": {
              "dispatches_per_iteration": 1,
              "gpu_elapsed": {
                "clock": "vulkan_timestamp",
                "per_iteration_us": {
                  "max": 308.84,
                  "median": 301.76,
                  "min": 301.48,
                  "n": 5,
                  "p05": 301.504,
                  "p95": 307.448,
                  "samples": 5,
                  "stdev": 2.867238393
                },
                "sequence_us": {
                  "max": 308.84,
                  "median": 301.76,
                  "min": 301.48,
                  "n": 5,
                  "p05": 301.504,
                  "p95": 307.448,
                  "samples": 5,
                  "stdev": 2.867238393
                },
                "status": "ok"
              },
              "host_wall": {
                "clock": "steady_clock",
                "per_iteration_us": {
                  "max": 371.393,
                  "median": 361.703,
                  "min": 360.333,
                  "n": 5,
                  "p05": 360.4812,
                  "p95": 369.5872,
                  "samples": 5,
                  "stdev": 4.065818028
                },
                "sequence_us": {
                  "max": 371.393,
                  "median": 361.703,
                  "min": 360.333,
                  "n": 5,
                  "p05": 360.4812,
                  "p95": 369.5872,
                  "samples": 5,
                  "stdev": 4.065818028
                },
                "status": "ok"
              },
              "logical_iterations": 1
            }
          },
          "timing_mode": "independent_throughput",
          "workgroup_size": 64
        },
        {
          "body_repeats": 32,
          "bytes_per_us": 1815.602837,
          "correctness": {
            "single_dispatch": {
              "oracle": "deterministic CPU f32 reference with sequence tag",
              "status": "pass"
            },
            "synchronization": {
              "barrier_count": 0,
              "method": "disjoint_outputs",
              "status": "pass"
            },
            "timed_sequence": {
              "coverage": "all_dispatches",
              "logical_iterations": 10,
              "oracle": "deterministic CPU f32 reference with sequence tag",
              "status": "pass"
            }
          },
          "correctness_pass": true,
          "dependency_contract": {
            "inter_dispatch_ordering": "none",
            "output_partitioning": "disjoint",
            "validation_status": "pass",
            "work_dependency": "independent"
          },
          "gflops": 14.5248227,
          "k": 2048,
          "max_abs": 0,
          "max_rel": 0,
          "max_us": 9.044,
          "median_us": 9.024,
          "min_us": 9.004,
          "p05_us": 9.008,
          "p95_us": 9.0416,
          "rows": 1,
          "submission": {
            "completion_in_host_wall": true,
            "queue_or_stream_count": 1,
            "recording_in_timed_region": false,
            "strategy": "vulkan_command_buffer",
            "submit_in_host_wall": true
          },
          "timestamp_period_ns": 10,
          "timestamp_valid_bits": 64,
          "timing": {
            "burst": {
              "dispatches_per_iteration": 1,
              "gpu_elapsed": {
                "clock": "vulkan_timestamp",
                "per_iteration_us": {
                  "max": 9.044,
                  "median": 9.024,
                  "min": 9.004,
                  "n": 5,
                  "p05": 9.008,
                  "p95": 9.0416,
                  "samples": 5,
                  "stdev": 0.01304760514
                },
                "sequence_us": {
                  "max": 90.44,
                  "median": 90.24,
                  "min": 90.04,
                  "n": 5,
                  "p05": 90.08,
                  "p95": 90.416,
                  "samples": 5,
                  "stdev": 0.1304760514
                },
                "status": "ok"
              },
              "host_wall": {
                "clock": "steady_clock",
                "per_iteration_us": {
                  "max": 14.9041,
                  "median": 14.8442,
                  "min": 14.8341,
                  "n": 5,
                  "p05": 14.83452,
                  "p95": 14.9003,
                  "samples": 5,
                  "stdev": 0.0284920059
                },
                "sequence_us": {
                  "max": 149.041,
                  "median": 148.442,
                  "min": 148.341,
                  "n": 5,
                  "p05": 148.3452,
                  "p95": 149.003,
                  "samples": 5,
                  "stdev": 0.284920059
                },
                "status": "ok"
              },
              "logical_iterations": 10
            },
            "single": {
              "dispatches_per_iteration": 1,
              "gpu_elapsed": {
                "clock": "vulkan_timestamp",
                "per_iteration_us": {
                  "max": 90.36,
                  "median": 90.2,
                  "min": 89.72,
                  "n": 5,
                  "p05": 89.744,
                  "p95": 90.352,
                  "samples": 5,
                  "stdev": 0.2597229293
                },
                "sequence_us": {
                  "max": 90.36,
                  "median": 90.2,
                  "min": 89.72,
                  "n": 5,
                  "p05": 89.744,
                  "p95": 90.352,
                  "samples": 5,
                  "stdev": 0.2597229293
                },
                "status": "ok"
              },
              "host_wall": {
                "clock": "steady_clock",
                "per_iteration_us": {
                  "max": 156.852,
                  "median": 148.591,
                  "min": 147.891,
                  "n": 5,
                  "p05": 147.9292,
                  "p95": 155.5238,
                  "samples": 5,
                  "stdev": 3.363833682
                },
                "sequence_us": {
                  "max": 156.852,
                  "median": 148.591,
                  "min": 147.891,
                  "n": 5,
                  "p05": 147.9292,
                  "p95": 155.5238,
                  "samples": 5,
                  "stdev": 3.363833682
                },
                "status": "ok"
              },
              "logical_iterations": 1
            }
          },
          "timing_mode": "independent_throughput",
          "workgroup_size": 256
        }
      ],
      "run_tag": "vulkan-geometry-sweep",
      "status": "diagnostic"
    },
    "vulkan:multi_accum4": {
      "backend": "vulkan",
      "config": {
        "body_repeats": 32,
        "k_list": [
          512,
          2048
        ],
        "method": "one workgroup per row; repeat-shifted strided f32 FMA inner loop; shared-memory tree reduction; device-local buffers",
        "reps": 10,
        "rows_list": [
          1
        ],
        "samples": 5,
        "timing_mode": "independent_throughput",
        "warmup": 3,
        "workgroups": [
          64,
          256
        ]
      },
      "hardware": {
        "api_version": 4211006,
        "device_id": 30032,
        "device_name": "AMD Radeon Graphics (RADV GFX1201)",
        "device_type": 2,
        "driver_version_raw": 104865800,
        "queue_family": 0,
        "vendor_id": 4098
      },
      "rows": [
        {
          "body_repeats": 32,
          "bytes_per_us": 511.4885115,
          "correctness": {
            "single_dispatch": {
              "oracle": "deterministic CPU f32 reference with sequence tag",
              "status": "pass"
            },
            "synchronization": {
              "barrier_count": 0,
              "method": "disjoint_outputs",
              "status": "pass"
            },
            "timed_sequence": {
              "coverage": "all_dispatches",
              "logical_iterations": 10,
              "oracle": "deterministic CPU f32 reference with sequence tag",
              "status": "pass"
            }
          },
          "correctness_pass": true,
          "dependency_contract": {
            "inter_dispatch_ordering": "none",
            "output_partitioning": "disjoint",
            "validation_status": "pass",
            "work_dependency": "independent"
          },
          "gflops": 4.091908092,
          "k": 512,
          "max_abs": 0,
          "max_rel": 0,
          "max_us": 8.02,
          "median_us": 8.008,
          "min_us": 8,
          "p05_us": 8.0008,
          "p95_us": 8.0184,
          "rows": 1,
          "submission": {
            "completion_in_host_wall": true,
            "queue_or_stream_count": 1,
            "recording_in_timed_region": false,
            "strategy": "vulkan_command_buffer",
            "submit_in_host_wall": true
          },
          "timestamp_period_ns": 10,
          "timestamp_valid_bits": 64,
          "timing": {
            "burst": {
              "dispatches_per_iteration": 1,
              "gpu_elapsed": {
                "clock": "vulkan_timestamp",
                "per_iteration_us": {
                  "max": 8.02,
                  "median": 8.008,
                  "min": 8,
                  "n": 5,
                  "p05": 8.0008,
                  "p95": 8.0184,
                  "samples": 5,
                  "stdev": 0.006881860214
                },
                "sequence_us": {
                  "max": 80.2,
                  "median": 80.08,
                  "min": 80,
                  "n": 5,
                  "p05": 80.008,
                  "p95": 80.184,
                  "samples": 5,
                  "stdev": 0.06881860214
                },
                "status": "ok"
              },
              "host_wall": {
                "clock": "steady_clock",
                "per_iteration_us": {
                  "max": 14.3031,
                  "median": 14.1262,
                  "min": 13.9052,
                  "n": 5,
                  "p05": 13.93838,
                  "p95": 14.2871,
                  "samples": 5,
                  "stdev": 0.1360582023
                },
                "sequence_us": {
                  "max": 143.031,
                  "median": 141.262,
                  "min": 139.052,
                  "n": 5,
                  "p05": 139.3838,
                  "p95": 142.871,
                  "samples": 5,
                  "stdev": 1.360582023
                },
                "status": "ok"
              },
              "logical_iterations": 10
            },
            "single": {
              "dispatches_per_iteration": 1,
              "gpu_elapsed": {
                "clock": "vulkan_timestamp",
                "per_iteration_us": {
                  "max": 82.28,
                  "median": 80.04,
                  "min": 79.96,
                  "n": 5,
                  "p05": 79.968,
                  "p95": 81.84,
                  "samples": 5,
                  "stdev": 0.904884523
                },
                "sequence_us": {
                  "max": 82.28,
                  "median": 80.04,
                  "min": 79.96,
                  "n": 5,
                  "p05": 79.968,
                  "p95": 81.84,
                  "samples": 5,
                  "stdev": 0.904884523
                },
                "status": "ok"
              },
              "host_wall": {
                "clock": "steady_clock",
                "per_iteration_us": {
                  "max": 140.201,
                  "median": 139.262,
                  "min": 138.831,
                  "n": 5,
                  "p05": 138.889,
                  "p95": 140.1972,
                  "samples": 5,
                  "stdev": 0.5661252865
                },
                "sequence_us": {
                  "max": 140.201,
                  "median": 139.262,
                  "min": 138.831,
                  "n": 5,
                  "p05": 138.889,
                  "p95": 140.1972,
                  "samples": 5,
                  "stdev": 0.5661252865
                },
                "status": "ok"
              },
              "logical_iterations": 1
            }
          },
          "timing_mode": "independent_throughput",
          "workgroup_size": 64
        },
        {
          "body_repeats": 32,
          "bytes_per_us": 1537.537538,
          "correctness": {
            "single_dispatch": {
              "oracle": "deterministic CPU f32 reference with sequence tag",
              "status": "pass"
            },
            "synchronization": {
              "barrier_count": 0,
              "method": "disjoint_outputs",
              "status": "pass"
            },
            "timed_sequence": {
              "coverage": "all_dispatches",
              "logical_iterations": 10,
              "oracle": "deterministic CPU f32 reference with sequence tag",
              "status": "pass"
            }
          },
          "correctness_pass": true,
          "dependency_contract": {
            "inter_dispatch_ordering": "none",
            "output_partitioning": "disjoint",
            "validation_status": "pass",
            "work_dependency": "independent"
          },
          "gflops": 12.3003003,
          "k": 512,
          "max_abs": 0,
          "max_rel": 0,
          "max_us": 2.668,
          "median_us": 2.664,
          "min_us": 2.664,
          "p05_us": 2.664,
          "p95_us": 2.668,
          "rows": 1,
          "submission": {
            "completion_in_host_wall": true,
            "queue_or_stream_count": 1,
            "recording_in_timed_region": false,
            "strategy": "vulkan_command_buffer",
            "submit_in_host_wall": true
          },
          "timestamp_period_ns": 10,
          "timestamp_valid_bits": 64,
          "timing": {
            "burst": {
              "dispatches_per_iteration": 1,
              "gpu_elapsed": {
                "clock": "vulkan_timestamp",
                "per_iteration_us": {
                  "max": 2.668,
                  "median": 2.664,
                  "min": 2.664,
                  "n": 5,
                  "p05": 2.664,
                  "p95": 2.668,
                  "samples": 5,
                  "stdev": 0.001959591794
                },
                "sequence_us": {
                  "max": 26.68,
                  "median": 26.64,
                  "min": 26.64,
                  "n": 5,
                  "p05": 26.64,
                  "p95": 26.68,
                  "samples": 5,
                  "stdev": 0.01959591794
                },
                "status": "ok"
              },
              "host_wall": {
                "clock": "steady_clock",
                "per_iteration_us": {
                  "max": 8.3011,
                  "median": 8.2031,
                  "min": 8.166,
                  "n": 5,
                  "p05": 8.16722,
                  "p95": 8.2831,
                  "samples": 5,
                  "stdev": 0.04841100701
                },
                "sequence_us": {
                  "max": 83.011,
                  "median": 82.031,
                  "min": 81.66,
                  "n": 5,
                  "p05": 81.6722,
                  "p95": 82.831,
                  "samples": 5,
                  "stdev": 0.4841100701
                },
                "status": "ok"
              },
              "logical_iterations": 10
            },
            "single": {
              "dispatches_per_iteration": 1,
              "gpu_elapsed": {
                "clock": "vulkan_timestamp",
                "per_iteration_us": {
                  "max": 26.64,
                  "median": 26.6,
                  "min": 26.48,
                  "n": 5,
                  "p05": 26.504,
                  "p95": 26.64,
                  "samples": 5,
                  "stdev": 0.05878775383
                },
                "sequence_us": {
                  "max": 26.64,
                  "median": 26.6,
                  "min": 26.48,
                  "n": 5,
                  "p05": 26.504,
                  "p95": 26.64,
                  "samples": 5,
                  "stdev": 0.05878775383
                },
                "status": "ok"
              },
              "host_wall": {
                "clock": "steady_clock",
                "per_iteration_us": {
                  "max": 86.141,
                  "median": 83.251,
                  "min": 82.651,
                  "n": 5,
                  "p05": 82.7388,
                  "p95": 85.749,
                  "samples": 5,
                  "stdev": 1.243497069
                },
                "sequence_us": {
                  "max": 86.141,
                  "median": 83.251,
                  "min": 82.651,
                  "n": 5,
                  "p05": 82.7388,
                  "p95": 85.749,
                  "samples": 5,
                  "stdev": 1.243497069
                },
                "status": "ok"
              },
              "logical_iterations": 1
            }
          },
          "timing_mode": "independent_throughput",
          "workgroup_size": 256
        },
        {
          "body_repeats": 32,
          "bytes_per_us": 530.3638482,
          "correctness": {
            "single_dispatch": {
              "oracle": "deterministic CPU f32 reference with sequence tag",
              "status": "pass"
            },
            "synchronization": {
              "barrier_count": 0,
              "method": "disjoint_outputs",
              "status": "pass"
            },
            "timed_sequence": {
              "coverage": "all_dispatches",
              "logical_iterations": 10,
              "oracle": "deterministic CPU f32 reference with sequence tag",
              "status": "pass"
            }
          },
          "correctness_pass": true,
          "dependency_contract": {
            "inter_dispatch_ordering": "none",
            "output_partitioning": "disjoint",
            "validation_status": "pass",
            "work_dependency": "independent"
          },
          "gflops": 4.242910786,
          "k": 2048,
          "max_abs": 0,
          "max_rel": 0,
          "max_us": 31.652,
          "median_us": 30.892,
          "min_us": 30.884,
          "p05_us": 30.884,
          "p95_us": 31.5048,
          "rows": 1,
          "submission": {
            "completion_in_host_wall": true,
            "queue_or_stream_count": 1,
            "recording_in_timed_region": false,
            "strategy": "vulkan_command_buffer",
            "submit_in_host_wall": true
          },
          "timestamp_period_ns": 10,
          "timestamp_valid_bits": 64,
          "timing": {
            "burst": {
              "dispatches_per_iteration": 1,
              "gpu_elapsed": {
                "clock": "vulkan_timestamp",
                "per_iteration_us": {
                  "max": 31.652,
                  "median": 30.892,
                  "min": 30.884,
                  "n": 5,
                  "p05": 30.884,
                  "p95": 31.5048,
                  "samples": 5,
                  "stdev": 0.3034268281
                },
                "sequence_us": {
                  "max": 316.52,
                  "median": 308.92,
                  "min": 308.84,
                  "n": 5,
                  "p05": 308.84,
                  "p95": 315.048,
                  "samples": 5,
                  "stdev": 3.034268281
                },
                "status": "ok"
              },
              "host_wall": {
                "clock": "steady_clock",
                "per_iteration_us": {
                  "max": 37.6073,
                  "median": 37.0404,
                  "min": 36.4483,
                  "n": 5,
                  "p05": 36.4609,
                  "p95": 37.51852,
                  "samples": 5,
                  "stdev": 0.4312377284
                },
                "sequence_us": {
                  "max": 376.073,
                  "median": 370.404,
                  "min": 364.483,
                  "n": 5,
                  "p05": 364.609,
                  "p95": 375.1852,
                  "samples": 5,
                  "stdev": 4.312377284
                },
                "status": "ok"
              },
              "logical_iterations": 10
            },
            "single": {
              "dispatches_per_iteration": 1,
              "gpu_elapsed": {
                "clock": "vulkan_timestamp",
                "per_iteration_us": {
                  "max": 316.72,
                  "median": 308.88,
                  "min": 308.68,
                  "n": 5,
                  "p05": 308.712,
                  "p95": 315.152,
                  "samples": 5,
                  "stdev": 3.160860642
                },
                "sequence_us": {
                  "max": 316.72,
                  "median": 308.88,
                  "min": 308.68,
                  "n": 5,
                  "p05": 308.712,
                  "p95": 315.152,
                  "samples": 5,
                  "stdev": 3.160860642
                },
                "status": "ok"
              },
              "host_wall": {
                "clock": "steady_clock",
                "per_iteration_us": {
                  "max": 375.464,
                  "median": 370.564,
                  "min": 365.764,
                  "n": 5,
                  "p05": 365.8118,
                  "p95": 375.3558,
                  "samples": 5,
                  "stdev": 4.167769696
                },
                "sequence_us": {
                  "max": 375.464,
                  "median": 370.564,
                  "min": 365.764,
                  "n": 5,
                  "p05": 365.8118,
                  "p95": 375.3558,
                  "samples": 5,
                  "stdev": 4.167769696
                },
                "status": "ok"
              },
              "logical_iterations": 1
            }
          },
          "timing_mode": "independent_throughput",
          "workgroup_size": 64
        },
        {
          "body_repeats": 32,
          "bytes_per_us": 2000.97704,
          "correctness": {
            "single_dispatch": {
              "oracle": "deterministic CPU f32 reference with sequence tag",
              "status": "pass"
            },
            "synchronization": {
              "barrier_count": 0,
              "method": "disjoint_outputs",
              "status": "pass"
            },
            "timed_sequence": {
              "coverage": "all_dispatches",
              "logical_iterations": 10,
              "oracle": "deterministic CPU f32 reference with sequence tag",
              "status": "pass"
            }
          },
          "correctness_pass": true,
          "dependency_contract": {
            "inter_dispatch_ordering": "none",
            "output_partitioning": "disjoint",
            "validation_status": "pass",
            "work_dependency": "independent"
          },
          "gflops": 16.00781632,
          "k": 2048,
          "max_abs": 0,
          "max_rel": 0,
          "max_us": 8.196,
          "median_us": 8.188,
          "min_us": 8.164,
          "p05_us": 8.1672,
          "p95_us": 8.1944,
          "rows": 1,
          "submission": {
            "completion_in_host_wall": true,
            "queue_or_stream_count": 1,
            "recording_in_timed_region": false,
            "strategy": "vulkan_command_buffer",
            "submit_in_host_wall": true
          },
          "timestamp_period_ns": 10,
          "timestamp_valid_bits": 64,
          "timing": {
            "burst": {
              "dispatches_per_iteration": 1,
              "gpu_elapsed": {
                "clock": "vulkan_timestamp",
                "per_iteration_us": {
                  "max": 8.196,
                  "median": 8.188,
                  "min": 8.164,
                  "n": 5,
                  "p05": 8.1672,
                  "p95": 8.1944,
                  "samples": 5,
                  "stdev": 0.01085172797
                },
                "sequence_us": {
                  "max": 81.96,
                  "median": 81.88,
                  "min": 81.64,
                  "n": 5,
                  "p05": 81.672,
                  "p95": 81.944,
                  "samples": 5,
                  "stdev": 0.1085172797
                },
                "status": "ok"
              },
              "host_wall": {
                "clock": "steady_clock",
                "per_iteration_us": {
                  "max": 13.8091,
                  "median": 13.7131,
                  "min": 13.6772,
                  "n": 5,
                  "p05": 13.67778,
                  "p95": 13.8041,
                  "samples": 5,
                  "stdev": 0.05424036873
                },
                "sequence_us": {
                  "max": 138.091,
                  "median": 137.131,
                  "min": 136.772,
                  "n": 5,
                  "p05": 136.7778,
                  "p95": 138.041,
                  "samples": 5,
                  "stdev": 0.5424036873
                },
                "status": "ok"
              },
              "logical_iterations": 10
            },
            "single": {
              "dispatches_per_iteration": 1,
              "gpu_elapsed": {
                "clock": "vulkan_timestamp",
                "per_iteration_us": {
                  "max": 81.88,
                  "median": 81.72,
                  "min": 81.44,
                  "n": 5,
                  "p05": 81.44,
                  "p95": 81.88,
                  "samples": 5,
                  "stdev": 0.1982321871
                },
                "sequence_us": {
                  "max": 81.88,
                  "median": 81.72,
                  "min": 81.44,
                  "n": 5,
                  "p05": 81.44,
                  "p95": 81.88,
                  "samples": 5,
                  "stdev": 0.1982321871
                },
                "status": "ok"
              },
              "host_wall": {
                "clock": "steady_clock",
                "per_iteration_us": {
                  "max": 137.961,
                  "median": 136.551,
                  "min": 135.751,
                  "n": 5,
                  "p05": 135.7592,
                  "p95": 137.7712,
                  "samples": 5,
                  "stdev": 0.8242855331
                },
                "sequence_us": {
                  "max": 137.961,
                  "median": 136.551,
                  "min": 135.751,
                  "n": 5,
                  "p05": 135.7592,
                  "p95": 137.7712,
                  "samples": 5,
                  "stdev": 0.8242855331
                },
                "status": "ok"
              },
              "logical_iterations": 1
            }
          },
          "timing_mode": "independent_throughput",
          "workgroup_size": 256
        }
      ],
      "run_tag": "vulkan-geometry-sweep",
      "status": "diagnostic"
    },
    "vulkan:multi_accum8": {
      "backend": "vulkan",
      "config": {
        "body_repeats": 32,
        "k_list": [
          512,
          2048
        ],
        "method": "one workgroup per row; repeat-shifted strided f32 FMA inner loop; shared-memory tree reduction; device-local buffers",
        "reps": 10,
        "rows_list": [
          1
        ],
        "samples": 5,
        "timing_mode": "independent_throughput",
        "warmup": 3,
        "workgroups": [
          64,
          256
        ]
      },
      "hardware": {
        "api_version": 4211006,
        "device_id": 30032,
        "device_name": "AMD Radeon Graphics (RADV GFX1201)",
        "device_type": 2,
        "driver_version_raw": 104865800,
        "queue_family": 0,
        "vendor_id": 4098
      },
      "rows": [
        {
          "body_repeats": 32,
          "bytes_per_us": 519.5332319,
          "correctness": {
            "single_dispatch": {
              "oracle": "deterministic CPU f32 reference with sequence tag",
              "status": "pass"
            },
            "synchronization": {
              "barrier_count": 0,
              "method": "disjoint_outputs",
              "status": "pass"
            },
            "timed_sequence": {
              "coverage": "all_dispatches",
              "logical_iterations": 10,
              "oracle": "deterministic CPU f32 reference with sequence tag",
              "status": "pass"
            }
          },
          "correctness_pass": true,
          "dependency_contract": {
            "inter_dispatch_ordering": "none",
            "output_partitioning": "disjoint",
            "validation_status": "pass",
            "work_dependency": "independent"
          },
          "gflops": 4.156265855,
          "k": 512,
          "max_abs": 0,
          "max_rel": 0,
          "max_us": 7.892,
          "median_us": 7.884,
          "min_us": 7.876,
          "p05_us": 7.8768,
          "p95_us": 7.8912,
          "rows": 1,
          "submission": {
            "completion_in_host_wall": true,
            "queue_or_stream_count": 1,
            "recording_in_timed_region": false,
            "strategy": "vulkan_command_buffer",
            "submit_in_host_wall": true
          },
          "timestamp_period_ns": 10,
          "timestamp_valid_bits": 64,
          "timing": {
            "burst": {
              "dispatches_per_iteration": 1,
              "gpu_elapsed": {
                "clock": "vulkan_timestamp",
                "per_iteration_us": {
                  "max": 7.892,
                  "median": 7.884,
                  "min": 7.876,
                  "n": 5,
                  "p05": 7.8768,
                  "p95": 7.8912,
                  "samples": 5,
                  "stdev": 0.005656854249
                },
                "sequence_us": {
                  "max": 78.92,
                  "median": 78.84,
                  "min": 78.76,
                  "n": 5,
                  "p05": 78.768,
                  "p95": 78.912,
                  "samples": 5,
                  "stdev": 0.05656854249
                },
                "status": "ok"
              },
              "host_wall": {
                "clock": "steady_clock",
                "per_iteration_us": {
                  "max": 13.7392,
                  "median": 13.6522,
                  "min": 13.6251,
                  "n": 5,
                  "p05": 13.6283,
                  "p95": 13.72198,
                  "samples": 5,
                  "stdev": 0.03983318215
                },
                "sequence_us": {
                  "max": 137.392,
                  "median": 136.522,
                  "min": 136.251,
                  "n": 5,
                  "p05": 136.283,
                  "p95": 137.2198,
                  "samples": 5,
                  "stdev": 0.3983318215
                },
                "status": "ok"
              },
              "logical_iterations": 10
            },
            "single": {
              "dispatches_per_iteration": 1,
              "gpu_elapsed": {
                "clock": "vulkan_timestamp",
                "per_iteration_us": {
                  "max": 80.12,
                  "median": 78.76,
                  "min": 78.72,
                  "n": 5,
                  "p05": 78.728,
                  "p95": 79.88,
                  "samples": 5,
                  "stdev": 0.5364177477
                },
                "sequence_us": {
                  "max": 80.12,
                  "median": 78.76,
                  "min": 78.72,
                  "n": 5,
                  "p05": 78.728,
                  "p95": 79.88,
                  "samples": 5,
                  "stdev": 0.5364177477
                },
                "status": "ok"
              },
              "host_wall": {
                "clock": "steady_clock",
                "per_iteration_us": {
                  "max": 140.451,
                  "median": 136.791,
                  "min": 133.291,
                  "n": 5,
                  "p05": 133.939,
                  "p95": 139.7232,
                  "samples": 5,
                  "stdev": 2.267703367
                },
                "sequence_us": {
                  "max": 140.451,
                  "median": 136.791,
                  "min": 133.291,
                  "n": 5,
                  "p05": 133.939,
                  "p95": 139.7232,
                  "samples": 5,
                  "stdev": 2.267703367
                },
                "status": "ok"
              },
              "logical_iterations": 1
            }
          },
          "timing_mode": "independent_throughput",
          "workgroup_size": 64
        },
        {
          "body_repeats": 32,
          "bytes_per_us": 1299.492386,
          "correctness": {
            "single_dispatch": {
              "oracle": "deterministic CPU f32 reference with sequence tag",
              "status": "pass"
            },
            "synchronization": {
              "barrier_count": 0,
              "method": "disjoint_outputs",
              "status": "pass"
            },
            "timed_sequence": {
              "coverage": "all_dispatches",
              "logical_iterations": 10,
              "oracle": "deterministic CPU f32 reference with sequence tag",
              "status": "pass"
            }
          },
          "correctness_pass": true,
          "dependency_contract": {
            "inter_dispatch_ordering": "none",
            "output_partitioning": "disjoint",
            "validation_status": "pass",
            "work_dependency": "independent"
          },
          "gflops": 10.39593909,
          "k": 512,
          "max_abs": 0,
          "max_rel": 0,
          "max_us": 3.16,
          "median_us": 3.152,
          "min_us": 3.144,
          "p05_us": 3.1456,
          "p95_us": 3.1592,
          "rows": 1,
          "submission": {
            "completion_in_host_wall": true,
            "queue_or_stream_count": 1,
            "recording_in_timed_region": false,
            "strategy": "vulkan_command_buffer",
            "submit_in_host_wall": true
          },
          "timestamp_period_ns": 10,
          "timestamp_valid_bits": 64,
          "timing": {
            "burst": {
              "dispatches_per_iteration": 1,
              "gpu_elapsed": {
                "clock": "vulkan_timestamp",
                "per_iteration_us": {
                  "max": 3.16,
                  "median": 3.152,
                  "min": 3.144,
                  "n": 5,
                  "p05": 3.1456,
                  "p95": 3.1592,
                  "samples": 5,
                  "stdev": 0.005306599665
                },
                "sequence_us": {
                  "max": 31.6,
                  "median": 31.52,
                  "min": 31.44,
                  "n": 5,
                  "p05": 31.456,
                  "p95": 31.592,
                  "samples": 5,
                  "stdev": 0.05306599665
                },
                "status": "ok"
              },
              "host_wall": {
                "clock": "steady_clock",
                "per_iteration_us": {
                  "max": 8.8881,
                  "median": 8.8691,
                  "min": 8.3161,
                  "n": 5,
                  "p05": 8.3487,
                  "p95": 8.88808,
                  "samples": 5,
                  "stdev": 0.2428110409
                },
                "sequence_us": {
                  "max": 88.881,
                  "median": 88.691,
                  "min": 83.161,
                  "n": 5,
                  "p05": 83.487,
                  "p95": 88.8808,
                  "samples": 5,
                  "stdev": 2.428110409
                },
                "status": "ok"
              },
              "logical_iterations": 10
            },
            "single": {
              "dispatches_per_iteration": 1,
              "gpu_elapsed": {
                "clock": "vulkan_timestamp",
                "per_iteration_us": {
                  "max": 31.56,
                  "median": 31.48,
                  "min": 31.4,
                  "n": 5,
                  "p05": 31.416,
                  "p95": 31.552,
                  "samples": 5,
                  "stdev": 0.05306599665
                },
                "sequence_us": {
                  "max": 31.56,
                  "median": 31.48,
                  "min": 31.4,
                  "n": 5,
                  "p05": 31.416,
                  "p95": 31.552,
                  "samples": 5,
                  "stdev": 0.05306599665
                },
                "status": "ok"
              },
              "host_wall": {
                "clock": "steady_clock",
                "per_iteration_us": {
                  "max": 84.651,
                  "median": 81.65,
                  "min": 80.131,
                  "n": 5,
                  "p05": 80.211,
                  "p95": 84.555,
                  "samples": 5,
                  "stdev": 1.857819841
                },
                "sequence_us": {
                  "max": 84.651,
                  "median": 81.65,
                  "min": 80.131,
                  "n": 5,
                  "p05": 80.211,
                  "p95": 84.555,
                  "samples": 5,
                  "stdev": 1.857819841
                },
                "status": "ok"
              },
              "logical_iterations": 1
            }
          },
          "timing_mode": "independent_throughput",
          "workgroup_size": 256
        },
        {
          "body_repeats": 32,
          "bytes_per_us": 538.5222193,
          "correctness": {
            "single_dispatch": {
              "oracle": "deterministic CPU f32 reference with sequence tag",
              "status": "pass"
            },
            "synchronization": {
              "barrier_count": 0,
              "method": "disjoint_outputs",
              "status": "pass"
            },
            "timed_sequence": {
              "coverage": "all_dispatches",
              "logical_iterations": 10,
              "oracle": "deterministic CPU f32 reference with sequence tag",
              "status": "pass"
            }
          },
          "correctness_pass": true,
          "dependency_contract": {
            "inter_dispatch_ordering": "none",
            "output_partitioning": "disjoint",
            "validation_status": "pass",
            "work_dependency": "independent"
          },
          "gflops": 4.308177754,
          "k": 2048,
          "max_abs": 0,
          "max_rel": 0,
          "max_us": 31.112,
          "median_us": 30.424,
          "min_us": 30.388,
          "p05_us": 30.3896,
          "p95_us": 31.1096,
          "rows": 1,
          "submission": {
            "completion_in_host_wall": true,
            "queue_or_stream_count": 1,
            "recording_in_timed_region": false,
            "strategy": "vulkan_command_buffer",
            "submit_in_host_wall": true
          },
          "timestamp_period_ns": 10,
          "timestamp_valid_bits": 64,
          "timing": {
            "burst": {
              "dispatches_per_iteration": 1,
              "gpu_elapsed": {
                "clock": "vulkan_timestamp",
                "per_iteration_us": {
                  "max": 31.112,
                  "median": 30.424,
                  "min": 30.388,
                  "n": 5,
                  "p05": 30.3896,
                  "p95": 31.1096,
                  "samples": 5,
                  "stdev": 0.344789791
                },
                "sequence_us": {
                  "max": 311.12,
                  "median": 304.24,
                  "min": 303.88,
                  "n": 5,
                  "p05": 303.896,
                  "p95": 311.096,
                  "samples": 5,
                  "stdev": 3.44789791
                },
                "status": "ok"
              },
              "host_wall": {
                "clock": "steady_clock",
                "per_iteration_us": {
                  "max": 37.2383,
                  "median": 36.4804,
                  "min": 36.2674,
                  "n": 5,
                  "p05": 36.29,
                  "p95": 37.2141,
                  "samples": 5,
                  "stdev": 0.4003410476
                },
                "sequence_us": {
                  "max": 372.383,
                  "median": 364.804,
                  "min": 362.674,
                  "n": 5,
                  "p05": 362.9,
                  "p95": 372.141,
                  "samples": 5,
                  "stdev": 4.003410476
                },
                "status": "ok"
              },
              "logical_iterations": 10
            },
            "single": {
              "dispatches_per_iteration": 1,
              "gpu_elapsed": {
                "clock": "vulkan_timestamp",
                "per_iteration_us": {
                  "max": 311.64,
                  "median": 304.08,
                  "min": 303.76,
                  "n": 5,
                  "p05": 303.784,
                  "p95": 310.136,
                  "samples": 5,
                  "stdev": 3.074811214
                },
                "sequence_us": {
                  "max": 311.64,
                  "median": 304.08,
                  "min": 303.76,
                  "n": 5,
                  "p05": 303.784,
                  "p95": 310.136,
                  "samples": 5,
                  "stdev": 3.074811214
                },
                "status": "ok"
              },
              "host_wall": {
                "clock": "steady_clock",
                "per_iteration_us": {
                  "max": 372.723,
                  "median": 363.903,
                  "min": 361.953,
                  "n": 5,
                  "p05": 362.1992,
                  "p95": 371.0932,
                  "samples": 5,
                  "stdev": 3.827640662
                },
                "sequence_us": {
                  "max": 372.723,
                  "median": 363.903,
                  "min": 361.953,
                  "n": 5,
                  "p05": 362.1992,
                  "p95": 371.0932,
                  "samples": 5,
                  "stdev": 3.827640662
                },
                "status": "ok"
              },
              "logical_iterations": 1
            }
          },
          "timing_mode": "independent_throughput",
          "workgroup_size": 64
        },
        {
          "body_repeats": 32,
          "bytes_per_us": 2030.738721,
          "correctness": {
            "single_dispatch": {
              "oracle": "deterministic CPU f32 reference with sequence tag",
              "status": "pass"
            },
            "synchronization": {
              "barrier_count": 0,
              "method": "disjoint_outputs",
              "status": "pass"
            },
            "timed_sequence": {
              "coverage": "all_dispatches",
              "logical_iterations": 10,
              "oracle": "deterministic CPU f32 reference with sequence tag",
              "status": "pass"
            }
          },
          "correctness_pass": true,
          "dependency_contract": {
            "inter_dispatch_ordering": "none",
            "output_partitioning": "disjoint",
            "validation_status": "pass",
            "work_dependency": "independent"
          },
          "gflops": 16.24590977,
          "k": 2048,
          "max_abs": 0,
          "max_rel": 0,
          "max_us": 8.08,
          "median_us": 8.068,
          "min_us": 8.056,
          "p05_us": 8.0584,
          "p95_us": 8.0784,
          "rows": 1,
          "submission": {
            "completion_in_host_wall": true,
            "queue_or_stream_count": 1,
            "recording_in_timed_region": false,
            "strategy": "vulkan_command_buffer",
            "submit_in_host_wall": true
          },
          "timestamp_period_ns": 10,
          "timestamp_valid_bits": 64,
          "timing": {
            "burst": {
              "dispatches_per_iteration": 1,
              "gpu_elapsed": {
                "clock": "vulkan_timestamp",
                "per_iteration_us": {
                  "max": 8.08,
                  "median": 8.068,
                  "min": 8.056,
                  "n": 5,
                  "p05": 8.0584,
                  "p95": 8.0784,
                  "samples": 5,
                  "stdev": 0.007756287772
                },
                "sequence_us": {
                  "max": 80.8,
                  "median": 80.68,
                  "min": 80.56,
                  "n": 5,
                  "p05": 80.584,
                  "p95": 80.784,
                  "samples": 5,
                  "stdev": 0.07756287772
                },
                "status": "ok"
              },
              "host_wall": {
                "clock": "steady_clock",
                "per_iteration_us": {
                  "max": 14.5511,
                  "median": 13.9431,
                  "min": 13.9051,
                  "n": 5,
                  "p05": 13.90612,
                  "p95": 14.43252,
                  "samples": 5,
                  "stdev": 0.2495730162
                },
                "sequence_us": {
                  "max": 145.511,
                  "median": 139.431,
                  "min": 139.051,
                  "n": 5,
                  "p05": 139.0612,
                  "p95": 144.3252,
                  "samples": 5,
                  "stdev": 2.495730162
                },
                "status": "ok"
              },
              "logical_iterations": 10
            },
            "single": {
              "dispatches_per_iteration": 1,
              "gpu_elapsed": {
                "clock": "vulkan_timestamp",
                "per_iteration_us": {
                  "max": 80.72,
                  "median": 80.56,
                  "min": 80.2,
                  "n": 5,
                  "p05": 80.224,
                  "p95": 80.704,
                  "samples": 5,
                  "stdev": 0.1966112916
                },
                "sequence_us": {
                  "max": 80.72,
                  "median": 80.56,
                  "min": 80.2,
                  "n": 5,
                  "p05": 80.224,
                  "p95": 80.704,
                  "samples": 5,
                  "stdev": 0.1966112916
                },
                "status": "ok"
              },
              "host_wall": {
                "clock": "steady_clock",
                "per_iteration_us": {
                  "max": 141.231,
                  "median": 139.692,
                  "min": 138.352,
                  "n": 5,
                  "p05": 138.4878,
                  "p95": 140.969,
                  "samples": 5,
                  "stdev": 0.9636000415
                },
                "sequence_us": {
                  "max": 141.231,
                  "median": 139.692,
                  "min": 138.352,
                  "n": 5,
                  "p05": 138.4878,
                  "p95": 140.969,
                  "samples": 5,
                  "stdev": 0.9636000415
                },
                "status": "ok"
              },
              "logical_iterations": 1
            }
          },
          "timing_mode": "independent_throughput",
          "workgroup_size": 256
        }
      ],
      "run_tag": "vulkan-geometry-sweep",
      "status": "diagnostic"
    },
    "vulkan:subgroup": {
      "backend": "vulkan",
      "config": {
        "body_repeats": 32,
        "k_list": [
          512,
          2048
        ],
        "method": "one workgroup per row; repeat-shifted strided f32 FMA inner loop; shared-memory tree reduction; device-local buffers",
        "reps": 10,
        "rows_list": [
          1
        ],
        "samples": 5,
        "timing_mode": "independent_throughput",
        "warmup": 3,
        "workgroups": [
          64,
          256
        ]
      },
      "hardware": {
        "api_version": 4211006,
        "device_id": 30032,
        "device_name": "AMD Radeon Graphics (RADV GFX1201)",
        "device_type": 2,
        "driver_version_raw": 104865800,
        "queue_family": 0,
        "vendor_id": 4098
      },
      "rows": [
        {
          "body_repeats": 32,
          "bytes_per_us": 550.2418055,
          "correctness": {
            "single_dispatch": {
              "oracle": "deterministic CPU f32 reference with sequence tag",
              "status": "pass"
            },
            "synchronization": {
              "barrier_count": 0,
              "method": "disjoint_outputs",
              "status": "pass"
            },
            "timed_sequence": {
              "coverage": "all_dispatches",
              "logical_iterations": 10,
              "oracle": "deterministic CPU f32 reference with sequence tag",
              "status": "pass"
            }
          },
          "correctness_pass": true,
          "dependency_contract": {
            "inter_dispatch_ordering": "none",
            "output_partitioning": "disjoint",
            "validation_status": "pass",
            "work_dependency": "independent"
          },
          "gflops": 4.401934444,
          "k": 512,
          "max_abs": 0,
          "max_rel": 0,
          "max_us": 7.456,
          "median_us": 7.444,
          "min_us": 7.44,
          "p05_us": 7.4408,
          "p95_us": 7.4536,
          "rows": 1,
          "submission": {
            "completion_in_host_wall": true,
            "queue_or_stream_count": 1,
            "recording_in_timed_region": false,
            "strategy": "vulkan_command_buffer",
            "submit_in_host_wall": true
          },
          "timestamp_period_ns": 10,
          "timestamp_valid_bits": 64,
          "timing": {
            "burst": {
              "dispatches_per_iteration": 1,
              "gpu_elapsed": {
                "clock": "vulkan_timestamp",
                "per_iteration_us": {
                  "max": 7.456,
                  "median": 7.444,
                  "min": 7.44,
                  "n": 5,
                  "p05": 7.4408,
                  "p95": 7.4536,
                  "samples": 5,
                  "stdev": 0.005425863987
                },
                "sequence_us": {
                  "max": 74.56,
                  "median": 74.44,
                  "min": 74.4,
                  "n": 5,
                  "p05": 74.408,
                  "p95": 74.536,
                  "samples": 5,
                  "stdev": 0.05425863987
                },
                "status": "ok"
              },
              "host_wall": {
                "clock": "steady_clock",
                "per_iteration_us": {
                  "max": 13.2461,
                  "median": 12.9311,
                  "min": 12.9082,
                  "n": 5,
                  "p05": 12.91018,
                  "p95": 13.2057,
                  "samples": 5,
                  "stdev": 0.1280147866
                },
                "sequence_us": {
                  "max": 132.461,
                  "median": 129.311,
                  "min": 129.082,
                  "n": 5,
                  "p05": 129.1018,
                  "p95": 132.057,
                  "samples": 5,
                  "stdev": 1.280147866
                },
                "status": "ok"
              },
              "logical_iterations": 10
            },
            "single": {
              "dispatches_per_iteration": 1,
              "gpu_elapsed": {
                "clock": "vulkan_timestamp",
                "per_iteration_us": {
                  "max": 80.12,
                  "median": 76.56,
                  "min": 74.36,
                  "n": 5,
                  "p05": 74.376,
                  "p95": 79.472,
                  "samples": 5,
                  "stdev": 2.101032127
                },
                "sequence_us": {
                  "max": 80.12,
                  "median": 76.56,
                  "min": 74.36,
                  "n": 5,
                  "p05": 74.376,
                  "p95": 79.472,
                  "samples": 5,
                  "stdev": 2.101032127
                },
                "status": "ok"
              },
              "host_wall": {
                "clock": "steady_clock",
                "per_iteration_us": {
                  "max": 136.651,
                  "median": 133.161,
                  "min": 128.851,
                  "n": 5,
                  "p05": 128.8932,
                  "p95": 136.129,
                  "samples": 5,
                  "stdev": 3.002322328
                },
                "sequence_us": {
                  "max": 136.651,
                  "median": 133.161,
                  "min": 128.851,
                  "n": 5,
                  "p05": 128.8932,
                  "p95": 136.129,
                  "samples": 5,
                  "stdev": 3.002322328
                },
                "status": "ok"
              },
              "logical_iterations": 1
            }
          },
          "timing_mode": "independent_throughput",
          "workgroup_size": 64
        },
        {
          "body_repeats": 32,
          "bytes_per_us": 1872.02925,
          "correctness": {
            "single_dispatch": {
              "oracle": "deterministic CPU f32 reference with sequence tag",
              "status": "pass"
            },
            "synchronization": {
              "barrier_count": 0,
              "method": "disjoint_outputs",
              "status": "pass"
            },
            "timed_sequence": {
              "coverage": "all_dispatches",
              "logical_iterations": 10,
              "oracle": "deterministic CPU f32 reference with sequence tag",
              "status": "pass"
            }
          },
          "correctness_pass": true,
          "dependency_contract": {
            "inter_dispatch_ordering": "none",
            "output_partitioning": "disjoint",
            "validation_status": "pass",
            "work_dependency": "independent"
          },
          "gflops": 14.976234,
          "k": 512,
          "max_abs": 0,
          "max_rel": 0,
          "max_us": 2.192,
          "median_us": 2.188,
          "min_us": 2.184,
          "p05_us": 2.184,
          "p95_us": 2.192,
          "rows": 1,
          "submission": {
            "completion_in_host_wall": true,
            "queue_or_stream_count": 1,
            "recording_in_timed_region": false,
            "strategy": "vulkan_command_buffer",
            "submit_in_host_wall": true
          },
          "timestamp_period_ns": 10,
          "timestamp_valid_bits": 64,
          "timing": {
            "burst": {
              "dispatches_per_iteration": 1,
              "gpu_elapsed": {
                "clock": "vulkan_timestamp",
                "per_iteration_us": {
                  "max": 2.192,
                  "median": 2.188,
                  "min": 2.184,
                  "n": 5,
                  "p05": 2.184,
                  "p95": 2.192,
                  "samples": 5,
                  "stdev": 0.003577708764
                },
                "sequence_us": {
                  "max": 21.92,
                  "median": 21.88,
                  "min": 21.84,
                  "n": 5,
                  "p05": 21.84,
                  "p95": 21.92,
                  "samples": 5,
                  "stdev": 0.03577708764
                },
                "status": "ok"
              },
              "host_wall": {
                "clock": "steady_clock",
                "per_iteration_us": {
                  "max": 7.8271,
                  "median": 7.7211,
                  "min": 7.6281,
                  "n": 5,
                  "p05": 7.6361,
                  "p95": 7.81348,
                  "samples": 5,
                  "stdev": 0.06946873829
                },
                "sequence_us": {
                  "max": 78.271,
                  "median": 77.211,
                  "min": 76.281,
                  "n": 5,
                  "p05": 76.361,
                  "p95": 78.1348,
                  "samples": 5,
                  "stdev": 0.6946873829
                },
                "status": "ok"
              },
              "logical_iterations": 10
            },
            "single": {
              "dispatches_per_iteration": 1,
              "gpu_elapsed": {
                "clock": "vulkan_timestamp",
                "per_iteration_us": {
                  "max": 21.88,
                  "median": 21.88,
                  "min": 21.64,
                  "n": 5,
                  "p05": 21.664,
                  "p95": 21.88,
                  "samples": 5,
                  "stdev": 0.096
                },
                "sequence_us": {
                  "max": 21.88,
                  "median": 21.88,
                  "min": 21.64,
                  "n": 5,
                  "p05": 21.664,
                  "p95": 21.88,
                  "samples": 5,
                  "stdev": 0.096
                },
                "status": "ok"
              },
              "host_wall": {
                "clock": "steady_clock",
                "per_iteration_us": {
                  "max": 81.301,
                  "median": 73.66,
                  "min": 68.841,
                  "n": 5,
                  "p05": 69.337,
                  "p95": 81.199,
                  "samples": 5,
                  "stdev": 5.026631572
                },
                "sequence_us": {
                  "max": 81.301,
                  "median": 73.66,
                  "min": 68.841,
                  "n": 5,
                  "p05": 69.337,
                  "p95": 81.199,
                  "samples": 5,
                  "stdev": 5.026631572
                },
                "status": "ok"
              },
              "logical_iterations": 1
            }
          },
          "timing_mode": "independent_throughput",
          "workgroup_size": 256
        },
        {
          "body_repeats": 32,
          "bytes_per_us": 570.0765484,
          "correctness": {
            "single_dispatch": {
              "oracle": "deterministic CPU f32 reference with sequence tag",
              "status": "pass"
            },
            "synchronization": {
              "barrier_count": 0,
              "method": "disjoint_outputs",
              "status": "pass"
            },
            "timed_sequence": {
              "coverage": "all_dispatches",
              "logical_iterations": 10,
              "oracle": "deterministic CPU f32 reference with sequence tag",
              "status": "pass"
            }
          },
          "correctness_pass": true,
          "dependency_contract": {
            "inter_dispatch_ordering": "none",
            "output_partitioning": "disjoint",
            "validation_status": "pass",
            "work_dependency": "independent"
          },
          "gflops": 4.560612387,
          "k": 2048,
          "max_abs": 0,
          "max_rel": 0,
          "max_us": 29.544,
          "median_us": 28.74,
          "min_us": 28.724,
          "p05_us": 28.724,
          "p95_us": 29.5056,
          "rows": 1,
          "submission": {
            "completion_in_host_wall": true,
            "queue_or_stream_count": 1,
            "recording_in_timed_region": false,
            "strategy": "vulkan_command_buffer",
            "submit_in_host_wall": true
          },
          "timestamp_period_ns": 10,
          "timestamp_valid_bits": 64,
          "timing": {
            "burst": {
              "dispatches_per_iteration": 1,
              "gpu_elapsed": {
                "clock": "vulkan_timestamp",
                "per_iteration_us": {
                  "max": 29.544,
                  "median": 28.74,
                  "min": 28.724,
                  "n": 5,
                  "p05": 28.724,
                  "p95": 29.5056,
                  "samples": 5,
                  "stdev": 0.3573180096
                },
                "sequence_us": {
                  "max": 295.44,
                  "median": 287.4,
                  "min": 287.24,
                  "n": 5,
                  "p05": 287.24,
                  "p95": 295.056,
                  "samples": 5,
                  "stdev": 3.573180096
                },
                "status": "ok"
              },
              "host_wall": {
                "clock": "steady_clock",
                "per_iteration_us": {
                  "max": 35.2403,
                  "median": 34.3993,
                  "min": 34.2223,
                  "n": 5,
                  "p05": 34.25332,
                  "p95": 35.20752,
                  "samples": 5,
                  "stdev": 0.4121883773
                },
                "sequence_us": {
                  "max": 352.403,
                  "median": 343.993,
                  "min": 342.223,
                  "n": 5,
                  "p05": 342.5332,
                  "p95": 352.0752,
                  "samples": 5,
                  "stdev": 4.121883773
                },
                "status": "ok"
              },
              "logical_iterations": 10
            },
            "single": {
              "dispatches_per_iteration": 1,
              "gpu_elapsed": {
                "clock": "vulkan_timestamp",
                "per_iteration_us": {
                  "max": 295.04,
                  "median": 287.04,
                  "min": 286.76,
                  "n": 5,
                  "p05": 286.816,
                  "p95": 293.472,
                  "samples": 5,
                  "stdev": 3.215124259
                },
                "sequence_us": {
                  "max": 295.04,
                  "median": 287.04,
                  "min": 286.76,
                  "n": 5,
                  "p05": 286.816,
                  "p95": 293.472,
                  "samples": 5,
                  "stdev": 3.215124259
                },
                "status": "ok"
              },
              "host_wall": {
                "clock": "steady_clock",
                "per_iteration_us": {
                  "max": 352.303,
                  "median": 343.353,
                  "min": 341.754,
                  "n": 5,
                  "p05": 341.8578,
                  "p95": 350.685,
                  "samples": 5,
                  "stdev": 3.857332467
                },
                "sequence_us": {
                  "max": 352.303,
                  "median": 343.353,
                  "min": 341.754,
                  "n": 5,
                  "p05": 341.8578,
                  "p95": 350.685,
                  "samples": 5,
                  "stdev": 3.857332467
                },
                "status": "ok"
              },
              "logical_iterations": 1
            }
          },
          "timing_mode": "independent_throughput",
          "workgroup_size": 64
        },
        {
          "body_repeats": 32,
          "bytes_per_us": 2153.522608,
          "correctness": {
            "single_dispatch": {
              "oracle": "deterministic CPU f32 reference with sequence tag",
              "status": "pass"
            },
            "synchronization": {
              "barrier_count": 0,
              "method": "disjoint_outputs",
              "status": "pass"
            },
            "timed_sequence": {
              "coverage": "all_dispatches",
              "logical_iterations": 10,
              "oracle": "deterministic CPU f32 reference with sequence tag",
              "status": "pass"
            }
          },
          "correctness_pass": true,
          "dependency_contract": {
            "inter_dispatch_ordering": "none",
            "output_partitioning": "disjoint",
            "validation_status": "pass",
            "work_dependency": "independent"
          },
          "gflops": 17.22818086,
          "k": 2048,
          "max_abs": 0,
          "max_rel": 0,
          "max_us": 7.62,
          "median_us": 7.608,
          "min_us": 7.588,
          "p05_us": 7.5912,
          "p95_us": 7.6176,
          "rows": 1,
          "submission": {
            "completion_in_host_wall": true,
            "queue_or_stream_count": 1,
            "recording_in_timed_region": false,
            "strategy": "vulkan_command_buffer",
            "submit_in_host_wall": true
          },
          "timestamp_period_ns": 10,
          "timestamp_valid_bits": 64,
          "timing": {
            "burst": {
              "dispatches_per_iteration": 1,
              "gpu_elapsed": {
                "clock": "vulkan_timestamp",
                "per_iteration_us": {
                  "max": 7.62,
                  "median": 7.608,
                  "min": 7.588,
                  "n": 5,
                  "p05": 7.5912,
                  "p95": 7.6176,
                  "samples": 5,
                  "stdev": 0.01030727898
                },
                "sequence_us": {
                  "max": 76.2,
                  "median": 76.08,
                  "min": 75.88,
                  "n": 5,
                  "p05": 75.912,
                  "p95": 76.176,
                  "samples": 5,
                  "stdev": 0.1030727898
                },
                "status": "ok"
              },
              "host_wall": {
                "clock": "steady_clock",
                "per_iteration_us": {
                  "max": 13.2072,
                  "median": 13.1261,
                  "min": 13.0681,
                  "n": 5,
                  "p05": 13.0793,
                  "p95": 13.19238,
                  "samples": 5,
                  "stdev": 0.04435377774
                },
                "sequence_us": {
                  "max": 132.072,
                  "median": 131.261,
                  "min": 130.681,
                  "n": 5,
                  "p05": 130.793,
                  "p95": 131.9238,
                  "samples": 5,
                  "stdev": 0.4435377774
                },
                "status": "ok"
              },
              "logical_iterations": 10
            },
            "single": {
              "dispatches_per_iteration": 1,
              "gpu_elapsed": {
                "clock": "vulkan_timestamp",
                "per_iteration_us": {
                  "max": 76.16,
                  "median": 76.08,
                  "min": 75.72,
                  "n": 5,
                  "p05": 75.728,
                  "p95": 76.16,
                  "samples": 5,
                  "stdev": 0.1953048899
                },
                "sequence_us": {
                  "max": 76.16,
                  "median": 76.08,
                  "min": 75.72,
                  "n": 5,
                  "p05": 75.728,
                  "p95": 76.16,
                  "samples": 5,
                  "stdev": 0.1953048899
                },
                "status": "ok"
              },
              "host_wall": {
                "clock": "steady_clock",
                "per_iteration_us": {
                  "max": 155.601,
                  "median": 130.811,
                  "min": 130.681,
                  "n": 5,
                  "p05": 130.6952,
                  "p95": 150.747,
                  "samples": 5,
                  "stdev": 9.885564757
                },
                "sequence_us": {
                  "max": 155.601,
                  "median": 130.811,
                  "min": 130.681,
                  "n": 5,
                  "p05": 130.6952,
                  "p95": 150.747,
                  "samples": 5,
                  "stdev": 9.885564757
                },
                "status": "ok"
              },
              "logical_iterations": 1
            }
          },
          "timing_mode": "independent_throughput",
          "workgroup_size": 256
        }
      ],
      "run_tag": "vulkan-geometry-sweep",
      "status": "diagnostic"
    }
  },
  "rows": [
    {
      "backend": "vulkan",
      "body_repeats": 32,
      "bytes_per_us": 708.1604426,
      "correctness": {
        "single_dispatch": {
          "oracle": "deterministic CPU f32 reference with sequence tag",
          "status": "pass"
        },
        "synchronization": {
          "barrier_count": 0,
          "method": "disjoint_outputs",
          "status": "pass"
        },
        "timed_sequence": {
          "coverage": "all_dispatches",
          "logical_iterations": 10,
          "oracle": "deterministic CPU f32 reference with sequence tag",
          "status": "pass"
        }
      },
      "correctness_pass": true,
      "dependency_contract": {
        "inter_dispatch_ordering": "none",
        "output_partitioning": "disjoint",
        "validation_status": "pass",
        "work_dependency": "independent"
      },
      "gflops": 5.665283541,
      "k": 512,
      "max_abs": 0,
      "max_rel": 0,
      "max_us": 5.792,
      "median_us": 5.784,
      "min_us": 5.776,
      "p05_us": 5.7768,
      "p95_us": 5.792,
      "row_key": {
        "k": 512,
        "rows": 1,
        "workgroup_size": 64
      },
      "rows": 1,
      "submission": {
        "completion_in_host_wall": true,
        "queue_or_stream_count": 1,
        "recording_in_timed_region": false,
        "strategy": "vulkan_command_buffer",
        "submit_in_host_wall": true
      },
      "timestamp_period_ns": 10,
      "timestamp_valid_bits": 64,
      "timing": {
        "burst": {
          "dispatches_per_iteration": 1,
          "gpu_elapsed": {
            "clock": "vulkan_timestamp",
            "per_iteration_us": {
              "max": 5.792,
              "median": 5.784,
              "min": 5.776,
              "n": 5,
              "p05": 5.7768,
              "p95": 5.792,
              "samples": 5,
              "stdev": 0.0064
            },
            "sequence_us": {
              "max": 57.92,
              "median": 57.84,
              "min": 57.76,
              "n": 5,
              "p05": 57.768,
              "p95": 57.92,
              "samples": 5,
              "stdev": 0.064
            },
            "status": "ok"
          },
          "host_wall": {
            "clock": "steady_clock",
            "per_iteration_us": {
              "max": 11.1351,
              "median": 11.0121,
              "min": 10.7571,
              "n": 5,
              "p05": 10.8003,
              "p95": 11.1181,
              "samples": 5,
              "stdev": 0.1261595815
            },
            "sequence_us": {
              "max": 111.351,
              "median": 110.121,
              "min": 107.571,
              "n": 5,
              "p05": 108.003,
              "p95": 111.181,
              "samples": 5,
              "stdev": 1.261595815
            },
            "status": "ok"
          },
          "logical_iterations": 10
        },
        "single": {
          "dispatches_per_iteration": 1,
          "gpu_elapsed": {
            "clock": "vulkan_timestamp",
            "per_iteration_us": {
              "max": 60.48,
              "median": 57.88,
              "min": 57.8,
              "n": 5,
              "p05": 57.808,
              "p95": 60.12,
              "samples": 5,
              "stdev": 1.02531166
            },
            "sequence_us": {
              "max": 60.48,
              "median": 57.88,
              "min": 57.8,
              "n": 5,
              "p05": 57.808,
              "p95": 60.12,
              "samples": 5,
              "stdev": 1.02531166
            },
            "status": "ok"
          },
          "host_wall": {
            "clock": "steady_clock",
            "per_iteration_us": {
              "max": 113.271,
              "median": 110.111,
              "min": 109.881,
              "n": 5,
              "p05": 109.901,
              "p95": 113.195,
              "samples": 5,
              "stdev": 1.520297339
            },
            "sequence_us": {
              "max": 113.271,
              "median": 110.111,
              "min": 109.881,
              "n": 5,
              "p05": 109.901,
              "p95": 113.195,
              "samples": 5,
              "stdev": 1.520297339
            },
            "status": "ok"
          },
          "logical_iterations": 1
        }
      },
      "timing_mode": "independent_throughput",
      "variant": "lds_tree",
      "workgroup_size": 64,
      "workgroup_specialization": "specialization_constant"
    },
    {
      "backend": "vulkan",
      "body_repeats": 32,
      "bytes_per_us": 2375.87007,
      "correctness": {
        "single_dispatch": {
          "oracle": "deterministic CPU f32 reference with sequence tag",
          "status": "pass"
        },
        "synchronization": {
          "barrier_count": 0,
          "method": "disjoint_outputs",
          "status": "pass"
        },
        "timed_sequence": {
          "coverage": "all_dispatches",
          "logical_iterations": 10,
          "oracle": "deterministic CPU f32 reference with sequence tag",
          "status": "pass"
        }
      },
      "correctness_pass": true,
      "dependency_contract": {
        "inter_dispatch_ordering": "none",
        "output_partitioning": "disjoint",
        "validation_status": "pass",
        "work_dependency": "independent"
      },
      "gflops": 19.00696056,
      "k": 512,
      "max_abs": 0,
      "max_rel": 0,
      "max_us": 1.724,
      "median_us": 1.724,
      "min_us": 1.72,
      "p05_us": 1.7208,
      "p95_us": 1.724,
      "row_key": {
        "k": 512,
        "rows": 1,
        "workgroup_size": 256
      },
      "rows": 1,
      "submission": {
        "completion_in_host_wall": true,
        "queue_or_stream_count": 1,
        "recording_in_timed_region": false,
        "strategy": "vulkan_command_buffer",
        "submit_in_host_wall": true
      },
      "timestamp_period_ns": 10,
      "timestamp_valid_bits": 64,
      "timing": {
        "burst": {
          "dispatches_per_iteration": 1,
          "gpu_elapsed": {
            "clock": "vulkan_timestamp",
            "per_iteration_us": {
              "max": 1.724,
              "median": 1.724,
              "min": 1.72,
              "n": 5,
              "p05": 1.7208,
              "p95": 1.724,
              "samples": 5,
              "stdev": 0.0016
            },
            "sequence_us": {
              "max": 17.24,
              "median": 17.24,
              "min": 17.2,
              "n": 5,
              "p05": 17.208,
              "p95": 17.24,
              "samples": 5,
              "stdev": 0.016
            },
            "status": "ok"
          },
          "host_wall": {
            "clock": "steady_clock",
            "per_iteration_us": {
              "max": 7.6491,
              "median": 6.746,
              "min": 6.1891,
              "n": 5,
              "p05": 6.2977,
              "p95": 7.47328,
              "samples": 5,
              "stdev": 0.4692774216
            },
            "sequence_us": {
              "max": 76.491,
              "median": 67.46,
              "min": 61.891,
              "n": 5,
              "p05": 62.977,
              "p95": 74.7328,
              "samples": 5,
              "stdev": 4.692774216
            },
            "status": "ok"
          },
          "logical_iterations": 10
        },
        "single": {
          "dispatches_per_iteration": 1,
          "gpu_elapsed": {
            "clock": "vulkan_timestamp",
            "per_iteration_us": {
              "max": 18.32,
              "median": 18.24,
              "min": 17.24,
              "n": 5,
              "p05": 17.312,
              "p95": 18.304,
              "samples": 5,
              "stdev": 0.4311101947
            },
            "sequence_us": {
              "max": 18.32,
              "median": 18.24,
              "min": 17.24,
              "n": 5,
              "p05": 17.312,
              "p95": 18.304,
              "samples": 5,
              "stdev": 0.4311101947
            },
            "status": "ok"
          },
          "host_wall": {
            "clock": "steady_clock",
            "per_iteration_us": {
              "max": 75.73,
              "median": 70.761,
              "min": 61.02,
              "n": 5,
              "p05": 61.4122,
              "p95": 75.0942,
              "samples": 5,
              "stdev": 5.659441902
            },
            "sequence_us": {
              "max": 75.73,
              "median": 70.761,
              "min": 61.02,
              "n": 5,
              "p05": 61.4122,
              "p95": 75.0942,
              "samples": 5,
              "stdev": 5.659441902
            },
            "status": "ok"
          },
          "logical_iterations": 1
        }
      },
      "timing_mode": "independent_throughput",
      "variant": "lds_tree",
      "workgroup_size": 256,
      "workgroup_specialization": "specialization_constant"
    },
    {
      "backend": "vulkan",
      "body_repeats": 32,
      "bytes_per_us": 736.4257461,
      "correctness": {
        "single_dispatch": {
          "oracle": "deterministic CPU f32 reference with sequence tag",
          "status": "pass"
        },
        "synchronization": {
          "barrier_count": 0,
          "method": "disjoint_outputs",
          "status": "pass"
        },
        "timed_sequence": {
          "coverage": "all_dispatches",
          "logical_iterations": 10,
          "oracle": "deterministic CPU f32 reference with sequence tag",
          "status": "pass"
        }
      },
      "correctness_pass": true,
      "dependency_contract": {
        "inter_dispatch_ordering": "none",
        "output_partitioning": "disjoint",
        "validation_status": "pass",
        "work_dependency": "independent"
      },
      "gflops": 5.891405969,
      "k": 2048,
      "max_abs": 0,
      "max_rel": 0,
      "max_us": 23.028,
      "median_us": 22.248,
      "min_us": 22.224,
      "p05_us": 22.228,
      "p95_us": 22.8752,
      "row_key": {
        "k": 2048,
        "rows": 1,
        "workgroup_size": 64
      },
      "rows": 1,
      "submission": {
        "completion_in_host_wall": true,
        "queue_or_stream_count": 1,
        "recording_in_timed_region": false,
        "strategy": "vulkan_command_buffer",
        "submit_in_host_wall": true
      },
      "timestamp_period_ns": 10,
      "timestamp_valid_bits": 64,
      "timing": {
        "burst": {
          "dispatches_per_iteration": 1,
          "gpu_elapsed": {
            "clock": "vulkan_timestamp",
            "per_iteration_us": {
              "max": 23.028,
              "median": 22.248,
              "min": 22.224,
              "n": 5,
              "p05": 22.228,
              "p95": 22.8752,
              "samples": 5,
              "stdev": 0.313459152
            },
            "sequence_us": {
              "max": 230.28,
              "median": 222.48,
              "min": 222.24,
              "n": 5,
              "p05": 222.28,
              "p95": 228.752,
              "samples": 5,
              "stdev": 3.13459152
            },
            "status": "ok"
          },
          "host_wall": {
            "clock": "steady_clock",
            "per_iteration_us": {
              "max": 28.6363,
              "median": 27.4402,
              "min": 27.4093,
              "n": 5,
              "p05": 27.41208,
              "p95": 28.4163,
              "samples": 5,
              "stdev": 0.4757053147
            },
            "sequence_us": {
              "max": 286.363,
              "median": 274.402,
              "min": 274.093,
              "n": 5,
              "p05": 274.1208,
              "p95": 284.163,
              "samples": 5,
              "stdev": 4.757053147
            },
            "status": "ok"
          },
          "logical_iterations": 10
        },
        "single": {
          "dispatches_per_iteration": 1,
          "gpu_elapsed": {
            "clock": "vulkan_timestamp",
            "per_iteration_us": {
              "max": 230.28,
              "median": 222.44,
              "min": 222.32,
              "n": 5,
              "p05": 222.336,
              "p95": 228.776,
              "samples": 5,
              "stdev": 3.123587681
            },
            "sequence_us": {
              "max": 230.28,
              "median": 222.44,
              "min": 222.32,
              "n": 5,
              "p05": 222.336,
              "p95": 228.776,
              "samples": 5,
              "stdev": 3.123587681
            },
            "status": "ok"
          },
          "host_wall": {
            "clock": "steady_clock",
            "per_iteration_us": {
              "max": 291.593,
              "median": 278.263,
              "min": 275.833,
              "n": 5,
              "p05": 276.1148,
              "p95": 289.3788,
              "samples": 5,
              "stdev": 5.661680196
            },
            "sequence_us": {
              "max": 291.593,
              "median": 278.263,
              "min": 275.833,
              "n": 5,
              "p05": 276.1148,
              "p95": 289.3788,
              "samples": 5,
              "stdev": 5.661680196
            },
            "status": "ok"
          },
          "logical_iterations": 1
        }
      },
      "timing_mode": "independent_throughput",
      "variant": "lds_tree",
      "workgroup_size": 64,
      "workgroup_specialization": "specialization_constant"
    },
    {
      "backend": "vulkan",
      "body_repeats": 32,
      "bytes_per_us": 2760.107817,
      "correctness": {
        "single_dispatch": {
          "oracle": "deterministic CPU f32 reference with sequence tag",
          "status": "pass"
        },
        "synchronization": {
          "barrier_count": 0,
          "method": "disjoint_outputs",
          "status": "pass"
        },
        "timed_sequence": {
          "coverage": "all_dispatches",
          "logical_iterations": 10,
          "oracle": "deterministic CPU f32 reference with sequence tag",
          "status": "pass"
        }
      },
      "correctness_pass": true,
      "dependency_contract": {
        "inter_dispatch_ordering": "none",
        "output_partitioning": "disjoint",
        "validation_status": "pass",
        "work_dependency": "independent"
      },
      "gflops": 22.08086253,
      "k": 2048,
      "max_abs": 0,
      "max_rel": 0,
      "max_us": 5.94,
      "median_us": 5.936,
      "min_us": 5.92,
      "p05_us": 5.9208,
      "p95_us": 5.9392,
      "row_key": {
        "k": 2048,
        "rows": 1,
        "workgroup_size": 256
      },
      "rows": 1,
      "submission": {
        "completion_in_host_wall": true,
        "queue_or_stream_count": 1,
        "recording_in_timed_region": false,
        "strategy": "vulkan_command_buffer",
        "submit_in_host_wall": true
      },
      "timestamp_period_ns": 10,
      "timestamp_valid_bits": 64,
      "timing": {
        "burst": {
          "dispatches_per_iteration": 1,
          "gpu_elapsed": {
            "clock": "vulkan_timestamp",
            "per_iteration_us": {
              "max": 5.94,
              "median": 5.936,
              "min": 5.92,
              "n": 5,
              "p05": 5.9208,
              "p95": 5.9392,
              "samples": 5,
              "stdev": 0.007756287772
            },
            "sequence_us": {
              "max": 59.4,
              "median": 59.36,
              "min": 59.2,
              "n": 5,
              "p05": 59.208,
              "p95": 59.392,
              "samples": 5,
              "stdev": 0.07756287772
            },
            "status": "ok"
          },
          "host_wall": {
            "clock": "steady_clock",
            "per_iteration_us": {
              "max": 11.6041,
              "median": 11.0721,
              "min": 10.8771,
              "n": 5,
              "p05": 10.9141,
              "p95": 11.5069,
              "samples": 5,
              "stdev": 0.2430799046
            },
            "sequence_us": {
              "max": 116.041,
              "median": 110.721,
              "min": 108.771,
              "n": 5,
              "p05": 109.141,
              "p95": 115.069,
              "samples": 5,
              "stdev": 2.430799046
            },
            "status": "ok"
          },
          "logical_iterations": 10
        },
        "single": {
          "dispatches_per_iteration": 1,
          "gpu_elapsed": {
            "clock": "vulkan_timestamp",
            "per_iteration_us": {
              "max": 62.4,
              "median": 59.4,
              "min": 58.92,
              "n": 5,
              "p05": 58.976,
              "p95": 62.112,
              "samples": 5,
              "stdev": 1.318568921
            },
            "sequence_us": {
              "max": 62.4,
              "median": 59.4,
              "min": 58.92,
              "n": 5,
              "p05": 58.976,
              "p95": 62.112,
              "samples": 5,
              "stdev": 1.318568921
            },
            "status": "ok"
          },
          "host_wall": {
            "clock": "steady_clock",
            "per_iteration_us": {
              "max": 119.281,
              "median": 111.061,
              "min": 99.521,
              "n": 5,
              "p05": 101.649,
              "p95": 117.851,
              "samples": 5,
              "stdev": 6.335777774
            },
            "sequence_us": {
              "max": 119.281,
              "median": 111.061,
              "min": 99.521,
              "n": 5,
              "p05": 101.649,
              "p95": 117.851,
              "samples": 5,
              "stdev": 6.335777774
            },
            "status": "ok"
          },
          "logical_iterations": 1
        }
      },
      "timing_mode": "independent_throughput",
      "variant": "lds_tree",
      "workgroup_size": 256,
      "workgroup_specialization": "specialization_constant"
    },
    {
      "backend": "vulkan",
      "body_repeats": 32,
      "bytes_per_us": 516.1290323,
      "correctness": {
        "single_dispatch": {
          "oracle": "deterministic CPU f32 reference with sequence tag",
          "status": "pass"
        },
        "synchronization": {
          "barrier_count": 0,
          "method": "disjoint_outputs",
          "status": "pass"
        },
        "timed_sequence": {
          "coverage": "all_dispatches",
          "logical_iterations": 10,
          "oracle": "deterministic CPU f32 reference with sequence tag",
          "status": "pass"
        }
      },
      "correctness_pass": true,
      "dependency_contract": {
        "inter_dispatch_ordering": "none",
        "output_partitioning": "disjoint",
        "validation_status": "pass",
        "work_dependency": "independent"
      },
      "gflops": 4.129032258,
      "k": 512,
      "max_abs": 0,
      "max_rel": 0,
      "max_us": 7.94,
      "median_us": 7.936,
      "min_us": 7.932,
      "p05_us": 7.9328,
      "p95_us": 7.94,
      "row_key": {
        "k": 512,
        "rows": 1,
        "workgroup_size": 64
      },
      "rows": 1,
      "submission": {
        "completion_in_host_wall": true,
        "queue_or_stream_count": 1,
        "recording_in_timed_region": false,
        "strategy": "vulkan_command_buffer",
        "submit_in_host_wall": true
      },
      "timestamp_period_ns": 10,
      "timestamp_valid_bits": 64,
      "timing": {
        "burst": {
          "dispatches_per_iteration": 1,
          "gpu_elapsed": {
            "clock": "vulkan_timestamp",
            "per_iteration_us": {
              "max": 7.94,
              "median": 7.936,
              "min": 7.932,
              "n": 5,
              "p05": 7.9328,
              "p95": 7.94,
              "samples": 5,
              "stdev": 0.002993325909
            },
            "sequence_us": {
              "max": 79.4,
              "median": 79.36,
              "min": 79.32,
              "n": 5,
              "p05": 79.328,
              "p95": 79.4,
              "samples": 5,
              "stdev": 0.02993325909
            },
            "status": "ok"
          },
          "host_wall": {
            "clock": "steady_clock",
            "per_iteration_us": {
              "max": 13.8212,
              "median": 13.6761,
              "min": 13.6682,
              "n": 5,
              "p05": 13.66898,
              "p95": 13.80578,
              "samples": 5,
              "stdev": 0.05943085394
            },
            "sequence_us": {
              "max": 138.212,
              "median": 136.761,
              "min": 136.682,
              "n": 5,
              "p05": 136.6898,
              "p95": 138.0578,
              "samples": 5,
              "stdev": 0.5943085394
            },
            "status": "ok"
          },
          "logical_iterations": 10
        },
        "single": {
          "dispatches_per_iteration": 1,
          "gpu_elapsed": {
            "clock": "vulkan_timestamp",
            "per_iteration_us": {
              "max": 81.12,
              "median": 79.24,
              "min": 79.24,
              "n": 5,
              "p05": 79.24,
              "p95": 80.76,
              "samples": 5,
              "stdev": 0.7446448818
            },
            "sequence_us": {
              "max": 81.12,
              "median": 79.24,
              "min": 79.24,
              "n": 5,
              "p05": 79.24,
              "p95": 80.76,
              "samples": 5,
              "stdev": 0.7446448818
            },
            "status": "ok"
          },
          "host_wall": {
            "clock": "steady_clock",
            "per_iteration_us": {
              "max": 138.791,
              "median": 137.391,
              "min": 132.521,
              "n": 5,
              "p05": 133.4832,
              "p95": 138.565,
              "samples": 5,
              "stdev": 2.173893502
            },
            "sequence_us": {
              "max": 138.791,
              "median": 137.391,
              "min": 132.521,
              "n": 5,
              "p05": 133.4832,
              "p95": 138.565,
              "samples": 5,
              "stdev": 2.173893502
            },
            "status": "ok"
          },
          "logical_iterations": 1
        }
      },
      "timing_mode": "independent_throughput",
      "variant": "extra_barrier",
      "workgroup_size": 64,
      "workgroup_specialization": "specialization_constant"
    },
    {
      "backend": "vulkan",
      "body_repeats": 32,
      "bytes_per_us": 1726.812816,
      "correctness": {
        "single_dispatch": {
          "oracle": "deterministic CPU f32 reference with sequence tag",
          "status": "pass"
        },
        "synchronization": {
          "barrier_count": 0,
          "method": "disjoint_outputs",
          "status": "pass"
        },
        "timed_sequence": {
          "coverage": "all_dispatches",
          "logical_iterations": 10,
          "oracle": "deterministic CPU f32 reference with sequence tag",
          "status": "pass"
        }
      },
      "correctness_pass": true,
      "dependency_contract": {
        "inter_dispatch_ordering": "none",
        "output_partitioning": "disjoint",
        "validation_status": "pass",
        "work_dependency": "independent"
      },
      "gflops": 13.81450253,
      "k": 512,
      "max_abs": 0,
      "max_rel": 0,
      "max_us": 2.372,
      "median_us": 2.372,
      "min_us": 2.364,
      "p05_us": 2.3648,
      "p95_us": 2.372,
      "row_key": {
        "k": 512,
        "rows": 1,
        "workgroup_size": 256
      },
      "rows": 1,
      "submission": {
        "completion_in_host_wall": true,
        "queue_or_stream_count": 1,
        "recording_in_timed_region": false,
        "strategy": "vulkan_command_buffer",
        "submit_in_host_wall": true
      },
      "timestamp_period_ns": 10,
      "timestamp_valid_bits": 64,
      "timing": {
        "burst": {
          "dispatches_per_iteration": 1,
          "gpu_elapsed": {
            "clock": "vulkan_timestamp",
            "per_iteration_us": {
              "max": 2.372,
              "median": 2.372,
              "min": 2.364,
              "n": 5,
              "p05": 2.3648,
              "p95": 2.372,
              "samples": 5,
              "stdev": 0.0032
            },
            "sequence_us": {
              "max": 23.72,
              "median": 23.72,
              "min": 23.64,
              "n": 5,
              "p05": 23.648,
              "p95": 23.72,
              "samples": 5,
              "stdev": 0.032
            },
            "status": "ok"
          },
          "host_wall": {
            "clock": "steady_clock",
            "per_iteration_us": {
              "max": 8.2031,
              "median": 8.141,
              "min": 8.1031,
              "n": 5,
              "p05": 8.1067,
              "p95": 8.1967,
              "samples": 5,
              "stdev": 0.03565997196
            },
            "sequence_us": {
              "max": 82.031,
              "median": 81.41,
              "min": 81.031,
              "n": 5,
              "p05": 81.067,
              "p95": 81.967,
              "samples": 5,
              "stdev": 0.3565997196
            },
            "status": "ok"
          },
          "logical_iterations": 10
        },
        "single": {
          "dispatches_per_iteration": 1,
          "gpu_elapsed": {
            "clock": "vulkan_timestamp",
            "per_iteration_us": {
              "max": 24.56,
              "median": 23.64,
              "min": 23.6,
              "n": 5,
              "p05": 23.6,
              "p95": 24.376,
              "samples": 5,
              "stdev": 0.3764252914
            },
            "sequence_us": {
              "max": 24.56,
              "median": 23.64,
              "min": 23.6,
              "n": 5,
              "p05": 23.6,
              "p95": 24.376,
              "samples": 5,
              "stdev": 0.3764252914
            },
            "status": "ok"
          },
          "host_wall": {
            "clock": "steady_clock",
            "per_iteration_us": {
              "max": 87.931,
              "median": 82.48,
              "min": 81.461,
              "n": 5,
              "p05": 81.511,
              "p95": 87.431,
              "samples": 5,
              "stdev": 2.50210011
            },
            "sequence_us": {
              "max": 87.931,
              "median": 82.48,
              "min": 81.461,
              "n": 5,
              "p05": 81.511,
              "p95": 87.431,
              "samples": 5,
              "stdev": 2.50210011
            },
            "status": "ok"
          },
          "logical_iterations": 1
        }
      },
      "timing_mode": "independent_throughput",
      "variant": "extra_barrier",
      "workgroup_size": 256,
      "workgroup_specialization": "specialization_constant"
    },
    {
      "backend": "vulkan",
      "body_repeats": 32,
      "bytes_per_us": 522.4489796,
      "correctness": {
        "single_dispatch": {
          "oracle": "deterministic CPU f32 reference with sequence tag",
          "status": "pass"
        },
        "synchronization": {
          "barrier_count": 0,
          "method": "disjoint_outputs",
          "status": "pass"
        },
        "timed_sequence": {
          "coverage": "all_dispatches",
          "logical_iterations": 10,
          "oracle": "deterministic CPU f32 reference with sequence tag",
          "status": "pass"
        }
      },
      "correctness_pass": true,
      "dependency_contract": {
        "inter_dispatch_ordering": "none",
        "output_partitioning": "disjoint",
        "validation_status": "pass",
        "work_dependency": "independent"
      },
      "gflops": 4.179591837,
      "k": 2048,
      "max_abs": 0,
      "max_rel": 0,
      "max_us": 31.38,
      "median_us": 31.36,
      "min_us": 30.576,
      "p05_us": 30.5808,
      "p95_us": 31.3784,
      "row_key": {
        "k": 2048,
        "rows": 1,
        "workgroup_size": 64
      },
      "rows": 1,
      "submission": {
        "completion_in_host_wall": true,
        "queue_or_stream_count": 1,
        "recording_in_timed_region": false,
        "strategy": "vulkan_command_buffer",
        "submit_in_host_wall": true
      },
      "timestamp_period_ns": 10,
      "timestamp_valid_bits": 64,
      "timing": {
        "burst": {
          "dispatches_per_iteration": 1,
          "gpu_elapsed": {
            "clock": "vulkan_timestamp",
            "per_iteration_us": {
              "max": 31.38,
              "median": 31.36,
              "min": 30.576,
              "n": 5,
              "p05": 30.5808,
              "p95": 31.3784,
              "samples": 5,
              "stdev": 0.3835547419
            },
            "sequence_us": {
              "max": 313.8,
              "median": 313.6,
              "min": 305.76,
              "n": 5,
              "p05": 305.808,
              "p95": 313.784,
              "samples": 5,
              "stdev": 3.835547419
            },
            "status": "ok"
          },
          "host_wall": {
            "clock": "steady_clock",
            "per_iteration_us": {
              "max": 37.8154,
              "median": 37.4564,
              "min": 36.6283,
              "n": 5,
              "p05": 36.6435,
              "p95": 37.7682,
              "samples": 5,
              "stdev": 0.4804592328
            },
            "sequence_us": {
              "max": 378.154,
              "median": 374.564,
              "min": 366.283,
              "n": 5,
              "p05": 366.435,
              "p95": 377.682,
              "samples": 5,
              "stdev": 4.804592328
            },
            "status": "ok"
          },
          "logical_iterations": 10
        },
        "single": {
          "dispatches_per_iteration": 1,
          "gpu_elapsed": {
            "clock": "vulkan_timestamp",
            "per_iteration_us": {
              "max": 313.4,
              "median": 305.88,
              "min": 305.44,
              "n": 5,
              "p05": 305.48,
              "p95": 313.336,
              "samples": 5,
              "stdev": 3.720679508
            },
            "sequence_us": {
              "max": 313.4,
              "median": 305.88,
              "min": 305.44,
              "n": 5,
              "p05": 305.48,
              "p95": 313.336,
              "samples": 5,
              "stdev": 3.720679508
            },
            "status": "ok"
          },
          "host_wall": {
            "clock": "steady_clock",
            "per_iteration_us": {
              "max": 375.523,
              "median": 367.934,
              "min": 365.654,
              "n": 5,
              "p05": 365.832,
              "p95": 375.225,
              "samples": 5,
              "stdev": 4.045964834
            },
            "sequence_us": {
              "max": 375.523,
              "median": 367.934,
              "min": 365.654,
              "n": 5,
              "p05": 365.832,
              "p95": 375.225,
              "samples": 5,
              "stdev": 4.045964834
            },
            "status": "ok"
          },
          "logical_iterations": 1
        }
      },
      "timing_mode": "independent_throughput",
      "variant": "extra_barrier",
      "workgroup_size": 64,
      "workgroup_specialization": "specialization_constant"
    },
    {
      "backend": "vulkan",
      "body_repeats": 32,
      "bytes_per_us": 2016.740522,
      "correctness": {
        "single_dispatch": {
          "oracle": "deterministic CPU f32 reference with sequence tag",
          "status": "pass"
        },
        "synchronization": {
          "barrier_count": 0,
          "method": "disjoint_outputs",
          "status": "pass"
        },
        "timed_sequence": {
          "coverage": "all_dispatches",
          "logical_iterations": 10,
          "oracle": "deterministic CPU f32 reference with sequence tag",
          "status": "pass"
        }
      },
      "correctness_pass": true,
      "dependency_contract": {
        "inter_dispatch_ordering": "none",
        "output_partitioning": "disjoint",
        "validation_status": "pass",
        "work_dependency": "independent"
      },
      "gflops": 16.13392418,
      "k": 2048,
      "max_abs": 0,
      "max_rel": 0,
      "max_us": 8.136,
      "median_us": 8.124,
      "min_us": 8.108,
      "p05_us": 8.1112,
      "p95_us": 8.1336,
      "row_key": {
        "k": 2048,
        "rows": 1,
        "workgroup_size": 256
      },
      "rows": 1,
      "submission": {
        "completion_in_host_wall": true,
        "queue_or_stream_count": 1,
        "recording_in_timed_region": false,
        "strategy": "vulkan_command_buffer",
        "submit_in_host_wall": true
      },
      "timestamp_period_ns": 10,
      "timestamp_valid_bits": 64,
      "timing": {
        "burst": {
          "dispatches_per_iteration": 1,
          "gpu_elapsed": {
            "clock": "vulkan_timestamp",
            "per_iteration_us": {
              "max": 8.136,
              "median": 8.124,
              "min": 8.108,
              "n": 5,
              "p05": 8.1112,
              "p95": 8.1336,
              "samples": 5,
              "stdev": 0.008908422981
            },
            "sequence_us": {
              "max": 81.36,
              "median": 81.24,
              "min": 81.08,
              "n": 5,
              "p05": 81.112,
              "p95": 81.336,
              "samples": 5,
              "stdev": 0.08908422981
            },
            "status": "ok"
          },
          "host_wall": {
            "clock": "steady_clock",
            "per_iteration_us": {
              "max": 14.8071,
              "median": 13.9771,
              "min": 13.9171,
              "n": 5,
              "p05": 13.9239,
              "p95": 14.65032,
              "samples": 5,
              "stdev": 0.3377719965
            },
            "sequence_us": {
              "max": 148.071,
              "median": 139.771,
              "min": 139.171,
              "n": 5,
              "p05": 139.239,
              "p95": 146.5032,
              "samples": 5,
              "stdev": 3.377719965
            },
            "status": "ok"
          },
          "logical_iterations": 10
        },
        "single": {
          "dispatches_per_iteration": 1,
          "gpu_elapsed": {
            "clock": "vulkan_timestamp",
            "per_iteration_us": {
              "max": 83.88,
              "median": 81.28,
              "min": 80.8,
              "n": 5,
              "p05": 80.816,
              "p95": 83.368,
              "samples": 5,
              "stdev": 1.14302056
            },
            "sequence_us": {
              "max": 83.88,
              "median": 81.28,
              "min": 80.8,
              "n": 5,
              "p05": 80.816,
              "p95": 83.368,
              "samples": 5,
              "stdev": 1.14302056
            },
            "status": "ok"
          },
          "host_wall": {
            "clock": "steady_clock",
            "per_iteration_us": {
              "max": 148.571,
              "median": 142.062,
              "min": 141.231,
              "n": 5,
              "p05": 141.2932,
              "p95": 147.317,
              "samples": 5,
              "stdev": 2.740789711
            },
            "sequence_us": {
              "max": 148.571,
              "median": 142.062,
              "min": 141.231,
              "n": 5,
              "p05": 141.2932,
              "p95": 147.317,
              "samples": 5,
              "stdev": 2.740789711
            },
            "status": "ok"
          },
          "logical_iterations": 1
        }
      },
      "timing_mode": "independent_throughput",
      "variant": "extra_barrier",
      "workgroup_size": 256,
      "workgroup_specialization": "specialization_constant"
    },
    {
      "backend": "vulkan",
      "body_repeats": 32,
      "bytes_per_us": 550.2418055,
      "correctness": {
        "single_dispatch": {
          "oracle": "deterministic CPU f32 reference with sequence tag",
          "status": "pass"
        },
        "synchronization": {
          "barrier_count": 0,
          "method": "disjoint_outputs",
          "status": "pass"
        },
        "timed_sequence": {
          "coverage": "all_dispatches",
          "logical_iterations": 10,
          "oracle": "deterministic CPU f32 reference with sequence tag",
          "status": "pass"
        }
      },
      "correctness_pass": true,
      "dependency_contract": {
        "inter_dispatch_ordering": "none",
        "output_partitioning": "disjoint",
        "validation_status": "pass",
        "work_dependency": "independent"
      },
      "gflops": 4.401934444,
      "k": 512,
      "max_abs": 0,
      "max_rel": 0,
      "max_us": 7.456,
      "median_us": 7.444,
      "min_us": 7.44,
      "p05_us": 7.4408,
      "p95_us": 7.4536,
      "row_key": {
        "k": 512,
        "rows": 1,
        "workgroup_size": 64
      },
      "rows": 1,
      "submission": {
        "completion_in_host_wall": true,
        "queue_or_stream_count": 1,
        "recording_in_timed_region": false,
        "strategy": "vulkan_command_buffer",
        "submit_in_host_wall": true
      },
      "timestamp_period_ns": 10,
      "timestamp_valid_bits": 64,
      "timing": {
        "burst": {
          "dispatches_per_iteration": 1,
          "gpu_elapsed": {
            "clock": "vulkan_timestamp",
            "per_iteration_us": {
              "max": 7.456,
              "median": 7.444,
              "min": 7.44,
              "n": 5,
              "p05": 7.4408,
              "p95": 7.4536,
              "samples": 5,
              "stdev": 0.005425863987
            },
            "sequence_us": {
              "max": 74.56,
              "median": 74.44,
              "min": 74.4,
              "n": 5,
              "p05": 74.408,
              "p95": 74.536,
              "samples": 5,
              "stdev": 0.05425863987
            },
            "status": "ok"
          },
          "host_wall": {
            "clock": "steady_clock",
            "per_iteration_us": {
              "max": 13.2461,
              "median": 12.9311,
              "min": 12.9082,
              "n": 5,
              "p05": 12.91018,
              "p95": 13.2057,
              "samples": 5,
              "stdev": 0.1280147866
            },
            "sequence_us": {
              "max": 132.461,
              "median": 129.311,
              "min": 129.082,
              "n": 5,
              "p05": 129.1018,
              "p95": 132.057,
              "samples": 5,
              "stdev": 1.280147866
            },
            "status": "ok"
          },
          "logical_iterations": 10
        },
        "single": {
          "dispatches_per_iteration": 1,
          "gpu_elapsed": {
            "clock": "vulkan_timestamp",
            "per_iteration_us": {
              "max": 80.12,
              "median": 76.56,
              "min": 74.36,
              "n": 5,
              "p05": 74.376,
              "p95": 79.472,
              "samples": 5,
              "stdev": 2.101032127
            },
            "sequence_us": {
              "max": 80.12,
              "median": 76.56,
              "min": 74.36,
              "n": 5,
              "p05": 74.376,
              "p95": 79.472,
              "samples": 5,
              "stdev": 2.101032127
            },
            "status": "ok"
          },
          "host_wall": {
            "clock": "steady_clock",
            "per_iteration_us": {
              "max": 136.651,
              "median": 133.161,
              "min": 128.851,
              "n": 5,
              "p05": 128.8932,
              "p95": 136.129,
              "samples": 5,
              "stdev": 3.002322328
            },
            "sequence_us": {
              "max": 136.651,
              "median": 133.161,
              "min": 128.851,
              "n": 5,
              "p05": 128.8932,
              "p95": 136.129,
              "samples": 5,
              "stdev": 3.002322328
            },
            "status": "ok"
          },
          "logical_iterations": 1
        }
      },
      "timing_mode": "independent_throughput",
      "variant": "subgroup",
      "workgroup_size": 64,
      "workgroup_specialization": "specialization_constant"
    },
    {
      "backend": "vulkan",
      "body_repeats": 32,
      "bytes_per_us": 1872.02925,
      "correctness": {
        "single_dispatch": {
          "oracle": "deterministic CPU f32 reference with sequence tag",
          "status": "pass"
        },
        "synchronization": {
          "barrier_count": 0,
          "method": "disjoint_outputs",
          "status": "pass"
        },
        "timed_sequence": {
          "coverage": "all_dispatches",
          "logical_iterations": 10,
          "oracle": "deterministic CPU f32 reference with sequence tag",
          "status": "pass"
        }
      },
      "correctness_pass": true,
      "dependency_contract": {
        "inter_dispatch_ordering": "none",
        "output_partitioning": "disjoint",
        "validation_status": "pass",
        "work_dependency": "independent"
      },
      "gflops": 14.976234,
      "k": 512,
      "max_abs": 0,
      "max_rel": 0,
      "max_us": 2.192,
      "median_us": 2.188,
      "min_us": 2.184,
      "p05_us": 2.184,
      "p95_us": 2.192,
      "row_key": {
        "k": 512,
        "rows": 1,
        "workgroup_size": 256
      },
      "rows": 1,
      "submission": {
        "completion_in_host_wall": true,
        "queue_or_stream_count": 1,
        "recording_in_timed_region": false,
        "strategy": "vulkan_command_buffer",
        "submit_in_host_wall": true
      },
      "timestamp_period_ns": 10,
      "timestamp_valid_bits": 64,
      "timing": {
        "burst": {
          "dispatches_per_iteration": 1,
          "gpu_elapsed": {
            "clock": "vulkan_timestamp",
            "per_iteration_us": {
              "max": 2.192,
              "median": 2.188,
              "min": 2.184,
              "n": 5,
              "p05": 2.184,
              "p95": 2.192,
              "samples": 5,
              "stdev": 0.003577708764
            },
            "sequence_us": {
              "max": 21.92,
              "median": 21.88,
              "min": 21.84,
              "n": 5,
              "p05": 21.84,
              "p95": 21.92,
              "samples": 5,
              "stdev": 0.03577708764
            },
            "status": "ok"
          },
          "host_wall": {
            "clock": "steady_clock",
            "per_iteration_us": {
              "max": 7.8271,
              "median": 7.7211,
              "min": 7.6281,
              "n": 5,
              "p05": 7.6361,
              "p95": 7.81348,
              "samples": 5,
              "stdev": 0.06946873829
            },
            "sequence_us": {
              "max": 78.271,
              "median": 77.211,
              "min": 76.281,
              "n": 5,
              "p05": 76.361,
              "p95": 78.1348,
              "samples": 5,
              "stdev": 0.6946873829
            },
            "status": "ok"
          },
          "logical_iterations": 10
        },
        "single": {
          "dispatches_per_iteration": 1,
          "gpu_elapsed": {
            "clock": "vulkan_timestamp",
            "per_iteration_us": {
              "max": 21.88,
              "median": 21.88,
              "min": 21.64,
              "n": 5,
              "p05": 21.664,
              "p95": 21.88,
              "samples": 5,
              "stdev": 0.096
            },
            "sequence_us": {
              "max": 21.88,
              "median": 21.88,
              "min": 21.64,
              "n": 5,
              "p05": 21.664,
              "p95": 21.88,
              "samples": 5,
              "stdev": 0.096
            },
            "status": "ok"
          },
          "host_wall": {
            "clock": "steady_clock",
            "per_iteration_us": {
              "max": 81.301,
              "median": 73.66,
              "min": 68.841,
              "n": 5,
              "p05": 69.337,
              "p95": 81.199,
              "samples": 5,
              "stdev": 5.026631572
            },
            "sequence_us": {
              "max": 81.301,
              "median": 73.66,
              "min": 68.841,
              "n": 5,
              "p05": 69.337,
              "p95": 81.199,
              "samples": 5,
              "stdev": 5.026631572
            },
            "status": "ok"
          },
          "logical_iterations": 1
        }
      },
      "timing_mode": "independent_throughput",
      "variant": "subgroup",
      "workgroup_size": 256,
      "workgroup_specialization": "specialization_constant"
    },
    {
      "backend": "vulkan",
      "body_repeats": 32,
      "bytes_per_us": 570.0765484,
      "correctness": {
        "single_dispatch": {
          "oracle": "deterministic CPU f32 reference with sequence tag",
          "status": "pass"
        },
        "synchronization": {
          "barrier_count": 0,
          "method": "disjoint_outputs",
          "status": "pass"
        },
        "timed_sequence": {
          "coverage": "all_dispatches",
          "logical_iterations": 10,
          "oracle": "deterministic CPU f32 reference with sequence tag",
          "status": "pass"
        }
      },
      "correctness_pass": true,
      "dependency_contract": {
        "inter_dispatch_ordering": "none",
        "output_partitioning": "disjoint",
        "validation_status": "pass",
        "work_dependency": "independent"
      },
      "gflops": 4.560612387,
      "k": 2048,
      "max_abs": 0,
      "max_rel": 0,
      "max_us": 29.544,
      "median_us": 28.74,
      "min_us": 28.724,
      "p05_us": 28.724,
      "p95_us": 29.5056,
      "row_key": {
        "k": 2048,
        "rows": 1,
        "workgroup_size": 64
      },
      "rows": 1,
      "submission": {
        "completion_in_host_wall": true,
        "queue_or_stream_count": 1,
        "recording_in_timed_region": false,
        "strategy": "vulkan_command_buffer",
        "submit_in_host_wall": true
      },
      "timestamp_period_ns": 10,
      "timestamp_valid_bits": 64,
      "timing": {
        "burst": {
          "dispatches_per_iteration": 1,
          "gpu_elapsed": {
            "clock": "vulkan_timestamp",
            "per_iteration_us": {
              "max": 29.544,
              "median": 28.74,
              "min": 28.724,
              "n": 5,
              "p05": 28.724,
              "p95": 29.5056,
              "samples": 5,
              "stdev": 0.3573180096
            },
            "sequence_us": {
              "max": 295.44,
              "median": 287.4,
              "min": 287.24,
              "n": 5,
              "p05": 287.24,
              "p95": 295.056,
              "samples": 5,
              "stdev": 3.573180096
            },
            "status": "ok"
          },
          "host_wall": {
            "clock": "steady_clock",
            "per_iteration_us": {
              "max": 35.2403,
              "median": 34.3993,
              "min": 34.2223,
              "n": 5,
              "p05": 34.25332,
              "p95": 35.20752,
              "samples": 5,
              "stdev": 0.4121883773
            },
            "sequence_us": {
              "max": 352.403,
              "median": 343.993,
              "min": 342.223,
              "n": 5,
              "p05": 342.5332,
              "p95": 352.0752,
              "samples": 5,
              "stdev": 4.121883773
            },
            "status": "ok"
          },
          "logical_iterations": 10
        },
        "single": {
          "dispatches_per_iteration": 1,
          "gpu_elapsed": {
            "clock": "vulkan_timestamp",
            "per_iteration_us": {
              "max": 295.04,
              "median": 287.04,
              "min": 286.76,
              "n": 5,
              "p05": 286.816,
              "p95": 293.472,
              "samples": 5,
              "stdev": 3.215124259
            },
            "sequence_us": {
              "max": 295.04,
              "median": 287.04,
              "min": 286.76,
              "n": 5,
              "p05": 286.816,
              "p95": 293.472,
              "samples": 5,
              "stdev": 3.215124259
            },
            "status": "ok"
          },
          "host_wall": {
            "clock": "steady_clock",
            "per_iteration_us": {
              "max": 352.303,
              "median": 343.353,
              "min": 341.754,
              "n": 5,
              "p05": 341.8578,
              "p95": 350.685,
              "samples": 5,
              "stdev": 3.857332467
            },
            "sequence_us": {
              "max": 352.303,
              "median": 343.353,
              "min": 341.754,
              "n": 5,
              "p05": 341.8578,
              "p95": 350.685,
              "samples": 5,
              "stdev": 3.857332467
            },
            "status": "ok"
          },
          "logical_iterations": 1
        }
      },
      "timing_mode": "independent_throughput",
      "variant": "subgroup",
      "workgroup_size": 64,
      "workgroup_specialization": "specialization_constant"
    },
    {
      "backend": "vulkan",
      "body_repeats": 32,
      "bytes_per_us": 2153.522608,
      "correctness": {
        "single_dispatch": {
          "oracle": "deterministic CPU f32 reference with sequence tag",
          "status": "pass"
        },
        "synchronization": {
          "barrier_count": 0,
          "method": "disjoint_outputs",
          "status": "pass"
        },
        "timed_sequence": {
          "coverage": "all_dispatches",
          "logical_iterations": 10,
          "oracle": "deterministic CPU f32 reference with sequence tag",
          "status": "pass"
        }
      },
      "correctness_pass": true,
      "dependency_contract": {
        "inter_dispatch_ordering": "none",
        "output_partitioning": "disjoint",
        "validation_status": "pass",
        "work_dependency": "independent"
      },
      "gflops": 17.22818086,
      "k": 2048,
      "max_abs": 0,
      "max_rel": 0,
      "max_us": 7.62,
      "median_us": 7.608,
      "min_us": 7.588,
      "p05_us": 7.5912,
      "p95_us": 7.6176,
      "row_key": {
        "k": 2048,
        "rows": 1,
        "workgroup_size": 256
      },
      "rows": 1,
      "submission": {
        "completion_in_host_wall": true,
        "queue_or_stream_count": 1,
        "recording_in_timed_region": false,
        "strategy": "vulkan_command_buffer",
        "submit_in_host_wall": true
      },
      "timestamp_period_ns": 10,
      "timestamp_valid_bits": 64,
      "timing": {
        "burst": {
          "dispatches_per_iteration": 1,
          "gpu_elapsed": {
            "clock": "vulkan_timestamp",
            "per_iteration_us": {
              "max": 7.62,
              "median": 7.608,
              "min": 7.588,
              "n": 5,
              "p05": 7.5912,
              "p95": 7.6176,
              "samples": 5,
              "stdev": 0.01030727898
            },
            "sequence_us": {
              "max": 76.2,
              "median": 76.08,
              "min": 75.88,
              "n": 5,
              "p05": 75.912,
              "p95": 76.176,
              "samples": 5,
              "stdev": 0.1030727898
            },
            "status": "ok"
          },
          "host_wall": {
            "clock": "steady_clock",
            "per_iteration_us": {
              "max": 13.2072,
              "median": 13.1261,
              "min": 13.0681,
              "n": 5,
              "p05": 13.0793,
              "p95": 13.19238,
              "samples": 5,
              "stdev": 0.04435377774
            },
            "sequence_us": {
              "max": 132.072,
              "median": 131.261,
              "min": 130.681,
              "n": 5,
              "p05": 130.793,
              "p95": 131.9238,
              "samples": 5,
              "stdev": 0.4435377774
            },
            "status": "ok"
          },
          "logical_iterations": 10
        },
        "single": {
          "dispatches_per_iteration": 1,
          "gpu_elapsed": {
            "clock": "vulkan_timestamp",
            "per_iteration_us": {
              "max": 76.16,
              "median": 76.08,
              "min": 75.72,
              "n": 5,
              "p05": 75.728,
              "p95": 76.16,
              "samples": 5,
              "stdev": 0.1953048899
            },
            "sequence_us": {
              "max": 76.16,
              "median": 76.08,
              "min": 75.72,
              "n": 5,
              "p05": 75.728,
              "p95": 76.16,
              "samples": 5,
              "stdev": 0.1953048899
            },
            "status": "ok"
          },
          "host_wall": {
            "clock": "steady_clock",
            "per_iteration_us": {
              "max": 155.601,
              "median": 130.811,
              "min": 130.681,
              "n": 5,
              "p05": 130.6952,
              "p95": 150.747,
              "samples": 5,
              "stdev": 9.885564757
            },
            "sequence_us": {
              "max": 155.601,
              "median": 130.811,
              "min": 130.681,
              "n": 5,
              "p05": 130.6952,
              "p95": 150.747,
              "samples": 5,
              "stdev": 9.885564757
            },
            "status": "ok"
          },
          "logical_iterations": 1
        }
      },
      "timing_mode": "independent_throughput",
      "variant": "subgroup",
      "workgroup_size": 256,
      "workgroup_specialization": "specialization_constant"
    },
    {
      "backend": "vulkan",
      "body_repeats": 32,
      "bytes_per_us": 511.4885115,
      "correctness": {
        "single_dispatch": {
          "oracle": "deterministic CPU f32 reference with sequence tag",
          "status": "pass"
        },
        "synchronization": {
          "barrier_count": 0,
          "method": "disjoint_outputs",
          "status": "pass"
        },
        "timed_sequence": {
          "coverage": "all_dispatches",
          "logical_iterations": 10,
          "oracle": "deterministic CPU f32 reference with sequence tag",
          "status": "pass"
        }
      },
      "correctness_pass": true,
      "dependency_contract": {
        "inter_dispatch_ordering": "none",
        "output_partitioning": "disjoint",
        "validation_status": "pass",
        "work_dependency": "independent"
      },
      "gflops": 4.091908092,
      "k": 512,
      "max_abs": 0,
      "max_rel": 0,
      "max_us": 8.02,
      "median_us": 8.008,
      "min_us": 8,
      "p05_us": 8.0008,
      "p95_us": 8.0184,
      "row_key": {
        "k": 512,
        "rows": 1,
        "workgroup_size": 64
      },
      "rows": 1,
      "submission": {
        "completion_in_host_wall": true,
        "queue_or_stream_count": 1,
        "recording_in_timed_region": false,
        "strategy": "vulkan_command_buffer",
        "submit_in_host_wall": true
      },
      "timestamp_period_ns": 10,
      "timestamp_valid_bits": 64,
      "timing": {
        "burst": {
          "dispatches_per_iteration": 1,
          "gpu_elapsed": {
            "clock": "vulkan_timestamp",
            "per_iteration_us": {
              "max": 8.02,
              "median": 8.008,
              "min": 8,
              "n": 5,
              "p05": 8.0008,
              "p95": 8.0184,
              "samples": 5,
              "stdev": 0.006881860214
            },
            "sequence_us": {
              "max": 80.2,
              "median": 80.08,
              "min": 80,
              "n": 5,
              "p05": 80.008,
              "p95": 80.184,
              "samples": 5,
              "stdev": 0.06881860214
            },
            "status": "ok"
          },
          "host_wall": {
            "clock": "steady_clock",
            "per_iteration_us": {
              "max": 14.3031,
              "median": 14.1262,
              "min": 13.9052,
              "n": 5,
              "p05": 13.93838,
              "p95": 14.2871,
              "samples": 5,
              "stdev": 0.1360582023
            },
            "sequence_us": {
              "max": 143.031,
              "median": 141.262,
              "min": 139.052,
              "n": 5,
              "p05": 139.3838,
              "p95": 142.871,
              "samples": 5,
              "stdev": 1.360582023
            },
            "status": "ok"
          },
          "logical_iterations": 10
        },
        "single": {
          "dispatches_per_iteration": 1,
          "gpu_elapsed": {
            "clock": "vulkan_timestamp",
            "per_iteration_us": {
              "max": 82.28,
              "median": 80.04,
              "min": 79.96,
              "n": 5,
              "p05": 79.968,
              "p95": 81.84,
              "samples": 5,
              "stdev": 0.904884523
            },
            "sequence_us": {
              "max": 82.28,
              "median": 80.04,
              "min": 79.96,
              "n": 5,
              "p05": 79.968,
              "p95": 81.84,
              "samples": 5,
              "stdev": 0.904884523
            },
            "status": "ok"
          },
          "host_wall": {
            "clock": "steady_clock",
            "per_iteration_us": {
              "max": 140.201,
              "median": 139.262,
              "min": 138.831,
              "n": 5,
              "p05": 138.889,
              "p95": 140.1972,
              "samples": 5,
              "stdev": 0.5661252865
            },
            "sequence_us": {
              "max": 140.201,
              "median": 139.262,
              "min": 138.831,
              "n": 5,
              "p05": 138.889,
              "p95": 140.1972,
              "samples": 5,
              "stdev": 0.5661252865
            },
            "status": "ok"
          },
          "logical_iterations": 1
        }
      },
      "timing_mode": "independent_throughput",
      "variant": "multi_accum4",
      "workgroup_size": 64,
      "workgroup_specialization": "specialization_constant"
    },
    {
      "backend": "vulkan",
      "body_repeats": 32,
      "bytes_per_us": 1537.537538,
      "correctness": {
        "single_dispatch": {
          "oracle": "deterministic CPU f32 reference with sequence tag",
          "status": "pass"
        },
        "synchronization": {
          "barrier_count": 0,
          "method": "disjoint_outputs",
          "status": "pass"
        },
        "timed_sequence": {
          "coverage": "all_dispatches",
          "logical_iterations": 10,
          "oracle": "deterministic CPU f32 reference with sequence tag",
          "status": "pass"
        }
      },
      "correctness_pass": true,
      "dependency_contract": {
        "inter_dispatch_ordering": "none",
        "output_partitioning": "disjoint",
        "validation_status": "pass",
        "work_dependency": "independent"
      },
      "gflops": 12.3003003,
      "k": 512,
      "max_abs": 0,
      "max_rel": 0,
      "max_us": 2.668,
      "median_us": 2.664,
      "min_us": 2.664,
      "p05_us": 2.664,
      "p95_us": 2.668,
      "row_key": {
        "k": 512,
        "rows": 1,
        "workgroup_size": 256
      },
      "rows": 1,
      "submission": {
        "completion_in_host_wall": true,
        "queue_or_stream_count": 1,
        "recording_in_timed_region": false,
        "strategy": "vulkan_command_buffer",
        "submit_in_host_wall": true
      },
      "timestamp_period_ns": 10,
      "timestamp_valid_bits": 64,
      "timing": {
        "burst": {
          "dispatches_per_iteration": 1,
          "gpu_elapsed": {
            "clock": "vulkan_timestamp",
            "per_iteration_us": {
              "max": 2.668,
              "median": 2.664,
              "min": 2.664,
              "n": 5,
              "p05": 2.664,
              "p95": 2.668,
              "samples": 5,
              "stdev": 0.001959591794
            },
            "sequence_us": {
              "max": 26.68,
              "median": 26.64,
              "min": 26.64,
              "n": 5,
              "p05": 26.64,
              "p95": 26.68,
              "samples": 5,
              "stdev": 0.01959591794
            },
            "status": "ok"
          },
          "host_wall": {
            "clock": "steady_clock",
            "per_iteration_us": {
              "max": 8.3011,
              "median": 8.2031,
              "min": 8.166,
              "n": 5,
              "p05": 8.16722,
              "p95": 8.2831,
              "samples": 5,
              "stdev": 0.04841100701
            },
            "sequence_us": {
              "max": 83.011,
              "median": 82.031,
              "min": 81.66,
              "n": 5,
              "p05": 81.6722,
              "p95": 82.831,
              "samples": 5,
              "stdev": 0.4841100701
            },
            "status": "ok"
          },
          "logical_iterations": 10
        },
        "single": {
          "dispatches_per_iteration": 1,
          "gpu_elapsed": {
            "clock": "vulkan_timestamp",
            "per_iteration_us": {
              "max": 26.64,
              "median": 26.6,
              "min": 26.48,
              "n": 5,
              "p05": 26.504,
              "p95": 26.64,
              "samples": 5,
              "stdev": 0.05878775383
            },
            "sequence_us": {
              "max": 26.64,
              "median": 26.6,
              "min": 26.48,
              "n": 5,
              "p05": 26.504,
              "p95": 26.64,
              "samples": 5,
              "stdev": 0.05878775383
            },
            "status": "ok"
          },
          "host_wall": {
            "clock": "steady_clock",
            "per_iteration_us": {
              "max": 86.141,
              "median": 83.251,
              "min": 82.651,
              "n": 5,
              "p05": 82.7388,
              "p95": 85.749,
              "samples": 5,
              "stdev": 1.243497069
            },
            "sequence_us": {
              "max": 86.141,
              "median": 83.251,
              "min": 82.651,
              "n": 5,
              "p05": 82.7388,
              "p95": 85.749,
              "samples": 5,
              "stdev": 1.243497069
            },
            "status": "ok"
          },
          "logical_iterations": 1
        }
      },
      "timing_mode": "independent_throughput",
      "variant": "multi_accum4",
      "workgroup_size": 256,
      "workgroup_specialization": "specialization_constant"
    },
    {
      "backend": "vulkan",
      "body_repeats": 32,
      "bytes_per_us": 530.3638482,
      "correctness": {
        "single_dispatch": {
          "oracle": "deterministic CPU f32 reference with sequence tag",
          "status": "pass"
        },
        "synchronization": {
          "barrier_count": 0,
          "method": "disjoint_outputs",
          "status": "pass"
        },
        "timed_sequence": {
          "coverage": "all_dispatches",
          "logical_iterations": 10,
          "oracle": "deterministic CPU f32 reference with sequence tag",
          "status": "pass"
        }
      },
      "correctness_pass": true,
      "dependency_contract": {
        "inter_dispatch_ordering": "none",
        "output_partitioning": "disjoint",
        "validation_status": "pass",
        "work_dependency": "independent"
      },
      "gflops": 4.242910786,
      "k": 2048,
      "max_abs": 0,
      "max_rel": 0,
      "max_us": 31.652,
      "median_us": 30.892,
      "min_us": 30.884,
      "p05_us": 30.884,
      "p95_us": 31.5048,
      "row_key": {
        "k": 2048,
        "rows": 1,
        "workgroup_size": 64
      },
      "rows": 1,
      "submission": {
        "completion_in_host_wall": true,
        "queue_or_stream_count": 1,
        "recording_in_timed_region": false,
        "strategy": "vulkan_command_buffer",
        "submit_in_host_wall": true
      },
      "timestamp_period_ns": 10,
      "timestamp_valid_bits": 64,
      "timing": {
        "burst": {
          "dispatches_per_iteration": 1,
          "gpu_elapsed": {
            "clock": "vulkan_timestamp",
            "per_iteration_us": {
              "max": 31.652,
              "median": 30.892,
              "min": 30.884,
              "n": 5,
              "p05": 30.884,
              "p95": 31.5048,
              "samples": 5,
              "stdev": 0.3034268281
            },
            "sequence_us": {
              "max": 316.52,
              "median": 308.92,
              "min": 308.84,
              "n": 5,
              "p05": 308.84,
              "p95": 315.048,
              "samples": 5,
              "stdev": 3.034268281
            },
            "status": "ok"
          },
          "host_wall": {
            "clock": "steady_clock",
            "per_iteration_us": {
              "max": 37.6073,
              "median": 37.0404,
              "min": 36.4483,
              "n": 5,
              "p05": 36.4609,
              "p95": 37.51852,
              "samples": 5,
              "stdev": 0.4312377284
            },
            "sequence_us": {
              "max": 376.073,
              "median": 370.404,
              "min": 364.483,
              "n": 5,
              "p05": 364.609,
              "p95": 375.1852,
              "samples": 5,
              "stdev": 4.312377284
            },
            "status": "ok"
          },
          "logical_iterations": 10
        },
        "single": {
          "dispatches_per_iteration": 1,
          "gpu_elapsed": {
            "clock": "vulkan_timestamp",
            "per_iteration_us": {
              "max": 316.72,
              "median": 308.88,
              "min": 308.68,
              "n": 5,
              "p05": 308.712,
              "p95": 315.152,
              "samples": 5,
              "stdev": 3.160860642
            },
            "sequence_us": {
              "max": 316.72,
              "median": 308.88,
              "min": 308.68,
              "n": 5,
              "p05": 308.712,
              "p95": 315.152,
              "samples": 5,
              "stdev": 3.160860642
            },
            "status": "ok"
          },
          "host_wall": {
            "clock": "steady_clock",
            "per_iteration_us": {
              "max": 375.464,
              "median": 370.564,
              "min": 365.764,
              "n": 5,
              "p05": 365.8118,
              "p95": 375.3558,
              "samples": 5,
              "stdev": 4.167769696
            },
            "sequence_us": {
              "max": 375.464,
              "median": 370.564,
              "min": 365.764,
              "n": 5,
              "p05": 365.8118,
              "p95": 375.3558,
              "samples": 5,
              "stdev": 4.167769696
            },
            "status": "ok"
          },
          "logical_iterations": 1
        }
      },
      "timing_mode": "independent_throughput",
      "variant": "multi_accum4",
      "workgroup_size": 64,
      "workgroup_specialization": "specialization_constant"
    },
    {
      "backend": "vulkan",
      "body_repeats": 32,
      "bytes_per_us": 2000.97704,
      "correctness": {
        "single_dispatch": {
          "oracle": "deterministic CPU f32 reference with sequence tag",
          "status": "pass"
        },
        "synchronization": {
          "barrier_count": 0,
          "method": "disjoint_outputs",
          "status": "pass"
        },
        "timed_sequence": {
          "coverage": "all_dispatches",
          "logical_iterations": 10,
          "oracle": "deterministic CPU f32 reference with sequence tag",
          "status": "pass"
        }
      },
      "correctness_pass": true,
      "dependency_contract": {
        "inter_dispatch_ordering": "none",
        "output_partitioning": "disjoint",
        "validation_status": "pass",
        "work_dependency": "independent"
      },
      "gflops": 16.00781632,
      "k": 2048,
      "max_abs": 0,
      "max_rel": 0,
      "max_us": 8.196,
      "median_us": 8.188,
      "min_us": 8.164,
      "p05_us": 8.1672,
      "p95_us": 8.1944,
      "row_key": {
        "k": 2048,
        "rows": 1,
        "workgroup_size": 256
      },
      "rows": 1,
      "submission": {
        "completion_in_host_wall": true,
        "queue_or_stream_count": 1,
        "recording_in_timed_region": false,
        "strategy": "vulkan_command_buffer",
        "submit_in_host_wall": true
      },
      "timestamp_period_ns": 10,
      "timestamp_valid_bits": 64,
      "timing": {
        "burst": {
          "dispatches_per_iteration": 1,
          "gpu_elapsed": {
            "clock": "vulkan_timestamp",
            "per_iteration_us": {
              "max": 8.196,
              "median": 8.188,
              "min": 8.164,
              "n": 5,
              "p05": 8.1672,
              "p95": 8.1944,
              "samples": 5,
              "stdev": 0.01085172797
            },
            "sequence_us": {
              "max": 81.96,
              "median": 81.88,
              "min": 81.64,
              "n": 5,
              "p05": 81.672,
              "p95": 81.944,
              "samples": 5,
              "stdev": 0.1085172797
            },
            "status": "ok"
          },
          "host_wall": {
            "clock": "steady_clock",
            "per_iteration_us": {
              "max": 13.8091,
              "median": 13.7131,
              "min": 13.6772,
              "n": 5,
              "p05": 13.67778,
              "p95": 13.8041,
              "samples": 5,
              "stdev": 0.05424036873
            },
            "sequence_us": {
              "max": 138.091,
              "median": 137.131,
              "min": 136.772,
              "n": 5,
              "p05": 136.7778,
              "p95": 138.041,
              "samples": 5,
              "stdev": 0.5424036873
            },
            "status": "ok"
          },
          "logical_iterations": 10
        },
        "single": {
          "dispatches_per_iteration": 1,
          "gpu_elapsed": {
            "clock": "vulkan_timestamp",
            "per_iteration_us": {
              "max": 81.88,
              "median": 81.72,
              "min": 81.44,
              "n": 5,
              "p05": 81.44,
              "p95": 81.88,
              "samples": 5,
              "stdev": 0.1982321871
            },
            "sequence_us": {
              "max": 81.88,
              "median": 81.72,
              "min": 81.44,
              "n": 5,
              "p05": 81.44,
              "p95": 81.88,
              "samples": 5,
              "stdev": 0.1982321871
            },
            "status": "ok"
          },
          "host_wall": {
            "clock": "steady_clock",
            "per_iteration_us": {
              "max": 137.961,
              "median": 136.551,
              "min": 135.751,
              "n": 5,
              "p05": 135.7592,
              "p95": 137.7712,
              "samples": 5,
              "stdev": 0.8242855331
            },
            "sequence_us": {
              "max": 137.961,
              "median": 136.551,
              "min": 135.751,
              "n": 5,
              "p05": 135.7592,
              "p95": 137.7712,
              "samples": 5,
              "stdev": 0.8242855331
            },
            "status": "ok"
          },
          "logical_iterations": 1
        }
      },
      "timing_mode": "independent_throughput",
      "variant": "multi_accum4",
      "workgroup_size": 256,
      "workgroup_specialization": "specialization_constant"
    },
    {
      "backend": "vulkan",
      "body_repeats": 32,
      "bytes_per_us": 519.5332319,
      "correctness": {
        "single_dispatch": {
          "oracle": "deterministic CPU f32 reference with sequence tag",
          "status": "pass"
        },
        "synchronization": {
          "barrier_count": 0,
          "method": "disjoint_outputs",
          "status": "pass"
        },
        "timed_sequence": {
          "coverage": "all_dispatches",
          "logical_iterations": 10,
          "oracle": "deterministic CPU f32 reference with sequence tag",
          "status": "pass"
        }
      },
      "correctness_pass": true,
      "dependency_contract": {
        "inter_dispatch_ordering": "none",
        "output_partitioning": "disjoint",
        "validation_status": "pass",
        "work_dependency": "independent"
      },
      "gflops": 4.156265855,
      "k": 512,
      "max_abs": 0,
      "max_rel": 0,
      "max_us": 7.892,
      "median_us": 7.884,
      "min_us": 7.876,
      "p05_us": 7.8768,
      "p95_us": 7.8912,
      "row_key": {
        "k": 512,
        "rows": 1,
        "workgroup_size": 64
      },
      "rows": 1,
      "submission": {
        "completion_in_host_wall": true,
        "queue_or_stream_count": 1,
        "recording_in_timed_region": false,
        "strategy": "vulkan_command_buffer",
        "submit_in_host_wall": true
      },
      "timestamp_period_ns": 10,
      "timestamp_valid_bits": 64,
      "timing": {
        "burst": {
          "dispatches_per_iteration": 1,
          "gpu_elapsed": {
            "clock": "vulkan_timestamp",
            "per_iteration_us": {
              "max": 7.892,
              "median": 7.884,
              "min": 7.876,
              "n": 5,
              "p05": 7.8768,
              "p95": 7.8912,
              "samples": 5,
              "stdev": 0.005656854249
            },
            "sequence_us": {
              "max": 78.92,
              "median": 78.84,
              "min": 78.76,
              "n": 5,
              "p05": 78.768,
              "p95": 78.912,
              "samples": 5,
              "stdev": 0.05656854249
            },
            "status": "ok"
          },
          "host_wall": {
            "clock": "steady_clock",
            "per_iteration_us": {
              "max": 13.7392,
              "median": 13.6522,
              "min": 13.6251,
              "n": 5,
              "p05": 13.6283,
              "p95": 13.72198,
              "samples": 5,
              "stdev": 0.03983318215
            },
            "sequence_us": {
              "max": 137.392,
              "median": 136.522,
              "min": 136.251,
              "n": 5,
              "p05": 136.283,
              "p95": 137.2198,
              "samples": 5,
              "stdev": 0.3983318215
            },
            "status": "ok"
          },
          "logical_iterations": 10
        },
        "single": {
          "dispatches_per_iteration": 1,
          "gpu_elapsed": {
            "clock": "vulkan_timestamp",
            "per_iteration_us": {
              "max": 80.12,
              "median": 78.76,
              "min": 78.72,
              "n": 5,
              "p05": 78.728,
              "p95": 79.88,
              "samples": 5,
              "stdev": 0.5364177477
            },
            "sequence_us": {
              "max": 80.12,
              "median": 78.76,
              "min": 78.72,
              "n": 5,
              "p05": 78.728,
              "p95": 79.88,
              "samples": 5,
              "stdev": 0.5364177477
            },
            "status": "ok"
          },
          "host_wall": {
            "clock": "steady_clock",
            "per_iteration_us": {
              "max": 140.451,
              "median": 136.791,
              "min": 133.291,
              "n": 5,
              "p05": 133.939,
              "p95": 139.7232,
              "samples": 5,
              "stdev": 2.267703367
            },
            "sequence_us": {
              "max": 140.451,
              "median": 136.791,
              "min": 133.291,
              "n": 5,
              "p05": 133.939,
              "p95": 139.7232,
              "samples": 5,
              "stdev": 2.267703367
            },
            "status": "ok"
          },
          "logical_iterations": 1
        }
      },
      "timing_mode": "independent_throughput",
      "variant": "multi_accum8",
      "workgroup_size": 64,
      "workgroup_specialization": "specialization_constant"
    },
    {
      "backend": "vulkan",
      "body_repeats": 32,
      "bytes_per_us": 1299.492386,
      "correctness": {
        "single_dispatch": {
          "oracle": "deterministic CPU f32 reference with sequence tag",
          "status": "pass"
        },
        "synchronization": {
          "barrier_count": 0,
          "method": "disjoint_outputs",
          "status": "pass"
        },
        "timed_sequence": {
          "coverage": "all_dispatches",
          "logical_iterations": 10,
          "oracle": "deterministic CPU f32 reference with sequence tag",
          "status": "pass"
        }
      },
      "correctness_pass": true,
      "dependency_contract": {
        "inter_dispatch_ordering": "none",
        "output_partitioning": "disjoint",
        "validation_status": "pass",
        "work_dependency": "independent"
      },
      "gflops": 10.39593909,
      "k": 512,
      "max_abs": 0,
      "max_rel": 0,
      "max_us": 3.16,
      "median_us": 3.152,
      "min_us": 3.144,
      "p05_us": 3.1456,
      "p95_us": 3.1592,
      "row_key": {
        "k": 512,
        "rows": 1,
        "workgroup_size": 256
      },
      "rows": 1,
      "submission": {
        "completion_in_host_wall": true,
        "queue_or_stream_count": 1,
        "recording_in_timed_region": false,
        "strategy": "vulkan_command_buffer",
        "submit_in_host_wall": true
      },
      "timestamp_period_ns": 10,
      "timestamp_valid_bits": 64,
      "timing": {
        "burst": {
          "dispatches_per_iteration": 1,
          "gpu_elapsed": {
            "clock": "vulkan_timestamp",
            "per_iteration_us": {
              "max": 3.16,
              "median": 3.152,
              "min": 3.144,
              "n": 5,
              "p05": 3.1456,
              "p95": 3.1592,
              "samples": 5,
              "stdev": 0.005306599665
            },
            "sequence_us": {
              "max": 31.6,
              "median": 31.52,
              "min": 31.44,
              "n": 5,
              "p05": 31.456,
              "p95": 31.592,
              "samples": 5,
              "stdev": 0.05306599665
            },
            "status": "ok"
          },
          "host_wall": {
            "clock": "steady_clock",
            "per_iteration_us": {
              "max": 8.8881,
              "median": 8.8691,
              "min": 8.3161,
              "n": 5,
              "p05": 8.3487,
              "p95": 8.88808,
              "samples": 5,
              "stdev": 0.2428110409
            },
            "sequence_us": {
              "max": 88.881,
              "median": 88.691,
              "min": 83.161,
              "n": 5,
              "p05": 83.487,
              "p95": 88.8808,
              "samples": 5,
              "stdev": 2.428110409
            },
            "status": "ok"
          },
          "logical_iterations": 10
        },
        "single": {
          "dispatches_per_iteration": 1,
          "gpu_elapsed": {
            "clock": "vulkan_timestamp",
            "per_iteration_us": {
              "max": 31.56,
              "median": 31.48,
              "min": 31.4,
              "n": 5,
              "p05": 31.416,
              "p95": 31.552,
              "samples": 5,
              "stdev": 0.05306599665
            },
            "sequence_us": {
              "max": 31.56,
              "median": 31.48,
              "min": 31.4,
              "n": 5,
              "p05": 31.416,
              "p95": 31.552,
              "samples": 5,
              "stdev": 0.05306599665
            },
            "status": "ok"
          },
          "host_wall": {
            "clock": "steady_clock",
            "per_iteration_us": {
              "max": 84.651,
              "median": 81.65,
              "min": 80.131,
              "n": 5,
              "p05": 80.211,
              "p95": 84.555,
              "samples": 5,
              "stdev": 1.857819841
            },
            "sequence_us": {
              "max": 84.651,
              "median": 81.65,
              "min": 80.131,
              "n": 5,
              "p05": 80.211,
              "p95": 84.555,
              "samples": 5,
              "stdev": 1.857819841
            },
            "status": "ok"
          },
          "logical_iterations": 1
        }
      },
      "timing_mode": "independent_throughput",
      "variant": "multi_accum8",
      "workgroup_size": 256,
      "workgroup_specialization": "specialization_constant"
    },
    {
      "backend": "vulkan",
      "body_repeats": 32,
      "bytes_per_us": 538.5222193,
      "correctness": {
        "single_dispatch": {
          "oracle": "deterministic CPU f32 reference with sequence tag",
          "status": "pass"
        },
        "synchronization": {
          "barrier_count": 0,
          "method": "disjoint_outputs",
          "status": "pass"
        },
        "timed_sequence": {
          "coverage": "all_dispatches",
          "logical_iterations": 10,
          "oracle": "deterministic CPU f32 reference with sequence tag",
          "status": "pass"
        }
      },
      "correctness_pass": true,
      "dependency_contract": {
        "inter_dispatch_ordering": "none",
        "output_partitioning": "disjoint",
        "validation_status": "pass",
        "work_dependency": "independent"
      },
      "gflops": 4.308177754,
      "k": 2048,
      "max_abs": 0,
      "max_rel": 0,
      "max_us": 31.112,
      "median_us": 30.424,
      "min_us": 30.388,
      "p05_us": 30.3896,
      "p95_us": 31.1096,
      "row_key": {
        "k": 2048,
        "rows": 1,
        "workgroup_size": 64
      },
      "rows": 1,
      "submission": {
        "completion_in_host_wall": true,
        "queue_or_stream_count": 1,
        "recording_in_timed_region": false,
        "strategy": "vulkan_command_buffer",
        "submit_in_host_wall": true
      },
      "timestamp_period_ns": 10,
      "timestamp_valid_bits": 64,
      "timing": {
        "burst": {
          "dispatches_per_iteration": 1,
          "gpu_elapsed": {
            "clock": "vulkan_timestamp",
            "per_iteration_us": {
              "max": 31.112,
              "median": 30.424,
              "min": 30.388,
              "n": 5,
              "p05": 30.3896,
              "p95": 31.1096,
              "samples": 5,
              "stdev": 0.344789791
            },
            "sequence_us": {
              "max": 311.12,
              "median": 304.24,
              "min": 303.88,
              "n": 5,
              "p05": 303.896,
              "p95": 311.096,
              "samples": 5,
              "stdev": 3.44789791
            },
            "status": "ok"
          },
          "host_wall": {
            "clock": "steady_clock",
            "per_iteration_us": {
              "max": 37.2383,
              "median": 36.4804,
              "min": 36.2674,
              "n": 5,
              "p05": 36.29,
              "p95": 37.2141,
              "samples": 5,
              "stdev": 0.4003410476
            },
            "sequence_us": {
              "max": 372.383,
              "median": 364.804,
              "min": 362.674,
              "n": 5,
              "p05": 362.9,
              "p95": 372.141,
              "samples": 5,
              "stdev": 4.003410476
            },
            "status": "ok"
          },
          "logical_iterations": 10
        },
        "single": {
          "dispatches_per_iteration": 1,
          "gpu_elapsed": {
            "clock": "vulkan_timestamp",
            "per_iteration_us": {
              "max": 311.64,
              "median": 304.08,
              "min": 303.76,
              "n": 5,
              "p05": 303.784,
              "p95": 310.136,
              "samples": 5,
              "stdev": 3.074811214
            },
            "sequence_us": {
              "max": 311.64,
              "median": 304.08,
              "min": 303.76,
              "n": 5,
              "p05": 303.784,
              "p95": 310.136,
              "samples": 5,
              "stdev": 3.074811214
            },
            "status": "ok"
          },
          "host_wall": {
            "clock": "steady_clock",
            "per_iteration_us": {
              "max": 372.723,
              "median": 363.903,
              "min": 361.953,
              "n": 5,
              "p05": 362.1992,
              "p95": 371.0932,
              "samples": 5,
              "stdev": 3.827640662
            },
            "sequence_us": {
              "max": 372.723,
              "median": 363.903,
              "min": 361.953,
              "n": 5,
              "p05": 362.1992,
              "p95": 371.0932,
              "samples": 5,
              "stdev": 3.827640662
            },
            "status": "ok"
          },
          "logical_iterations": 1
        }
      },
      "timing_mode": "independent_throughput",
      "variant": "multi_accum8",
      "workgroup_size": 64,
      "workgroup_specialization": "specialization_constant"
    },
    {
      "backend": "vulkan",
      "body_repeats": 32,
      "bytes_per_us": 2030.738721,
      "correctness": {
        "single_dispatch": {
          "oracle": "deterministic CPU f32 reference with sequence tag",
          "status": "pass"
        },
        "synchronization": {
          "barrier_count": 0,
          "method": "disjoint_outputs",
          "status": "pass"
        },
        "timed_sequence": {
          "coverage": "all_dispatches",
          "logical_iterations": 10,
          "oracle": "deterministic CPU f32 reference with sequence tag",
          "status": "pass"
        }
      },
      "correctness_pass": true,
      "dependency_contract": {
        "inter_dispatch_ordering": "none",
        "output_partitioning": "disjoint",
        "validation_status": "pass",
        "work_dependency": "independent"
      },
      "gflops": 16.24590977,
      "k": 2048,
      "max_abs": 0,
      "max_rel": 0,
      "max_us": 8.08,
      "median_us": 8.068,
      "min_us": 8.056,
      "p05_us": 8.0584,
      "p95_us": 8.0784,
      "row_key": {
        "k": 2048,
        "rows": 1,
        "workgroup_size": 256
      },
      "rows": 1,
      "submission": {
        "completion_in_host_wall": true,
        "queue_or_stream_count": 1,
        "recording_in_timed_region": false,
        "strategy": "vulkan_command_buffer",
        "submit_in_host_wall": true
      },
      "timestamp_period_ns": 10,
      "timestamp_valid_bits": 64,
      "timing": {
        "burst": {
          "dispatches_per_iteration": 1,
          "gpu_elapsed": {
            "clock": "vulkan_timestamp",
            "per_iteration_us": {
              "max": 8.08,
              "median": 8.068,
              "min": 8.056,
              "n": 5,
              "p05": 8.0584,
              "p95": 8.0784,
              "samples": 5,
              "stdev": 0.007756287772
            },
            "sequence_us": {
              "max": 80.8,
              "median": 80.68,
              "min": 80.56,
              "n": 5,
              "p05": 80.584,
              "p95": 80.784,
              "samples": 5,
              "stdev": 0.07756287772
            },
            "status": "ok"
          },
          "host_wall": {
            "clock": "steady_clock",
            "per_iteration_us": {
              "max": 14.5511,
              "median": 13.9431,
              "min": 13.9051,
              "n": 5,
              "p05": 13.90612,
              "p95": 14.43252,
              "samples": 5,
              "stdev": 0.2495730162
            },
            "sequence_us": {
              "max": 145.511,
              "median": 139.431,
              "min": 139.051,
              "n": 5,
              "p05": 139.0612,
              "p95": 144.3252,
              "samples": 5,
              "stdev": 2.495730162
            },
            "status": "ok"
          },
          "logical_iterations": 10
        },
        "single": {
          "dispatches_per_iteration": 1,
          "gpu_elapsed": {
            "clock": "vulkan_timestamp",
            "per_iteration_us": {
              "max": 80.72,
              "median": 80.56,
              "min": 80.2,
              "n": 5,
              "p05": 80.224,
              "p95": 80.704,
              "samples": 5,
              "stdev": 0.1966112916
            },
            "sequence_us": {
              "max": 80.72,
              "median": 80.56,
              "min": 80.2,
              "n": 5,
              "p05": 80.224,
              "p95": 80.704,
              "samples": 5,
              "stdev": 0.1966112916
            },
            "status": "ok"
          },
          "host_wall": {
            "clock": "steady_clock",
            "per_iteration_us": {
              "max": 141.231,
              "median": 139.692,
              "min": 138.352,
              "n": 5,
              "p05": 138.4878,
              "p95": 140.969,
              "samples": 5,
              "stdev": 0.9636000415
            },
            "sequence_us": {
              "max": 141.231,
              "median": 139.692,
              "min": 138.352,
              "n": 5,
              "p05": 138.4878,
              "p95": 140.969,
              "samples": 5,
              "stdev": 0.9636000415
            },
            "status": "ok"
          },
          "logical_iterations": 1
        }
      },
      "timing_mode": "independent_throughput",
      "variant": "multi_accum8",
      "workgroup_size": 256,
      "workgroup_specialization": "specialization_constant"
    },
    {
      "backend": "vulkan",
      "body_repeats": 32,
      "bytes_per_us": 461.8854308,
      "correctness": {
        "single_dispatch": {
          "oracle": "deterministic CPU f32 reference with sequence tag",
          "status": "pass"
        },
        "synchronization": {
          "barrier_count": 0,
          "method": "disjoint_outputs",
          "status": "pass"
        },
        "timed_sequence": {
          "coverage": "all_dispatches",
          "logical_iterations": 10,
          "oracle": "deterministic CPU f32 reference with sequence tag",
          "status": "pass"
        }
      },
      "correctness_pass": true,
      "dependency_contract": {
        "inter_dispatch_ordering": "none",
        "output_partitioning": "disjoint",
        "validation_status": "pass",
        "work_dependency": "independent"
      },
      "gflops": 3.695083446,
      "k": 512,
      "max_abs": 0,
      "max_rel": 0,
      "max_us": 8.88,
      "median_us": 8.868,
      "min_us": 8.86,
      "p05_us": 8.8608,
      "p95_us": 8.8784,
      "row_key": {
        "k": 512,
        "rows": 1,
        "workgroup_size": 64
      },
      "rows": 1,
      "submission": {
        "completion_in_host_wall": true,
        "queue_or_stream_count": 1,
        "recording_in_timed_region": false,
        "strategy": "vulkan_command_buffer",
        "submit_in_host_wall": true
      },
      "timestamp_period_ns": 10,
      "timestamp_valid_bits": 64,
      "timing": {
        "burst": {
          "dispatches_per_iteration": 1,
          "gpu_elapsed": {
            "clock": "vulkan_timestamp",
            "per_iteration_us": {
              "max": 8.88,
              "median": 8.868,
              "min": 8.86,
              "n": 5,
              "p05": 8.8608,
              "p95": 8.8784,
              "samples": 5,
              "stdev": 0.006881860214
            },
            "sequence_us": {
              "max": 88.8,
              "median": 88.68,
              "min": 88.6,
              "n": 5,
              "p05": 88.608,
              "p95": 88.784,
              "samples": 5,
              "stdev": 0.06881860214
            },
            "status": "ok"
          },
          "host_wall": {
            "clock": "steady_clock",
            "per_iteration_us": {
              "max": 14.7301,
              "median": 14.6811,
              "min": 14.5972,
              "n": 5,
              "p05": 14.6068,
              "p95": 14.7219,
              "samples": 5,
              "stdev": 0.0447308663
            },
            "sequence_us": {
              "max": 147.301,
              "median": 146.811,
              "min": 145.972,
              "n": 5,
              "p05": 146.068,
              "p95": 147.219,
              "samples": 5,
              "stdev": 0.447308663
            },
            "status": "ok"
          },
          "logical_iterations": 10
        },
        "single": {
          "dispatches_per_iteration": 1,
          "gpu_elapsed": {
            "clock": "vulkan_timestamp",
            "per_iteration_us": {
              "max": 91.92,
              "median": 88.72,
              "min": 88.64,
              "n": 5,
              "p05": 88.648,
              "p95": 91.304,
              "samples": 5,
              "stdev": 1.281748805
            },
            "sequence_us": {
              "max": 91.92,
              "median": 88.72,
              "min": 88.64,
              "n": 5,
              "p05": 88.648,
              "p95": 91.304,
              "samples": 5,
              "stdev": 1.281748805
            },
            "status": "ok"
          },
          "host_wall": {
            "clock": "steady_clock",
            "per_iteration_us": {
              "max": 148.511,
              "median": 147.841,
              "min": 143.671,
              "n": 5,
              "p05": 144.2232,
              "p95": 148.3972,
              "samples": 5,
              "stdev": 1.744127816
            },
            "sequence_us": {
              "max": 148.511,
              "median": 147.841,
              "min": 143.671,
              "n": 5,
              "p05": 144.2232,
              "p95": 148.3972,
              "samples": 5,
              "stdev": 1.744127816
            },
            "status": "ok"
          },
          "logical_iterations": 1
        }
      },
      "timing_mode": "independent_throughput",
      "variant": "multi_accum16",
      "workgroup_size": 64,
      "workgroup_specialization": "specialization_constant"
    },
    {
      "backend": "vulkan",
      "body_repeats": 32,
      "bytes_per_us": 987.463838,
      "correctness": {
        "single_dispatch": {
          "oracle": "deterministic CPU f32 reference with sequence tag",
          "status": "pass"
        },
        "synchronization": {
          "barrier_count": 0,
          "method": "disjoint_outputs",
          "status": "pass"
        },
        "timed_sequence": {
          "coverage": "all_dispatches",
          "logical_iterations": 10,
          "oracle": "deterministic CPU f32 reference with sequence tag",
          "status": "pass"
        }
      },
      "correctness_pass": true,
      "dependency_contract": {
        "inter_dispatch_ordering": "none",
        "output_partitioning": "disjoint",
        "validation_status": "pass",
        "work_dependency": "independent"
      },
      "gflops": 7.899710704,
      "k": 512,
      "max_abs": 0,
      "max_rel": 0,
      "max_us": 4.168,
      "median_us": 4.148,
      "min_us": 4.14,
      "p05_us": 4.1416,
      "p95_us": 4.1656,
      "row_key": {
        "k": 512,
        "rows": 1,
        "workgroup_size": 256
      },
      "rows": 1,
      "submission": {
        "completion_in_host_wall": true,
        "queue_or_stream_count": 1,
        "recording_in_timed_region": false,
        "strategy": "vulkan_command_buffer",
        "submit_in_host_wall": true
      },
      "timestamp_period_ns": 10,
      "timestamp_valid_bits": 64,
      "timing": {
        "burst": {
          "dispatches_per_iteration": 1,
          "gpu_elapsed": {
            "clock": "vulkan_timestamp",
            "per_iteration_us": {
              "max": 4.168,
              "median": 4.148,
              "min": 4.14,
              "n": 5,
              "p05": 4.1416,
              "p95": 4.1656,
              "samples": 5,
              "stdev": 0.009465727653
            },
            "sequence_us": {
              "max": 41.68,
              "median": 41.48,
              "min": 41.4,
              "n": 5,
              "p05": 41.416,
              "p95": 41.656,
              "samples": 5,
              "stdev": 0.09465727653
            },
            "status": "ok"
          },
          "host_wall": {
            "clock": "steady_clock",
            "per_iteration_us": {
              "max": 10.0211,
              "median": 9.9051,
              "min": 9.8701,
              "n": 5,
              "p05": 9.87568,
              "p95": 10.0041,
              "samples": 5,
              "stdev": 0.0519453713
            },
            "sequence_us": {
              "max": 100.211,
              "median": 99.051,
              "min": 98.701,
              "n": 5,
              "p05": 98.7568,
              "p95": 100.041,
              "samples": 5,
              "stdev": 0.519453713
            },
            "status": "ok"
          },
          "logical_iterations": 10
        },
        "single": {
          "dispatches_per_iteration": 1,
          "gpu_elapsed": {
            "clock": "vulkan_timestamp",
            "per_iteration_us": {
              "max": 41.52,
              "median": 41.48,
              "min": 41.4,
              "n": 5,
              "p05": 41.408,
              "p95": 41.512,
              "samples": 5,
              "stdev": 0.04079215611
            },
            "sequence_us": {
              "max": 41.52,
              "median": 41.48,
              "min": 41.4,
              "n": 5,
              "p05": 41.408,
              "p95": 41.512,
              "samples": 5,
              "stdev": 0.04079215611
            },
            "status": "ok"
          },
          "host_wall": {
            "clock": "steady_clock",
            "per_iteration_us": {
              "max": 100.561,
              "median": 99.101,
              "min": 96.611,
              "n": 5,
              "p05": 97.045,
              "p95": 100.383,
              "samples": 5,
              "stdev": 1.314330248
            },
            "sequence_us": {
              "max": 100.561,
              "median": 99.101,
              "min": 96.611,
              "n": 5,
              "p05": 97.045,
              "p95": 100.383,
              "samples": 5,
              "stdev": 1.314330248
            },
            "status": "ok"
          },
          "logical_iterations": 1
        }
      },
      "timing_mode": "independent_throughput",
      "variant": "multi_accum16",
      "workgroup_size": 256,
      "workgroup_specialization": "specialization_constant"
    },
    {
      "backend": "vulkan",
      "body_repeats": 32,
      "bytes_per_us": 542.8760769,
      "correctness": {
        "single_dispatch": {
          "oracle": "deterministic CPU f32 reference with sequence tag",
          "status": "pass"
        },
        "synchronization": {
          "barrier_count": 0,
          "method": "disjoint_outputs",
          "status": "pass"
        },
        "timed_sequence": {
          "coverage": "all_dispatches",
          "logical_iterations": 10,
          "oracle": "deterministic CPU f32 reference with sequence tag",
          "status": "pass"
        }
      },
      "correctness_pass": true,
      "dependency_contract": {
        "inter_dispatch_ordering": "none",
        "output_partitioning": "disjoint",
        "validation_status": "pass",
        "work_dependency": "independent"
      },
      "gflops": 4.343008615,
      "k": 2048,
      "max_abs": 0,
      "max_rel": 0,
      "max_us": 30.824,
      "median_us": 30.18,
      "min_us": 30.172,
      "p05_us": 30.1728,
      "p95_us": 30.7,
      "row_key": {
        "k": 2048,
        "rows": 1,
        "workgroup_size": 64
      },
      "rows": 1,
      "submission": {
        "completion_in_host_wall": true,
        "queue_or_stream_count": 1,
        "recording_in_timed_region": false,
        "strategy": "vulkan_command_buffer",
        "submit_in_host_wall": true
      },
      "timestamp_period_ns": 10,
      "timestamp_valid_bits": 64,
      "timing": {
        "burst": {
          "dispatches_per_iteration": 1,
          "gpu_elapsed": {
            "clock": "vulkan_timestamp",
            "per_iteration_us": {
              "max": 30.824,
              "median": 30.18,
              "min": 30.172,
              "n": 5,
              "p05": 30.1728,
              "p95": 30.7,
              "samples": 5,
              "stdev": 0.2566416958
            },
            "sequence_us": {
              "max": 308.24,
              "median": 301.8,
              "min": 301.72,
              "n": 5,
              "p05": 301.728,
              "p95": 307,
              "samples": 5,
              "stdev": 2.566416958
            },
            "status": "ok"
          },
          "host_wall": {
            "clock": "steady_clock",
            "per_iteration_us": {
              "max": 37.1934,
              "median": 36.2663,
              "min": 36.0373,
              "n": 5,
              "p05": 36.0597,
              "p95": 37.0228,
              "samples": 5,
              "stdev": 0.4111636686
            },
            "sequence_us": {
              "max": 371.934,
              "median": 362.663,
              "min": 360.373,
              "n": 5,
              "p05": 360.597,
              "p95": 370.228,
              "samples": 5,
              "stdev": 4.111636686
            },
            "status": "ok"
          },
          "logical_iterations": 10
        },
        "single": {
          "dispatches_per_iteration": 1,
          "gpu_elapsed": {
            "clock": "vulkan_timestamp",
            "per_iteration_us": {
              "max": 308.84,
              "median": 301.76,
              "min": 301.48,
              "n": 5,
              "p05": 301.504,
              "p95": 307.448,
              "samples": 5,
              "stdev": 2.867238393
            },
            "sequence_us": {
              "max": 308.84,
              "median": 301.76,
              "min": 301.48,
              "n": 5,
              "p05": 301.504,
              "p95": 307.448,
              "samples": 5,
              "stdev": 2.867238393
            },
            "status": "ok"
          },
          "host_wall": {
            "clock": "steady_clock",
            "per_iteration_us": {
              "max": 371.393,
              "median": 361.703,
              "min": 360.333,
              "n": 5,
              "p05": 360.4812,
              "p95": 369.5872,
              "samples": 5,
              "stdev": 4.065818028
            },
            "sequence_us": {
              "max": 371.393,
              "median": 361.703,
              "min": 360.333,
              "n": 5,
              "p05": 360.4812,
              "p95": 369.5872,
              "samples": 5,
              "stdev": 4.065818028
            },
            "status": "ok"
          },
          "logical_iterations": 1
        }
      },
      "timing_mode": "independent_throughput",
      "variant": "multi_accum16",
      "workgroup_size": 64,
      "workgroup_specialization": "specialization_constant"
    },
    {
      "backend": "vulkan",
      "body_repeats": 32,
      "bytes_per_us": 1815.602837,
      "correctness": {
        "single_dispatch": {
          "oracle": "deterministic CPU f32 reference with sequence tag",
          "status": "pass"
        },
        "synchronization": {
          "barrier_count": 0,
          "method": "disjoint_outputs",
          "status": "pass"
        },
        "timed_sequence": {
          "coverage": "all_dispatches",
          "logical_iterations": 10,
          "oracle": "deterministic CPU f32 reference with sequence tag",
          "status": "pass"
        }
      },
      "correctness_pass": true,
      "dependency_contract": {
        "inter_dispatch_ordering": "none",
        "output_partitioning": "disjoint",
        "validation_status": "pass",
        "work_dependency": "independent"
      },
      "gflops": 14.5248227,
      "k": 2048,
      "max_abs": 0,
      "max_rel": 0,
      "max_us": 9.044,
      "median_us": 9.024,
      "min_us": 9.004,
      "p05_us": 9.008,
      "p95_us": 9.0416,
      "row_key": {
        "k": 2048,
        "rows": 1,
        "workgroup_size": 256
      },
      "rows": 1,
      "submission": {
        "completion_in_host_wall": true,
        "queue_or_stream_count": 1,
        "recording_in_timed_region": false,
        "strategy": "vulkan_command_buffer",
        "submit_in_host_wall": true
      },
      "timestamp_period_ns": 10,
      "timestamp_valid_bits": 64,
      "timing": {
        "burst": {
          "dispatches_per_iteration": 1,
          "gpu_elapsed": {
            "clock": "vulkan_timestamp",
            "per_iteration_us": {
              "max": 9.044,
              "median": 9.024,
              "min": 9.004,
              "n": 5,
              "p05": 9.008,
              "p95": 9.0416,
              "samples": 5,
              "stdev": 0.01304760514
            },
            "sequence_us": {
              "max": 90.44,
              "median": 90.24,
              "min": 90.04,
              "n": 5,
              "p05": 90.08,
              "p95": 90.416,
              "samples": 5,
              "stdev": 0.1304760514
            },
            "status": "ok"
          },
          "host_wall": {
            "clock": "steady_clock",
            "per_iteration_us": {
              "max": 14.9041,
              "median": 14.8442,
              "min": 14.8341,
              "n": 5,
              "p05": 14.83452,
              "p95": 14.9003,
              "samples": 5,
              "stdev": 0.0284920059
            },
            "sequence_us": {
              "max": 149.041,
              "median": 148.442,
              "min": 148.341,
              "n": 5,
              "p05": 148.3452,
              "p95": 149.003,
              "samples": 5,
              "stdev": 0.284920059
            },
            "status": "ok"
          },
          "logical_iterations": 10
        },
        "single": {
          "dispatches_per_iteration": 1,
          "gpu_elapsed": {
            "clock": "vulkan_timestamp",
            "per_iteration_us": {
              "max": 90.36,
              "median": 90.2,
              "min": 89.72,
              "n": 5,
              "p05": 89.744,
              "p95": 90.352,
              "samples": 5,
              "stdev": 0.2597229293
            },
            "sequence_us": {
              "max": 90.36,
              "median": 90.2,
              "min": 89.72,
              "n": 5,
              "p05": 89.744,
              "p95": 90.352,
              "samples": 5,
              "stdev": 0.2597229293
            },
            "status": "ok"
          },
          "host_wall": {
            "clock": "steady_clock",
            "per_iteration_us": {
              "max": 156.852,
              "median": 148.591,
              "min": 147.891,
              "n": 5,
              "p05": 147.9292,
              "p95": 155.5238,
              "samples": 5,
              "stdev": 3.363833682
            },
            "sequence_us": {
              "max": 156.852,
              "median": 148.591,
              "min": 147.891,
              "n": 5,
              "p05": 147.9292,
              "p95": 155.5238,
              "samples": 5,
              "stdev": 3.363833682
            },
            "status": "ok"
          },
          "logical_iterations": 1
        }
      },
      "timing_mode": "independent_throughput",
      "variant": "multi_accum16",
      "workgroup_size": 256,
      "workgroup_specialization": "specialization_constant"
    }
  ],
  "schema": "hipengine.micro.reduction_sweep.v2",
  "schema_version": 2,
  "source": {
    "branch": "",
    "commit": "f2c3ad6d74c86e3641ce09ff9fd759eaa6cd75e0",
    "dirty": false,
    "repo": "/tmp/hipEngine-f2c",
    "source_hash": "sha256:9ac12bc1aad5c4ba4b89ec2c43856b112c7f94a80fd12c280a7d1f9b1e147878"
  },
  "source_coverage": {
    "backend_hash_status": {
      "hip": "covered_by_combined_source_hash",
      "vulkan": "covered_by_combined_source_hash"
    },
    "backend_source_hashes": {
      "hip": [],
      "vulkan": []
    },
    "combined_hash_backends": [
      "hip",
      "vulkan"
    ],
    "combined_hash_files": [
      "benchmarks/micro/runners/reduction_sweep.py",
      "benchmarks/micro/runners/hip_geometry_sweep.hip",
      "benchmarks/micro/runners/vulkan_geometry_sweep.cpp",
      "benchmarks/micro/kernels/vulkan/geometry_sweep.comp",
      "benchmarks/micro/kernels/vulkan/reduction_extra_barrier.comp",
      "benchmarks/micro/kernels/vulkan/reduction_subgroup.comp",
      "benchmarks/micro/kernels/vulkan/reduction_multi_accum.comp",
      "benchmarks/micro/runners/micro_timing_hip.hpp",
      "benchmarks/micro/runners/micro_timing_vulkan.hpp",
      "benchmarks/micro/timing_contract.py",
      "benchmarks/micro/comparison_claim.py"
    ],
    "combined_source_hash": "sha256:9ac12bc1aad5c4ba4b89ec2c43856b112c7f94a80fd12c280a7d1f9b1e147878",
    "scope": "single_joint_wrapper_invocation"
  },
  "sources": {
    "shared": {
      "branch": "",
      "commit": "f2c3ad6d74c86e3641ce09ff9fd759eaa6cd75e0",
      "dirty": false,
      "repo": "/tmp/hipEngine-f2c",
      "source_hash": "sha256:9ac12bc1aad5c4ba4b89ec2c43856b112c7f94a80fd12c280a7d1f9b1e147878"
    }
  },
  "summary": {
    "all_correctness_pass": true,
    "backend_ratio_summary": {},
    "host_wall_status": "not_comparable_direct_vs_command_buffer",
    "performance_claim": false,
    "primary_domain": "gpu_elapsed",
    "variant_ratio_summary": {
      "vulkan_extra_barrier_vs_lds_tree": {
        "max": 0.7306745445593303,
        "median": 0.7288306451612903,
        "min": 0.7094387755102042
      },
      "vulkan_multi_accum16_vs_lds_tree": {
        "max": 0.7371769383697814,
        "median": 0.6578014184397164,
        "min": 0.41562198649951787
      },
      "vulkan_multi_accum4_vs_lds_tree": {
        "max": 0.7249633610161211,
        "median": 0.7222777222777224,
        "min": 0.647147147147147
      },
      "vulkan_multi_accum8_vs_lds_tree": {
        "max": 0.7357461576598909,
        "median": 0.7336377473363774,
        "min": 0.5469543147208121
      },
      "vulkan_subgroup_vs_lds_tree": {
        "max": 0.7879341864716636,
        "median": 0.7802313354363828,
        "min": 0.7741127348643007
      }
    }
  },
  "wrapper": {
    "build_dir": "/home/kaden/ClaudeCode/autorocm/redline-pub/examples/hipengine-6409/results/gfx1201/2026-07-13-radiowave-redline/build/vulkan/reduction",
    "command": [
      "python3",
      "/tmp/hipEngine-f2c/benchmarks/micro/runners/reduction_sweep.py",
      "--backend",
      "vulkan",
      "--timing-mode",
      "independent_throughput",
      "--independent-streams",
      "4",
      "--reps",
      "10",
      "--warmup",
      "3",
      "--samples",
      "5",
      "--environment-json",
      "/home/kaden/ClaudeCode/autorocm/redline-pub/examples/hipengine-6409/results/gfx1201/2026-07-13-radiowave-redline/environment.json",
      "--environment-ref",
      "/home/kaden/ClaudeCode/autorocm/redline-pub/examples/hipengine-6409/results/gfx1201/2026-07-13-radiowave-redline/environment.json",
      "--gfx-arch",
      "gfx1201",
      "--hardware-gpu",
      "AMD Radeon Graphics",
      "--build-dir",
      "/home/kaden/ClaudeCode/autorocm/redline-pub/examples/hipengine-6409/results/gfx1201/2026-07-13-radiowave-redline/build/vulkan/reduction",
      "--k-list",
      "512,2048",
      "--rows-list",
      "1",
      "--workgroups",
      "64,256",
      "--body-repeats",
      "32",
      "--out",
      "/home/kaden/ClaudeCode/autorocm/redline-pub/examples/hipengine-6409/results/gfx1201/2026-07-13-radiowave-redline/independent_throughput/vulkan-reduction.json",
      "--pretty"
    ],
    "cwd": "/tmp/hipEngine-f2c"
  }
}
