WARNING: radv is not a conformant Vulkan implementation, testing use only.
WARNING: radv is not a conformant Vulkan implementation, testing use only.
WARNING: radv is not a conformant Vulkan implementation, testing use only.
WARNING: radv is not a conformant Vulkan implementation, testing use only.
WARNING: radv is not a conformant Vulkan implementation, testing use only.
WARNING: radv is not a conformant Vulkan implementation, testing use only.
WARNING: radv is not a conformant Vulkan implementation, testing use only.
WARNING: radv is not a conformant Vulkan implementation, testing use only.
WARNING: radv is not a conformant Vulkan implementation, testing use only.
WARNING: radv is not a conformant Vulkan implementation, testing use only.
WARNING: radv is not a conformant Vulkan implementation, testing use only.
WARNING: radv is not a conformant Vulkan implementation, testing use only.
WARNING: radv is not a conformant Vulkan implementation, testing use only.
WARNING: radv is not a conformant Vulkan implementation, testing use only.
WARNING: radv is not a conformant Vulkan implementation, testing use only.
WARNING: radv is not a conformant Vulkan implementation, testing use only.
WARNING: radv is not a conformant Vulkan implementation, testing use only.
WARNING: radv is not a conformant Vulkan implementation, testing use only.
WARNING: radv is not a conformant Vulkan implementation, testing use only.
WARNING: radv is not a conformant Vulkan implementation, testing use only.
WARNING: radv is not a conformant Vulkan implementation, testing use only.
WARNING: radv is not a conformant Vulkan implementation, testing use only.
WARNING: radv is not a conformant Vulkan implementation, testing use only.
WARNING: radv is not a conformant Vulkan implementation, testing use only.
[vulkan-q8_0-dense] mode=independent_throughput quantize=0.000824 ms dot=0.004576 ms combined=0.01224 ms correctness=pass
[vulkan-q8_0-dense] mode=independent_throughput quantize=0.001064 ms dot=0.021096 ms combined=0.030772 ms correctness=pass
[vulkan-q8_0-dense] mode=independent_throughput quantize=0.000856 ms dot=0.010548 ms combined=0.01334 ms correctness=pass
[vulkan-q8_0-dense] mode=independent_throughput quantize=0.001308 ms dot=0.052336 ms combined=0.060008 ms correctness=pass
[vulkan-q8_0-dense] mode=independent_throughput quantize=0.001088 ms dot=0.006868 ms combined=0.016104 ms correctness=pass
[vulkan-q8_0-dense] mode=independent_throughput quantize=0.001144 ms dot=0.012392 ms combined=0.020092 ms correctness=pass
[vulkan-q8_0-dense] mode=independent_throughput quantize=0.00112 ms dot=0.015192 ms combined=0.018592 ms correctness=pass
[vulkan-q8_0-dense] mode=independent_throughput quantize=0.000976 ms dot=0.023912 ms combined=0.024752 ms correctness=pass
[vulkan-q8_0-dense] mode=independent_throughput quantize=0.001096 ms dot=0.005944 ms combined=0.011924 ms correctness=pass
[vulkan-q8_0-dense] mode=independent_throughput quantize=0.000864 ms dot=0.015584 ms combined=0.017656 ms correctness=pass
[vulkan-q8_0-dense] mode=independent_throughput quantize=0.000844 ms dot=0.013444 ms combined=0.012308 ms correctness=pass
[vulkan-q8_0-dense] mode=independent_throughput quantize=0.000992 ms dot=0.050768 ms combined=0.038388 ms correctness=pass
[vulkan-q8_0-dense] mode=independent_throughput quantize=0.001016 ms dot=0.006916 ms combined=0.015688 ms correctness=pass
[vulkan-q8_0-dense] mode=independent_throughput quantize=0.000864 ms dot=0.007488 ms combined=0.013816 ms correctness=pass
[vulkan-q8_0-dense] mode=independent_throughput quantize=0.001056 ms dot=0.01466 ms combined=0.017112 ms correctness=pass
[vulkan-q8_0-dense] mode=independent_throughput quantize=0.001304 ms dot=0.02238 ms combined=0.025624 ms correctness=pass
[vulkan-q8_0-dense] mode=independent_throughput quantize=0.00106 ms dot=0.00786 ms combined=0.017712 ms correctness=pass
[vulkan-q8_0-dense] mode=independent_throughput quantize=0.001128 ms dot=0.028816 ms combined=0.038176 ms correctness=pass
[vulkan-q8_0-dense] mode=independent_throughput quantize=0.001128 ms dot=0.014024 ms combined=0.020364 ms correctness=pass
[vulkan-q8_0-dense] mode=independent_throughput quantize=0.001308 ms dot=0.053396 ms combined=0.06122 ms correctness=pass
[vulkan-q8_0-dense] mode=independent_throughput quantize=0.00102 ms dot=0.010016 ms combined=0.018952 ms correctness=pass
[vulkan-q8_0-dense] mode=independent_throughput quantize=0.001132 ms dot=0.014056 ms combined=0.023024 ms correctness=pass
[vulkan-q8_0-dense] mode=independent_throughput quantize=0.001136 ms dot=0.016144 ms combined=0.023404 ms correctness=pass
[vulkan-q8_0-dense] mode=independent_throughput quantize=0.000972 ms dot=0.017804 ms combined=0.02314 ms correctness=pass
{
  "artifact_ref": "/home/kaden/ClaudeCode/autorocm/redline-pub/examples/hipengine-6409/results/gfx1201/2026-07-13-radiowave-redline/independent_throughput/vulkan-dense-q8.json",
  "backend": "vulkan",
  "bench": "q8_0_dense_real_slice",
  "classification": "real_slice_probe",
  "command": [
    "python3",
    "/tmp/hipEngine-f2c/benchmarks/micro/runners/q8_0_dense_real_slice.py",
    "--backend",
    "vulkan",
    "--timing-mode",
    "independent_throughput",
    "--independent-streams",
    "4",
    "--reps",
    "10",
    "--warmup",
    "3",
    "--samples",
    "5",
    "--environment-json",
    "/home/kaden/ClaudeCode/autorocm/redline-pub/examples/hipengine-6409/results/gfx1201/2026-07-13-radiowave-redline/environment.json",
    "--environment-ref",
    "/home/kaden/ClaudeCode/autorocm/redline-pub/examples/hipengine-6409/results/gfx1201/2026-07-13-radiowave-redline/environment.json",
    "--gfx-arch",
    "gfx1201",
    "--hardware-gpu",
    "AMD Radeon Graphics",
    "--build-dir",
    "/home/kaden/ClaudeCode/autorocm/redline-pub/examples/hipengine-6409/results/gfx1201/2026-07-13-radiowave-redline/build/vulkan/dense-q8",
    "--shapes",
    "768x2048,2048x2048",
    "--rows-list",
    "1,4",
    "--local-sizes",
    "32,64,128",
    "--row-tiles",
    "1,4",
    "--out",
    "/home/kaden/ClaudeCode/autorocm/redline-pub/examples/hipengine-6409/results/gfx1201/2026-07-13-radiowave-redline/independent_throughput/vulkan-dense-q8.json",
    "--pretty"
  ],
  "correctness": {
    "all_pass": true,
    "oracle": "CPU q8_1 quantize plus raw GGUF Q8_0 dense dp4a",
    "rows": 52,
    "status": "pass"
  },
  "environment_ref": "/home/kaden/ClaudeCode/autorocm/redline-pub/examples/hipengine-6409/results/gfx1201/2026-07-13-radiowave-redline/environment.json",
  "hardware": {
    "device": {
      "actual_independent_lanes": 4,
      "api_version": "1.4.318",
      "calibrated_timestamp_extension": "VK_KHR_calibrated_timestamps",
      "device_id": 30032,
      "device_name": "AMD Radeon Graphics (RADV GFX1201)",
      "device_type": 2,
      "driver_version_raw": 104865800,
      "queue_family": 1,
      "queue_flags": 14,
      "queue_timestamp_valid_bits": 64,
      "requested_api_version": "1.2",
      "requested_independent_lanes": 4,
      "shader_integer_dot_product": true,
      "storage_buffer_16bit": true,
      "timeline_semaphore": true,
      "vendor_id": 4098
    },
    "gfx_arch": "gfx1201",
    "gpu_name": "AMD Radeon Graphics"
  },
  "kind": "hipengine_micro_result",
  "measurements": {
    "rows": [
      {
        "backend": "vulkan",
        "correctness": {
          "single_dispatch": {
            "oracle": "CPU Q8_0 dense q8_1+dp4a BF16 logits with KL <= 0.05 and top-1 >= 90%",
            "status": "pass"
          },
          "synchronization": {
            "barrier_count": 0,
            "method": "disjoint_xq_and_output_slices",
            "status": "pass"
          },
          "timed_sequence": {
            "coverage": "all_dispatches",
            "logical_iterations": 10,
            "oracle": "CPU Q8_0 dense q8_1+dp4a BF16 logits with KL <= 0.05 and top-1 >= 90%",
            "status": "pass"
          }
        },
        "correctness_pass": true,
        "dependency_contract": {
          "inter_dispatch_ordering": "none",
          "output_partitioning": "disjoint",
          "validation_status": "pass",
          "work_dependency": "independent"
        },
        "execution": {
          "actual_parallel_lanes": 1,
          "burst_lane_gpu_samples_us": [],
          "calibrated_timestamp_domain": false,
          "calibrated_timestamp_extension": "",
          "lane_assignment": "single_command_buffer",
          "requested_parallel_lanes": 4,
          "single_lane_gpu_samples_us": [],
          "submission_strategy": "vulkan_command_buffer"
        },
        "hardware": {
          "actual_independent_lanes": 4,
          "api_version": "1.4.318",
          "calibrated_timestamp_extension": "VK_KHR_calibrated_timestamps",
          "device_id": 30032,
          "device_name": "AMD Radeon Graphics (RADV GFX1201)",
          "device_type": 2,
          "driver_version_raw": 104865800,
          "queue_family": 1,
          "queue_flags": 14,
          "queue_timestamp_valid_bits": 64,
          "requested_api_version": "1.2",
          "requested_independent_lanes": 4,
          "shader_integer_dot_product": true,
          "storage_buffer_16bit": true,
          "timeline_semaphore": true,
          "vendor_id": 4098
        },
        "in_features": 768,
        "local_size": 32,
        "median_us": 0.8240000000000001,
        "numeric_correctness": {
          "burst": {
            "exact_bf16_mismatches": 2785,
            "expected_repetitions": [
              0,
              1,
              2,
              3,
              4,
              5,
              6,
              7,
              8,
              9
            ],
            "kl_divergence": 7.509737071e-05,
            "max_abs": 0.03125,
            "mean_abs": 0.001078635454,
            "outputs_checked": 10,
            "pass": true,
            "top1": 1
          },
          "single": {
            "exact_bf16_mismatches": 251,
            "expected_repetitions": [
              0
            ],
            "kl_divergence": 3.301283582e-07,
            "max_abs": 0.015625,
            "mean_abs": 0.0002901772968,
            "outputs_checked": 1,
            "pass": true,
            "top1": 1
          }
        },
        "operation": "q8_1_quantize",
        "out_features": 2048,
        "q8_0_weight_bytes": 1671168,
        "q8_blocks_per_row": 24,
        "row_tile": 0,
        "rows": 1,
        "sequence_validation": {
          "burst_expected_repetitions": [
            0,
            1,
            2,
            3,
            4,
            5,
            6,
            7,
            8,
            9
          ],
          "input_repetition_pattern": "distinct_deterministic_salt",
          "output_partitioning": "disjoint",
          "single_expected_repetitions": [
            0
          ],
          "xq_partitioning": "disjoint"
        },
        "submission": {
          "completion_in_host_wall": true,
          "queue_or_stream_count": 1,
          "recording_in_timed_region": false,
          "strategy": "vulkan_command_buffer",
          "submit_in_host_wall": true
        },
        "timing": {
          "burst": {
            "dispatches_per_iteration": 1,
            "gpu_elapsed": {
              "clock": "vulkan_timestamp",
              "per_iteration_us": {
                "max": 1.084,
                "median": 0.8240000000000001,
                "min": 0.8119999999999999,
                "n": 5,
                "p05": 0.8119999999999999,
                "p95": 1.0328,
                "samples": 5,
                "stdev": 0.1061922784386888
              },
              "sequence_us": {
                "max": 10.84,
                "median": 8.24,
                "min": 8.12,
                "n": 5,
                "p05": 8.12,
                "p95": 10.328,
                "samples": 5,
                "stdev": 1.0619227843868877
              },
              "status": "ok"
            },
            "host_wall": {
              "clock": "steady_clock",
              "per_iteration_us": {
                "max": 7.1021,
                "median": 6.2961,
                "min": 6.1551,
                "n": 5,
                "p05": 6.1725,
                "p95": 7.0147,
                "samples": 5,
                "stdev": 0.35114498430135666
              },
              "sequence_us": {
                "max": 71.021,
                "median": 62.961,
                "min": 61.551,
                "n": 5,
                "p05": 61.72500000000001,
                "p95": 70.14699999999999,
                "samples": 5,
                "stdev": 3.5114498430135663
              },
              "status": "ok"
            },
            "logical_iterations": 10
          },
          "single": {
            "dispatches_per_iteration": 1,
            "gpu_elapsed": {
              "clock": "vulkan_timestamp",
              "per_iteration_us": {
                "max": 11.0,
                "median": 9.88,
                "min": 7.32,
                "n": 5,
                "p05": 7.352000000000001,
                "p95": 10.911999999999999,
                "samples": 5,
                "stdev": 1.5513400658785295
              },
              "sequence_us": {
                "max": 11.0,
                "median": 9.88,
                "min": 7.32,
                "n": 5,
                "p05": 7.352000000000001,
                "p95": 10.911999999999999,
                "samples": 5,
                "stdev": 1.5513400658785295
              },
              "status": "ok"
            },
            "host_wall": {
              "clock": "steady_clock",
              "per_iteration_us": {
                "max": 72.601,
                "median": 68.171,
                "min": 61.88,
                "n": 5,
                "p05": 62.220200000000006,
                "p95": 72.265,
                "samples": 5,
                "stdev": 4.125353337594247
              },
              "sequence_us": {
                "max": 72.601,
                "median": 68.171,
                "min": 61.88,
                "n": 5,
                "p05": 62.220200000000006,
                "p95": 72.265,
                "samples": 5,
                "stdev": 4.125353337594247
              },
              "status": "ok"
            },
            "logical_iterations": 1
          }
        },
        "timing_mode": "independent_throughput",
        "variant": "quantize",
        "workgroup_match": "exact_hip_wave32"
      },
      {
        "backend": "vulkan",
        "correctness": {
          "single_dispatch": {
            "oracle": "CPU Q8_0 dense q8_1+dp4a BF16 logits with KL <= 0.05 and top-1 >= 90%",
            "status": "pass"
          },
          "synchronization": {
            "barrier_count": 0,
            "method": "disjoint_xq_and_output_slices",
            "status": "pass"
          },
          "timed_sequence": {
            "coverage": "all_dispatches",
            "logical_iterations": 10,
            "oracle": "CPU Q8_0 dense q8_1+dp4a BF16 logits with KL <= 0.05 and top-1 >= 90%",
            "status": "pass"
          }
        },
        "correctness_pass": true,
        "dependency_contract": {
          "inter_dispatch_ordering": "none",
          "output_partitioning": "disjoint",
          "validation_status": "pass",
          "work_dependency": "independent"
        },
        "execution": {
          "actual_parallel_lanes": 1,
          "burst_lane_gpu_samples_us": [],
          "calibrated_timestamp_domain": false,
          "calibrated_timestamp_extension": "",
          "lane_assignment": "single_command_buffer",
          "requested_parallel_lanes": 4,
          "single_lane_gpu_samples_us": [],
          "submission_strategy": "vulkan_command_buffer"
        },
        "hardware": {
          "actual_independent_lanes": 4,
          "api_version": "1.4.318",
          "calibrated_timestamp_extension": "VK_KHR_calibrated_timestamps",
          "device_id": 30032,
          "device_name": "AMD Radeon Graphics (RADV GFX1201)",
          "device_type": 2,
          "driver_version_raw": 104865800,
          "queue_family": 1,
          "queue_flags": 14,
          "queue_timestamp_valid_bits": 64,
          "requested_api_version": "1.2",
          "requested_independent_lanes": 4,
          "shader_integer_dot_product": true,
          "storage_buffer_16bit": true,
          "timeline_semaphore": true,
          "vendor_id": 4098
        },
        "in_features": 768,
        "local_size": 32,
        "median_us": 4.576,
        "numeric_correctness": {
          "burst": {
            "exact_bf16_mismatches": 2785,
            "expected_repetitions": [
              0,
              1,
              2,
              3,
              4,
              5,
              6,
              7,
              8,
              9
            ],
            "kl_divergence": 7.509737071e-05,
            "max_abs": 0.03125,
            "mean_abs": 0.001078635454,
            "outputs_checked": 10,
            "pass": true,
            "top1": 1
          },
          "single": {
            "exact_bf16_mismatches": 251,
            "expected_repetitions": [
              0
            ],
            "kl_divergence": 3.301283582e-07,
            "max_abs": 0.015625,
            "mean_abs": 0.0002901772968,
            "outputs_checked": 1,
            "pass": true,
            "top1": 1
          }
        },
        "operation": "q8_0_dense_dp4a_dot_prequantized",
        "out_features": 2048,
        "q8_0_weight_bytes": 1671168,
        "q8_blocks_per_row": 24,
        "row_tile": 1,
        "rows": 1,
        "sequence_validation": {
          "burst_expected_repetitions": [
            0,
            1,
            2,
            3,
            4,
            5,
            6,
            7,
            8,
            9
          ],
          "input_repetition_pattern": "distinct_deterministic_salt",
          "output_partitioning": "disjoint",
          "single_expected_repetitions": [
            0
          ],
          "xq_partitioning": "disjoint"
        },
        "submission": {
          "completion_in_host_wall": true,
          "queue_or_stream_count": 1,
          "recording_in_timed_region": false,
          "strategy": "vulkan_command_buffer",
          "submit_in_host_wall": true
        },
        "timing": {
          "burst": {
            "dispatches_per_iteration": 1,
            "gpu_elapsed": {
              "clock": "vulkan_timestamp",
              "per_iteration_us": {
                "max": 4.6,
                "median": 4.576,
                "min": 4.508,
                "n": 5,
                "p05": 4.5120000000000005,
                "p95": 4.5968,
                "samples": 5,
                "stdev": 0.035090739519137965
              },
              "sequence_us": {
                "max": 46.0,
                "median": 45.76,
                "min": 45.08,
                "n": 5,
                "p05": 45.120000000000005,
                "p95": 45.967999999999996,
                "samples": 5,
                "stdev": 0.35090739519138153
              },
              "status": "ok"
            },
            "host_wall": {
              "clock": "steady_clock",
              "per_iteration_us": {
                "max": 12.4662,
                "median": 10.0161,
                "min": 9.8802,
                "n": 5,
                "p05": 9.90098,
                "p95": 12.0182,
                "samples": 5,
                "stdev": 0.9822741951206906
              },
              "sequence_us": {
                "max": 124.662,
                "median": 100.161,
                "min": 98.802,
                "n": 5,
                "p05": 99.00980000000001,
                "p95": 120.18199999999999,
                "samples": 5,
                "stdev": 9.822741951206906
              },
              "status": "ok"
            },
            "logical_iterations": 10
          },
          "single": {
            "dispatches_per_iteration": 1,
            "gpu_elapsed": {
              "clock": "vulkan_timestamp",
              "per_iteration_us": {
                "max": 21.16,
                "median": 17.04,
                "min": 12.08,
                "n": 5,
                "p05": 12.568000000000001,
                "p95": 21.112000000000002,
                "samples": 5,
                "stdev": 3.547582839060986
              },
              "sequence_us": {
                "max": 21.16,
                "median": 17.04,
                "min": 12.08,
                "n": 5,
                "p05": 12.568000000000001,
                "p95": 21.112000000000002,
                "samples": 5,
                "stdev": 3.547582839060986
              },
              "status": "ok"
            },
            "host_wall": {
              "clock": "steady_clock",
              "per_iteration_us": {
                "max": 85.592,
                "median": 76.221,
                "min": 65.481,
                "n": 5,
                "p05": 67.157,
                "p95": 84.8418,
                "samples": 5,
                "stdev": 6.922457147574119
              },
              "sequence_us": {
                "max": 85.592,
                "median": 76.221,
                "min": 65.481,
                "n": 5,
                "p05": 67.157,
                "p95": 84.8418,
                "samples": 5,
                "stdev": 6.922457147574119
              },
              "status": "ok"
            },
            "logical_iterations": 1
          }
        },
        "timing_mode": "independent_throughput",
        "variant": "single",
        "workgroup_match": "exact_hip_wave32"
      },
      {
        "backend": "vulkan",
        "correctness": {
          "single_dispatch": {
            "oracle": "CPU Q8_0 dense q8_1+dp4a BF16 logits with KL <= 0.05 and top-1 >= 90%",
            "status": "pass"
          },
          "synchronization": {
            "barrier_count": 10,
            "method": "timeline_coordinated_multi_queue_disjoint_slices",
            "status": "pass"
          },
          "timed_sequence": {
            "coverage": "all_dispatches",
            "logical_iterations": 10,
            "oracle": "CPU Q8_0 dense q8_1+dp4a BF16 logits with KL <= 0.05 and top-1 >= 90%",
            "status": "pass"
          }
        },
        "correctness_pass": true,
        "dependency_contract": {
          "inter_dispatch_ordering": "none",
          "output_partitioning": "disjoint",
          "validation_status": "pass",
          "work_dependency": "independent"
        },
        "execution": {
          "actual_parallel_lanes": 4,
          "burst_lane_gpu_samples_us": [
            [
              38.84,
              73.76,
              55.28,
              28.2
            ],
            [
              63.48,
              45.2,
              27.68,
              56.76
            ],
            [
              38.44,
              66.6,
              59.24,
              25.2
            ],
            [
              40.08,
              73.16,
              54.72,
              28.48
            ],
            [
              60.6,
              35.68,
              61.52,
              42.64
            ]
          ],
          "calibrated_timestamp_domain": true,
          "calibrated_timestamp_extension": "VK_KHR_calibrated_timestamps",
          "lane_assignment": "round_robin_multi_queue",
          "requested_parallel_lanes": 4,
          "single_lane_gpu_samples_us": [
            [
              18.4,
              3.4,
              2.6,
              3.84
            ],
            [
              24.28,
              3.12,
              1.68,
              2.48
            ],
            [
              13.8,
              2.36,
              2.64,
              1.64
            ],
            [
              24,
              3,
              2.24,
              2.48
            ],
            [
              13.64,
              2.64,
              2.44,
              2.8
            ]
          ],
          "submission_strategy": "vulkan_multi_queue"
        },
        "hardware": {
          "actual_independent_lanes": 4,
          "api_version": "1.4.318",
          "calibrated_timestamp_extension": "VK_KHR_calibrated_timestamps",
          "device_id": 30032,
          "device_name": "AMD Radeon Graphics (RADV GFX1201)",
          "device_type": 2,
          "driver_version_raw": 104865800,
          "queue_family": 1,
          "queue_flags": 14,
          "queue_timestamp_valid_bits": 64,
          "requested_api_version": "1.2",
          "requested_independent_lanes": 4,
          "shader_integer_dot_product": true,
          "storage_buffer_16bit": true,
          "timeline_semaphore": true,
          "vendor_id": 4098
        },
        "in_features": 768,
        "local_size": 32,
        "median_us": 12.24,
        "numeric_correctness": {
          "burst": {
            "exact_bf16_mismatches": 2785,
            "expected_repetitions": [
              0,
              1,
              2,
              3,
              4,
              5,
              6,
              7,
              8,
              9
            ],
            "kl_divergence": 7.509737071e-05,
            "max_abs": 0.03125,
            "mean_abs": 0.001078635454,
            "outputs_checked": 10,
            "pass": true,
            "top1": 1
          },
          "single": {
            "exact_bf16_mismatches": 251,
            "expected_repetitions": [
              0
            ],
            "kl_divergence": 3.301283582e-07,
            "max_abs": 0.015625,
            "mean_abs": 0.0002901772968,
            "outputs_checked": 1,
            "pass": true,
            "top1": 1
          }
        },
        "operation": "q8_0_dense_dp4a_quantize_plus_dot",
        "out_features": 2048,
        "q8_0_weight_bytes": 1671168,
        "q8_blocks_per_row": 24,
        "row_tile": 1,
        "rows": 1,
        "sequence_validation": {
          "burst_expected_repetitions": [
            0,
            1,
            2,
            3,
            4,
            5,
            6,
            7,
            8,
            9
          ],
          "input_repetition_pattern": "distinct_deterministic_salt",
          "output_partitioning": "disjoint",
          "single_expected_repetitions": [
            0
          ],
          "xq_partitioning": "disjoint"
        },
        "submission": {
          "completion_in_host_wall": true,
          "queue_or_stream_count": 4,
          "recording_in_timed_region": false,
          "strategy": "vulkan_multi_queue",
          "submit_in_host_wall": true
        },
        "timing": {
          "burst": {
            "dispatches_per_iteration": 2,
            "gpu_elapsed": {
              "clock": "vulkan_calibrated_multi_queue_timestamp_span",
              "per_iteration_us": {
                "max": 13.219999999999999,
                "median": 12.24,
                "min": 9.540000000000001,
                "n": 5,
                "p05": 9.5576,
                "p95": 13.106399999999999,
                "samples": 5,
                "stdev": 1.560090253799439
              },
              "sequence_us": {
                "max": 132.2,
                "median": 122.4,
                "min": 95.4,
                "n": 5,
                "p05": 95.57600000000001,
                "p95": 131.064,
                "samples": 5,
                "stdev": 15.600902537994392
              },
              "status": "ok"
            },
            "host_wall": {
              "clock": "steady_clock",
              "per_iteration_us": {
                "max": 21.4343,
                "median": 20.1543,
                "min": 16.496199999999998,
                "n": 5,
                "p05": 16.5304,
                "p95": 21.2863,
                "samples": 5,
                "stdev": 2.0880618291611968
              },
              "sequence_us": {
                "max": 214.343,
                "median": 201.543,
                "min": 164.962,
                "n": 5,
                "p05": 165.30399999999997,
                "p95": 212.863,
                "samples": 5,
                "stdev": 20.880618291611963
              },
              "status": "ok"
            },
            "logical_iterations": 10
          },
          "single": {
            "dispatches_per_iteration": 2,
            "gpu_elapsed": {
              "clock": "vulkan_calibrated_multi_queue_timestamp_span",
              "per_iteration_us": {
                "max": 43.08,
                "median": 41.36,
                "min": 28.72,
                "n": 5,
                "p05": 30.512,
                "p95": 42.903999999999996,
                "samples": 5,
                "stdev": 5.274627569791066
              },
              "sequence_us": {
                "max": 43.08,
                "median": 41.36,
                "min": 28.72,
                "n": 5,
                "p05": 30.512,
                "p95": 42.903999999999996,
                "samples": 5,
                "stdev": 5.274627569791066
              },
              "status": "ok"
            },
            "host_wall": {
              "clock": "steady_clock",
              "per_iteration_us": {
                "max": 130.872,
                "median": 114.212,
                "min": 97.001,
                "n": 5,
                "p05": 99.61520000000002,
                "p95": 129.252,
                "samples": 5,
                "stdev": 11.49950858776148
              },
              "sequence_us": {
                "max": 130.872,
                "median": 114.212,
                "min": 97.001,
                "n": 5,
                "p05": 99.61520000000002,
                "p95": 129.252,
                "samples": 5,
                "stdev": 11.49950858776148
              },
              "status": "ok"
            },
            "logical_iterations": 1
          }
        },
        "timing_mode": "independent_throughput",
        "variant": "single",
        "workgroup_match": "exact_hip_wave32"
      },
      {
        "backend": "vulkan",
        "correctness": {
          "single_dispatch": {
            "oracle": "CPU Q8_0 dense q8_1+dp4a BF16 logits with KL <= 0.05 and top-1 >= 90%",
            "status": "pass"
          },
          "synchronization": {
            "barrier_count": 0,
            "method": "disjoint_xq_and_output_slices",
            "status": "pass"
          },
          "timed_sequence": {
            "coverage": "all_dispatches",
            "logical_iterations": 10,
            "oracle": "CPU Q8_0 dense q8_1+dp4a BF16 logits with KL <= 0.05 and top-1 >= 90%",
            "status": "pass"
          }
        },
        "correctness_pass": true,
        "dependency_contract": {
          "inter_dispatch_ordering": "none",
          "output_partitioning": "disjoint",
          "validation_status": "pass",
          "work_dependency": "independent"
        },
        "execution": {
          "actual_parallel_lanes": 1,
          "burst_lane_gpu_samples_us": [],
          "calibrated_timestamp_domain": false,
          "calibrated_timestamp_extension": "",
          "lane_assignment": "single_command_buffer",
          "requested_parallel_lanes": 4,
          "single_lane_gpu_samples_us": [],
          "submission_strategy": "vulkan_command_buffer"
        },
        "hardware": {
          "actual_independent_lanes": 4,
          "api_version": "1.4.318",
          "calibrated_timestamp_extension": "VK_KHR_calibrated_timestamps",
          "device_id": 30032,
          "device_name": "AMD Radeon Graphics (RADV GFX1201)",
          "device_type": 2,
          "driver_version_raw": 104865800,
          "queue_family": 1,
          "queue_flags": 14,
          "queue_timestamp_valid_bits": 64,
          "requested_api_version": "1.2",
          "requested_independent_lanes": 4,
          "shader_integer_dot_product": true,
          "storage_buffer_16bit": true,
          "timeline_semaphore": true,
          "vendor_id": 4098
        },
        "in_features": 768,
        "local_size": 32,
        "median_us": 1.064,
        "numeric_correctness": {
          "burst": {
            "exact_bf16_mismatches": 13155,
            "expected_repetitions": [
              0,
              1,
              2,
              3,
              4,
              5,
              6,
              7,
              8,
              9
            ],
            "kl_divergence": 7.737942242e-05,
            "max_abs": 0.03125,
            "mean_abs": 0.0008274186403,
            "outputs_checked": 10,
            "pass": true,
            "top1": 1
          },
          "single": {
            "exact_bf16_mismatches": 1232,
            "expected_repetitions": [
              0
            ],
            "kl_divergence": 3.999396507e-05,
            "max_abs": 0.03125,
            "mean_abs": 0.0005773062585,
            "outputs_checked": 1,
            "pass": true,
            "top1": 1
          }
        },
        "operation": "q8_1_quantize",
        "out_features": 2048,
        "q8_0_weight_bytes": 1671168,
        "q8_blocks_per_row": 24,
        "row_tile": 0,
        "rows": 4,
        "sequence_validation": {
          "burst_expected_repetitions": [
            0,
            1,
            2,
            3,
            4,
            5,
            6,
            7,
            8,
            9
          ],
          "input_repetition_pattern": "distinct_deterministic_salt",
          "output_partitioning": "disjoint",
          "single_expected_repetitions": [
            0
          ],
          "xq_partitioning": "disjoint"
        },
        "submission": {
          "completion_in_host_wall": true,
          "queue_or_stream_count": 1,
          "recording_in_timed_region": false,
          "strategy": "vulkan_command_buffer",
          "submit_in_host_wall": true
        },
        "timing": {
          "burst": {
            "dispatches_per_iteration": 1,
            "gpu_elapsed": {
              "clock": "vulkan_timestamp",
              "per_iteration_us": {
                "max": 1.136,
                "median": 1.064,
                "min": 1.052,
                "n": 5,
                "p05": 1.052,
                "p95": 1.1223999999999998,
                "samples": 5,
                "stdev": 0.03145536520213994
              },
              "sequence_us": {
                "max": 11.36,
                "median": 10.64,
                "min": 10.52,
                "n": 5,
                "p05": 10.52,
                "p95": 11.224,
                "samples": 5,
                "stdev": 0.3145536520213999
              },
              "status": "ok"
            },
            "host_wall": {
              "clock": "steady_clock",
              "per_iteration_us": {
                "max": 7.863200000000001,
                "median": 7.131100000000001,
                "min": 6.9620999999999995,
                "n": 5,
                "p05": 6.9787,
                "p95": 7.746980000000001,
                "samples": 5,
                "stdev": 0.3211935516164673
              },
              "sequence_us": {
                "max": 78.632,
                "median": 71.311,
                "min": 69.621,
                "n": 5,
                "p05": 69.78699999999999,
                "p95": 77.4698,
                "samples": 5,
                "stdev": 3.2119355161646723
              },
              "status": "ok"
            },
            "logical_iterations": 10
          },
          "single": {
            "dispatches_per_iteration": 1,
            "gpu_elapsed": {
              "clock": "vulkan_timestamp",
              "per_iteration_us": {
                "max": 13.32,
                "median": 12.8,
                "min": 9.84,
                "n": 5,
                "p05": 9.864,
                "p95": 13.239999999999998,
                "samples": 5,
                "stdev": 1.535374872791658
              },
              "sequence_us": {
                "max": 13.32,
                "median": 12.8,
                "min": 9.84,
                "n": 5,
                "p05": 9.864,
                "p95": 13.239999999999998,
                "samples": 5,
                "stdev": 1.535374872791658
              },
              "status": "ok"
            },
            "host_wall": {
              "clock": "steady_clock",
              "per_iteration_us": {
                "max": 87.401,
                "median": 81.141,
                "min": 71.351,
                "n": 5,
                "p05": 71.43900000000001,
                "p95": 86.193,
                "samples": 5,
                "stdev": 6.17166881807506
              },
              "sequence_us": {
                "max": 87.401,
                "median": 81.141,
                "min": 71.351,
                "n": 5,
                "p05": 71.43900000000001,
                "p95": 86.193,
                "samples": 5,
                "stdev": 6.17166881807506
              },
              "status": "ok"
            },
            "logical_iterations": 1
          }
        },
        "timing_mode": "independent_throughput",
        "variant": "quantize",
        "workgroup_match": "exact_hip_wave32"
      },
      {
        "backend": "vulkan",
        "correctness": {
          "single_dispatch": {
            "oracle": "CPU Q8_0 dense q8_1+dp4a BF16 logits with KL <= 0.05 and top-1 >= 90%",
            "status": "pass"
          },
          "synchronization": {
            "barrier_count": 0,
            "method": "disjoint_xq_and_output_slices",
            "status": "pass"
          },
          "timed_sequence": {
            "coverage": "all_dispatches",
            "logical_iterations": 10,
            "oracle": "CPU Q8_0 dense q8_1+dp4a BF16 logits with KL <= 0.05 and top-1 >= 90%",
            "status": "pass"
          }
        },
        "correctness_pass": true,
        "dependency_contract": {
          "inter_dispatch_ordering": "none",
          "output_partitioning": "disjoint",
          "validation_status": "pass",
          "work_dependency": "independent"
        },
        "execution": {
          "actual_parallel_lanes": 1,
          "burst_lane_gpu_samples_us": [],
          "calibrated_timestamp_domain": false,
          "calibrated_timestamp_extension": "",
          "lane_assignment": "single_command_buffer",
          "requested_parallel_lanes": 4,
          "single_lane_gpu_samples_us": [],
          "submission_strategy": "vulkan_command_buffer"
        },
        "hardware": {
          "actual_independent_lanes": 4,
          "api_version": "1.4.318",
          "calibrated_timestamp_extension": "VK_KHR_calibrated_timestamps",
          "device_id": 30032,
          "device_name": "AMD Radeon Graphics (RADV GFX1201)",
          "device_type": 2,
          "driver_version_raw": 104865800,
          "queue_family": 1,
          "queue_flags": 14,
          "queue_timestamp_valid_bits": 64,
          "requested_api_version": "1.2",
          "requested_independent_lanes": 4,
          "shader_integer_dot_product": true,
          "storage_buffer_16bit": true,
          "timeline_semaphore": true,
          "vendor_id": 4098
        },
        "in_features": 768,
        "local_size": 32,
        "median_us": 21.096,
        "numeric_correctness": {
          "burst": {
            "exact_bf16_mismatches": 13155,
            "expected_repetitions": [
              0,
              1,
              2,
              3,
              4,
              5,
              6,
              7,
              8,
              9
            ],
            "kl_divergence": 7.737942242e-05,
            "max_abs": 0.03125,
            "mean_abs": 0.0008274186403,
            "outputs_checked": 10,
            "pass": true,
            "top1": 1
          },
          "single": {
            "exact_bf16_mismatches": 1232,
            "expected_repetitions": [
              0
            ],
            "kl_divergence": 3.999396507e-05,
            "max_abs": 0.03125,
            "mean_abs": 0.0005773062585,
            "outputs_checked": 1,
            "pass": true,
            "top1": 1
          }
        },
        "operation": "q8_0_dense_dp4a_dot_prequantized",
        "out_features": 2048,
        "q8_0_weight_bytes": 1671168,
        "q8_blocks_per_row": 24,
        "row_tile": 1,
        "rows": 4,
        "sequence_validation": {
          "burst_expected_repetitions": [
            0,
            1,
            2,
            3,
            4,
            5,
            6,
            7,
            8,
            9
          ],
          "input_repetition_pattern": "distinct_deterministic_salt",
          "output_partitioning": "disjoint",
          "single_expected_repetitions": [
            0
          ],
          "xq_partitioning": "disjoint"
        },
        "submission": {
          "completion_in_host_wall": true,
          "queue_or_stream_count": 1,
          "recording_in_timed_region": false,
          "strategy": "vulkan_command_buffer",
          "submit_in_host_wall": true
        },
        "timing": {
          "burst": {
            "dispatches_per_iteration": 1,
            "gpu_elapsed": {
              "clock": "vulkan_timestamp",
              "per_iteration_us": {
                "max": 21.116,
                "median": 21.096,
                "min": 21.080000000000002,
                "n": 5,
                "p05": 21.0832,
                "p95": 21.114400000000003,
                "samples": 5,
                "stdev": 0.012237646832622079
              },
              "sequence_us": {
                "max": 211.16,
                "median": 210.96,
                "min": 210.8,
                "n": 5,
                "p05": 210.83200000000002,
                "p95": 211.144,
                "samples": 5,
                "stdev": 0.1223764683262233
              },
              "status": "ok"
            },
            "host_wall": {
              "clock": "steady_clock",
              "per_iteration_us": {
                "max": 27.5884,
                "median": 27.2914,
                "min": 26.9514,
                "n": 5,
                "p05": 26.981400000000004,
                "p95": 27.5736,
                "samples": 5,
                "stdev": 0.24067322244071962
              },
              "sequence_us": {
                "max": 275.884,
                "median": 272.914,
                "min": 269.514,
                "n": 5,
                "p05": 269.814,
                "p95": 275.736,
                "samples": 5,
                "stdev": 2.406732224407194
              },
              "status": "ok"
            },
            "logical_iterations": 10
          },
          "single": {
            "dispatches_per_iteration": 1,
            "gpu_elapsed": {
              "clock": "vulkan_timestamp",
              "per_iteration_us": {
                "max": 32.32,
                "median": 31.36,
                "min": 30.68,
                "n": 5,
                "p05": 30.752000000000002,
                "p95": 32.256,
                "samples": 5,
                "stdev": 0.6039867548216603
              },
              "sequence_us": {
                "max": 32.32,
                "median": 31.36,
                "min": 30.68,
                "n": 5,
                "p05": 30.752000000000002,
                "p95": 32.256,
                "samples": 5,
                "stdev": 0.6039867548216603
              },
              "status": "ok"
            },
            "host_wall": {
              "clock": "steady_clock",
              "per_iteration_us": {
                "max": 98.412,
                "median": 90.511,
                "min": 82.181,
                "n": 5,
                "p05": 83.797,
                "p95": 96.85180000000001,
                "samples": 5,
                "stdev": 5.134591567009009
              },
              "sequence_us": {
                "max": 98.412,
                "median": 90.511,
                "min": 82.181,
                "n": 5,
                "p05": 83.797,
                "p95": 96.85180000000001,
                "samples": 5,
                "stdev": 5.134591567009009
              },
              "status": "ok"
            },
            "logical_iterations": 1
          }
        },
        "timing_mode": "independent_throughput",
        "variant": "single",
        "workgroup_match": "exact_hip_wave32"
      },
      {
        "backend": "vulkan",
        "correctness": {
          "single_dispatch": {
            "oracle": "CPU Q8_0 dense q8_1+dp4a BF16 logits with KL <= 0.05 and top-1 >= 90%",
            "status": "pass"
          },
          "synchronization": {
            "barrier_count": 10,
            "method": "timeline_coordinated_multi_queue_disjoint_slices",
            "status": "pass"
          },
          "timed_sequence": {
            "coverage": "all_dispatches",
            "logical_iterations": 10,
            "oracle": "CPU Q8_0 dense q8_1+dp4a BF16 logits with KL <= 0.05 and top-1 >= 90%",
            "status": "pass"
          }
        },
        "correctness_pass": true,
        "dependency_contract": {
          "inter_dispatch_ordering": "none",
          "output_partitioning": "disjoint",
          "validation_status": "pass",
          "work_dependency": "independent"
        },
        "execution": {
          "actual_parallel_lanes": 4,
          "burst_lane_gpu_samples_us": [
            [
              208.32,
              132.56,
              169.44,
              65.52
            ],
            [
              123.32,
              242.08,
              174.56,
              100.04
            ],
            [
              212.04,
              135.4,
              173.76,
              65.92
            ],
            [
              122.76,
              242.2,
              175.16,
              100.2
            ],
            [
              215.36,
              139.2,
              181.08,
              65.92
            ]
          ],
          "calibrated_timestamp_domain": true,
          "calibrated_timestamp_extension": "VK_KHR_calibrated_timestamps",
          "lane_assignment": "round_robin_multi_queue",
          "requested_parallel_lanes": 4,
          "single_lane_gpu_samples_us": [
            [
              36.56,
              2.96,
              3.36,
              2.56
            ],
            [
              49.52,
              2.36,
              3.32,
              2.24
            ],
            [
              50.04,
              2.24,
              3.04,
              2.44
            ],
            [
              72.28,
              2.4,
              2.56,
              2.68
            ],
            [
              35,
              2.44,
              2.72,
              3.04
            ]
          ],
          "submission_strategy": "vulkan_multi_queue"
        },
        "hardware": {
          "actual_independent_lanes": 4,
          "api_version": "1.4.318",
          "calibrated_timestamp_extension": "VK_KHR_calibrated_timestamps",
          "device_id": 30032,
          "device_name": "AMD Radeon Graphics (RADV GFX1201)",
          "device_type": 2,
          "driver_version_raw": 104865800,
          "queue_family": 1,
          "queue_flags": 14,
          "queue_timestamp_valid_bits": 64,
          "requested_api_version": "1.2",
          "requested_independent_lanes": 4,
          "shader_integer_dot_product": true,
          "storage_buffer_16bit": true,
          "timeline_semaphore": true,
          "vendor_id": 4098
        },
        "in_features": 768,
        "local_size": 32,
        "median_us": 30.772000000000002,
        "numeric_correctness": {
          "burst": {
            "exact_bf16_mismatches": 13155,
            "expected_repetitions": [
              0,
              1,
              2,
              3,
              4,
              5,
              6,
              7,
              8,
              9
            ],
            "kl_divergence": 7.737942242e-05,
            "max_abs": 0.03125,
            "mean_abs": 0.0008274186403,
            "outputs_checked": 10,
            "pass": true,
            "top1": 1
          },
          "single": {
            "exact_bf16_mismatches": 1232,
            "expected_repetitions": [
              0
            ],
            "kl_divergence": 3.999396507e-05,
            "max_abs": 0.03125,
            "mean_abs": 0.0005773062585,
            "outputs_checked": 1,
            "pass": true,
            "top1": 1
          }
        },
        "operation": "q8_0_dense_dp4a_quantize_plus_dot",
        "out_features": 2048,
        "q8_0_weight_bytes": 1671168,
        "q8_blocks_per_row": 24,
        "row_tile": 1,
        "rows": 4,
        "sequence_validation": {
          "burst_expected_repetitions": [
            0,
            1,
            2,
            3,
            4,
            5,
            6,
            7,
            8,
            9
          ],
          "input_repetition_pattern": "distinct_deterministic_salt",
          "output_partitioning": "disjoint",
          "single_expected_repetitions": [
            0
          ],
          "xq_partitioning": "disjoint"
        },
        "submission": {
          "completion_in_host_wall": true,
          "queue_or_stream_count": 4,
          "recording_in_timed_region": false,
          "strategy": "vulkan_multi_queue",
          "submit_in_host_wall": true
        },
        "timing": {
          "burst": {
            "dispatches_per_iteration": 2,
            "gpu_elapsed": {
              "clock": "vulkan_calibrated_multi_queue_timestamp_span",
              "per_iteration_us": {
                "max": 31.504,
                "median": 30.772000000000002,
                "min": 24.852,
                "n": 5,
                "p05": 24.857600000000005,
                "p95": 31.4384,
                "samples": 5,
                "stdev": 3.087578624100121
              },
              "sequence_us": {
                "max": 315.04,
                "median": 307.72,
                "min": 248.52,
                "n": 5,
                "p05": 248.57600000000002,
                "p95": 314.384,
                "samples": 5,
                "stdev": 30.875786241001215
              },
              "status": "ok"
            },
            "host_wall": {
              "clock": "steady_clock",
              "per_iteration_us": {
                "max": 40.1436,
                "median": 39.0116,
                "min": 32.8795,
                "n": 5,
                "p05": 32.883700000000005,
                "p95": 40.07858,
                "samples": 5,
                "stdev": 3.3360151538025122
              },
              "sequence_us": {
                "max": 401.436,
                "median": 390.116,
                "min": 328.795,
                "n": 5,
                "p05": 328.837,
                "p95": 400.7858,
                "samples": 5,
                "stdev": 33.360151538025114
              },
              "status": "ok"
            },
            "logical_iterations": 10
          },
          "single": {
            "dispatches_per_iteration": 2,
            "gpu_elapsed": {
              "clock": "vulkan_calibrated_multi_queue_timestamp_span",
              "per_iteration_us": {
                "max": 89.96,
                "median": 68.92,
                "min": 58.36,
                "n": 5,
                "p05": 58.984,
                "p95": 86.60799999999999,
                "samples": 5,
                "stdev": 11.109911970848373
              },
              "sequence_us": {
                "max": 89.96,
                "median": 68.92,
                "min": 58.36,
                "n": 5,
                "p05": 58.984,
                "p95": 86.60799999999999,
                "samples": 5,
                "stdev": 11.109911970848373
              },
              "status": "ok"
            },
            "host_wall": {
              "clock": "steady_clock",
              "per_iteration_us": {
                "max": 166.612,
                "median": 152.482,
                "min": 140.572,
                "n": 5,
                "p05": 141.728,
                "p95": 165.55200000000002,
                "samples": 5,
                "stdev": 9.510094847055942
              },
              "sequence_us": {
                "max": 166.612,
                "median": 152.482,
                "min": 140.572,
                "n": 5,
                "p05": 141.728,
                "p95": 165.55200000000002,
                "samples": 5,
                "stdev": 9.510094847055942
              },
              "status": "ok"
            },
            "logical_iterations": 1
          }
        },
        "timing_mode": "independent_throughput",
        "variant": "single",
        "workgroup_match": "exact_hip_wave32"
      },
      {
        "backend": "vulkan",
        "correctness": {
          "single_dispatch": {
            "oracle": "CPU Q8_0 dense q8_1+dp4a BF16 logits with KL <= 0.05 and top-1 >= 90%",
            "status": "pass"
          },
          "synchronization": {
            "barrier_count": 0,
            "method": "disjoint_xq_and_output_slices",
            "status": "pass"
          },
          "timed_sequence": {
            "coverage": "all_dispatches",
            "logical_iterations": 10,
            "oracle": "CPU Q8_0 dense q8_1+dp4a BF16 logits with KL <= 0.05 and top-1 >= 90%",
            "status": "pass"
          }
        },
        "correctness_pass": true,
        "dependency_contract": {
          "inter_dispatch_ordering": "none",
          "output_partitioning": "disjoint",
          "validation_status": "pass",
          "work_dependency": "independent"
        },
        "execution": {
          "actual_parallel_lanes": 1,
          "burst_lane_gpu_samples_us": [],
          "calibrated_timestamp_domain": false,
          "calibrated_timestamp_extension": "",
          "lane_assignment": "single_command_buffer",
          "requested_parallel_lanes": 4,
          "single_lane_gpu_samples_us": [],
          "submission_strategy": "vulkan_command_buffer"
        },
        "hardware": {
          "actual_independent_lanes": 4,
          "api_version": "1.4.318",
          "calibrated_timestamp_extension": "VK_KHR_calibrated_timestamps",
          "device_id": 30032,
          "device_name": "AMD Radeon Graphics (RADV GFX1201)",
          "device_type": 2,
          "driver_version_raw": 104865800,
          "queue_family": 1,
          "queue_flags": 14,
          "queue_timestamp_valid_bits": 64,
          "requested_api_version": "1.2",
          "requested_independent_lanes": 4,
          "shader_integer_dot_product": true,
          "storage_buffer_16bit": true,
          "timeline_semaphore": true,
          "vendor_id": 4098
        },
        "in_features": 2048,
        "local_size": 32,
        "median_us": 0.8560000000000001,
        "numeric_correctness": {
          "burst": {
            "exact_bf16_mismatches": 2500,
            "expected_repetitions": [
              0,
              1,
              2,
              3,
              4,
              5,
              6,
              7,
              8,
              9
            ],
            "kl_divergence": 7.475795864e-05,
            "max_abs": 0.0625,
            "mean_abs": 0.001559987664,
            "outputs_checked": 10,
            "pass": true,
            "top1": 1
          },
          "single": {
            "exact_bf16_mismatches": 41,
            "expected_repetitions": [
              0
            ],
            "kl_divergence": 2.576833846e-09,
            "max_abs": 0.03125,
            "mean_abs": 0.0005187988281,
            "outputs_checked": 1,
            "pass": true,
            "top1": 1
          }
        },
        "operation": "q8_1_quantize",
        "out_features": 2048,
        "q8_0_weight_bytes": 4456448,
        "q8_blocks_per_row": 64,
        "row_tile": 0,
        "rows": 1,
        "sequence_validation": {
          "burst_expected_repetitions": [
            0,
            1,
            2,
            3,
            4,
            5,
            6,
            7,
            8,
            9
          ],
          "input_repetition_pattern": "distinct_deterministic_salt",
          "output_partitioning": "disjoint",
          "single_expected_repetitions": [
            0
          ],
          "xq_partitioning": "disjoint"
        },
        "submission": {
          "completion_in_host_wall": true,
          "queue_or_stream_count": 1,
          "recording_in_timed_region": false,
          "strategy": "vulkan_command_buffer",
          "submit_in_host_wall": true
        },
        "timing": {
          "burst": {
            "dispatches_per_iteration": 1,
            "gpu_elapsed": {
              "clock": "vulkan_timestamp",
              "per_iteration_us": {
                "max": 0.876,
                "median": 0.8560000000000001,
                "min": 0.852,
                "n": 5,
                "p05": 0.852,
                "p95": 0.876,
                "samples": 5,
                "stdev": 0.011199999999999996
              },
              "sequence_us": {
                "max": 8.76,
                "median": 8.56,
                "min": 8.52,
                "n": 5,
                "p05": 8.52,
                "p95": 8.76,
                "samples": 5,
                "stdev": 0.112
              },
              "status": "ok"
            },
            "host_wall": {
              "clock": "steady_clock",
              "per_iteration_us": {
                "max": 6.8301,
                "median": 6.501099999999999,
                "min": 6.2651,
                "n": 5,
                "p05": 6.295500000000001,
                "p95": 6.7761,
                "samples": 5,
                "stdev": 0.18630577017365815
              },
              "sequence_us": {
                "max": 68.301,
                "median": 65.011,
                "min": 62.651,
                "n": 5,
                "p05": 62.955000000000005,
                "p95": 67.761,
                "samples": 5,
                "stdev": 1.8630577017365824
              },
              "status": "ok"
            },
            "logical_iterations": 10
          },
          "single": {
            "dispatches_per_iteration": 1,
            "gpu_elapsed": {
              "clock": "vulkan_timestamp",
              "per_iteration_us": {
                "max": 9.0,
                "median": 8.8,
                "min": 8.52,
                "n": 5,
                "p05": 8.552,
                "p95": 8.984,
                "samples": 5,
                "stdev": 0.17083325203250116
              },
              "sequence_us": {
                "max": 9.0,
                "median": 8.8,
                "min": 8.52,
                "n": 5,
                "p05": 8.552,
                "p95": 8.984,
                "samples": 5,
                "stdev": 0.17083325203250116
              },
              "status": "ok"
            },
            "host_wall": {
              "clock": "steady_clock",
              "per_iteration_us": {
                "max": 72.831,
                "median": 68.431,
                "min": 66.731,
                "n": 5,
                "p05": 66.90299999999999,
                "p95": 71.957,
                "samples": 5,
                "stdev": 2.109126833549849
              },
              "sequence_us": {
                "max": 72.831,
                "median": 68.431,
                "min": 66.731,
                "n": 5,
                "p05": 66.90299999999999,
                "p95": 71.957,
                "samples": 5,
                "stdev": 2.109126833549849
              },
              "status": "ok"
            },
            "logical_iterations": 1
          }
        },
        "timing_mode": "independent_throughput",
        "variant": "quantize",
        "workgroup_match": "exact_hip_wave32"
      },
      {
        "backend": "vulkan",
        "correctness": {
          "single_dispatch": {
            "oracle": "CPU Q8_0 dense q8_1+dp4a BF16 logits with KL <= 0.05 and top-1 >= 90%",
            "status": "pass"
          },
          "synchronization": {
            "barrier_count": 0,
            "method": "disjoint_xq_and_output_slices",
            "status": "pass"
          },
          "timed_sequence": {
            "coverage": "all_dispatches",
            "logical_iterations": 10,
            "oracle": "CPU Q8_0 dense q8_1+dp4a BF16 logits with KL <= 0.05 and top-1 >= 90%",
            "status": "pass"
          }
        },
        "correctness_pass": true,
        "dependency_contract": {
          "inter_dispatch_ordering": "none",
          "output_partitioning": "disjoint",
          "validation_status": "pass",
          "work_dependency": "independent"
        },
        "execution": {
          "actual_parallel_lanes": 1,
          "burst_lane_gpu_samples_us": [],
          "calibrated_timestamp_domain": false,
          "calibrated_timestamp_extension": "",
          "lane_assignment": "single_command_buffer",
          "requested_parallel_lanes": 4,
          "single_lane_gpu_samples_us": [],
          "submission_strategy": "vulkan_command_buffer"
        },
        "hardware": {
          "actual_independent_lanes": 4,
          "api_version": "1.4.318",
          "calibrated_timestamp_extension": "VK_KHR_calibrated_timestamps",
          "device_id": 30032,
          "device_name": "AMD Radeon Graphics (RADV GFX1201)",
          "device_type": 2,
          "driver_version_raw": 104865800,
          "queue_family": 1,
          "queue_flags": 14,
          "queue_timestamp_valid_bits": 64,
          "requested_api_version": "1.2",
          "requested_independent_lanes": 4,
          "shader_integer_dot_product": true,
          "storage_buffer_16bit": true,
          "timeline_semaphore": true,
          "vendor_id": 4098
        },
        "in_features": 2048,
        "local_size": 32,
        "median_us": 10.548,
        "numeric_correctness": {
          "burst": {
            "exact_bf16_mismatches": 2500,
            "expected_repetitions": [
              0,
              1,
              2,
              3,
              4,
              5,
              6,
              7,
              8,
              9
            ],
            "kl_divergence": 7.475795864e-05,
            "max_abs": 0.0625,
            "mean_abs": 0.001559987664,
            "outputs_checked": 10,
            "pass": true,
            "top1": 1
          },
          "single": {
            "exact_bf16_mismatches": 41,
            "expected_repetitions": [
              0
            ],
            "kl_divergence": 2.576833846e-09,
            "max_abs": 0.03125,
            "mean_abs": 0.0005187988281,
            "outputs_checked": 1,
            "pass": true,
            "top1": 1
          }
        },
        "operation": "q8_0_dense_dp4a_dot_prequantized",
        "out_features": 2048,
        "q8_0_weight_bytes": 4456448,
        "q8_blocks_per_row": 64,
        "row_tile": 1,
        "rows": 1,
        "sequence_validation": {
          "burst_expected_repetitions": [
            0,
            1,
            2,
            3,
            4,
            5,
            6,
            7,
            8,
            9
          ],
          "input_repetition_pattern": "distinct_deterministic_salt",
          "output_partitioning": "disjoint",
          "single_expected_repetitions": [
            0
          ],
          "xq_partitioning": "disjoint"
        },
        "submission": {
          "completion_in_host_wall": true,
          "queue_or_stream_count": 1,
          "recording_in_timed_region": false,
          "strategy": "vulkan_command_buffer",
          "submit_in_host_wall": true
        },
        "timing": {
          "burst": {
            "dispatches_per_iteration": 1,
            "gpu_elapsed": {
              "clock": "vulkan_timestamp",
              "per_iteration_us": {
                "max": 10.572,
                "median": 10.548,
                "min": 10.512,
                "n": 5,
                "p05": 10.519200000000001,
                "p95": 10.5704,
                "samples": 5,
                "stdev": 0.02061455796275986
              },
              "sequence_us": {
                "max": 105.72,
                "median": 105.48,
                "min": 105.12,
                "n": 5,
                "p05": 105.19200000000001,
                "p95": 105.704,
                "samples": 5,
                "stdev": 0.20614557962760016
              },
              "status": "ok"
            },
            "host_wall": {
              "clock": "steady_clock",
              "per_iteration_us": {
                "max": 21.3953,
                "median": 16.0352,
                "min": 15.697300000000002,
                "n": 5,
                "p05": 15.761680000000002,
                "p95": 20.357699999999998,
                "samples": 5,
                "stdev": 2.168490933898502
              },
              "sequence_us": {
                "max": 213.953,
                "median": 160.352,
                "min": 156.973,
                "n": 5,
                "p05": 157.6168,
                "p95": 203.577,
                "samples": 5,
                "stdev": 21.684909338985022
              },
              "status": "ok"
            },
            "logical_iterations": 10
          },
          "single": {
            "dispatches_per_iteration": 1,
            "gpu_elapsed": {
              "clock": "vulkan_timestamp",
              "per_iteration_us": {
                "max": 20.04,
                "median": 19.76,
                "min": 19.68,
                "n": 5,
                "p05": 19.68,
                "p95": 20.032,
                "samples": 5,
                "stdev": 0.15676734353812313
              },
              "sequence_us": {
                "max": 20.04,
                "median": 19.76,
                "min": 19.68,
                "n": 5,
                "p05": 19.68,
                "p95": 20.032,
                "samples": 5,
                "stdev": 0.15676734353812313
              },
              "status": "ok"
            },
            "host_wall": {
              "clock": "steady_clock",
              "per_iteration_us": {
                "max": 76.911,
                "median": 74.311,
                "min": 65.801,
                "n": 5,
                "p05": 67.47500000000001,
                "p95": 76.431,
                "samples": 5,
                "stdev": 3.8051333747977876
              },
              "sequence_us": {
                "max": 76.911,
                "median": 74.311,
                "min": 65.801,
                "n": 5,
                "p05": 67.47500000000001,
                "p95": 76.431,
                "samples": 5,
                "stdev": 3.8051333747977876
              },
              "status": "ok"
            },
            "logical_iterations": 1
          }
        },
        "timing_mode": "independent_throughput",
        "variant": "single",
        "workgroup_match": "exact_hip_wave32"
      },
      {
        "backend": "vulkan",
        "correctness": {
          "single_dispatch": {
            "oracle": "CPU Q8_0 dense q8_1+dp4a BF16 logits with KL <= 0.05 and top-1 >= 90%",
            "status": "pass"
          },
          "synchronization": {
            "barrier_count": 10,
            "method": "timeline_coordinated_multi_queue_disjoint_slices",
            "status": "pass"
          },
          "timed_sequence": {
            "coverage": "all_dispatches",
            "logical_iterations": 10,
            "oracle": "CPU Q8_0 dense q8_1+dp4a BF16 logits with KL <= 0.05 and top-1 >= 90%",
            "status": "pass"
          }
        },
        "correctness_pass": true,
        "dependency_contract": {
          "inter_dispatch_ordering": "none",
          "output_partitioning": "disjoint",
          "validation_status": "pass",
          "work_dependency": "independent"
        },
        "execution": {
          "actual_parallel_lanes": 4,
          "burst_lane_gpu_samples_us": [
            [
              69.16,
              91.68,
              72.56,
              42.16
            ],
            [
              90.28,
              78.08,
              49.16,
              98.36
            ],
            [
              59.76,
              111.08,
              67.52,
              35.6
            ],
            [
              87.08,
              68.96,
              72.52,
              42.64
            ],
            [
              59.92,
              86.8,
              45.6,
              70
            ]
          ],
          "calibrated_timestamp_domain": true,
          "calibrated_timestamp_extension": "VK_KHR_calibrated_timestamps",
          "lane_assignment": "round_robin_multi_queue",
          "requested_parallel_lanes": 4,
          "single_lane_gpu_samples_us": [
            [
              21.84,
              3.16,
              2.08,
              2.92
            ],
            [
              22.24,
              3.28,
              2.2,
              2.56
            ],
            [
              21.88,
              3.24,
              2.08,
              2.8
            ],
            [
              33,
              3.24,
              2.2,
              2.72
            ],
            [
              21.04,
              2.4,
              1.8,
              2.68
            ]
          ],
          "submission_strategy": "vulkan_multi_queue"
        },
        "hardware": {
          "actual_independent_lanes": 4,
          "api_version": "1.4.318",
          "calibrated_timestamp_extension": "VK_KHR_calibrated_timestamps",
          "device_id": 30032,
          "device_name": "AMD Radeon Graphics (RADV GFX1201)",
          "device_type": 2,
          "driver_version_raw": 104865800,
          "queue_family": 1,
          "queue_flags": 14,
          "queue_timestamp_valid_bits": 64,
          "requested_api_version": "1.2",
          "requested_independent_lanes": 4,
          "shader_integer_dot_product": true,
          "storage_buffer_16bit": true,
          "timeline_semaphore": true,
          "vendor_id": 4098
        },
        "in_features": 2048,
        "local_size": 32,
        "median_us": 13.34,
        "numeric_correctness": {
          "burst": {
            "exact_bf16_mismatches": 2500,
            "expected_repetitions": [
              0,
              1,
              2,
              3,
              4,
              5,
              6,
              7,
              8,
              9
            ],
            "kl_divergence": 7.475795864e-05,
            "max_abs": 0.0625,
            "mean_abs": 0.001559987664,
            "outputs_checked": 10,
            "pass": true,
            "top1": 1
          },
          "single": {
            "exact_bf16_mismatches": 41,
            "expected_repetitions": [
              0
            ],
            "kl_divergence": 2.576833846e-09,
            "max_abs": 0.03125,
            "mean_abs": 0.0005187988281,
            "outputs_checked": 1,
            "pass": true,
            "top1": 1
          }
        },
        "operation": "q8_0_dense_dp4a_quantize_plus_dot",
        "out_features": 2048,
        "q8_0_weight_bytes": 4456448,
        "q8_blocks_per_row": 64,
        "row_tile": 1,
        "rows": 1,
        "sequence_validation": {
          "burst_expected_repetitions": [
            0,
            1,
            2,
            3,
            4,
            5,
            6,
            7,
            8,
            9
          ],
          "input_repetition_pattern": "distinct_deterministic_salt",
          "output_partitioning": "disjoint",
          "single_expected_repetitions": [
            0
          ],
          "xq_partitioning": "disjoint"
        },
        "submission": {
          "completion_in_host_wall": true,
          "queue_or_stream_count": 4,
          "recording_in_timed_region": false,
          "strategy": "vulkan_multi_queue",
          "submit_in_host_wall": true
        },
        "timing": {
          "burst": {
            "dispatches_per_iteration": 2,
            "gpu_elapsed": {
              "clock": "vulkan_calibrated_multi_queue_timestamp_span",
              "per_iteration_us": {
                "max": 16.94,
                "median": 13.34,
                "min": 13.172,
                "n": 5,
                "p05": 13.192800000000002,
                "p95": 16.7864,
                "samples": 5,
                "stdev": 1.6324548385790039
              },
              "sequence_us": {
                "max": 169.4,
                "median": 133.4,
                "min": 131.72,
                "n": 5,
                "p05": 131.928,
                "p95": 167.864,
                "samples": 5,
                "stdev": 16.324548385790035
              },
              "status": "ok"
            },
            "host_wall": {
              "clock": "steady_clock",
              "per_iteration_us": {
                "max": 24.6524,
                "median": 21.368299999999998,
                "min": 20.247300000000003,
                "n": 5,
                "p05": 20.431300000000004,
                "p95": 24.337780000000002,
                "samples": 5,
                "stdev": 1.5691745019595489
              },
              "sequence_us": {
                "max": 246.524,
                "median": 213.683,
                "min": 202.473,
                "n": 5,
                "p05": 204.31300000000002,
                "p95": 243.37779999999998,
                "samples": 5,
                "stdev": 15.691745019595492
              },
              "status": "ok"
            },
            "logical_iterations": 10
          },
          "single": {
            "dispatches_per_iteration": 2,
            "gpu_elapsed": {
              "clock": "vulkan_calibrated_multi_queue_timestamp_span",
              "per_iteration_us": {
                "max": 67.24,
                "median": 61.68,
                "min": 44.44,
                "n": 5,
                "p05": 46.480000000000004,
                "p95": 66.432,
                "samples": 5,
                "stdev": 8.010433196775315
              },
              "sequence_us": {
                "max": 67.24,
                "median": 61.68,
                "min": 44.44,
                "n": 5,
                "p05": 46.480000000000004,
                "p95": 66.432,
                "samples": 5,
                "stdev": 8.010433196775315
              },
              "status": "ok"
            },
            "host_wall": {
              "clock": "steady_clock",
              "per_iteration_us": {
                "max": 135.592,
                "median": 132.322,
                "min": 111.251,
                "n": 5,
                "p05": 115.29920000000001,
                "p95": 135.32580000000002,
                "samples": 5,
                "stdev": 8.98224904130363
              },
              "sequence_us": {
                "max": 135.592,
                "median": 132.322,
                "min": 111.251,
                "n": 5,
                "p05": 115.29920000000001,
                "p95": 135.32580000000002,
                "samples": 5,
                "stdev": 8.98224904130363
              },
              "status": "ok"
            },
            "logical_iterations": 1
          }
        },
        "timing_mode": "independent_throughput",
        "variant": "single",
        "workgroup_match": "exact_hip_wave32"
      },
      {
        "backend": "vulkan",
        "correctness": {
          "single_dispatch": {
            "oracle": "CPU Q8_0 dense q8_1+dp4a BF16 logits with KL <= 0.05 and top-1 >= 90%",
            "status": "pass"
          },
          "synchronization": {
            "barrier_count": 0,
            "method": "disjoint_xq_and_output_slices",
            "status": "pass"
          },
          "timed_sequence": {
            "coverage": "all_dispatches",
            "logical_iterations": 10,
            "oracle": "CPU Q8_0 dense q8_1+dp4a BF16 logits with KL <= 0.05 and top-1 >= 90%",
            "status": "pass"
          }
        },
        "correctness_pass": true,
        "dependency_contract": {
          "inter_dispatch_ordering": "none",
          "output_partitioning": "disjoint",
          "validation_status": "pass",
          "work_dependency": "independent"
        },
        "execution": {
          "actual_parallel_lanes": 1,
          "burst_lane_gpu_samples_us": [],
          "calibrated_timestamp_domain": false,
          "calibrated_timestamp_extension": "",
          "lane_assignment": "single_command_buffer",
          "requested_parallel_lanes": 4,
          "single_lane_gpu_samples_us": [],
          "submission_strategy": "vulkan_command_buffer"
        },
        "hardware": {
          "actual_independent_lanes": 4,
          "api_version": "1.4.318",
          "calibrated_timestamp_extension": "VK_KHR_calibrated_timestamps",
          "device_id": 30032,
          "device_name": "AMD Radeon Graphics (RADV GFX1201)",
          "device_type": 2,
          "driver_version_raw": 104865800,
          "queue_family": 1,
          "queue_flags": 14,
          "queue_timestamp_valid_bits": 64,
          "requested_api_version": "1.2",
          "requested_independent_lanes": 4,
          "shader_integer_dot_product": true,
          "storage_buffer_16bit": true,
          "timeline_semaphore": true,
          "vendor_id": 4098
        },
        "in_features": 2048,
        "local_size": 32,
        "median_us": 1.308,
        "numeric_correctness": {
          "burst": {
            "exact_bf16_mismatches": 12989,
            "expected_repetitions": [
              0,
              1,
              2,
              3,
              4,
              5,
              6,
              7,
              8,
              9
            ],
            "kl_divergence": 0.0001183141109,
            "max_abs": 0.0625,
            "mean_abs": 0.001415863866,
            "outputs_checked": 10,
            "pass": true,
            "top1": 1
          },
          "single": {
            "exact_bf16_mismatches": 1017,
            "expected_repetitions": [
              0
            ],
            "kl_divergence": 4.436209871e-06,
            "max_abs": 0.03125,
            "mean_abs": 0.000759601593,
            "outputs_checked": 1,
            "pass": true,
            "top1": 1
          }
        },
        "operation": "q8_1_quantize",
        "out_features": 2048,
        "q8_0_weight_bytes": 4456448,
        "q8_blocks_per_row": 64,
        "row_tile": 0,
        "rows": 4,
        "sequence_validation": {
          "burst_expected_repetitions": [
            0,
            1,
            2,
            3,
            4,
            5,
            6,
            7,
            8,
            9
          ],
          "input_repetition_pattern": "distinct_deterministic_salt",
          "output_partitioning": "disjoint",
          "single_expected_repetitions": [
            0
          ],
          "xq_partitioning": "disjoint"
        },
        "submission": {
          "completion_in_host_wall": true,
          "queue_or_stream_count": 1,
          "recording_in_timed_region": false,
          "strategy": "vulkan_command_buffer",
          "submit_in_host_wall": true
        },
        "timing": {
          "burst": {
            "dispatches_per_iteration": 1,
            "gpu_elapsed": {
              "clock": "vulkan_timestamp",
              "per_iteration_us": {
                "max": 1.316,
                "median": 1.308,
                "min": 1.292,
                "n": 5,
                "p05": 1.292,
                "p95": 1.3152,
                "samples": 5,
                "stdev": 0.010119288512538788
              },
              "sequence_us": {
                "max": 13.16,
                "median": 13.08,
                "min": 12.92,
                "n": 5,
                "p05": 12.92,
                "p95": 13.152,
                "samples": 5,
                "stdev": 0.10119288512538809
              },
              "status": "ok"
            },
            "host_wall": {
              "clock": "steady_clock",
              "per_iteration_us": {
                "max": 7.5921,
                "median": 7.559099999999999,
                "min": 7.514100000000001,
                "n": 5,
                "p05": 7.522700000000001,
                "p95": 7.5913,
                "samples": 5,
                "stdev": 0.02797856322258142
              },
              "sequence_us": {
                "max": 75.921,
                "median": 75.591,
                "min": 75.141,
                "n": 5,
                "p05": 75.227,
                "p95": 75.91300000000001,
                "samples": 5,
                "stdev": 0.2797856322258166
              },
              "status": "ok"
            },
            "logical_iterations": 10
          },
          "single": {
            "dispatches_per_iteration": 1,
            "gpu_elapsed": {
              "clock": "vulkan_timestamp",
              "per_iteration_us": {
                "max": 13.36,
                "median": 12.8,
                "min": 10.08,
                "n": 5,
                "p05": 10.32,
                "p95": 13.352,
                "samples": 5,
                "stdev": 1.288074532005039
              },
              "sequence_us": {
                "max": 13.36,
                "median": 12.8,
                "min": 10.08,
                "n": 5,
                "p05": 10.32,
                "p95": 13.352,
                "samples": 5,
                "stdev": 1.288074532005039
              },
              "status": "ok"
            },
            "host_wall": {
              "clock": "steady_clock",
              "per_iteration_us": {
                "max": 84.471,
                "median": 81.841,
                "min": 73.261,
                "n": 5,
                "p05": 74.369,
                "p95": 84.23700000000001,
                "samples": 5,
                "stdev": 4.014133032175194
              },
              "sequence_us": {
                "max": 84.471,
                "median": 81.841,
                "min": 73.261,
                "n": 5,
                "p05": 74.369,
                "p95": 84.23700000000001,
                "samples": 5,
                "stdev": 4.014133032175194
              },
              "status": "ok"
            },
            "logical_iterations": 1
          }
        },
        "timing_mode": "independent_throughput",
        "variant": "quantize",
        "workgroup_match": "exact_hip_wave32"
      },
      {
        "backend": "vulkan",
        "correctness": {
          "single_dispatch": {
            "oracle": "CPU Q8_0 dense q8_1+dp4a BF16 logits with KL <= 0.05 and top-1 >= 90%",
            "status": "pass"
          },
          "synchronization": {
            "barrier_count": 0,
            "method": "disjoint_xq_and_output_slices",
            "status": "pass"
          },
          "timed_sequence": {
            "coverage": "all_dispatches",
            "logical_iterations": 10,
            "oracle": "CPU Q8_0 dense q8_1+dp4a BF16 logits with KL <= 0.05 and top-1 >= 90%",
            "status": "pass"
          }
        },
        "correctness_pass": true,
        "dependency_contract": {
          "inter_dispatch_ordering": "none",
          "output_partitioning": "disjoint",
          "validation_status": "pass",
          "work_dependency": "independent"
        },
        "execution": {
          "actual_parallel_lanes": 1,
          "burst_lane_gpu_samples_us": [],
          "calibrated_timestamp_domain": false,
          "calibrated_timestamp_extension": "",
          "lane_assignment": "single_command_buffer",
          "requested_parallel_lanes": 4,
          "single_lane_gpu_samples_us": [],
          "submission_strategy": "vulkan_command_buffer"
        },
        "hardware": {
          "actual_independent_lanes": 4,
          "api_version": "1.4.318",
          "calibrated_timestamp_extension": "VK_KHR_calibrated_timestamps",
          "device_id": 30032,
          "device_name": "AMD Radeon Graphics (RADV GFX1201)",
          "device_type": 2,
          "driver_version_raw": 104865800,
          "queue_family": 1,
          "queue_flags": 14,
          "queue_timestamp_valid_bits": 64,
          "requested_api_version": "1.2",
          "requested_independent_lanes": 4,
          "shader_integer_dot_product": true,
          "storage_buffer_16bit": true,
          "timeline_semaphore": true,
          "vendor_id": 4098
        },
        "in_features": 2048,
        "local_size": 32,
        "median_us": 52.336,
        "numeric_correctness": {
          "burst": {
            "exact_bf16_mismatches": 12989,
            "expected_repetitions": [
              0,
              1,
              2,
              3,
              4,
              5,
              6,
              7,
              8,
              9
            ],
            "kl_divergence": 0.0001183141109,
            "max_abs": 0.0625,
            "mean_abs": 0.001415863866,
            "outputs_checked": 10,
            "pass": true,
            "top1": 1
          },
          "single": {
            "exact_bf16_mismatches": 1017,
            "expected_repetitions": [
              0
            ],
            "kl_divergence": 4.436209871e-06,
            "max_abs": 0.03125,
            "mean_abs": 0.000759601593,
            "outputs_checked": 1,
            "pass": true,
            "top1": 1
          }
        },
        "operation": "q8_0_dense_dp4a_dot_prequantized",
        "out_features": 2048,
        "q8_0_weight_bytes": 4456448,
        "q8_blocks_per_row": 64,
        "row_tile": 1,
        "rows": 4,
        "sequence_validation": {
          "burst_expected_repetitions": [
            0,
            1,
            2,
            3,
            4,
            5,
            6,
            7,
            8,
            9
          ],
          "input_repetition_pattern": "distinct_deterministic_salt",
          "output_partitioning": "disjoint",
          "single_expected_repetitions": [
            0
          ],
          "xq_partitioning": "disjoint"
        },
        "submission": {
          "completion_in_host_wall": true,
          "queue_or_stream_count": 1,
          "recording_in_timed_region": false,
          "strategy": "vulkan_command_buffer",
          "submit_in_host_wall": true
        },
        "timing": {
          "burst": {
            "dispatches_per_iteration": 1,
            "gpu_elapsed": {
              "clock": "vulkan_timestamp",
              "per_iteration_us": {
                "max": 52.379999999999995,
                "median": 52.336,
                "min": 52.30800000000001,
                "n": 5,
                "p05": 52.31200000000001,
                "p95": 52.3752,
                "samples": 5,
                "stdev": 0.02460569039876409
              },
              "sequence_us": {
                "max": 523.8,
                "median": 523.36,
                "min": 523.08,
                "n": 5,
                "p05": 523.1200000000001,
                "p95": 523.752,
                "samples": 5,
                "stdev": 0.24605690398764582
              },
              "status": "ok"
            },
            "host_wall": {
              "clock": "steady_clock",
              "per_iteration_us": {
                "max": 58.881899999999995,
                "median": 58.4639,
                "min": 58.4029,
                "n": 5,
                "p05": 58.40588,
                "p95": 58.803279999999994,
                "samples": 5,
                "stdev": 0.17812236917355154
              },
              "sequence_us": {
                "max": 588.819,
                "median": 584.639,
                "min": 584.029,
                "n": 5,
                "p05": 584.0588,
                "p95": 588.0328,
                "samples": 5,
                "stdev": 1.7812236917355266
              },
              "status": "ok"
            },
            "logical_iterations": 10
          },
          "single": {
            "dispatches_per_iteration": 1,
            "gpu_elapsed": {
              "clock": "vulkan_timestamp",
              "per_iteration_us": {
                "max": 65.12,
                "median": 64.44,
                "min": 64.24,
                "n": 5,
                "p05": 64.27199999999999,
                "p95": 64.992,
                "samples": 5,
                "stdev": 0.3031567251439449
              },
              "sequence_us": {
                "max": 65.12,
                "median": 64.44,
                "min": 64.24,
                "n": 5,
                "p05": 64.27199999999999,
                "p95": 64.992,
                "samples": 5,
                "stdev": 0.3031567251439449
              },
              "status": "ok"
            },
            "host_wall": {
              "clock": "steady_clock",
              "per_iteration_us": {
                "max": 126.302,
                "median": 124.832,
                "min": 122.382,
                "n": 5,
                "p05": 122.8598,
                "p95": 126.09,
                "samples": 5,
                "stdev": 1.2849582716960113
              },
              "sequence_us": {
                "max": 126.302,
                "median": 124.832,
                "min": 122.382,
                "n": 5,
                "p05": 122.8598,
                "p95": 126.09,
                "samples": 5,
                "stdev": 1.2849582716960113
              },
              "status": "ok"
            },
            "logical_iterations": 1
          }
        },
        "timing_mode": "independent_throughput",
        "variant": "single",
        "workgroup_match": "exact_hip_wave32"
      },
      {
        "backend": "vulkan",
        "correctness": {
          "single_dispatch": {
            "oracle": "CPU Q8_0 dense q8_1+dp4a BF16 logits with KL <= 0.05 and top-1 >= 90%",
            "status": "pass"
          },
          "synchronization": {
            "barrier_count": 10,
            "method": "timeline_coordinated_multi_queue_disjoint_slices",
            "status": "pass"
          },
          "timed_sequence": {
            "coverage": "all_dispatches",
            "logical_iterations": 10,
            "oracle": "CPU Q8_0 dense q8_1+dp4a BF16 logits with KL <= 0.05 and top-1 >= 90%",
            "status": "pass"
          }
        },
        "correctness_pass": true,
        "dependency_contract": {
          "inter_dispatch_ordering": "none",
          "output_partitioning": "disjoint",
          "validation_status": "pass",
          "work_dependency": "independent"
        },
        "execution": {
          "actual_parallel_lanes": 4,
          "burst_lane_gpu_samples_us": [
            [
              441.08,
              319.12,
              348.96,
              125.2
            ],
            [
              303.48,
              528.44,
              401.24,
              223.36
            ],
            [
              442.32,
              319.88,
              349.36,
              124.8
            ],
            [
              303.64,
              545.32,
              419.08,
              210.52
            ],
            [
              442.64,
              320.08,
              350.24,
              125.68
            ]
          ],
          "calibrated_timestamp_domain": true,
          "calibrated_timestamp_extension": "VK_KHR_calibrated_timestamps",
          "lane_assignment": "round_robin_multi_queue",
          "requested_parallel_lanes": 4,
          "single_lane_gpu_samples_us": [
            [
              69.68,
              2.92,
              3.36,
              3.16
            ],
            [
              81.64,
              2.88,
              2.52,
              2.8
            ],
            [
              66.24,
              3.36,
              2.76,
              3.12
            ],
            [
              66.6,
              3.48,
              3.08,
              3.08
            ],
            [
              68.64,
              3.4,
              2.84,
              3
            ]
          ],
          "submission_strategy": "vulkan_multi_queue"
        },
        "hardware": {
          "actual_independent_lanes": 4,
          "api_version": "1.4.318",
          "calibrated_timestamp_extension": "VK_KHR_calibrated_timestamps",
          "device_id": 30032,
          "device_name": "AMD Radeon Graphics (RADV GFX1201)",
          "device_type": 2,
          "driver_version_raw": 104865800,
          "queue_family": 1,
          "queue_flags": 14,
          "queue_timestamp_valid_bits": 64,
          "requested_api_version": "1.2",
          "requested_independent_lanes": 4,
          "shader_integer_dot_product": true,
          "storage_buffer_16bit": true,
          "timeline_semaphore": true,
          "vendor_id": 4098
        },
        "in_features": 2048,
        "local_size": 32,
        "median_us": 60.008,
        "numeric_correctness": {
          "burst": {
            "exact_bf16_mismatches": 12989,
            "expected_repetitions": [
              0,
              1,
              2,
              3,
              4,
              5,
              6,
              7,
              8,
              9
            ],
            "kl_divergence": 0.0001183141109,
            "max_abs": 0.0625,
            "mean_abs": 0.001415863866,
            "outputs_checked": 10,
            "pass": true,
            "top1": 1
          },
          "single": {
            "exact_bf16_mismatches": 1017,
            "expected_repetitions": [
              0
            ],
            "kl_divergence": 4.436209871e-06,
            "max_abs": 0.03125,
            "mean_abs": 0.000759601593,
            "outputs_checked": 1,
            "pass": true,
            "top1": 1
          }
        },
        "operation": "q8_0_dense_dp4a_quantize_plus_dot",
        "out_features": 2048,
        "q8_0_weight_bytes": 4456448,
        "q8_blocks_per_row": 64,
        "row_tile": 1,
        "rows": 4,
        "sequence_validation": {
          "burst_expected_repetitions": [
            0,
            1,
            2,
            3,
            4,
            5,
            6,
            7,
            8,
            9
          ],
          "input_repetition_pattern": "distinct_deterministic_salt",
          "output_partitioning": "disjoint",
          "single_expected_repetitions": [
            0
          ],
          "xq_partitioning": "disjoint"
        },
        "submission": {
          "completion_in_host_wall": true,
          "queue_or_stream_count": 4,
          "recording_in_timed_region": false,
          "strategy": "vulkan_multi_queue",
          "submit_in_host_wall": true
        },
        "timing": {
          "burst": {
            "dispatches_per_iteration": 2,
            "gpu_elapsed": {
              "clock": "vulkan_calibrated_multi_queue_timestamp_span",
              "per_iteration_us": {
                "max": 60.220000000000006,
                "median": 60.008,
                "min": 54.79600000000001,
                "n": 5,
                "p05": 54.872000000000014,
                "p95": 60.1944,
                "samples": 5,
                "stdev": 2.512387995513431
              },
              "sequence_us": {
                "max": 602.2,
                "median": 600.08,
                "min": 547.96,
                "n": 5,
                "p05": 548.72,
                "p95": 601.9440000000001,
                "samples": 5,
                "stdev": 25.123879955134317
              },
              "status": "ok"
            },
            "host_wall": {
              "clock": "steady_clock",
              "per_iteration_us": {
                "max": 69.19500000000001,
                "median": 68.682,
                "min": 62.9939,
                "n": 5,
                "p05": 63.0715,
                "p95": 69.11500000000001,
                "samples": 5,
                "stdev": 2.8016581465981933
              },
              "sequence_us": {
                "max": 691.95,
                "median": 686.82,
                "min": 629.939,
                "n": 5,
                "p05": 630.7149999999999,
                "p95": 691.1500000000001,
                "samples": 5,
                "stdev": 28.016581465981933
              },
              "status": "ok"
            },
            "logical_iterations": 10
          },
          "single": {
            "dispatches_per_iteration": 2,
            "gpu_elapsed": {
              "clock": "vulkan_calibrated_multi_queue_timestamp_span",
              "per_iteration_us": {
                "max": 120.4,
                "median": 96.36,
                "min": 93.08,
                "n": 5,
                "p05": 93.376,
                "p95": 117.624,
                "samples": 5,
                "stdev": 10.25232383413634
              },
              "sequence_us": {
                "max": 120.4,
                "median": 96.36,
                "min": 93.08,
                "n": 5,
                "p05": 93.376,
                "p95": 117.624,
                "samples": 5,
                "stdev": 10.25232383413634
              },
              "status": "ok"
            },
            "host_wall": {
              "clock": "steady_clock",
              "per_iteration_us": {
                "max": 200.233,
                "median": 174.082,
                "min": 165.702,
                "n": 5,
                "p05": 166.2982,
                "p95": 199.225,
                "samples": 5,
                "stdev": 14.17533396573076
              },
              "sequence_us": {
                "max": 200.233,
                "median": 174.082,
                "min": 165.702,
                "n": 5,
                "p05": 166.2982,
                "p95": 199.225,
                "samples": 5,
                "stdev": 14.17533396573076
              },
              "status": "ok"
            },
            "logical_iterations": 1
          }
        },
        "timing_mode": "independent_throughput",
        "variant": "single",
        "workgroup_match": "exact_hip_wave32"
      },
      {
        "backend": "vulkan",
        "correctness": {
          "single_dispatch": {
            "oracle": "CPU Q8_0 dense q8_1+dp4a BF16 logits with KL <= 0.05 and top-1 >= 90%",
            "status": "pass"
          },
          "synchronization": {
            "barrier_count": 0,
            "method": "disjoint_xq_and_output_slices",
            "status": "pass"
          },
          "timed_sequence": {
            "coverage": "all_dispatches",
            "logical_iterations": 10,
            "oracle": "CPU Q8_0 dense q8_1+dp4a BF16 logits with KL <= 0.05 and top-1 >= 90%",
            "status": "pass"
          }
        },
        "correctness_pass": true,
        "dependency_contract": {
          "inter_dispatch_ordering": "none",
          "output_partitioning": "disjoint",
          "validation_status": "pass",
          "work_dependency": "independent"
        },
        "execution": {
          "actual_parallel_lanes": 1,
          "burst_lane_gpu_samples_us": [],
          "calibrated_timestamp_domain": false,
          "calibrated_timestamp_extension": "",
          "lane_assignment": "single_command_buffer",
          "requested_parallel_lanes": 4,
          "single_lane_gpu_samples_us": [],
          "submission_strategy": "vulkan_command_buffer"
        },
        "hardware": {
          "actual_independent_lanes": 4,
          "api_version": "1.4.318",
          "calibrated_timestamp_extension": "VK_KHR_calibrated_timestamps",
          "device_id": 30032,
          "device_name": "AMD Radeon Graphics (RADV GFX1201)",
          "device_type": 2,
          "driver_version_raw": 104865800,
          "queue_family": 1,
          "queue_flags": 14,
          "queue_timestamp_valid_bits": 64,
          "requested_api_version": "1.2",
          "requested_independent_lanes": 4,
          "shader_integer_dot_product": true,
          "storage_buffer_16bit": true,
          "timeline_semaphore": true,
          "vendor_id": 4098
        },
        "in_features": 768,
        "local_size": 32,
        "median_us": 6.868,
        "numeric_correctness": {
          "burst": {
            "exact_bf16_mismatches": 2785,
            "expected_repetitions": [
              0,
              1,
              2,
              3,
              4,
              5,
              6,
              7,
              8,
              9
            ],
            "kl_divergence": 7.509737071e-05,
            "max_abs": 0.03125,
            "mean_abs": 0.001078635454,
            "outputs_checked": 10,
            "pass": true,
            "top1": 1
          },
          "single": {
            "exact_bf16_mismatches": 251,
            "expected_repetitions": [
              0
            ],
            "kl_divergence": 3.301283582e-07,
            "max_abs": 0.015625,
            "mean_abs": 0.0002901772968,
            "outputs_checked": 1,
            "pass": true,
            "top1": 1
          }
        },
        "operation": "q8_0_dense_dp4a_dot_prequantized",
        "out_features": 2048,
        "q8_0_weight_bytes": 1671168,
        "q8_blocks_per_row": 24,
        "row_tile": 4,
        "rows": 1,
        "sequence_validation": {
          "burst_expected_repetitions": [
            0,
            1,
            2,
            3,
            4,
            5,
            6,
            7,
            8,
            9
          ],
          "input_repetition_pattern": "distinct_deterministic_salt",
          "output_partitioning": "disjoint",
          "single_expected_repetitions": [
            0
          ],
          "xq_partitioning": "disjoint"
        },
        "submission": {
          "completion_in_host_wall": true,
          "queue_or_stream_count": 1,
          "recording_in_timed_region": false,
          "strategy": "vulkan_command_buffer",
          "submit_in_host_wall": true
        },
        "timing": {
          "burst": {
            "dispatches_per_iteration": 1,
            "gpu_elapsed": {
              "clock": "vulkan_timestamp",
              "per_iteration_us": {
                "max": 6.92,
                "median": 6.868,
                "min": 6.843999999999999,
                "n": 5,
                "p05": 6.8456,
                "p95": 6.9112,
                "samples": 5,
                "stdev": 0.026532998322843383
              },
              "sequence_us": {
                "max": 69.2,
                "median": 68.68,
                "min": 68.44,
                "n": 5,
                "p05": 68.456,
                "p95": 69.11200000000001,
                "samples": 5,
                "stdev": 0.26532998322843404
              },
              "status": "ok"
            },
            "host_wall": {
              "clock": "steady_clock",
              "per_iteration_us": {
                "max": 14.1102,
                "median": 13.511199999999999,
                "min": 13.015199999999998,
                "n": 5,
                "p05": 13.06638,
                "p95": 13.997,
                "samples": 5,
                "stdev": 0.3636995045363692
              },
              "sequence_us": {
                "max": 141.102,
                "median": 135.112,
                "min": 130.152,
                "n": 5,
                "p05": 130.6638,
                "p95": 139.97,
                "samples": 5,
                "stdev": 3.6369950453636894
              },
              "status": "ok"
            },
            "logical_iterations": 10
          },
          "single": {
            "dispatches_per_iteration": 1,
            "gpu_elapsed": {
              "clock": "vulkan_timestamp",
              "per_iteration_us": {
                "max": 19.52,
                "median": 19.2,
                "min": 18.84,
                "n": 5,
                "p05": 18.856,
                "p95": 19.48,
                "samples": 5,
                "stdev": 0.251714123560836
              },
              "sequence_us": {
                "max": 19.52,
                "median": 19.2,
                "min": 18.84,
                "n": 5,
                "p05": 18.856,
                "p95": 19.48,
                "samples": 5,
                "stdev": 0.251714123560836
              },
              "status": "ok"
            },
            "host_wall": {
              "clock": "steady_clock",
              "per_iteration_us": {
                "max": 84.921,
                "median": 82.951,
                "min": 79.611,
                "n": 5,
                "p05": 80.24100000000001,
                "p95": 84.5592,
                "samples": 5,
                "stdev": 1.7150557308729064
              },
              "sequence_us": {
                "max": 84.921,
                "median": 82.951,
                "min": 79.611,
                "n": 5,
                "p05": 80.24100000000001,
                "p95": 84.5592,
                "samples": 5,
                "stdev": 1.7150557308729064
              },
              "status": "ok"
            },
            "logical_iterations": 1
          }
        },
        "timing_mode": "independent_throughput",
        "variant": "rowtile4",
        "workgroup_match": "exact_hip_wave32"
      },
      {
        "backend": "vulkan",
        "correctness": {
          "single_dispatch": {
            "oracle": "CPU Q8_0 dense q8_1+dp4a BF16 logits with KL <= 0.05 and top-1 >= 90%",
            "status": "pass"
          },
          "synchronization": {
            "barrier_count": 10,
            "method": "timeline_coordinated_multi_queue_disjoint_slices",
            "status": "pass"
          },
          "timed_sequence": {
            "coverage": "all_dispatches",
            "logical_iterations": 10,
            "oracle": "CPU Q8_0 dense q8_1+dp4a BF16 logits with KL <= 0.05 and top-1 >= 90%",
            "status": "pass"
          }
        },
        "correctness_pass": true,
        "dependency_contract": {
          "inter_dispatch_ordering": "none",
          "output_partitioning": "disjoint",
          "validation_status": "pass",
          "work_dependency": "independent"
        },
        "execution": {
          "actual_parallel_lanes": 4,
          "burst_lane_gpu_samples_us": [
            [
              93.96,
              110.44,
              37.84,
              33.24
            ],
            [
              49.24,
              54.16,
              71.52,
              64.08
            ],
            [
              96.32,
              51.12,
              33.52,
              80.36
            ],
            [
              53.92,
              114,
              40.36,
              68
            ],
            [
              46.68,
              97.4,
              66.92,
              38.96
            ]
          ],
          "calibrated_timestamp_domain": true,
          "calibrated_timestamp_extension": "VK_KHR_calibrated_timestamps",
          "lane_assignment": "round_robin_multi_queue",
          "requested_parallel_lanes": 4,
          "single_lane_gpu_samples_us": [
            [
              21.84,
              2.68,
              3,
              2.6
            ],
            [
              36.6,
              3.6,
              2.6,
              2.76
            ],
            [
              21.88,
              2.8,
              2.96,
              2.92
            ],
            [
              32.52,
              4.04,
              2.72,
              3.16
            ],
            [
              34.84,
              2.6,
              2.48,
              2.48
            ]
          ],
          "submission_strategy": "vulkan_multi_queue"
        },
        "hardware": {
          "actual_independent_lanes": 4,
          "api_version": "1.4.318",
          "calibrated_timestamp_extension": "VK_KHR_calibrated_timestamps",
          "device_id": 30032,
          "device_name": "AMD Radeon Graphics (RADV GFX1201)",
          "device_type": 2,
          "driver_version_raw": 104865800,
          "queue_family": 1,
          "queue_flags": 14,
          "queue_timestamp_valid_bits": 64,
          "requested_api_version": "1.2",
          "requested_independent_lanes": 4,
          "shader_integer_dot_product": true,
          "storage_buffer_16bit": true,
          "timeline_semaphore": true,
          "vendor_id": 4098
        },
        "in_features": 768,
        "local_size": 32,
        "median_us": 16.104,
        "numeric_correctness": {
          "burst": {
            "exact_bf16_mismatches": 2785,
            "expected_repetitions": [
              0,
              1,
              2,
              3,
              4,
              5,
              6,
              7,
              8,
              9
            ],
            "kl_divergence": 7.509737071e-05,
            "max_abs": 0.03125,
            "mean_abs": 0.001078635454,
            "outputs_checked": 10,
            "pass": true,
            "top1": 1
          },
          "single": {
            "exact_bf16_mismatches": 251,
            "expected_repetitions": [
              0
            ],
            "kl_divergence": 3.301283582e-07,
            "max_abs": 0.015625,
            "mean_abs": 0.0002901772968,
            "outputs_checked": 1,
            "pass": true,
            "top1": 1
          }
        },
        "operation": "q8_0_dense_dp4a_quantize_plus_dot",
        "out_features": 2048,
        "q8_0_weight_bytes": 1671168,
        "q8_blocks_per_row": 24,
        "row_tile": 4,
        "rows": 1,
        "sequence_validation": {
          "burst_expected_repetitions": [
            0,
            1,
            2,
            3,
            4,
            5,
            6,
            7,
            8,
            9
          ],
          "input_repetition_pattern": "distinct_deterministic_salt",
          "output_partitioning": "disjoint",
          "single_expected_repetitions": [
            0
          ],
          "xq_partitioning": "disjoint"
        },
        "submission": {
          "completion_in_host_wall": true,
          "queue_or_stream_count": 4,
          "recording_in_timed_region": false,
          "strategy": "vulkan_multi_queue",
          "submit_in_host_wall": true
        },
        "timing": {
          "burst": {
            "dispatches_per_iteration": 2,
            "gpu_elapsed": {
              "clock": "vulkan_calibrated_multi_queue_timestamp_span",
              "per_iteration_us": {
                "max": 16.380000000000003,
                "median": 16.104,
                "min": 12.076,
                "n": 5,
                "p05": 12.146400000000002,
                "p95": 16.3728,
                "samples": 5,
                "stdev": 1.9767684335804234
              },
              "sequence_us": {
                "max": 163.8,
                "median": 161.04,
                "min": 120.76,
                "n": 5,
                "p05": 121.464,
                "p95": 163.728,
                "samples": 5,
                "stdev": 19.76768433580423
              },
              "status": "ok"
            },
            "host_wall": {
              "clock": "steady_clock",
              "per_iteration_us": {
                "max": 27.524400000000004,
                "median": 24.9304,
                "min": 19.569300000000002,
                "n": 5,
                "p05": 19.790300000000002,
                "p95": 27.15838,
                "samples": 5,
                "stdev": 3.0440891029008994
              },
              "sequence_us": {
                "max": 275.244,
                "median": 249.304,
                "min": 195.693,
                "n": 5,
                "p05": 197.90300000000002,
                "p95": 271.5838,
                "samples": 5,
                "stdev": 30.44089102900899
              },
              "status": "ok"
            },
            "logical_iterations": 10
          },
          "single": {
            "dispatches_per_iteration": 2,
            "gpu_elapsed": {
              "clock": "vulkan_calibrated_multi_queue_timestamp_span",
              "per_iteration_us": {
                "max": 70.0,
                "median": 54.4,
                "min": 45.92,
                "n": 5,
                "p05": 45.976000000000006,
                "p95": 68.352,
                "samples": 5,
                "stdev": 9.260586590491986
              },
              "sequence_us": {
                "max": 70.0,
                "median": 54.4,
                "min": 45.92,
                "n": 5,
                "p05": 45.976000000000006,
                "p95": 68.352,
                "samples": 5,
                "stdev": 9.260586590491986
              },
              "status": "ok"
            },
            "host_wall": {
              "clock": "steady_clock",
              "per_iteration_us": {
                "max": 152.192,
                "median": 130.682,
                "min": 123.442,
                "n": 5,
                "p05": 123.51180000000001,
                "p95": 151.762,
                "samples": 5,
                "stdev": 12.604747968920288
              },
              "sequence_us": {
                "max": 152.192,
                "median": 130.682,
                "min": 123.442,
                "n": 5,
                "p05": 123.51180000000001,
                "p95": 151.762,
                "samples": 5,
                "stdev": 12.604747968920288
              },
              "status": "ok"
            },
            "logical_iterations": 1
          }
        },
        "timing_mode": "independent_throughput",
        "variant": "rowtile4",
        "workgroup_match": "exact_hip_wave32"
      },
      {
        "backend": "vulkan",
        "correctness": {
          "single_dispatch": {
            "oracle": "CPU Q8_0 dense q8_1+dp4a BF16 logits with KL <= 0.05 and top-1 >= 90%",
            "status": "pass"
          },
          "synchronization": {
            "barrier_count": 0,
            "method": "disjoint_xq_and_output_slices",
            "status": "pass"
          },
          "timed_sequence": {
            "coverage": "all_dispatches",
            "logical_iterations": 10,
            "oracle": "CPU Q8_0 dense q8_1+dp4a BF16 logits with KL <= 0.05 and top-1 >= 90%",
            "status": "pass"
          }
        },
        "correctness_pass": true,
        "dependency_contract": {
          "inter_dispatch_ordering": "none",
          "output_partitioning": "disjoint",
          "validation_status": "pass",
          "work_dependency": "independent"
        },
        "execution": {
          "actual_parallel_lanes": 1,
          "burst_lane_gpu_samples_us": [],
          "calibrated_timestamp_domain": false,
          "calibrated_timestamp_extension": "",
          "lane_assignment": "single_command_buffer",
          "requested_parallel_lanes": 4,
          "single_lane_gpu_samples_us": [],
          "submission_strategy": "vulkan_command_buffer"
        },
        "hardware": {
          "actual_independent_lanes": 4,
          "api_version": "1.4.318",
          "calibrated_timestamp_extension": "VK_KHR_calibrated_timestamps",
          "device_id": 30032,
          "device_name": "AMD Radeon Graphics (RADV GFX1201)",
          "device_type": 2,
          "driver_version_raw": 104865800,
          "queue_family": 1,
          "queue_flags": 14,
          "queue_timestamp_valid_bits": 64,
          "requested_api_version": "1.2",
          "requested_independent_lanes": 4,
          "shader_integer_dot_product": true,
          "storage_buffer_16bit": true,
          "timeline_semaphore": true,
          "vendor_id": 4098
        },
        "in_features": 768,
        "local_size": 32,
        "median_us": 12.392,
        "numeric_correctness": {
          "burst": {
            "exact_bf16_mismatches": 13155,
            "expected_repetitions": [
              0,
              1,
              2,
              3,
              4,
              5,
              6,
              7,
              8,
              9
            ],
            "kl_divergence": 7.737942242e-05,
            "max_abs": 0.03125,
            "mean_abs": 0.0008274186403,
            "outputs_checked": 10,
            "pass": true,
            "top1": 1
          },
          "single": {
            "exact_bf16_mismatches": 1232,
            "expected_repetitions": [
              0
            ],
            "kl_divergence": 3.999396507e-05,
            "max_abs": 0.03125,
            "mean_abs": 0.0005773062585,
            "outputs_checked": 1,
            "pass": true,
            "top1": 1
          }
        },
        "operation": "q8_0_dense_dp4a_dot_prequantized",
        "out_features": 2048,
        "q8_0_weight_bytes": 1671168,
        "q8_blocks_per_row": 24,
        "row_tile": 4,
        "rows": 4,
        "sequence_validation": {
          "burst_expected_repetitions": [
            0,
            1,
            2,
            3,
            4,
            5,
            6,
            7,
            8,
            9
          ],
          "input_repetition_pattern": "distinct_deterministic_salt",
          "output_partitioning": "disjoint",
          "single_expected_repetitions": [
            0
          ],
          "xq_partitioning": "disjoint"
        },
        "submission": {
          "completion_in_host_wall": true,
          "queue_or_stream_count": 1,
          "recording_in_timed_region": false,
          "strategy": "vulkan_command_buffer",
          "submit_in_host_wall": true
        },
        "timing": {
          "burst": {
            "dispatches_per_iteration": 1,
            "gpu_elapsed": {
              "clock": "vulkan_timestamp",
              "per_iteration_us": {
                "max": 12.412,
                "median": 12.392,
                "min": 12.356,
                "n": 5,
                "p05": 12.360000000000001,
                "p95": 12.409600000000001,
                "samples": 5,
                "stdev": 0.019497692171126433
              },
              "sequence_us": {
                "max": 124.12,
                "median": 123.92,
                "min": 123.56,
                "n": 5,
                "p05": 123.60000000000002,
                "p95": 124.096,
                "samples": 5,
                "stdev": 0.19497692171126296
              },
              "status": "ok"
            },
            "host_wall": {
              "clock": "steady_clock",
              "per_iteration_us": {
                "max": 18.7902,
                "median": 18.6673,
                "min": 18.653299999999998,
                "n": 5,
                "p05": 18.6539,
                "p95": 18.784399999999998,
                "samples": 5,
                "stdev": 0.05810537324550969
              },
              "sequence_us": {
                "max": 187.902,
                "median": 186.673,
                "min": 186.533,
                "n": 5,
                "p05": 186.539,
                "p95": 187.844,
                "samples": 5,
                "stdev": 0.5810537324550967
              },
              "status": "ok"
            },
            "logical_iterations": 10
          },
          "single": {
            "dispatches_per_iteration": 1,
            "gpu_elapsed": {
              "clock": "vulkan_timestamp",
              "per_iteration_us": {
                "max": 23.44,
                "median": 23.08,
                "min": 22.92,
                "n": 5,
                "p05": 22.928000000000004,
                "p95": 23.432,
                "samples": 5,
                "stdev": 0.21908902300206606
              },
              "sequence_us": {
                "max": 23.44,
                "median": 23.08,
                "min": 22.92,
                "n": 5,
                "p05": 22.928000000000004,
                "p95": 23.432,
                "samples": 5,
                "stdev": 0.21908902300206606
              },
              "status": "ok"
            },
            "host_wall": {
              "clock": "steady_clock",
              "per_iteration_us": {
                "max": 88.112,
                "median": 85.951,
                "min": 76.341,
                "n": 5,
                "p05": 78.16120000000001,
                "p95": 87.96379999999999,
                "samples": 5,
                "stdev": 4.260244434301863
              },
              "sequence_us": {
                "max": 88.112,
                "median": 85.951,
                "min": 76.341,
                "n": 5,
                "p05": 78.16120000000001,
                "p95": 87.96379999999999,
                "samples": 5,
                "stdev": 4.260244434301863
              },
              "status": "ok"
            },
            "logical_iterations": 1
          }
        },
        "timing_mode": "independent_throughput",
        "variant": "rowtile4",
        "workgroup_match": "exact_hip_wave32"
      },
      {
        "backend": "vulkan",
        "correctness": {
          "single_dispatch": {
            "oracle": "CPU Q8_0 dense q8_1+dp4a BF16 logits with KL <= 0.05 and top-1 >= 90%",
            "status": "pass"
          },
          "synchronization": {
            "barrier_count": 10,
            "method": "timeline_coordinated_multi_queue_disjoint_slices",
            "status": "pass"
          },
          "timed_sequence": {
            "coverage": "all_dispatches",
            "logical_iterations": 10,
            "oracle": "CPU Q8_0 dense q8_1+dp4a BF16 logits with KL <= 0.05 and top-1 >= 90%",
            "status": "pass"
          }
        },
        "correctness_pass": true,
        "dependency_contract": {
          "inter_dispatch_ordering": "none",
          "output_partitioning": "disjoint",
          "validation_status": "pass",
          "work_dependency": "independent"
        },
        "execution": {
          "actual_parallel_lanes": 4,
          "burst_lane_gpu_samples_us": [
            [
              66.92,
              148.44,
              95.52,
              54
            ],
            [
              130,
              72.8,
              83.6,
              40.92
            ],
            [
              68.36,
              149.84,
              97.4,
              54.56
            ],
            [
              128.16,
              78,
              91,
              40.92
            ],
            [
              67.36,
              134.16,
              40.84,
              81.64
            ]
          ],
          "calibrated_timestamp_domain": true,
          "calibrated_timestamp_extension": "VK_KHR_calibrated_timestamps",
          "lane_assignment": "round_robin_multi_queue",
          "requested_parallel_lanes": 4,
          "single_lane_gpu_samples_us": [
            [
              41.48,
              2.96,
              2.88,
              2.36
            ],
            [
              41.68,
              3.32,
              2.4,
              2.96
            ],
            [
              25.52,
              3.08,
              2.96,
              2.92
            ],
            [
              25.56,
              2.76,
              3,
              2.76
            ],
            [
              39.76,
              2.76,
              2.92,
              2.56
            ]
          ],
          "submission_strategy": "vulkan_multi_queue"
        },
        "hardware": {
          "actual_independent_lanes": 4,
          "api_version": "1.4.318",
          "calibrated_timestamp_extension": "VK_KHR_calibrated_timestamps",
          "device_id": 30032,
          "device_name": "AMD Radeon Graphics (RADV GFX1201)",
          "device_type": 2,
          "driver_version_raw": 104865800,
          "queue_family": 1,
          "queue_flags": 14,
          "queue_timestamp_valid_bits": 64,
          "requested_api_version": "1.2",
          "requested_independent_lanes": 4,
          "shader_integer_dot_product": true,
          "storage_buffer_16bit": true,
          "timeline_semaphore": true,
          "vendor_id": 4098
        },
        "in_features": 768,
        "local_size": 32,
        "median_us": 20.092,
        "numeric_correctness": {
          "burst": {
            "exact_bf16_mismatches": 13155,
            "expected_repetitions": [
              0,
              1,
              2,
              3,
              4,
              5,
              6,
              7,
              8,
              9
            ],
            "kl_divergence": 7.737942242e-05,
            "max_abs": 0.03125,
            "mean_abs": 0.0008274186403,
            "outputs_checked": 10,
            "pass": true,
            "top1": 1
          },
          "single": {
            "exact_bf16_mismatches": 1232,
            "expected_repetitions": [
              0
            ],
            "kl_divergence": 3.999396507e-05,
            "max_abs": 0.03125,
            "mean_abs": 0.0005773062585,
            "outputs_checked": 1,
            "pass": true,
            "top1": 1
          }
        },
        "operation": "q8_0_dense_dp4a_quantize_plus_dot",
        "out_features": 2048,
        "q8_0_weight_bytes": 1671168,
        "q8_blocks_per_row": 24,
        "row_tile": 4,
        "rows": 4,
        "sequence_validation": {
          "burst_expected_repetitions": [
            0,
            1,
            2,
            3,
            4,
            5,
            6,
            7,
            8,
            9
          ],
          "input_repetition_pattern": "distinct_deterministic_salt",
          "output_partitioning": "disjoint",
          "single_expected_repetitions": [
            0
          ],
          "xq_partitioning": "disjoint"
        },
        "submission": {
          "completion_in_host_wall": true,
          "queue_or_stream_count": 4,
          "recording_in_timed_region": false,
          "strategy": "vulkan_multi_queue",
          "submit_in_host_wall": true
        },
        "timing": {
          "burst": {
            "dispatches_per_iteration": 2,
            "gpu_elapsed": {
              "clock": "vulkan_calibrated_multi_queue_timestamp_span",
              "per_iteration_us": {
                "max": 20.444,
                "median": 20.092,
                "min": 15.431999999999999,
                "n": 5,
                "p05": 15.4688,
                "p95": 20.4088,
                "samples": 5,
                "stdev": 2.327467430491778
              },
              "sequence_us": {
                "max": 204.44,
                "median": 200.92,
                "min": 154.32,
                "n": 5,
                "p05": 154.688,
                "p95": 204.088,
                "samples": 5,
                "stdev": 23.27467430491778
              },
              "status": "ok"
            },
            "host_wall": {
              "clock": "steady_clock",
              "per_iteration_us": {
                "max": 29.0314,
                "median": 28.575400000000002,
                "min": 23.415399999999998,
                "n": 5,
                "p05": 23.4362,
                "p95": 28.954400000000003,
                "samples": 5,
                "stdev": 2.5933132784143162
              },
              "sequence_us": {
                "max": 290.314,
                "median": 285.754,
                "min": 234.154,
                "n": 5,
                "p05": 234.36200000000002,
                "p95": 289.544,
                "samples": 5,
                "stdev": 25.933132784143154
              },
              "status": "ok"
            },
            "logical_iterations": 10
          },
          "single": {
            "dispatches_per_iteration": 2,
            "gpu_elapsed": {
              "clock": "vulkan_calibrated_multi_queue_timestamp_span",
              "per_iteration_us": {
                "max": 66.56,
                "median": 61.72,
                "min": 50.04,
                "n": 5,
                "p05": 52.128,
                "p95": 65.98400000000001,
                "samples": 5,
                "stdev": 5.616695113676726
              },
              "sequence_us": {
                "max": 66.56,
                "median": 61.72,
                "min": 50.04,
                "n": 5,
                "p05": 52.128,
                "p95": 65.98400000000001,
                "samples": 5,
                "stdev": 5.616695113676726
              },
              "status": "ok"
            },
            "host_wall": {
              "clock": "steady_clock",
              "per_iteration_us": {
                "max": 159.122,
                "median": 154.462,
                "min": 128.912,
                "n": 5,
                "p05": 131.738,
                "p95": 158.29600000000002,
                "samples": 5,
                "stdev": 10.98382192135324
              },
              "sequence_us": {
                "max": 159.122,
                "median": 154.462,
                "min": 128.912,
                "n": 5,
                "p05": 131.738,
                "p95": 158.29600000000002,
                "samples": 5,
                "stdev": 10.98382192135324
              },
              "status": "ok"
            },
            "logical_iterations": 1
          }
        },
        "timing_mode": "independent_throughput",
        "variant": "rowtile4",
        "workgroup_match": "exact_hip_wave32"
      },
      {
        "backend": "vulkan",
        "correctness": {
          "single_dispatch": {
            "oracle": "CPU Q8_0 dense q8_1+dp4a BF16 logits with KL <= 0.05 and top-1 >= 90%",
            "status": "pass"
          },
          "synchronization": {
            "barrier_count": 0,
            "method": "disjoint_xq_and_output_slices",
            "status": "pass"
          },
          "timed_sequence": {
            "coverage": "all_dispatches",
            "logical_iterations": 10,
            "oracle": "CPU Q8_0 dense q8_1+dp4a BF16 logits with KL <= 0.05 and top-1 >= 90%",
            "status": "pass"
          }
        },
        "correctness_pass": true,
        "dependency_contract": {
          "inter_dispatch_ordering": "none",
          "output_partitioning": "disjoint",
          "validation_status": "pass",
          "work_dependency": "independent"
        },
        "execution": {
          "actual_parallel_lanes": 1,
          "burst_lane_gpu_samples_us": [],
          "calibrated_timestamp_domain": false,
          "calibrated_timestamp_extension": "",
          "lane_assignment": "single_command_buffer",
          "requested_parallel_lanes": 4,
          "single_lane_gpu_samples_us": [],
          "submission_strategy": "vulkan_command_buffer"
        },
        "hardware": {
          "actual_independent_lanes": 4,
          "api_version": "1.4.318",
          "calibrated_timestamp_extension": "VK_KHR_calibrated_timestamps",
          "device_id": 30032,
          "device_name": "AMD Radeon Graphics (RADV GFX1201)",
          "device_type": 2,
          "driver_version_raw": 104865800,
          "queue_family": 1,
          "queue_flags": 14,
          "queue_timestamp_valid_bits": 64,
          "requested_api_version": "1.2",
          "requested_independent_lanes": 4,
          "shader_integer_dot_product": true,
          "storage_buffer_16bit": true,
          "timeline_semaphore": true,
          "vendor_id": 4098
        },
        "in_features": 2048,
        "local_size": 32,
        "median_us": 15.191999999999998,
        "numeric_correctness": {
          "burst": {
            "exact_bf16_mismatches": 2500,
            "expected_repetitions": [
              0,
              1,
              2,
              3,
              4,
              5,
              6,
              7,
              8,
              9
            ],
            "kl_divergence": 7.475795864e-05,
            "max_abs": 0.0625,
            "mean_abs": 0.001559987664,
            "outputs_checked": 10,
            "pass": true,
            "top1": 1
          },
          "single": {
            "exact_bf16_mismatches": 41,
            "expected_repetitions": [
              0
            ],
            "kl_divergence": 2.576833846e-09,
            "max_abs": 0.03125,
            "mean_abs": 0.0005187988281,
            "outputs_checked": 1,
            "pass": true,
            "top1": 1
          }
        },
        "operation": "q8_0_dense_dp4a_dot_prequantized",
        "out_features": 2048,
        "q8_0_weight_bytes": 4456448,
        "q8_blocks_per_row": 64,
        "row_tile": 4,
        "rows": 1,
        "sequence_validation": {
          "burst_expected_repetitions": [
            0,
            1,
            2,
            3,
            4,
            5,
            6,
            7,
            8,
            9
          ],
          "input_repetition_pattern": "distinct_deterministic_salt",
          "output_partitioning": "disjoint",
          "single_expected_repetitions": [
            0
          ],
          "xq_partitioning": "disjoint"
        },
        "submission": {
          "completion_in_host_wall": true,
          "queue_or_stream_count": 1,
          "recording_in_timed_region": false,
          "strategy": "vulkan_command_buffer",
          "submit_in_host_wall": true
        },
        "timing": {
          "burst": {
            "dispatches_per_iteration": 1,
            "gpu_elapsed": {
              "clock": "vulkan_timestamp",
              "per_iteration_us": {
                "max": 15.272,
                "median": 15.191999999999998,
                "min": 15.124,
                "n": 5,
                "p05": 15.124000000000002,
                "p95": 15.2608,
                "samples": 5,
                "stdev": 0.05660247344418765
              },
              "sequence_us": {
                "max": 152.72,
                "median": 151.92,
                "min": 151.24,
                "n": 5,
                "p05": 151.24,
                "p95": 152.608,
                "samples": 5,
                "stdev": 0.5660247344418744
              },
              "status": "ok"
            },
            "host_wall": {
              "clock": "steady_clock",
              "per_iteration_us": {
                "max": 21.7113,
                "median": 21.3444,
                "min": 21.1713,
                "n": 5,
                "p05": 21.1987,
                "p95": 21.679700000000004,
                "samples": 5,
                "stdev": 0.19112431975026184
              },
              "sequence_us": {
                "max": 217.113,
                "median": 213.444,
                "min": 211.713,
                "n": 5,
                "p05": 211.98700000000002,
                "p95": 216.797,
                "samples": 5,
                "stdev": 1.9112431975026105
              },
              "status": "ok"
            },
            "logical_iterations": 10
          },
          "single": {
            "dispatches_per_iteration": 1,
            "gpu_elapsed": {
              "clock": "vulkan_timestamp",
              "per_iteration_us": {
                "max": 27.68,
                "median": 27.48,
                "min": 26.8,
                "n": 5,
                "p05": 26.872,
                "p95": 27.656,
                "samples": 5,
                "stdev": 0.31859692402783757
              },
              "sequence_us": {
                "max": 27.68,
                "median": 27.48,
                "min": 26.8,
                "n": 5,
                "p05": 26.872,
                "p95": 27.656,
                "samples": 5,
                "stdev": 0.31859692402783757
              },
              "status": "ok"
            },
            "host_wall": {
              "clock": "steady_clock",
              "per_iteration_us": {
                "max": 92.991,
                "median": 92.041,
                "min": 83.521,
                "n": 5,
                "p05": 84.999,
                "p95": 92.8072,
                "samples": 5,
                "stdev": 3.4566008968349236
              },
              "sequence_us": {
                "max": 92.991,
                "median": 92.041,
                "min": 83.521,
                "n": 5,
                "p05": 84.999,
                "p95": 92.8072,
                "samples": 5,
                "stdev": 3.4566008968349236
              },
              "status": "ok"
            },
            "logical_iterations": 1
          }
        },
        "timing_mode": "independent_throughput",
        "variant": "rowtile4",
        "workgroup_match": "exact_hip_wave32"
      },
      {
        "backend": "vulkan",
        "correctness": {
          "single_dispatch": {
            "oracle": "CPU Q8_0 dense q8_1+dp4a BF16 logits with KL <= 0.05 and top-1 >= 90%",
            "status": "pass"
          },
          "synchronization": {
            "barrier_count": 10,
            "method": "timeline_coordinated_multi_queue_disjoint_slices",
            "status": "pass"
          },
          "timed_sequence": {
            "coverage": "all_dispatches",
            "logical_iterations": 10,
            "oracle": "CPU Q8_0 dense q8_1+dp4a BF16 logits with KL <= 0.05 and top-1 >= 90%",
            "status": "pass"
          }
        },
        "correctness_pass": true,
        "dependency_contract": {
          "inter_dispatch_ordering": "none",
          "output_partitioning": "disjoint",
          "validation_status": "pass",
          "work_dependency": "independent"
        },
        "execution": {
          "actual_parallel_lanes": 4,
          "burst_lane_gpu_samples_us": [
            [
              95.52,
              140.48,
              133.44,
              50.08
            ],
            [
              96.24,
              165.04,
              120.84,
              66.24
            ],
            [
              125.08,
              109.4,
              132.04,
              65.52
            ],
            [
              97.92,
              166.32,
              121.76,
              67.2
            ],
            [
              167.72,
              87.76,
              67.4,
              118.24
            ]
          ],
          "calibrated_timestamp_domain": true,
          "calibrated_timestamp_extension": "VK_KHR_calibrated_timestamps",
          "lane_assignment": "round_robin_multi_queue",
          "requested_parallel_lanes": 4,
          "single_lane_gpu_samples_us": [
            [
              30,
              2.56,
              2.6,
              2.88
            ],
            [
              29.36,
              3.24,
              2.84,
              2.84
            ],
            [
              28.96,
              2.56,
              2.72,
              2.72
            ],
            [
              44.96,
              2.84,
              2.56,
              2.52
            ],
            [
              29.6,
              2.44,
              3.16,
              3.04
            ]
          ],
          "submission_strategy": "vulkan_multi_queue"
        },
        "hardware": {
          "actual_independent_lanes": 4,
          "api_version": "1.4.318",
          "calibrated_timestamp_extension": "VK_KHR_calibrated_timestamps",
          "device_id": 30032,
          "device_name": "AMD Radeon Graphics (RADV GFX1201)",
          "device_type": 2,
          "driver_version_raw": 104865800,
          "queue_family": 1,
          "queue_flags": 14,
          "queue_timestamp_valid_bits": 64,
          "requested_api_version": "1.2",
          "requested_independent_lanes": 4,
          "shader_integer_dot_product": true,
          "storage_buffer_16bit": true,
          "timeline_semaphore": true,
          "vendor_id": 4098
        },
        "in_features": 2048,
        "local_size": 32,
        "median_us": 18.592,
        "numeric_correctness": {
          "burst": {
            "exact_bf16_mismatches": 2500,
            "expected_repetitions": [
              0,
              1,
              2,
              3,
              4,
              5,
              6,
              7,
              8,
              9
            ],
            "kl_divergence": 7.475795864e-05,
            "max_abs": 0.0625,
            "mean_abs": 0.001559987664,
            "outputs_checked": 10,
            "pass": true,
            "top1": 1
          },
          "single": {
            "exact_bf16_mismatches": 41,
            "expected_repetitions": [
              0
            ],
            "kl_divergence": 2.576833846e-09,
            "max_abs": 0.03125,
            "mean_abs": 0.0005187988281,
            "outputs_checked": 1,
            "pass": true,
            "top1": 1
          }
        },
        "operation": "q8_0_dense_dp4a_quantize_plus_dot",
        "out_features": 2048,
        "q8_0_weight_bytes": 4456448,
        "q8_blocks_per_row": 64,
        "row_tile": 4,
        "rows": 1,
        "sequence_validation": {
          "burst_expected_repetitions": [
            0,
            1,
            2,
            3,
            4,
            5,
            6,
            7,
            8,
            9
          ],
          "input_repetition_pattern": "distinct_deterministic_salt",
          "output_partitioning": "disjoint",
          "single_expected_repetitions": [
            0
          ],
          "xq_partitioning": "disjoint"
        },
        "submission": {
          "completion_in_host_wall": true,
          "queue_or_stream_count": 4,
          "recording_in_timed_region": false,
          "strategy": "vulkan_multi_queue",
          "submit_in_host_wall": true
        },
        "timing": {
          "burst": {
            "dispatches_per_iteration": 2,
            "gpu_elapsed": {
              "clock": "vulkan_calibrated_multi_queue_timestamp_span",
              "per_iteration_us": {
                "max": 22.972,
                "median": 18.592,
                "min": 17.444,
                "n": 5,
                "p05": 17.6256,
                "p95": 22.791200000000003,
                "samples": 5,
                "stdev": 2.203428020154052
              },
              "sequence_us": {
                "max": 229.72,
                "median": 185.92,
                "min": 174.44,
                "n": 5,
                "p05": 176.256,
                "p95": 227.91199999999998,
                "samples": 5,
                "stdev": 22.034280201540508
              },
              "status": "ok"
            },
            "host_wall": {
              "clock": "steady_clock",
              "per_iteration_us": {
                "max": 31.397399999999998,
                "median": 26.9404,
                "min": 25.9334,
                "n": 5,
                "p05": 26.0198,
                "p95": 31.317619999999998,
                "samples": 5,
                "stdev": 2.369140075554841
              },
              "sequence_us": {
                "max": 313.974,
                "median": 269.404,
                "min": 259.334,
                "n": 5,
                "p05": 260.19800000000004,
                "p95": 313.1762,
                "samples": 5,
                "stdev": 23.691400755548415
              },
              "status": "ok"
            },
            "logical_iterations": 10
          },
          "single": {
            "dispatches_per_iteration": 2,
            "gpu_elapsed": {
              "clock": "vulkan_calibrated_multi_queue_timestamp_span",
              "per_iteration_us": {
                "max": 80.76,
                "median": 65.04,
                "min": 41.96,
                "n": 5,
                "p05": 43.98400000000001,
                "p95": 80.44,
                "samples": 5,
                "stdev": 15.096044515037706
              },
              "sequence_us": {
                "max": 80.76,
                "median": 65.04,
                "min": 41.96,
                "n": 5,
                "p05": 43.98400000000001,
                "p95": 80.44,
                "samples": 5,
                "stdev": 15.096044515037706
              },
              "status": "ok"
            },
            "host_wall": {
              "clock": "steady_clock",
              "per_iteration_us": {
                "max": 157.432,
                "median": 146.422,
                "min": 125.862,
                "n": 5,
                "p05": 128.5,
                "p95": 156.522,
                "samples": 5,
                "stdev": 11.118452050532934
              },
              "sequence_us": {
                "max": 157.432,
                "median": 146.422,
                "min": 125.862,
                "n": 5,
                "p05": 128.5,
                "p95": 156.522,
                "samples": 5,
                "stdev": 11.118452050532934
              },
              "status": "ok"
            },
            "logical_iterations": 1
          }
        },
        "timing_mode": "independent_throughput",
        "variant": "rowtile4",
        "workgroup_match": "exact_hip_wave32"
      },
      {
        "backend": "vulkan",
        "correctness": {
          "single_dispatch": {
            "oracle": "CPU Q8_0 dense q8_1+dp4a BF16 logits with KL <= 0.05 and top-1 >= 90%",
            "status": "pass"
          },
          "synchronization": {
            "barrier_count": 0,
            "method": "disjoint_xq_and_output_slices",
            "status": "pass"
          },
          "timed_sequence": {
            "coverage": "all_dispatches",
            "logical_iterations": 10,
            "oracle": "CPU Q8_0 dense q8_1+dp4a BF16 logits with KL <= 0.05 and top-1 >= 90%",
            "status": "pass"
          }
        },
        "correctness_pass": true,
        "dependency_contract": {
          "inter_dispatch_ordering": "none",
          "output_partitioning": "disjoint",
          "validation_status": "pass",
          "work_dependency": "independent"
        },
        "execution": {
          "actual_parallel_lanes": 1,
          "burst_lane_gpu_samples_us": [],
          "calibrated_timestamp_domain": false,
          "calibrated_timestamp_extension": "",
          "lane_assignment": "single_command_buffer",
          "requested_parallel_lanes": 4,
          "single_lane_gpu_samples_us": [],
          "submission_strategy": "vulkan_command_buffer"
        },
        "hardware": {
          "actual_independent_lanes": 4,
          "api_version": "1.4.318",
          "calibrated_timestamp_extension": "VK_KHR_calibrated_timestamps",
          "device_id": 30032,
          "device_name": "AMD Radeon Graphics (RADV GFX1201)",
          "device_type": 2,
          "driver_version_raw": 104865800,
          "queue_family": 1,
          "queue_flags": 14,
          "queue_timestamp_valid_bits": 64,
          "requested_api_version": "1.2",
          "requested_independent_lanes": 4,
          "shader_integer_dot_product": true,
          "storage_buffer_16bit": true,
          "timeline_semaphore": true,
          "vendor_id": 4098
        },
        "in_features": 2048,
        "local_size": 32,
        "median_us": 23.912,
        "numeric_correctness": {
          "burst": {
            "exact_bf16_mismatches": 12989,
            "expected_repetitions": [
              0,
              1,
              2,
              3,
              4,
              5,
              6,
              7,
              8,
              9
            ],
            "kl_divergence": 0.0001183141109,
            "max_abs": 0.0625,
            "mean_abs": 0.001415863866,
            "outputs_checked": 10,
            "pass": true,
            "top1": 1
          },
          "single": {
            "exact_bf16_mismatches": 1017,
            "expected_repetitions": [
              0
            ],
            "kl_divergence": 4.436209871e-06,
            "max_abs": 0.03125,
            "mean_abs": 0.000759601593,
            "outputs_checked": 1,
            "pass": true,
            "top1": 1
          }
        },
        "operation": "q8_0_dense_dp4a_dot_prequantized",
        "out_features": 2048,
        "q8_0_weight_bytes": 4456448,
        "q8_blocks_per_row": 64,
        "row_tile": 4,
        "rows": 4,
        "sequence_validation": {
          "burst_expected_repetitions": [
            0,
            1,
            2,
            3,
            4,
            5,
            6,
            7,
            8,
            9
          ],
          "input_repetition_pattern": "distinct_deterministic_salt",
          "output_partitioning": "disjoint",
          "single_expected_repetitions": [
            0
          ],
          "xq_partitioning": "disjoint"
        },
        "submission": {
          "completion_in_host_wall": true,
          "queue_or_stream_count": 1,
          "recording_in_timed_region": false,
          "strategy": "vulkan_command_buffer",
          "submit_in_host_wall": true
        },
        "timing": {
          "burst": {
            "dispatches_per_iteration": 1,
            "gpu_elapsed": {
              "clock": "vulkan_timestamp",
              "per_iteration_us": {
                "max": 28.227999999999998,
                "median": 23.912,
                "min": 23.784,
                "n": 5,
                "p05": 23.7936,
                "p95": 27.367199999999997,
                "samples": 5,
                "stdev": 1.746762949000235
              },
              "sequence_us": {
                "max": 282.28,
                "median": 239.12,
                "min": 237.84,
                "n": 5,
                "p05": 237.93600000000004,
                "p95": 273.67199999999997,
                "samples": 5,
                "stdev": 17.467629490002345
              },
              "status": "ok"
            },
            "host_wall": {
              "clock": "steady_clock",
              "per_iteration_us": {
                "max": 34.3906,
                "median": 29.679399999999998,
                "min": 29.482400000000002,
                "n": 5,
                "p05": 29.505200000000002,
                "p95": 33.45258,
                "samples": 5,
                "stdev": 1.9119076124122734
              },
              "sequence_us": {
                "max": 343.906,
                "median": 296.794,
                "min": 294.824,
                "n": 5,
                "p05": 295.052,
                "p95": 334.5258,
                "samples": 5,
                "stdev": 19.11907612412274
              },
              "status": "ok"
            },
            "logical_iterations": 10
          },
          "single": {
            "dispatches_per_iteration": 1,
            "gpu_elapsed": {
              "clock": "vulkan_timestamp",
              "per_iteration_us": {
                "max": 40.92,
                "median": 40.56,
                "min": 39.96,
                "n": 5,
                "p05": 40.024,
                "p95": 40.888000000000005,
                "samples": 5,
                "stdev": 0.3427885645700566
              },
              "sequence_us": {
                "max": 40.92,
                "median": 40.56,
                "min": 39.96,
                "n": 5,
                "p05": 40.024,
                "p95": 40.888000000000005,
                "samples": 5,
                "stdev": 0.3427885645700566
              },
              "status": "ok"
            },
            "host_wall": {
              "clock": "steady_clock",
              "per_iteration_us": {
                "max": 105.902,
                "median": 104.621,
                "min": 103.391,
                "n": 5,
                "p05": 103.44500000000002,
                "p95": 105.742,
                "samples": 5,
                "stdev": 0.9241412446157775
              },
              "sequence_us": {
                "max": 105.902,
                "median": 104.621,
                "min": 103.391,
                "n": 5,
                "p05": 103.44500000000002,
                "p95": 105.742,
                "samples": 5,
                "stdev": 0.9241412446157775
              },
              "status": "ok"
            },
            "logical_iterations": 1
          }
        },
        "timing_mode": "independent_throughput",
        "variant": "rowtile4",
        "workgroup_match": "exact_hip_wave32"
      },
      {
        "backend": "vulkan",
        "correctness": {
          "single_dispatch": {
            "oracle": "CPU Q8_0 dense q8_1+dp4a BF16 logits with KL <= 0.05 and top-1 >= 90%",
            "status": "pass"
          },
          "synchronization": {
            "barrier_count": 10,
            "method": "timeline_coordinated_multi_queue_disjoint_slices",
            "status": "pass"
          },
          "timed_sequence": {
            "coverage": "all_dispatches",
            "logical_iterations": 10,
            "oracle": "CPU Q8_0 dense q8_1+dp4a BF16 logits with KL <= 0.05 and top-1 >= 90%",
            "status": "pass"
          }
        },
        "correctness_pass": true,
        "dependency_contract": {
          "inter_dispatch_ordering": "none",
          "output_partitioning": "disjoint",
          "validation_status": "pass",
          "work_dependency": "independent"
        },
        "execution": {
          "actual_parallel_lanes": 4,
          "burst_lane_gpu_samples_us": [
            [
              143.32,
              206.68,
              79.6,
              137.68
            ],
            [
              152.44,
              167,
              121.04,
              58.52
            ],
            [
              196.88,
              210.32,
              131.16,
              59.8
            ],
            [
              104.32,
              128.28,
              168.72,
              122.12
            ],
            [
              152.92,
              167.56,
              92.96,
              182
            ]
          ],
          "calibrated_timestamp_domain": true,
          "calibrated_timestamp_extension": "VK_KHR_calibrated_timestamps",
          "lane_assignment": "round_robin_multi_queue",
          "requested_parallel_lanes": 4,
          "single_lane_gpu_samples_us": [
            [
              35.56,
              3.28,
              2.76,
              3.12
            ],
            [
              44.76,
              3.16,
              2.48,
              2.92
            ],
            [
              33.48,
              2.44,
              2.16,
              3
            ],
            [
              46.84,
              2.84,
              2.72,
              3
            ],
            [
              35.48,
              2.48,
              2.12,
              2.56
            ]
          ],
          "submission_strategy": "vulkan_multi_queue"
        },
        "hardware": {
          "actual_independent_lanes": 4,
          "api_version": "1.4.318",
          "calibrated_timestamp_extension": "VK_KHR_calibrated_timestamps",
          "device_id": 30032,
          "device_name": "AMD Radeon Graphics (RADV GFX1201)",
          "device_type": 2,
          "driver_version_raw": 104865800,
          "queue_family": 1,
          "queue_flags": 14,
          "queue_timestamp_valid_bits": 64,
          "requested_api_version": "1.2",
          "requested_independent_lanes": 4,
          "shader_integer_dot_product": true,
          "storage_buffer_16bit": true,
          "timeline_semaphore": true,
          "vendor_id": 4098
        },
        "in_features": 2048,
        "local_size": 32,
        "median_us": 24.752000000000002,
        "numeric_correctness": {
          "burst": {
            "exact_bf16_mismatches": 12989,
            "expected_repetitions": [
              0,
              1,
              2,
              3,
              4,
              5,
              6,
              7,
              8,
              9
            ],
            "kl_divergence": 0.0001183141109,
            "max_abs": 0.0625,
            "mean_abs": 0.001415863866,
            "outputs_checked": 10,
            "pass": true,
            "top1": 1
          },
          "single": {
            "exact_bf16_mismatches": 1017,
            "expected_repetitions": [
              0
            ],
            "kl_divergence": 4.436209871e-06,
            "max_abs": 0.03125,
            "mean_abs": 0.000759601593,
            "outputs_checked": 1,
            "pass": true,
            "top1": 1
          }
        },
        "operation": "q8_0_dense_dp4a_quantize_plus_dot",
        "out_features": 2048,
        "q8_0_weight_bytes": 4456448,
        "q8_blocks_per_row": 64,
        "row_tile": 4,
        "rows": 4,
        "sequence_validation": {
          "burst_expected_repetitions": [
            0,
            1,
            2,
            3,
            4,
            5,
            6,
            7,
            8,
            9
          ],
          "input_repetition_pattern": "distinct_deterministic_salt",
          "output_partitioning": "disjoint",
          "single_expected_repetitions": [
            0
          ],
          "xq_partitioning": "disjoint"
        },
        "submission": {
          "completion_in_host_wall": true,
          "queue_or_stream_count": 4,
          "recording_in_timed_region": false,
          "strategy": "vulkan_multi_queue",
          "submit_in_host_wall": true
        },
        "timing": {
          "burst": {
            "dispatches_per_iteration": 2,
            "gpu_elapsed": {
              "clock": "vulkan_calibrated_multi_queue_timestamp_span",
              "per_iteration_us": {
                "max": 28.24,
                "median": 24.752000000000002,
                "min": 23.928,
                "n": 5,
                "p05": 24.040000000000003,
                "p95": 27.924799999999998,
                "samples": 5,
                "stdev": 1.6032399196626799
              },
              "sequence_us": {
                "max": 282.4,
                "median": 247.52,
                "min": 239.28,
                "n": 5,
                "p05": 240.4,
                "p95": 279.248,
                "samples": 5,
                "stdev": 16.032399196626802
              },
              "status": "ok"
            },
            "host_wall": {
              "clock": "steady_clock",
              "per_iteration_us": {
                "max": 36.5055,
                "median": 32.0355,
                "min": 31.3884,
                "n": 5,
                "p05": 31.51362,
                "p95": 35.8557,
                "samples": 5,
                "stdev": 1.835484433494329
              },
              "sequence_us": {
                "max": 365.055,
                "median": 320.355,
                "min": 313.884,
                "n": 5,
                "p05": 315.13620000000003,
                "p95": 358.557,
                "samples": 5,
                "stdev": 18.354844334943294
              },
              "status": "ok"
            },
            "logical_iterations": 10
          },
          "single": {
            "dispatches_per_iteration": 2,
            "gpu_elapsed": {
              "clock": "vulkan_calibrated_multi_queue_timestamp_span",
              "per_iteration_us": {
                "max": 78.16,
                "median": 62.44,
                "min": 44.28,
                "n": 5,
                "p05": 44.704,
                "p95": 75.344,
                "samples": 5,
                "stdev": 12.491261585604553
              },
              "sequence_us": {
                "max": 78.16,
                "median": 62.44,
                "min": 44.28,
                "n": 5,
                "p05": 44.704,
                "p95": 75.344,
                "samples": 5,
                "stdev": 12.491261585604553
              },
              "status": "ok"
            },
            "host_wall": {
              "clock": "steady_clock",
              "per_iteration_us": {
                "max": 149.432,
                "median": 130.302,
                "min": 104.572,
                "n": 5,
                "p05": 106.38,
                "p95": 149.272,
                "samples": 5,
                "stdev": 18.09759365219586
              },
              "sequence_us": {
                "max": 149.432,
                "median": 130.302,
                "min": 104.572,
                "n": 5,
                "p05": 106.38,
                "p95": 149.272,
                "samples": 5,
                "stdev": 18.09759365219586
              },
              "status": "ok"
            },
            "logical_iterations": 1
          }
        },
        "timing_mode": "independent_throughput",
        "variant": "rowtile4",
        "workgroup_match": "exact_hip_wave32"
      },
      {
        "backend": "vulkan",
        "correctness": {
          "single_dispatch": {
            "oracle": "CPU Q8_0 dense q8_1+dp4a BF16 logits with KL <= 0.05 and top-1 >= 90%",
            "status": "pass"
          },
          "synchronization": {
            "barrier_count": 0,
            "method": "disjoint_xq_and_output_slices",
            "status": "pass"
          },
          "timed_sequence": {
            "coverage": "all_dispatches",
            "logical_iterations": 10,
            "oracle": "CPU Q8_0 dense q8_1+dp4a BF16 logits with KL <= 0.05 and top-1 >= 90%",
            "status": "pass"
          }
        },
        "correctness_pass": true,
        "dependency_contract": {
          "inter_dispatch_ordering": "none",
          "output_partitioning": "disjoint",
          "validation_status": "pass",
          "work_dependency": "independent"
        },
        "execution": {
          "actual_parallel_lanes": 1,
          "burst_lane_gpu_samples_us": [],
          "calibrated_timestamp_domain": false,
          "calibrated_timestamp_extension": "",
          "lane_assignment": "single_command_buffer",
          "requested_parallel_lanes": 4,
          "single_lane_gpu_samples_us": [],
          "submission_strategy": "vulkan_command_buffer"
        },
        "hardware": {
          "actual_independent_lanes": 4,
          "api_version": "1.4.318",
          "calibrated_timestamp_extension": "VK_KHR_calibrated_timestamps",
          "device_id": 30032,
          "device_name": "AMD Radeon Graphics (RADV GFX1201)",
          "device_type": 2,
          "driver_version_raw": 104865800,
          "queue_family": 1,
          "queue_flags": 14,
          "queue_timestamp_valid_bits": 64,
          "requested_api_version": "1.2",
          "requested_independent_lanes": 4,
          "shader_integer_dot_product": true,
          "storage_buffer_16bit": true,
          "timeline_semaphore": true,
          "vendor_id": 4098
        },
        "in_features": 768,
        "local_size": 64,
        "median_us": 5.944,
        "numeric_correctness": {
          "burst": {
            "exact_bf16_mismatches": 2785,
            "expected_repetitions": [
              0,
              1,
              2,
              3,
              4,
              5,
              6,
              7,
              8,
              9
            ],
            "kl_divergence": 7.509737071e-05,
            "max_abs": 0.03125,
            "mean_abs": 0.001078635454,
            "outputs_checked": 10,
            "pass": true,
            "top1": 1
          },
          "single": {
            "exact_bf16_mismatches": 251,
            "expected_repetitions": [
              0
            ],
            "kl_divergence": 3.301283582e-07,
            "max_abs": 0.015625,
            "mean_abs": 0.0002901772968,
            "outputs_checked": 1,
            "pass": true,
            "top1": 1
          }
        },
        "operation": "q8_0_dense_dp4a_dot_prequantized",
        "out_features": 2048,
        "q8_0_weight_bytes": 1671168,
        "q8_blocks_per_row": 24,
        "row_tile": 1,
        "rows": 1,
        "sequence_validation": {
          "burst_expected_repetitions": [
            0,
            1,
            2,
            3,
            4,
            5,
            6,
            7,
            8,
            9
          ],
          "input_repetition_pattern": "distinct_deterministic_salt",
          "output_partitioning": "disjoint",
          "single_expected_repetitions": [
            0
          ],
          "xq_partitioning": "disjoint"
        },
        "submission": {
          "completion_in_host_wall": true,
          "queue_or_stream_count": 1,
          "recording_in_timed_region": false,
          "strategy": "vulkan_command_buffer",
          "submit_in_host_wall": true
        },
        "timing": {
          "burst": {
            "dispatches_per_iteration": 1,
            "gpu_elapsed": {
              "clock": "vulkan_timestamp",
              "per_iteration_us": {
                "max": 5.964,
                "median": 5.944,
                "min": 5.928,
                "n": 5,
                "p05": 5.9312000000000005,
                "p95": 5.964,
                "samples": 5,
                "stdev": 0.013717142559586006
              },
              "sequence_us": {
                "max": 59.64,
                "median": 59.44,
                "min": 59.28,
                "n": 5,
                "p05": 59.312000000000005,
                "p95": 59.64,
                "samples": 5,
                "stdev": 0.1371714255958582
              },
              "status": "ok"
            },
            "host_wall": {
              "clock": "steady_clock",
              "per_iteration_us": {
                "max": 12.455200000000001,
                "median": 12.3812,
                "min": 12.264199999999999,
                "n": 5,
                "p05": 12.274980000000001,
                "p95": 12.449200000000001,
                "samples": 5,
                "stdev": 0.0697299476552228
              },
              "sequence_us": {
                "max": 124.552,
                "median": 123.812,
                "min": 122.642,
                "n": 5,
                "p05": 122.74980000000001,
                "p95": 124.492,
                "samples": 5,
                "stdev": 0.6972994765522225
              },
              "status": "ok"
            },
            "logical_iterations": 10
          },
          "single": {
            "dispatches_per_iteration": 1,
            "gpu_elapsed": {
              "clock": "vulkan_timestamp",
              "per_iteration_us": {
                "max": 15.24,
                "median": 14.92,
                "min": 14.2,
                "n": 5,
                "p05": 14.28,
                "p95": 15.216,
                "samples": 5,
                "stdev": 0.37659527347007443
              },
              "sequence_us": {
                "max": 15.24,
                "median": 14.92,
                "min": 14.2,
                "n": 5,
                "p05": 14.28,
                "p95": 15.216,
                "samples": 5,
                "stdev": 0.37659527347007443
              },
              "status": "ok"
            },
            "host_wall": {
              "clock": "steady_clock",
              "per_iteration_us": {
                "max": 82.241,
                "median": 80.521,
                "min": 70.331,
                "n": 5,
                "p05": 71.95100000000001,
                "p95": 82.18719999999999,
                "samples": 5,
                "stdev": 4.397117801469501
              },
              "sequence_us": {
                "max": 82.241,
                "median": 80.521,
                "min": 70.331,
                "n": 5,
                "p05": 71.95100000000001,
                "p95": 82.18719999999999,
                "samples": 5,
                "stdev": 4.397117801469501
              },
              "status": "ok"
            },
            "logical_iterations": 1
          }
        },
        "timing_mode": "independent_throughput",
        "variant": "single",
        "workgroup_match": "vulkan_diagnostic_unmatched"
      },
      {
        "backend": "vulkan",
        "correctness": {
          "single_dispatch": {
            "oracle": "CPU Q8_0 dense q8_1+dp4a BF16 logits with KL <= 0.05 and top-1 >= 90%",
            "status": "pass"
          },
          "synchronization": {
            "barrier_count": 10,
            "method": "timeline_coordinated_multi_queue_disjoint_slices",
            "status": "pass"
          },
          "timed_sequence": {
            "coverage": "all_dispatches",
            "logical_iterations": 10,
            "oracle": "CPU Q8_0 dense q8_1+dp4a BF16 logits with KL <= 0.05 and top-1 >= 90%",
            "status": "pass"
          }
        },
        "correctness_pass": true,
        "dependency_contract": {
          "inter_dispatch_ordering": "none",
          "output_partitioning": "disjoint",
          "validation_status": "pass",
          "work_dependency": "independent"
        },
        "execution": {
          "actual_parallel_lanes": 4,
          "burst_lane_gpu_samples_us": [
            [
              50.36,
              109.88,
              65.4,
              35.6
            ],
            [
              94.72,
              53.84,
              78.4,
              31.52
            ],
            [
              52.48,
              112.48,
              67.72,
              37.4
            ],
            [
              91.8,
              49.32,
              80.56,
              31.88
            ],
            [
              51.72,
              112.2,
              67.84,
              36.72
            ]
          ],
          "calibrated_timestamp_domain": true,
          "calibrated_timestamp_extension": "VK_KHR_calibrated_timestamps",
          "lane_assignment": "round_robin_multi_queue",
          "requested_parallel_lanes": 4,
          "single_lane_gpu_samples_us": [
            [
              54.8,
              3.24,
              2.64,
              2.4
            ],
            [
              33.08,
              3.28,
              2.84,
              2.48
            ],
            [
              32.28,
              2.76,
              2.68,
              2.88
            ],
            [
              16.56,
              2.36,
              2.96,
              2.6
            ],
            [
              31.16,
              3.36,
              2.52,
              2.56
            ]
          ],
          "submission_strategy": "vulkan_multi_queue"
        },
        "hardware": {
          "actual_independent_lanes": 4,
          "api_version": "1.4.318",
          "calibrated_timestamp_extension": "VK_KHR_calibrated_timestamps",
          "device_id": 30032,
          "device_name": "AMD Radeon Graphics (RADV GFX1201)",
          "device_type": 2,
          "driver_version_raw": 104865800,
          "queue_family": 1,
          "queue_flags": 14,
          "queue_timestamp_valid_bits": 64,
          "requested_api_version": "1.2",
          "requested_independent_lanes": 4,
          "shader_integer_dot_product": true,
          "storage_buffer_16bit": true,
          "timeline_semaphore": true,
          "vendor_id": 4098
        },
        "in_features": 768,
        "local_size": 64,
        "median_us": 11.924,
        "numeric_correctness": {
          "burst": {
            "exact_bf16_mismatches": 2785,
            "expected_repetitions": [
              0,
              1,
              2,
              3,
              4,
              5,
              6,
              7,
              8,
              9
            ],
            "kl_divergence": 7.509737071e-05,
            "max_abs": 0.03125,
            "mean_abs": 0.001078635454,
            "outputs_checked": 10,
            "pass": true,
            "top1": 1
          },
          "single": {
            "exact_bf16_mismatches": 251,
            "expected_repetitions": [
              0
            ],
            "kl_divergence": 3.301283582e-07,
            "max_abs": 0.015625,
            "mean_abs": 0.0002901772968,
            "outputs_checked": 1,
            "pass": true,
            "top1": 1
          }
        },
        "operation": "q8_0_dense_dp4a_quantize_plus_dot",
        "out_features": 2048,
        "q8_0_weight_bytes": 1671168,
        "q8_blocks_per_row": 24,
        "row_tile": 1,
        "rows": 1,
        "sequence_validation": {
          "burst_expected_repetitions": [
            0,
            1,
            2,
            3,
            4,
            5,
            6,
            7,
            8,
            9
          ],
          "input_repetition_pattern": "distinct_deterministic_salt",
          "output_partitioning": "disjoint",
          "single_expected_repetitions": [
            0
          ],
          "xq_partitioning": "disjoint"
        },
        "submission": {
          "completion_in_host_wall": true,
          "queue_or_stream_count": 4,
          "recording_in_timed_region": false,
          "strategy": "vulkan_multi_queue",
          "submit_in_host_wall": true
        },
        "timing": {
          "burst": {
            "dispatches_per_iteration": 2,
            "gpu_elapsed": {
              "clock": "vulkan_calibrated_multi_queue_timestamp_span",
              "per_iteration_us": {
                "max": 15.991999999999999,
                "median": 11.924,
                "min": 11.652,
                "n": 5,
                "p05": 11.6912,
                "p95": 15.9432,
                "samples": 5,
                "stdev": 1.993437874627649
              },
              "sequence_us": {
                "max": 159.92,
                "median": 119.24,
                "min": 116.52,
                "n": 5,
                "p05": 116.912,
                "p95": 159.432,
                "samples": 5,
                "stdev": 19.93437874627649
              },
              "status": "ok"
            },
            "host_wall": {
              "clock": "steady_clock",
              "per_iteration_us": {
                "max": 24.9454,
                "median": 19.7053,
                "min": 19.2043,
                "n": 5,
                "p05": 19.253500000000003,
                "p95": 24.748379999999997,
                "samples": 5,
                "stdev": 2.4740786263981183
              },
              "sequence_us": {
                "max": 249.454,
                "median": 197.053,
                "min": 192.043,
                "n": 5,
                "p05": 192.53500000000003,
                "p95": 247.4838,
                "samples": 5,
                "stdev": 24.74078626398119
              },
              "status": "ok"
            },
            "logical_iterations": 10
          },
          "single": {
            "dispatches_per_iteration": 2,
            "gpu_elapsed": {
              "clock": "vulkan_calibrated_multi_queue_timestamp_span",
              "per_iteration_us": {
                "max": 76.04,
                "median": 54.12,
                "min": 39.68,
                "n": 5,
                "p05": 41.888,
                "p95": 72.272,
                "samples": 5,
                "stdev": 11.830412334318702
              },
              "sequence_us": {
                "max": 76.04,
                "median": 54.12,
                "min": 39.68,
                "n": 5,
                "p05": 41.888,
                "p95": 72.272,
                "samples": 5,
                "stdev": 11.830412334318702
              },
              "status": "ok"
            },
            "host_wall": {
              "clock": "steady_clock",
              "per_iteration_us": {
                "max": 150.892,
                "median": 138.922,
                "min": 113.442,
                "n": 5,
                "p05": 114.65800000000002,
                "p95": 150.564,
                "samples": 5,
                "stdev": 15.320632624013934
              },
              "sequence_us": {
                "max": 150.892,
                "median": 138.922,
                "min": 113.442,
                "n": 5,
                "p05": 114.65800000000002,
                "p95": 150.564,
                "samples": 5,
                "stdev": 15.320632624013934
              },
              "status": "ok"
            },
            "logical_iterations": 1
          }
        },
        "timing_mode": "independent_throughput",
        "variant": "single",
        "workgroup_match": "vulkan_diagnostic_unmatched"
      },
      {
        "backend": "vulkan",
        "correctness": {
          "single_dispatch": {
            "oracle": "CPU Q8_0 dense q8_1+dp4a BF16 logits with KL <= 0.05 and top-1 >= 90%",
            "status": "pass"
          },
          "synchronization": {
            "barrier_count": 0,
            "method": "disjoint_xq_and_output_slices",
            "status": "pass"
          },
          "timed_sequence": {
            "coverage": "all_dispatches",
            "logical_iterations": 10,
            "oracle": "CPU Q8_0 dense q8_1+dp4a BF16 logits with KL <= 0.05 and top-1 >= 90%",
            "status": "pass"
          }
        },
        "correctness_pass": true,
        "dependency_contract": {
          "inter_dispatch_ordering": "none",
          "output_partitioning": "disjoint",
          "validation_status": "pass",
          "work_dependency": "independent"
        },
        "execution": {
          "actual_parallel_lanes": 1,
          "burst_lane_gpu_samples_us": [],
          "calibrated_timestamp_domain": false,
          "calibrated_timestamp_extension": "",
          "lane_assignment": "single_command_buffer",
          "requested_parallel_lanes": 4,
          "single_lane_gpu_samples_us": [],
          "submission_strategy": "vulkan_command_buffer"
        },
        "hardware": {
          "actual_independent_lanes": 4,
          "api_version": "1.4.318",
          "calibrated_timestamp_extension": "VK_KHR_calibrated_timestamps",
          "device_id": 30032,
          "device_name": "AMD Radeon Graphics (RADV GFX1201)",
          "device_type": 2,
          "driver_version_raw": 104865800,
          "queue_family": 1,
          "queue_flags": 14,
          "queue_timestamp_valid_bits": 64,
          "requested_api_version": "1.2",
          "requested_independent_lanes": 4,
          "shader_integer_dot_product": true,
          "storage_buffer_16bit": true,
          "timeline_semaphore": true,
          "vendor_id": 4098
        },
        "in_features": 768,
        "local_size": 64,
        "median_us": 15.584,
        "numeric_correctness": {
          "burst": {
            "exact_bf16_mismatches": 13155,
            "expected_repetitions": [
              0,
              1,
              2,
              3,
              4,
              5,
              6,
              7,
              8,
              9
            ],
            "kl_divergence": 7.737942242e-05,
            "max_abs": 0.03125,
            "mean_abs": 0.0008274186403,
            "outputs_checked": 10,
            "pass": true,
            "top1": 1
          },
          "single": {
            "exact_bf16_mismatches": 1232,
            "expected_repetitions": [
              0
            ],
            "kl_divergence": 3.999396507e-05,
            "max_abs": 0.03125,
            "mean_abs": 0.0005773062585,
            "outputs_checked": 1,
            "pass": true,
            "top1": 1
          }
        },
        "operation": "q8_0_dense_dp4a_dot_prequantized",
        "out_features": 2048,
        "q8_0_weight_bytes": 1671168,
        "q8_blocks_per_row": 24,
        "row_tile": 1,
        "rows": 4,
        "sequence_validation": {
          "burst_expected_repetitions": [
            0,
            1,
            2,
            3,
            4,
            5,
            6,
            7,
            8,
            9
          ],
          "input_repetition_pattern": "distinct_deterministic_salt",
          "output_partitioning": "disjoint",
          "single_expected_repetitions": [
            0
          ],
          "xq_partitioning": "disjoint"
        },
        "submission": {
          "completion_in_host_wall": true,
          "queue_or_stream_count": 1,
          "recording_in_timed_region": false,
          "strategy": "vulkan_command_buffer",
          "submit_in_host_wall": true
        },
        "timing": {
          "burst": {
            "dispatches_per_iteration": 1,
            "gpu_elapsed": {
              "clock": "vulkan_timestamp",
              "per_iteration_us": {
                "max": 15.62,
                "median": 15.584,
                "min": 15.536000000000001,
                "n": 5,
                "p05": 15.538400000000003,
                "p95": 15.6152,
                "samples": 5,
                "stdev": 0.030921836944140038
              },
              "sequence_us": {
                "max": 156.2,
                "median": 155.84,
                "min": 155.36,
                "n": 5,
                "p05": 155.38400000000001,
                "p95": 156.152,
                "samples": 5,
                "stdev": 0.3092183694413993
              },
              "status": "ok"
            },
            "host_wall": {
              "clock": "steady_clock",
              "per_iteration_us": {
                "max": 20.9633,
                "median": 20.8803,
                "min": 20.732300000000002,
                "n": 5,
                "p05": 20.7407,
                "p95": 20.9583,
                "samples": 5,
                "stdev": 0.09037610303614521
              },
              "sequence_us": {
                "max": 209.633,
                "median": 208.803,
                "min": 207.323,
                "n": 5,
                "p05": 207.407,
                "p95": 209.58300000000003,
                "samples": 5,
                "stdev": 0.9037610303614584
              },
              "status": "ok"
            },
            "logical_iterations": 10
          },
          "single": {
            "dispatches_per_iteration": 1,
            "gpu_elapsed": {
              "clock": "vulkan_timestamp",
              "per_iteration_us": {
                "max": 23.52,
                "median": 23.4,
                "min": 23.08,
                "n": 5,
                "p05": 23.112,
                "p95": 23.503999999999998,
                "samples": 5,
                "stdev": 0.1571750616351087
              },
              "sequence_us": {
                "max": 23.52,
                "median": 23.4,
                "min": 23.08,
                "n": 5,
                "p05": 23.112,
                "p95": 23.503999999999998,
                "samples": 5,
                "stdev": 0.1571750616351087
              },
              "status": "ok"
            },
            "host_wall": {
              "clock": "steady_clock",
              "per_iteration_us": {
                "max": 76.832,
                "median": 75.761,
                "min": 67.951,
                "n": 5,
                "p05": 69.509,
                "p95": 76.7278,
                "samples": 5,
                "stdev": 3.3086463939200295
              },
              "sequence_us": {
                "max": 76.832,
                "median": 75.761,
                "min": 67.951,
                "n": 5,
                "p05": 69.509,
                "p95": 76.7278,
                "samples": 5,
                "stdev": 3.3086463939200295
              },
              "status": "ok"
            },
            "logical_iterations": 1
          }
        },
        "timing_mode": "independent_throughput",
        "variant": "single",
        "workgroup_match": "vulkan_diagnostic_unmatched"
      },
      {
        "backend": "vulkan",
        "correctness": {
          "single_dispatch": {
            "oracle": "CPU Q8_0 dense q8_1+dp4a BF16 logits with KL <= 0.05 and top-1 >= 90%",
            "status": "pass"
          },
          "synchronization": {
            "barrier_count": 10,
            "method": "timeline_coordinated_multi_queue_disjoint_slices",
            "status": "pass"
          },
          "timed_sequence": {
            "coverage": "all_dispatches",
            "logical_iterations": 10,
            "oracle": "CPU Q8_0 dense q8_1+dp4a BF16 logits with KL <= 0.05 and top-1 >= 90%",
            "status": "pass"
          }
        },
        "correctness_pass": true,
        "dependency_contract": {
          "inter_dispatch_ordering": "none",
          "output_partitioning": "disjoint",
          "validation_status": "pass",
          "work_dependency": "independent"
        },
        "execution": {
          "actual_parallel_lanes": 4,
          "burst_lane_gpu_samples_us": [
            [
              123.44,
              91.36,
              103.84,
              54.32
            ],
            [
              158.52,
              139.52,
              65.48,
              75.92
            ],
            [
              124,
              91.24,
              104.2,
              54.24
            ],
            [
              158.96,
              140.32,
              64.84,
              76.04
            ],
            [
              124.04,
              91.4,
              104.44,
              54.24
            ]
          ],
          "calibrated_timestamp_domain": true,
          "calibrated_timestamp_extension": "VK_KHR_calibrated_timestamps",
          "lane_assignment": "round_robin_multi_queue",
          "requested_parallel_lanes": 4,
          "single_lane_gpu_samples_us": [
            [
              25.76,
              3.12,
              2.84,
              3.12
            ],
            [
              25.16,
              3.16,
              2.84,
              3.12
            ],
            [
              36.84,
              3.24,
              2.52,
              2.76
            ],
            [
              25.88,
              3.32,
              2.56,
              2.88
            ],
            [
              36.96,
              2.68,
              3.4,
              2.72
            ]
          ],
          "submission_strategy": "vulkan_multi_queue"
        },
        "hardware": {
          "actual_independent_lanes": 4,
          "api_version": "1.4.318",
          "calibrated_timestamp_extension": "VK_KHR_calibrated_timestamps",
          "device_id": 30032,
          "device_name": "AMD Radeon Graphics (RADV GFX1201)",
          "device_type": 2,
          "driver_version_raw": 104865800,
          "queue_family": 1,
          "queue_flags": 14,
          "queue_timestamp_valid_bits": 64,
          "requested_api_version": "1.2",
          "requested_independent_lanes": 4,
          "shader_integer_dot_product": true,
          "storage_buffer_16bit": true,
          "timeline_semaphore": true,
          "vendor_id": 4098
        },
        "in_features": 768,
        "local_size": 64,
        "median_us": 17.656,
        "numeric_correctness": {
          "burst": {
            "exact_bf16_mismatches": 13155,
            "expected_repetitions": [
              0,
              1,
              2,
              3,
              4,
              5,
              6,
              7,
              8,
              9
            ],
            "kl_divergence": 7.737942242e-05,
            "max_abs": 0.03125,
            "mean_abs": 0.0008274186403,
            "outputs_checked": 10,
            "pass": true,
            "top1": 1
          },
          "single": {
            "exact_bf16_mismatches": 1232,
            "expected_repetitions": [
              0
            ],
            "kl_divergence": 3.999396507e-05,
            "max_abs": 0.03125,
            "mean_abs": 0.0005773062585,
            "outputs_checked": 1,
            "pass": true,
            "top1": 1
          }
        },
        "operation": "q8_0_dense_dp4a_quantize_plus_dot",
        "out_features": 2048,
        "q8_0_weight_bytes": 1671168,
        "q8_blocks_per_row": 24,
        "row_tile": 1,
        "rows": 4,
        "sequence_validation": {
          "burst_expected_repetitions": [
            0,
            1,
            2,
            3,
            4,
            5,
            6,
            7,
            8,
            9
          ],
          "input_repetition_pattern": "distinct_deterministic_salt",
          "output_partitioning": "disjoint",
          "single_expected_repetitions": [
            0
          ],
          "xq_partitioning": "disjoint"
        },
        "submission": {
          "completion_in_host_wall": true,
          "queue_or_stream_count": 4,
          "recording_in_timed_region": false,
          "strategy": "vulkan_multi_queue",
          "submit_in_host_wall": true
        },
        "timing": {
          "burst": {
            "dispatches_per_iteration": 2,
            "gpu_elapsed": {
              "clock": "vulkan_calibrated_multi_queue_timestamp_span",
              "per_iteration_us": {
                "max": 23.54,
                "median": 17.656,
                "min": 17.624000000000002,
                "n": 5,
                "p05": 17.628000000000004,
                "p95": 23.523999999999997,
                "samples": 5,
                "stdev": 2.8702784812627504
              },
              "sequence_us": {
                "max": 235.4,
                "median": 176.56,
                "min": 176.24,
                "n": 5,
                "p05": 176.28000000000003,
                "p95": 235.24,
                "samples": 5,
                "stdev": 28.702784812627502
              },
              "status": "ok"
            },
            "host_wall": {
              "clock": "steady_clock",
              "per_iteration_us": {
                "max": 31.941399999999998,
                "median": 25.3794,
                "min": 25.011400000000002,
                "n": 5,
                "p05": 25.066000000000003,
                "p95": 31.88982,
                "samples": 5,
                "stdev": 3.2304362519015903
              },
              "sequence_us": {
                "max": 319.414,
                "median": 253.794,
                "min": 250.114,
                "n": 5,
                "p05": 250.66000000000003,
                "p95": 318.8982,
                "samples": 5,
                "stdev": 32.3043625190159
              },
              "status": "ok"
            },
            "logical_iterations": 10
          },
          "single": {
            "dispatches_per_iteration": 2,
            "gpu_elapsed": {
              "clock": "vulkan_calibrated_multi_queue_timestamp_span",
              "per_iteration_us": {
                "max": 70.36,
                "median": 53.6,
                "min": 45.04,
                "n": 5,
                "p05": 45.752,
                "p95": 70.36,
                "samples": 5,
                "stdev": 10.773935956743014
              },
              "sequence_us": {
                "max": 70.36,
                "median": 53.6,
                "min": 45.04,
                "n": 5,
                "p05": 45.752,
                "p95": 70.36,
                "samples": 5,
                "stdev": 10.773935956743014
              },
              "status": "ok"
            },
            "host_wall": {
              "clock": "steady_clock",
              "per_iteration_us": {
                "max": 136.142,
                "median": 133.712,
                "min": 116.562,
                "n": 5,
                "p05": 118.1178,
                "p95": 135.946,
                "samples": 5,
                "stdev": 7.58185419010416
              },
              "sequence_us": {
                "max": 136.142,
                "median": 133.712,
                "min": 116.562,
                "n": 5,
                "p05": 118.1178,
                "p95": 135.946,
                "samples": 5,
                "stdev": 7.58185419010416
              },
              "status": "ok"
            },
            "logical_iterations": 1
          }
        },
        "timing_mode": "independent_throughput",
        "variant": "single",
        "workgroup_match": "vulkan_diagnostic_unmatched"
      },
      {
        "backend": "vulkan",
        "correctness": {
          "single_dispatch": {
            "oracle": "CPU Q8_0 dense q8_1+dp4a BF16 logits with KL <= 0.05 and top-1 >= 90%",
            "status": "pass"
          },
          "synchronization": {
            "barrier_count": 0,
            "method": "disjoint_xq_and_output_slices",
            "status": "pass"
          },
          "timed_sequence": {
            "coverage": "all_dispatches",
            "logical_iterations": 10,
            "oracle": "CPU Q8_0 dense q8_1+dp4a BF16 logits with KL <= 0.05 and top-1 >= 90%",
            "status": "pass"
          }
        },
        "correctness_pass": true,
        "dependency_contract": {
          "inter_dispatch_ordering": "none",
          "output_partitioning": "disjoint",
          "validation_status": "pass",
          "work_dependency": "independent"
        },
        "execution": {
          "actual_parallel_lanes": 1,
          "burst_lane_gpu_samples_us": [],
          "calibrated_timestamp_domain": false,
          "calibrated_timestamp_extension": "",
          "lane_assignment": "single_command_buffer",
          "requested_parallel_lanes": 4,
          "single_lane_gpu_samples_us": [],
          "submission_strategy": "vulkan_command_buffer"
        },
        "hardware": {
          "actual_independent_lanes": 4,
          "api_version": "1.4.318",
          "calibrated_timestamp_extension": "VK_KHR_calibrated_timestamps",
          "device_id": 30032,
          "device_name": "AMD Radeon Graphics (RADV GFX1201)",
          "device_type": 2,
          "driver_version_raw": 104865800,
          "queue_family": 1,
          "queue_flags": 14,
          "queue_timestamp_valid_bits": 64,
          "requested_api_version": "1.2",
          "requested_independent_lanes": 4,
          "shader_integer_dot_product": true,
          "storage_buffer_16bit": true,
          "timeline_semaphore": true,
          "vendor_id": 4098
        },
        "in_features": 2048,
        "local_size": 64,
        "median_us": 13.443999999999999,
        "numeric_correctness": {
          "burst": {
            "exact_bf16_mismatches": 2500,
            "expected_repetitions": [
              0,
              1,
              2,
              3,
              4,
              5,
              6,
              7,
              8,
              9
            ],
            "kl_divergence": 7.475795864e-05,
            "max_abs": 0.0625,
            "mean_abs": 0.001559987664,
            "outputs_checked": 10,
            "pass": true,
            "top1": 1
          },
          "single": {
            "exact_bf16_mismatches": 41,
            "expected_repetitions": [
              0
            ],
            "kl_divergence": 2.576833846e-09,
            "max_abs": 0.03125,
            "mean_abs": 0.0005187988281,
            "outputs_checked": 1,
            "pass": true,
            "top1": 1
          }
        },
        "operation": "q8_0_dense_dp4a_dot_prequantized",
        "out_features": 2048,
        "q8_0_weight_bytes": 4456448,
        "q8_blocks_per_row": 64,
        "row_tile": 1,
        "rows": 1,
        "sequence_validation": {
          "burst_expected_repetitions": [
            0,
            1,
            2,
            3,
            4,
            5,
            6,
            7,
            8,
            9
          ],
          "input_repetition_pattern": "distinct_deterministic_salt",
          "output_partitioning": "disjoint",
          "single_expected_repetitions": [
            0
          ],
          "xq_partitioning": "disjoint"
        },
        "submission": {
          "completion_in_host_wall": true,
          "queue_or_stream_count": 1,
          "recording_in_timed_region": false,
          "strategy": "vulkan_command_buffer",
          "submit_in_host_wall": true
        },
        "timing": {
          "burst": {
            "dispatches_per_iteration": 1,
            "gpu_elapsed": {
              "clock": "vulkan_timestamp",
              "per_iteration_us": {
                "max": 13.472,
                "median": 13.443999999999999,
                "min": 13.408000000000001,
                "n": 5,
                "p05": 13.412000000000003,
                "p95": 13.468,
                "samples": 5,
                "stdev": 0.021673947494630048
              },
              "sequence_us": {
                "max": 134.72,
                "median": 134.44,
                "min": 134.08,
                "n": 5,
                "p05": 134.12,
                "p95": 134.68,
                "samples": 5,
                "stdev": 0.2167394749463018
              },
              "status": "ok"
            },
            "host_wall": {
              "clock": "steady_clock",
              "per_iteration_us": {
                "max": 19.9173,
                "median": 19.7882,
                "min": 19.6283,
                "n": 5,
                "p05": 19.64768,
                "p95": 19.8975,
                "samples": 5,
                "stdev": 0.09622711883871447
              },
              "sequence_us": {
                "max": 199.173,
                "median": 197.882,
                "min": 196.283,
                "n": 5,
                "p05": 196.4768,
                "p95": 198.97500000000002,
                "samples": 5,
                "stdev": 0.9622711883871437
              },
              "status": "ok"
            },
            "logical_iterations": 10
          },
          "single": {
            "dispatches_per_iteration": 1,
            "gpu_elapsed": {
              "clock": "vulkan_timestamp",
              "per_iteration_us": {
                "max": 24.2,
                "median": 23.08,
                "min": 22.56,
                "n": 5,
                "p05": 22.656,
                "p95": 24.016,
                "samples": 5,
                "stdev": 0.5386798678250379
              },
              "sequence_us": {
                "max": 24.2,
                "median": 23.08,
                "min": 22.56,
                "n": 5,
                "p05": 22.656,
                "p95": 24.016,
                "samples": 5,
                "stdev": 0.5386798678250379
              },
              "status": "ok"
            },
            "host_wall": {
              "clock": "steady_clock",
              "per_iteration_us": {
                "max": 87.471,
                "median": 85.462,
                "min": 77.212,
                "n": 5,
                "p05": 78.77980000000001,
                "p95": 87.353,
                "samples": 5,
                "stdev": 3.7095607610605326
              },
              "sequence_us": {
                "max": 87.471,
                "median": 85.462,
                "min": 77.212,
                "n": 5,
                "p05": 78.77980000000001,
                "p95": 87.353,
                "samples": 5,
                "stdev": 3.7095607610605326
              },
              "status": "ok"
            },
            "logical_iterations": 1
          }
        },
        "timing_mode": "independent_throughput",
        "variant": "single",
        "workgroup_match": "vulkan_diagnostic_unmatched"
      },
      {
        "backend": "vulkan",
        "correctness": {
          "single_dispatch": {
            "oracle": "CPU Q8_0 dense q8_1+dp4a BF16 logits with KL <= 0.05 and top-1 >= 90%",
            "status": "pass"
          },
          "synchronization": {
            "barrier_count": 10,
            "method": "timeline_coordinated_multi_queue_disjoint_slices",
            "status": "pass"
          },
          "timed_sequence": {
            "coverage": "all_dispatches",
            "logical_iterations": 10,
            "oracle": "CPU Q8_0 dense q8_1+dp4a BF16 logits with KL <= 0.05 and top-1 >= 90%",
            "status": "pass"
          }
        },
        "correctness_pass": true,
        "dependency_contract": {
          "inter_dispatch_ordering": "none",
          "output_partitioning": "disjoint",
          "validation_status": "pass",
          "work_dependency": "independent"
        },
        "execution": {
          "actual_parallel_lanes": 4,
          "burst_lane_gpu_samples_us": [
            [
              54.08,
              97.72,
              80.48,
              48.52
            ],
            [
              92.56,
              59.32,
              82.52,
              31.6
            ],
            [
              53.32,
              105.64,
              85.24,
              47.44
            ],
            [
              80.12,
              66.56,
              73.16,
              42.2
            ],
            [
              53.84,
              105.24,
              84.2,
              40.32
            ]
          ],
          "calibrated_timestamp_domain": true,
          "calibrated_timestamp_extension": "VK_KHR_calibrated_timestamps",
          "lane_assignment": "round_robin_multi_queue",
          "requested_parallel_lanes": 4,
          "single_lane_gpu_samples_us": [
            [
              18.96,
              2.48,
              2.92,
              2.24
            ],
            [
              30.24,
              2.8,
              2.36,
              2
            ],
            [
              19.32,
              2.64,
              2.24,
              2.88
            ],
            [
              19.56,
              3.04,
              2.8,
              2.44
            ],
            [
              20.16,
              3,
              2.28,
              1.8
            ]
          ],
          "submission_strategy": "vulkan_multi_queue"
        },
        "hardware": {
          "actual_independent_lanes": 4,
          "api_version": "1.4.318",
          "calibrated_timestamp_extension": "VK_KHR_calibrated_timestamps",
          "device_id": 30032,
          "device_name": "AMD Radeon Graphics (RADV GFX1201)",
          "device_type": 2,
          "driver_version_raw": 104865800,
          "queue_family": 1,
          "queue_flags": 14,
          "queue_timestamp_valid_bits": 64,
          "requested_api_version": "1.2",
          "requested_independent_lanes": 4,
          "shader_integer_dot_product": true,
          "storage_buffer_16bit": true,
          "timeline_semaphore": true,
          "vendor_id": 4098
        },
        "in_features": 2048,
        "local_size": 64,
        "median_us": 12.308,
        "numeric_correctness": {
          "burst": {
            "exact_bf16_mismatches": 2500,
            "expected_repetitions": [
              0,
              1,
              2,
              3,
              4,
              5,
              6,
              7,
              8,
              9
            ],
            "kl_divergence": 7.475795864e-05,
            "max_abs": 0.0625,
            "mean_abs": 0.001559987664,
            "outputs_checked": 10,
            "pass": true,
            "top1": 1
          },
          "single": {
            "exact_bf16_mismatches": 41,
            "expected_repetitions": [
              0
            ],
            "kl_divergence": 2.576833846e-09,
            "max_abs": 0.03125,
            "mean_abs": 0.0005187988281,
            "outputs_checked": 1,
            "pass": true,
            "top1": 1
          }
        },
        "operation": "q8_0_dense_dp4a_quantize_plus_dot",
        "out_features": 2048,
        "q8_0_weight_bytes": 4456448,
        "q8_blocks_per_row": 64,
        "row_tile": 1,
        "rows": 1,
        "sequence_validation": {
          "burst_expected_repetitions": [
            0,
            1,
            2,
            3,
            4,
            5,
            6,
            7,
            8,
            9
          ],
          "input_repetition_pattern": "distinct_deterministic_salt",
          "output_partitioning": "disjoint",
          "single_expected_repetitions": [
            0
          ],
          "xq_partitioning": "disjoint"
        },
        "submission": {
          "completion_in_host_wall": true,
          "queue_or_stream_count": 4,
          "recording_in_timed_region": false,
          "strategy": "vulkan_multi_queue",
          "submit_in_host_wall": true
        },
        "timing": {
          "burst": {
            "dispatches_per_iteration": 2,
            "gpu_elapsed": {
              "clock": "vulkan_calibrated_multi_queue_timestamp_span",
              "per_iteration_us": {
                "max": 15.02,
                "median": 12.308,
                "min": 11.952,
                "n": 5,
                "p05": 12.004000000000001,
                "p95": 14.9232,
                "samples": 5,
                "stdev": 1.2981872900317584
              },
              "sequence_us": {
                "max": 150.2,
                "median": 123.08,
                "min": 119.52,
                "n": 5,
                "p05": 120.04,
                "p95": 149.232,
                "samples": 5,
                "stdev": 12.981872900317581
              },
              "status": "ok"
            },
            "host_wall": {
              "clock": "steady_clock",
              "per_iteration_us": {
                "max": 23.2073,
                "median": 20.322300000000002,
                "min": 18.8873,
                "n": 5,
                "p05": 19.0461,
                "p95": 23.127719999999997,
                "samples": 5,
                "stdev": 1.7208220342615328
              },
              "sequence_us": {
                "max": 232.073,
                "median": 203.223,
                "min": 188.873,
                "n": 5,
                "p05": 190.461,
                "p95": 231.27720000000002,
                "samples": 5,
                "stdev": 17.20822034261533
              },
              "status": "ok"
            },
            "logical_iterations": 10
          },
          "single": {
            "dispatches_per_iteration": 2,
            "gpu_elapsed": {
              "clock": "vulkan_calibrated_multi_queue_timestamp_span",
              "per_iteration_us": {
                "max": 62.56,
                "median": 50.88,
                "min": 44.12,
                "n": 5,
                "p05": 44.84,
                "p95": 61.92,
                "samples": 5,
                "stdev": 6.972008032123888
              },
              "sequence_us": {
                "max": 62.56,
                "median": 50.88,
                "min": 44.12,
                "n": 5,
                "p05": 44.84,
                "p95": 61.92,
                "samples": 5,
                "stdev": 6.972008032123888
              },
              "status": "ok"
            },
            "host_wall": {
              "clock": "steady_clock",
              "per_iteration_us": {
                "max": 128.451,
                "median": 121.842,
                "min": 107.092,
                "n": 5,
                "p05": 108.47980000000001,
                "p95": 128.2732,
                "samples": 5,
                "stdev": 8.173527233697822
              },
              "sequence_us": {
                "max": 128.451,
                "median": 121.842,
                "min": 107.092,
                "n": 5,
                "p05": 108.47980000000001,
                "p95": 128.2732,
                "samples": 5,
                "stdev": 8.173527233697822
              },
              "status": "ok"
            },
            "logical_iterations": 1
          }
        },
        "timing_mode": "independent_throughput",
        "variant": "single",
        "workgroup_match": "vulkan_diagnostic_unmatched"
      },
      {
        "backend": "vulkan",
        "correctness": {
          "single_dispatch": {
            "oracle": "CPU Q8_0 dense q8_1+dp4a BF16 logits with KL <= 0.05 and top-1 >= 90%",
            "status": "pass"
          },
          "synchronization": {
            "barrier_count": 0,
            "method": "disjoint_xq_and_output_slices",
            "status": "pass"
          },
          "timed_sequence": {
            "coverage": "all_dispatches",
            "logical_iterations": 10,
            "oracle": "CPU Q8_0 dense q8_1+dp4a BF16 logits with KL <= 0.05 and top-1 >= 90%",
            "status": "pass"
          }
        },
        "correctness_pass": true,
        "dependency_contract": {
          "inter_dispatch_ordering": "none",
          "output_partitioning": "disjoint",
          "validation_status": "pass",
          "work_dependency": "independent"
        },
        "execution": {
          "actual_parallel_lanes": 1,
          "burst_lane_gpu_samples_us": [],
          "calibrated_timestamp_domain": false,
          "calibrated_timestamp_extension": "",
          "lane_assignment": "single_command_buffer",
          "requested_parallel_lanes": 4,
          "single_lane_gpu_samples_us": [],
          "submission_strategy": "vulkan_command_buffer"
        },
        "hardware": {
          "actual_independent_lanes": 4,
          "api_version": "1.4.318",
          "calibrated_timestamp_extension": "VK_KHR_calibrated_timestamps",
          "device_id": 30032,
          "device_name": "AMD Radeon Graphics (RADV GFX1201)",
          "device_type": 2,
          "driver_version_raw": 104865800,
          "queue_family": 1,
          "queue_flags": 14,
          "queue_timestamp_valid_bits": 64,
          "requested_api_version": "1.2",
          "requested_independent_lanes": 4,
          "shader_integer_dot_product": true,
          "storage_buffer_16bit": true,
          "timeline_semaphore": true,
          "vendor_id": 4098
        },
        "in_features": 2048,
        "local_size": 64,
        "median_us": 50.768,
        "numeric_correctness": {
          "burst": {
            "exact_bf16_mismatches": 12989,
            "expected_repetitions": [
              0,
              1,
              2,
              3,
              4,
              5,
              6,
              7,
              8,
              9
            ],
            "kl_divergence": 0.0001183141109,
            "max_abs": 0.0625,
            "mean_abs": 0.001415863866,
            "outputs_checked": 10,
            "pass": true,
            "top1": 1
          },
          "single": {
            "exact_bf16_mismatches": 1017,
            "expected_repetitions": [
              0
            ],
            "kl_divergence": 4.436209871e-06,
            "max_abs": 0.03125,
            "mean_abs": 0.000759601593,
            "outputs_checked": 1,
            "pass": true,
            "top1": 1
          }
        },
        "operation": "q8_0_dense_dp4a_dot_prequantized",
        "out_features": 2048,
        "q8_0_weight_bytes": 4456448,
        "q8_blocks_per_row": 64,
        "row_tile": 1,
        "rows": 4,
        "sequence_validation": {
          "burst_expected_repetitions": [
            0,
            1,
            2,
            3,
            4,
            5,
            6,
            7,
            8,
            9
          ],
          "input_repetition_pattern": "distinct_deterministic_salt",
          "output_partitioning": "disjoint",
          "single_expected_repetitions": [
            0
          ],
          "xq_partitioning": "disjoint"
        },
        "submission": {
          "completion_in_host_wall": true,
          "queue_or_stream_count": 1,
          "recording_in_timed_region": false,
          "strategy": "vulkan_command_buffer",
          "submit_in_host_wall": true
        },
        "timing": {
          "burst": {
            "dispatches_per_iteration": 1,
            "gpu_elapsed": {
              "clock": "vulkan_timestamp",
              "per_iteration_us": {
                "max": 50.78,
                "median": 50.768,
                "min": 50.748000000000005,
                "n": 5,
                "p05": 50.751200000000004,
                "p95": 50.7792,
                "samples": 5,
                "stdev": 0.01114271062174561
              },
              "sequence_us": {
                "max": 507.8,
                "median": 507.68,
                "min": 507.48,
                "n": 5,
                "p05": 507.51200000000006,
                "p95": 507.792,
                "samples": 5,
                "stdev": 0.11142710621746875
              },
              "status": "ok"
            },
            "host_wall": {
              "clock": "steady_clock",
              "per_iteration_us": {
                "max": 57.1908,
                "median": 57.1548,
                "min": 56.9818,
                "n": 5,
                "p05": 57.013220000000004,
                "p95": 57.1858,
                "samples": 5,
                "stdev": 0.07425858603555668
              },
              "sequence_us": {
                "max": 571.908,
                "median": 571.548,
                "min": 569.818,
                "n": 5,
                "p05": 570.1322,
                "p95": 571.8580000000001,
                "samples": 5,
                "stdev": 0.7425858603555663
              },
              "status": "ok"
            },
            "logical_iterations": 10
          },
          "single": {
            "dispatches_per_iteration": 1,
            "gpu_elapsed": {
              "clock": "vulkan_timestamp",
              "per_iteration_us": {
                "max": 60.36,
                "median": 59.88,
                "min": 59.52,
                "n": 5,
                "p05": 59.57600000000001,
                "p95": 60.28,
                "samples": 5,
                "stdev": 0.27199999999999913
              },
              "sequence_us": {
                "max": 60.36,
                "median": 59.88,
                "min": 59.52,
                "n": 5,
                "p05": 59.57600000000001,
                "p95": 60.28,
                "samples": 5,
                "stdev": 0.27199999999999913
              },
              "status": "ok"
            },
            "host_wall": {
              "clock": "steady_clock",
              "per_iteration_us": {
                "max": 124.022,
                "median": 122.602,
                "min": 118.562,
                "n": 5,
                "p05": 119.22600000000001,
                "p95": 123.858,
                "samples": 5,
                "stdev": 1.8822794691543567
              },
              "sequence_us": {
                "max": 124.022,
                "median": 122.602,
                "min": 118.562,
                "n": 5,
                "p05": 119.22600000000001,
                "p95": 123.858,
                "samples": 5,
                "stdev": 1.8822794691543567
              },
              "status": "ok"
            },
            "logical_iterations": 1
          }
        },
        "timing_mode": "independent_throughput",
        "variant": "single",
        "workgroup_match": "vulkan_diagnostic_unmatched"
      },
      {
        "backend": "vulkan",
        "correctness": {
          "single_dispatch": {
            "oracle": "CPU Q8_0 dense q8_1+dp4a BF16 logits with KL <= 0.05 and top-1 >= 90%",
            "status": "pass"
          },
          "synchronization": {
            "barrier_count": 10,
            "method": "timeline_coordinated_multi_queue_disjoint_slices",
            "status": "pass"
          },
          "timed_sequence": {
            "coverage": "all_dispatches",
            "logical_iterations": 10,
            "oracle": "CPU Q8_0 dense q8_1+dp4a BF16 logits with KL <= 0.05 and top-1 >= 90%",
            "status": "pass"
          }
        },
        "correctness_pass": true,
        "dependency_contract": {
          "inter_dispatch_ordering": "none",
          "output_partitioning": "disjoint",
          "validation_status": "pass",
          "work_dependency": "independent"
        },
        "execution": {
          "actual_parallel_lanes": 4,
          "burst_lane_gpu_samples_us": [
            [
              166.2,
              199.92,
              216.92,
              220.08
            ],
            [
              341.24,
              230.36,
              278.36,
              130.28
            ],
            [
              317.92,
              331.6,
              156.08,
              86.92
            ],
            [
              166.8,
              199.56,
              217,
              220.72
            ],
            [
              125.16,
              273.2,
              135,
              199.4
            ]
          ],
          "calibrated_timestamp_domain": true,
          "calibrated_timestamp_extension": "VK_KHR_calibrated_timestamps",
          "lane_assignment": "round_robin_multi_queue",
          "requested_parallel_lanes": 4,
          "single_lane_gpu_samples_us": [
            [
              73.88,
              3.04,
              3.44,
              2.68
            ],
            [
              46.44,
              3.28,
              3.2,
              2.8
            ],
            [
              46.68,
              2.72,
              3.24,
              2.96
            ],
            [
              46.08,
              2.72,
              3.04,
              3.04
            ],
            [
              63.04,
              3.52,
              3,
              3.32
            ]
          ],
          "submission_strategy": "vulkan_multi_queue"
        },
        "hardware": {
          "actual_independent_lanes": 4,
          "api_version": "1.4.318",
          "calibrated_timestamp_extension": "VK_KHR_calibrated_timestamps",
          "device_id": 30032,
          "device_name": "AMD Radeon Graphics (RADV GFX1201)",
          "device_type": 2,
          "driver_version_raw": 104865800,
          "queue_family": 1,
          "queue_flags": 14,
          "queue_timestamp_valid_bits": 64,
          "requested_api_version": "1.2",
          "requested_independent_lanes": 4,
          "shader_integer_dot_product": true,
          "storage_buffer_16bit": true,
          "timeline_semaphore": true,
          "vendor_id": 4098
        },
        "in_features": 2048,
        "local_size": 64,
        "median_us": 38.388,
        "numeric_correctness": {
          "burst": {
            "exact_bf16_mismatches": 12989,
            "expected_repetitions": [
              0,
              1,
              2,
              3,
              4,
              5,
              6,
              7,
              8,
              9
            ],
            "kl_divergence": 0.0001183141109,
            "max_abs": 0.0625,
            "mean_abs": 0.001415863866,
            "outputs_checked": 10,
            "pass": true,
            "top1": 1
          },
          "single": {
            "exact_bf16_mismatches": 1017,
            "expected_repetitions": [
              0
            ],
            "kl_divergence": 4.436209871e-06,
            "max_abs": 0.03125,
            "mean_abs": 0.000759601593,
            "outputs_checked": 1,
            "pass": true,
            "top1": 1
          }
        },
        "operation": "q8_0_dense_dp4a_quantize_plus_dot",
        "out_features": 2048,
        "q8_0_weight_bytes": 4456448,
        "q8_blocks_per_row": 64,
        "row_tile": 1,
        "rows": 4,
        "sequence_validation": {
          "burst_expected_repetitions": [
            0,
            1,
            2,
            3,
            4,
            5,
            6,
            7,
            8,
            9
          ],
          "input_repetition_pattern": "distinct_deterministic_salt",
          "output_partitioning": "disjoint",
          "single_expected_repetitions": [
            0
          ],
          "xq_partitioning": "disjoint"
        },
        "submission": {
          "completion_in_host_wall": true,
          "queue_or_stream_count": 4,
          "recording_in_timed_region": false,
          "strategy": "vulkan_multi_queue",
          "submit_in_host_wall": true
        },
        "timing": {
          "burst": {
            "dispatches_per_iteration": 2,
            "gpu_elapsed": {
              "clock": "vulkan_calibrated_multi_queue_timestamp_span",
              "per_iteration_us": {
                "max": 43.1,
                "median": 38.388,
                "min": 38.263999999999996,
                "n": 5,
                "p05": 38.273599999999995,
                "p95": 42.960800000000006,
                "samples": 5,
                "stdev": 2.182063023837765
              },
              "sequence_us": {
                "max": 431.0,
                "median": 383.88,
                "min": 382.64,
                "n": 5,
                "p05": 382.73600000000005,
                "p95": 429.60799999999995,
                "samples": 5,
                "stdev": 21.820630238377632
              },
              "status": "ok"
            },
            "host_wall": {
              "clock": "steady_clock",
              "per_iteration_us": {
                "max": 52.649800000000006,
                "median": 45.9617,
                "min": 45.5576,
                "n": 5,
                "p05": 45.573620000000005,
                "p95": 52.30978,
                "samples": 5,
                "stdev": 3.0300943094233896
              },
              "sequence_us": {
                "max": 526.498,
                "median": 459.617,
                "min": 455.576,
                "n": 5,
                "p05": 455.73620000000005,
                "p95": 523.0978,
                "samples": 5,
                "stdev": 30.30094309423389
              },
              "status": "ok"
            },
            "logical_iterations": 10
          },
          "single": {
            "dispatches_per_iteration": 2,
            "gpu_elapsed": {
              "clock": "vulkan_calibrated_multi_queue_timestamp_span",
              "per_iteration_us": {
                "max": 96.56,
                "median": 91.36,
                "min": 65.32,
                "n": 5,
                "p05": 67.632,
                "p95": 96.18400000000001,
                "samples": 5,
                "stdev": 12.00845035797709
              },
              "sequence_us": {
                "max": 96.56,
                "median": 91.36,
                "min": 65.32,
                "n": 5,
                "p05": 67.632,
                "p95": 96.18400000000001,
                "samples": 5,
                "stdev": 12.00845035797709
              },
              "status": "ok"
            },
            "host_wall": {
              "clock": "steady_clock",
              "per_iteration_us": {
                "max": 170.013,
                "median": 152.182,
                "min": 132.662,
                "n": 5,
                "p05": 136.52620000000002,
                "p95": 168.93280000000001,
                "samples": 5,
                "stdev": 12.894128192320718
              },
              "sequence_us": {
                "max": 170.013,
                "median": 152.182,
                "min": 132.662,
                "n": 5,
                "p05": 136.52620000000002,
                "p95": 168.93280000000001,
                "samples": 5,
                "stdev": 12.894128192320718
              },
              "status": "ok"
            },
            "logical_iterations": 1
          }
        },
        "timing_mode": "independent_throughput",
        "variant": "single",
        "workgroup_match": "vulkan_diagnostic_unmatched"
      },
      {
        "backend": "vulkan",
        "correctness": {
          "single_dispatch": {
            "oracle": "CPU Q8_0 dense q8_1+dp4a BF16 logits with KL <= 0.05 and top-1 >= 90%",
            "status": "pass"
          },
          "synchronization": {
            "barrier_count": 0,
            "method": "disjoint_xq_and_output_slices",
            "status": "pass"
          },
          "timed_sequence": {
            "coverage": "all_dispatches",
            "logical_iterations": 10,
            "oracle": "CPU Q8_0 dense q8_1+dp4a BF16 logits with KL <= 0.05 and top-1 >= 90%",
            "status": "pass"
          }
        },
        "correctness_pass": true,
        "dependency_contract": {
          "inter_dispatch_ordering": "none",
          "output_partitioning": "disjoint",
          "validation_status": "pass",
          "work_dependency": "independent"
        },
        "execution": {
          "actual_parallel_lanes": 1,
          "burst_lane_gpu_samples_us": [],
          "calibrated_timestamp_domain": false,
          "calibrated_timestamp_extension": "",
          "lane_assignment": "single_command_buffer",
          "requested_parallel_lanes": 4,
          "single_lane_gpu_samples_us": [],
          "submission_strategy": "vulkan_command_buffer"
        },
        "hardware": {
          "actual_independent_lanes": 4,
          "api_version": "1.4.318",
          "calibrated_timestamp_extension": "VK_KHR_calibrated_timestamps",
          "device_id": 30032,
          "device_name": "AMD Radeon Graphics (RADV GFX1201)",
          "device_type": 2,
          "driver_version_raw": 104865800,
          "queue_family": 1,
          "queue_flags": 14,
          "queue_timestamp_valid_bits": 64,
          "requested_api_version": "1.2",
          "requested_independent_lanes": 4,
          "shader_integer_dot_product": true,
          "storage_buffer_16bit": true,
          "timeline_semaphore": true,
          "vendor_id": 4098
        },
        "in_features": 768,
        "local_size": 64,
        "median_us": 6.9159999999999995,
        "numeric_correctness": {
          "burst": {
            "exact_bf16_mismatches": 2785,
            "expected_repetitions": [
              0,
              1,
              2,
              3,
              4,
              5,
              6,
              7,
              8,
              9
            ],
            "kl_divergence": 7.509737071e-05,
            "max_abs": 0.03125,
            "mean_abs": 0.001078635454,
            "outputs_checked": 10,
            "pass": true,
            "top1": 1
          },
          "single": {
            "exact_bf16_mismatches": 251,
            "expected_repetitions": [
              0
            ],
            "kl_divergence": 3.301283582e-07,
            "max_abs": 0.015625,
            "mean_abs": 0.0002901772968,
            "outputs_checked": 1,
            "pass": true,
            "top1": 1
          }
        },
        "operation": "q8_0_dense_dp4a_dot_prequantized",
        "out_features": 2048,
        "q8_0_weight_bytes": 1671168,
        "q8_blocks_per_row": 24,
        "row_tile": 4,
        "rows": 1,
        "sequence_validation": {
          "burst_expected_repetitions": [
            0,
            1,
            2,
            3,
            4,
            5,
            6,
            7,
            8,
            9
          ],
          "input_repetition_pattern": "distinct_deterministic_salt",
          "output_partitioning": "disjoint",
          "single_expected_repetitions": [
            0
          ],
          "xq_partitioning": "disjoint"
        },
        "submission": {
          "completion_in_host_wall": true,
          "queue_or_stream_count": 1,
          "recording_in_timed_region": false,
          "strategy": "vulkan_command_buffer",
          "submit_in_host_wall": true
        },
        "timing": {
          "burst": {
            "dispatches_per_iteration": 1,
            "gpu_elapsed": {
              "clock": "vulkan_timestamp",
              "per_iteration_us": {
                "max": 6.964,
                "median": 6.9159999999999995,
                "min": 6.895999999999999,
                "n": 5,
                "p05": 6.8968,
                "p95": 6.954400000000001,
                "samples": 5,
                "stdev": 0.024212393520674794
              },
              "sequence_us": {
                "max": 69.64,
                "median": 69.16,
                "min": 68.96,
                "n": 5,
                "p05": 68.968,
                "p95": 69.544,
                "samples": 5,
                "stdev": 0.2421239352067464
              },
              "status": "ok"
            },
            "host_wall": {
              "clock": "steady_clock",
              "per_iteration_us": {
                "max": 13.3232,
                "median": 13.2222,
                "min": 13.162200000000002,
                "n": 5,
                "p05": 13.163400000000003,
                "p95": 13.315,
                "samples": 5,
                "stdev": 0.06304791828442836
              },
              "sequence_us": {
                "max": 133.232,
                "median": 132.222,
                "min": 131.622,
                "n": 5,
                "p05": 131.63400000000001,
                "p95": 133.15,
                "samples": 5,
                "stdev": 0.6304791828442864
              },
              "status": "ok"
            },
            "logical_iterations": 10
          },
          "single": {
            "dispatches_per_iteration": 1,
            "gpu_elapsed": {
              "clock": "vulkan_timestamp",
              "per_iteration_us": {
                "max": 16.52,
                "median": 15.76,
                "min": 15.24,
                "n": 5,
                "p05": 15.32,
                "p95": 16.432,
                "samples": 5,
                "stdev": 0.43036728500200805
              },
              "sequence_us": {
                "max": 16.52,
                "median": 15.76,
                "min": 15.24,
                "n": 5,
                "p05": 15.32,
                "p95": 16.432,
                "samples": 5,
                "stdev": 0.43036728500200805
              },
              "status": "ok"
            },
            "host_wall": {
              "clock": "steady_clock",
              "per_iteration_us": {
                "max": 79.671,
                "median": 78.491,
                "min": 68.051,
                "n": 5,
                "p05": 69.965,
                "p95": 79.611,
                "samples": 5,
                "stdev": 4.354418445671016
              },
              "sequence_us": {
                "max": 79.671,
                "median": 78.491,
                "min": 68.051,
                "n": 5,
                "p05": 69.965,
                "p95": 79.611,
                "samples": 5,
                "stdev": 4.354418445671016
              },
              "status": "ok"
            },
            "logical_iterations": 1
          }
        },
        "timing_mode": "independent_throughput",
        "variant": "rowtile4",
        "workgroup_match": "vulkan_diagnostic_unmatched"
      },
      {
        "backend": "vulkan",
        "correctness": {
          "single_dispatch": {
            "oracle": "CPU Q8_0 dense q8_1+dp4a BF16 logits with KL <= 0.05 and top-1 >= 90%",
            "status": "pass"
          },
          "synchronization": {
            "barrier_count": 10,
            "method": "timeline_coordinated_multi_queue_disjoint_slices",
            "status": "pass"
          },
          "timed_sequence": {
            "coverage": "all_dispatches",
            "logical_iterations": 10,
            "oracle": "CPU Q8_0 dense q8_1+dp4a BF16 logits with KL <= 0.05 and top-1 >= 90%",
            "status": "pass"
          }
        },
        "correctness_pass": true,
        "dependency_contract": {
          "inter_dispatch_ordering": "none",
          "output_partitioning": "disjoint",
          "validation_status": "pass",
          "work_dependency": "independent"
        },
        "execution": {
          "actual_parallel_lanes": 4,
          "burst_lane_gpu_samples_us": [
            [
              49,
              114.8,
              70.04,
              35.04
            ],
            [
              105.32,
              53.04,
              63.28,
              31.36
            ],
            [
              54,
              115.28,
              69.16,
              39.48
            ],
            [
              90.96,
              53.44,
              79.64,
              32.72
            ],
            [
              72.76,
              48.32,
              31.76,
              63.24
            ]
          ],
          "calibrated_timestamp_domain": true,
          "calibrated_timestamp_extension": "VK_KHR_calibrated_timestamps",
          "lane_assignment": "round_robin_multi_queue",
          "requested_parallel_lanes": 4,
          "single_lane_gpu_samples_us": [
            [
              17.32,
              2.68,
              2.2,
              3.28
            ],
            [
              17.28,
              3.08,
              2.64,
              2.76
            ],
            [
              45.28,
              3.24,
              2.64,
              2.8
            ],
            [
              17.76,
              2.36,
              2.8,
              2.44
            ],
            [
              31.8,
              2.96,
              2.4,
              3.2
            ]
          ],
          "submission_strategy": "vulkan_multi_queue"
        },
        "hardware": {
          "actual_independent_lanes": 4,
          "api_version": "1.4.318",
          "calibrated_timestamp_extension": "VK_KHR_calibrated_timestamps",
          "device_id": 30032,
          "device_name": "AMD Radeon Graphics (RADV GFX1201)",
          "device_type": 2,
          "driver_version_raw": 104865800,
          "queue_family": 1,
          "queue_flags": 14,
          "queue_timestamp_valid_bits": 64,
          "requested_api_version": "1.2",
          "requested_independent_lanes": 4,
          "shader_integer_dot_product": true,
          "storage_buffer_16bit": true,
          "timeline_semaphore": true,
          "vendor_id": 4098
        },
        "in_features": 768,
        "local_size": 64,
        "median_us": 15.687999999999999,
        "numeric_correctness": {
          "burst": {
            "exact_bf16_mismatches": 2785,
            "expected_repetitions": [
              0,
              1,
              2,
              3,
              4,
              5,
              6,
              7,
              8,
              9
            ],
            "kl_divergence": 7.509737071e-05,
            "max_abs": 0.03125,
            "mean_abs": 0.001078635454,
            "outputs_checked": 10,
            "pass": true,
            "top1": 1
          },
          "single": {
            "exact_bf16_mismatches": 251,
            "expected_repetitions": [
              0
            ],
            "kl_divergence": 3.301283582e-07,
            "max_abs": 0.015625,
            "mean_abs": 0.0002901772968,
            "outputs_checked": 1,
            "pass": true,
            "top1": 1
          }
        },
        "operation": "q8_0_dense_dp4a_quantize_plus_dot",
        "out_features": 2048,
        "q8_0_weight_bytes": 1671168,
        "q8_blocks_per_row": 24,
        "row_tile": 4,
        "rows": 1,
        "sequence_validation": {
          "burst_expected_repetitions": [
            0,
            1,
            2,
            3,
            4,
            5,
            6,
            7,
            8,
            9
          ],
          "input_repetition_pattern": "distinct_deterministic_salt",
          "output_partitioning": "disjoint",
          "single_expected_repetitions": [
            0
          ],
          "xq_partitioning": "disjoint"
        },
        "submission": {
          "completion_in_host_wall": true,
          "queue_or_stream_count": 4,
          "recording_in_timed_region": false,
          "strategy": "vulkan_multi_queue",
          "submit_in_host_wall": true
        },
        "timing": {
          "burst": {
            "dispatches_per_iteration": 2,
            "gpu_elapsed": {
              "clock": "vulkan_calibrated_multi_queue_timestamp_span",
              "per_iteration_us": {
                "max": 16.312,
                "median": 15.687999999999999,
                "min": 12.084,
                "n": 5,
                "p05": 12.0944,
                "p95": 16.1944,
                "samples": 5,
                "stdev": 1.873851050644101
              },
              "sequence_us": {
                "max": 163.12,
                "median": 156.88,
                "min": 120.84,
                "n": 5,
                "p05": 120.94400000000002,
                "p95": 161.94400000000002,
                "samples": 5,
                "stdev": 18.738510506441006
              },
              "status": "ok"
            },
            "host_wall": {
              "clock": "steady_clock",
              "per_iteration_us": {
                "max": 24.3394,
                "median": 23.8584,
                "min": 19.5433,
                "n": 5,
                "p05": 19.568279999999998,
                "p95": 24.24378,
                "samples": 5,
                "stdev": 2.169823120348754
              },
              "sequence_us": {
                "max": 243.394,
                "median": 238.584,
                "min": 195.433,
                "n": 5,
                "p05": 195.68280000000001,
                "p95": 242.43779999999998,
                "samples": 5,
                "stdev": 21.698231203487538
              },
              "status": "ok"
            },
            "logical_iterations": 10
          },
          "single": {
            "dispatches_per_iteration": 2,
            "gpu_elapsed": {
              "clock": "vulkan_calibrated_multi_queue_timestamp_span",
              "per_iteration_us": {
                "max": 73.84,
                "median": 65.96,
                "min": 39.16,
                "n": 5,
                "p05": 41.192,
                "p95": 73.64,
                "samples": 5,
                "stdev": 13.711673274987268
              },
              "sequence_us": {
                "max": 73.84,
                "median": 65.96,
                "min": 39.16,
                "n": 5,
                "p05": 41.192,
                "p95": 73.64,
                "samples": 5,
                "stdev": 13.711673274987268
              },
              "status": "ok"
            },
            "host_wall": {
              "clock": "steady_clock",
              "per_iteration_us": {
                "max": 156.382,
                "median": 144.482,
                "min": 114.212,
                "n": 5,
                "p05": 116.24600000000001,
                "p95": 154.556,
                "samples": 5,
                "stdev": 15.586326058439814
              },
              "sequence_us": {
                "max": 156.382,
                "median": 144.482,
                "min": 114.212,
                "n": 5,
                "p05": 116.24600000000001,
                "p95": 154.556,
                "samples": 5,
                "stdev": 15.586326058439814
              },
              "status": "ok"
            },
            "logical_iterations": 1
          }
        },
        "timing_mode": "independent_throughput",
        "variant": "rowtile4",
        "workgroup_match": "vulkan_diagnostic_unmatched"
      },
      {
        "backend": "vulkan",
        "correctness": {
          "single_dispatch": {
            "oracle": "CPU Q8_0 dense q8_1+dp4a BF16 logits with KL <= 0.05 and top-1 >= 90%",
            "status": "pass"
          },
          "synchronization": {
            "barrier_count": 0,
            "method": "disjoint_xq_and_output_slices",
            "status": "pass"
          },
          "timed_sequence": {
            "coverage": "all_dispatches",
            "logical_iterations": 10,
            "oracle": "CPU Q8_0 dense q8_1+dp4a BF16 logits with KL <= 0.05 and top-1 >= 90%",
            "status": "pass"
          }
        },
        "correctness_pass": true,
        "dependency_contract": {
          "inter_dispatch_ordering": "none",
          "output_partitioning": "disjoint",
          "validation_status": "pass",
          "work_dependency": "independent"
        },
        "execution": {
          "actual_parallel_lanes": 1,
          "burst_lane_gpu_samples_us": [],
          "calibrated_timestamp_domain": false,
          "calibrated_timestamp_extension": "",
          "lane_assignment": "single_command_buffer",
          "requested_parallel_lanes": 4,
          "single_lane_gpu_samples_us": [],
          "submission_strategy": "vulkan_command_buffer"
        },
        "hardware": {
          "actual_independent_lanes": 4,
          "api_version": "1.4.318",
          "calibrated_timestamp_extension": "VK_KHR_calibrated_timestamps",
          "device_id": 30032,
          "device_name": "AMD Radeon Graphics (RADV GFX1201)",
          "device_type": 2,
          "driver_version_raw": 104865800,
          "queue_family": 1,
          "queue_flags": 14,
          "queue_timestamp_valid_bits": 64,
          "requested_api_version": "1.2",
          "requested_independent_lanes": 4,
          "shader_integer_dot_product": true,
          "storage_buffer_16bit": true,
          "timeline_semaphore": true,
          "vendor_id": 4098
        },
        "in_features": 768,
        "local_size": 64,
        "median_us": 7.4879999999999995,
        "numeric_correctness": {
          "burst": {
            "exact_bf16_mismatches": 13155,
            "expected_repetitions": [
              0,
              1,
              2,
              3,
              4,
              5,
              6,
              7,
              8,
              9
            ],
            "kl_divergence": 7.737942242e-05,
            "max_abs": 0.03125,
            "mean_abs": 0.0008274186403,
            "outputs_checked": 10,
            "pass": true,
            "top1": 1
          },
          "single": {
            "exact_bf16_mismatches": 1232,
            "expected_repetitions": [
              0
            ],
            "kl_divergence": 3.999396507e-05,
            "max_abs": 0.03125,
            "mean_abs": 0.0005773062585,
            "outputs_checked": 1,
            "pass": true,
            "top1": 1
          }
        },
        "operation": "q8_0_dense_dp4a_dot_prequantized",
        "out_features": 2048,
        "q8_0_weight_bytes": 1671168,
        "q8_blocks_per_row": 24,
        "row_tile": 4,
        "rows": 4,
        "sequence_validation": {
          "burst_expected_repetitions": [
            0,
            1,
            2,
            3,
            4,
            5,
            6,
            7,
            8,
            9
          ],
          "input_repetition_pattern": "distinct_deterministic_salt",
          "output_partitioning": "disjoint",
          "single_expected_repetitions": [
            0
          ],
          "xq_partitioning": "disjoint"
        },
        "submission": {
          "completion_in_host_wall": true,
          "queue_or_stream_count": 1,
          "recording_in_timed_region": false,
          "strategy": "vulkan_command_buffer",
          "submit_in_host_wall": true
        },
        "timing": {
          "burst": {
            "dispatches_per_iteration": 1,
            "gpu_elapsed": {
              "clock": "vulkan_timestamp",
              "per_iteration_us": {
                "max": 7.508,
                "median": 7.4879999999999995,
                "min": 7.468000000000001,
                "n": 5,
                "p05": 7.472000000000001,
                "p95": 7.5072,
                "samples": 5,
                "stdev": 0.014176036117335323
              },
              "sequence_us": {
                "max": 75.08,
                "median": 74.88,
                "min": 74.68,
                "n": 5,
                "p05": 74.72,
                "p95": 75.072,
                "samples": 5,
                "stdev": 0.1417603611733537
              },
              "status": "ok"
            },
            "host_wall": {
              "clock": "steady_clock",
              "per_iteration_us": {
                "max": 13.0722,
                "median": 12.9862,
                "min": 12.8542,
                "n": 5,
                "p05": 12.863400000000002,
                "p95": 13.062800000000001,
                "samples": 5,
                "stdev": 0.0800089994938069
              },
              "sequence_us": {
                "max": 130.722,
                "median": 129.862,
                "min": 128.542,
                "n": 5,
                "p05": 128.63400000000001,
                "p95": 130.62800000000001,
                "samples": 5,
                "stdev": 0.8000899949380708
              },
              "status": "ok"
            },
            "logical_iterations": 10
          },
          "single": {
            "dispatches_per_iteration": 1,
            "gpu_elapsed": {
              "clock": "vulkan_timestamp",
              "per_iteration_us": {
                "max": 15.4,
                "median": 15.24,
                "min": 15.08,
                "n": 5,
                "p05": 15.08,
                "p95": 15.384,
                "samples": 5,
                "stdev": 0.1280000000000001
              },
              "sequence_us": {
                "max": 15.4,
                "median": 15.24,
                "min": 15.08,
                "n": 5,
                "p05": 15.08,
                "p95": 15.384,
                "samples": 5,
                "stdev": 0.1280000000000001
              },
              "status": "ok"
            },
            "host_wall": {
              "clock": "steady_clock",
              "per_iteration_us": {
                "max": 73.061,
                "median": 70.201,
                "min": 63.511,
                "n": 5,
                "p05": 64.80300000000001,
                "p95": 72.65700000000001,
                "samples": 5,
                "stdev": 3.213114377049158
              },
              "sequence_us": {
                "max": 73.061,
                "median": 70.201,
                "min": 63.511,
                "n": 5,
                "p05": 64.80300000000001,
                "p95": 72.65700000000001,
                "samples": 5,
                "stdev": 3.213114377049158
              },
              "status": "ok"
            },
            "logical_iterations": 1
          }
        },
        "timing_mode": "independent_throughput",
        "variant": "rowtile4",
        "workgroup_match": "vulkan_diagnostic_unmatched"
      },
      {
        "backend": "vulkan",
        "correctness": {
          "single_dispatch": {
            "oracle": "CPU Q8_0 dense q8_1+dp4a BF16 logits with KL <= 0.05 and top-1 >= 90%",
            "status": "pass"
          },
          "synchronization": {
            "barrier_count": 10,
            "method": "timeline_coordinated_multi_queue_disjoint_slices",
            "status": "pass"
          },
          "timed_sequence": {
            "coverage": "all_dispatches",
            "logical_iterations": 10,
            "oracle": "CPU Q8_0 dense q8_1+dp4a BF16 logits with KL <= 0.05 and top-1 >= 90%",
            "status": "pass"
          }
        },
        "correctness_pass": true,
        "dependency_contract": {
          "inter_dispatch_ordering": "none",
          "output_partitioning": "disjoint",
          "validation_status": "pass",
          "work_dependency": "independent"
        },
        "execution": {
          "actual_parallel_lanes": 4,
          "burst_lane_gpu_samples_us": [
            [
              81.08,
              47.04,
              58,
              49.56
            ],
            [
              46.04,
              70.68,
              60.56,
              33.04
            ],
            [
              91.52,
              85.36,
              37.6,
              32
            ],
            [
              85.32,
              44.04,
              52.96,
              54.96
            ],
            [
              38.52,
              46.24,
              46.6,
              54.36
            ]
          ],
          "calibrated_timestamp_domain": true,
          "calibrated_timestamp_extension": "VK_KHR_calibrated_timestamps",
          "lane_assignment": "round_robin_multi_queue",
          "requested_parallel_lanes": 4,
          "single_lane_gpu_samples_us": [
            [
              16.36,
              2.84,
              2.04,
              3.36
            ],
            [
              17.6,
              3.08,
              2.96,
              3.2
            ],
            [
              16.48,
              3.28,
              3.12,
              2.48
            ],
            [
              16.92,
              3.08,
              2.24,
              2.88
            ],
            [
              18.28,
              2.56,
              2.76,
              2.08
            ]
          ],
          "submission_strategy": "vulkan_multi_queue"
        },
        "hardware": {
          "actual_independent_lanes": 4,
          "api_version": "1.4.318",
          "calibrated_timestamp_extension": "VK_KHR_calibrated_timestamps",
          "device_id": 30032,
          "device_name": "AMD Radeon Graphics (RADV GFX1201)",
          "device_type": 2,
          "driver_version_raw": 104865800,
          "queue_family": 1,
          "queue_flags": 14,
          "queue_timestamp_valid_bits": 64,
          "requested_api_version": "1.2",
          "requested_independent_lanes": 4,
          "shader_integer_dot_product": true,
          "storage_buffer_16bit": true,
          "timeline_semaphore": true,
          "vendor_id": 4098
        },
        "in_features": 768,
        "local_size": 64,
        "median_us": 13.815999999999999,
        "numeric_correctness": {
          "burst": {
            "exact_bf16_mismatches": 13155,
            "expected_repetitions": [
              0,
              1,
              2,
              3,
              4,
              5,
              6,
              7,
              8,
              9
            ],
            "kl_divergence": 7.737942242e-05,
            "max_abs": 0.03125,
            "mean_abs": 0.0008274186403,
            "outputs_checked": 10,
            "pass": true,
            "top1": 1
          },
          "single": {
            "exact_bf16_mismatches": 1232,
            "expected_repetitions": [
              0
            ],
            "kl_divergence": 3.999396507e-05,
            "max_abs": 0.03125,
            "mean_abs": 0.0005773062585,
            "outputs_checked": 1,
            "pass": true,
            "top1": 1
          }
        },
        "operation": "q8_0_dense_dp4a_quantize_plus_dot",
        "out_features": 2048,
        "q8_0_weight_bytes": 1671168,
        "q8_blocks_per_row": 24,
        "row_tile": 4,
        "rows": 4,
        "sequence_validation": {
          "burst_expected_repetitions": [
            0,
            1,
            2,
            3,
            4,
            5,
            6,
            7,
            8,
            9
          ],
          "input_repetition_pattern": "distinct_deterministic_salt",
          "output_partitioning": "disjoint",
          "single_expected_repetitions": [
            0
          ],
          "xq_partitioning": "disjoint"
        },
        "submission": {
          "completion_in_host_wall": true,
          "queue_or_stream_count": 4,
          "recording_in_timed_region": false,
          "strategy": "vulkan_multi_queue",
          "submit_in_host_wall": true
        },
        "timing": {
          "burst": {
            "dispatches_per_iteration": 2,
            "gpu_elapsed": {
              "clock": "vulkan_calibrated_multi_queue_timestamp_span",
              "per_iteration_us": {
                "max": 14.547999999999998,
                "median": 13.815999999999999,
                "min": 10.836,
                "n": 5,
                "p05": 11.4288,
                "p95": 14.415199999999999,
                "samples": 5,
                "stdev": 1.3005091925857344
              },
              "sequence_us": {
                "max": 145.48,
                "median": 138.16,
                "min": 108.36,
                "n": 5,
                "p05": 114.28800000000001,
                "p95": 144.152,
                "samples": 5,
                "stdev": 13.005091925857347
              },
              "status": "ok"
            },
            "host_wall": {
              "clock": "steady_clock",
              "per_iteration_us": {
                "max": 23.1473,
                "median": 22.5604,
                "min": 19.3953,
                "n": 5,
                "p05": 19.9769,
                "p95": 23.045099999999998,
                "samples": 5,
                "stdev": 1.3350140949068672
              },
              "sequence_us": {
                "max": 231.473,
                "median": 225.604,
                "min": 193.953,
                "n": 5,
                "p05": 199.769,
                "p95": 230.45100000000002,
                "samples": 5,
                "stdev": 13.350140949068667
              },
              "status": "ok"
            },
            "logical_iterations": 10
          },
          "single": {
            "dispatches_per_iteration": 2,
            "gpu_elapsed": {
              "clock": "vulkan_calibrated_multi_queue_timestamp_span",
              "per_iteration_us": {
                "max": 63.04,
                "median": 49.84,
                "min": 42.68,
                "n": 5,
                "p05": 43.072,
                "p95": 62.12,
                "samples": 5,
                "stdev": 7.8572626276585655
              },
              "sequence_us": {
                "max": 63.04,
                "median": 49.84,
                "min": 42.68,
                "n": 5,
                "p05": 43.072,
                "p95": 62.12,
                "samples": 5,
                "stdev": 7.8572626276585655
              },
              "status": "ok"
            },
            "host_wall": {
              "clock": "steady_clock",
              "per_iteration_us": {
                "max": 135.182,
                "median": 134.022,
                "min": 108.582,
                "n": 5,
                "p05": 109.4638,
                "p95": 135.16,
                "samples": 5,
                "stdev": 11.83332106215326
              },
              "sequence_us": {
                "max": 135.182,
                "median": 134.022,
                "min": 108.582,
                "n": 5,
                "p05": 109.4638,
                "p95": 135.16,
                "samples": 5,
                "stdev": 11.83332106215326
              },
              "status": "ok"
            },
            "logical_iterations": 1
          }
        },
        "timing_mode": "independent_throughput",
        "variant": "rowtile4",
        "workgroup_match": "vulkan_diagnostic_unmatched"
      },
      {
        "backend": "vulkan",
        "correctness": {
          "single_dispatch": {
            "oracle": "CPU Q8_0 dense q8_1+dp4a BF16 logits with KL <= 0.05 and top-1 >= 90%",
            "status": "pass"
          },
          "synchronization": {
            "barrier_count": 0,
            "method": "disjoint_xq_and_output_slices",
            "status": "pass"
          },
          "timed_sequence": {
            "coverage": "all_dispatches",
            "logical_iterations": 10,
            "oracle": "CPU Q8_0 dense q8_1+dp4a BF16 logits with KL <= 0.05 and top-1 >= 90%",
            "status": "pass"
          }
        },
        "correctness_pass": true,
        "dependency_contract": {
          "inter_dispatch_ordering": "none",
          "output_partitioning": "disjoint",
          "validation_status": "pass",
          "work_dependency": "independent"
        },
        "execution": {
          "actual_parallel_lanes": 1,
          "burst_lane_gpu_samples_us": [],
          "calibrated_timestamp_domain": false,
          "calibrated_timestamp_extension": "",
          "lane_assignment": "single_command_buffer",
          "requested_parallel_lanes": 4,
          "single_lane_gpu_samples_us": [],
          "submission_strategy": "vulkan_command_buffer"
        },
        "hardware": {
          "actual_independent_lanes": 4,
          "api_version": "1.4.318",
          "calibrated_timestamp_extension": "VK_KHR_calibrated_timestamps",
          "device_id": 30032,
          "device_name": "AMD Radeon Graphics (RADV GFX1201)",
          "device_type": 2,
          "driver_version_raw": 104865800,
          "queue_family": 1,
          "queue_flags": 14,
          "queue_timestamp_valid_bits": 64,
          "requested_api_version": "1.2",
          "requested_independent_lanes": 4,
          "shader_integer_dot_product": true,
          "storage_buffer_16bit": true,
          "timeline_semaphore": true,
          "vendor_id": 4098
        },
        "in_features": 2048,
        "local_size": 64,
        "median_us": 14.66,
        "numeric_correctness": {
          "burst": {
            "exact_bf16_mismatches": 2500,
            "expected_repetitions": [
              0,
              1,
              2,
              3,
              4,
              5,
              6,
              7,
              8,
              9
            ],
            "kl_divergence": 7.475795864e-05,
            "max_abs": 0.0625,
            "mean_abs": 0.001559987664,
            "outputs_checked": 10,
            "pass": true,
            "top1": 1
          },
          "single": {
            "exact_bf16_mismatches": 41,
            "expected_repetitions": [
              0
            ],
            "kl_divergence": 2.576833846e-09,
            "max_abs": 0.03125,
            "mean_abs": 0.0005187988281,
            "outputs_checked": 1,
            "pass": true,
            "top1": 1
          }
        },
        "operation": "q8_0_dense_dp4a_dot_prequantized",
        "out_features": 2048,
        "q8_0_weight_bytes": 4456448,
        "q8_blocks_per_row": 64,
        "row_tile": 4,
        "rows": 1,
        "sequence_validation": {
          "burst_expected_repetitions": [
            0,
            1,
            2,
            3,
            4,
            5,
            6,
            7,
            8,
            9
          ],
          "input_repetition_pattern": "distinct_deterministic_salt",
          "output_partitioning": "disjoint",
          "single_expected_repetitions": [
            0
          ],
          "xq_partitioning": "disjoint"
        },
        "submission": {
          "completion_in_host_wall": true,
          "queue_or_stream_count": 1,
          "recording_in_timed_region": false,
          "strategy": "vulkan_command_buffer",
          "submit_in_host_wall": true
        },
        "timing": {
          "burst": {
            "dispatches_per_iteration": 1,
            "gpu_elapsed": {
              "clock": "vulkan_timestamp",
              "per_iteration_us": {
                "max": 14.968,
                "median": 14.66,
                "min": 14.540000000000001,
                "n": 5,
                "p05": 14.552800000000001,
                "p95": 14.9072,
                "samples": 5,
                "stdev": 0.14745629861080872
              },
              "sequence_us": {
                "max": 149.68,
                "median": 146.6,
                "min": 145.4,
                "n": 5,
                "p05": 145.52800000000002,
                "p95": 149.072,
                "samples": 5,
                "stdev": 1.4745629861080904
              },
              "status": "ok"
            },
            "host_wall": {
              "clock": "steady_clock",
              "per_iteration_us": {
                "max": 21.3443,
                "median": 21.0323,
                "min": 20.7903,
                "n": 5,
                "p05": 20.826900000000002,
                "p95": 21.3107,
                "samples": 5,
                "stdev": 0.18725383841192741
              },
              "sequence_us": {
                "max": 213.443,
                "median": 210.323,
                "min": 207.903,
                "n": 5,
                "p05": 208.269,
                "p95": 213.10700000000003,
                "samples": 5,
                "stdev": 1.8725383841192742
              },
              "status": "ok"
            },
            "logical_iterations": 10
          },
          "single": {
            "dispatches_per_iteration": 1,
            "gpu_elapsed": {
              "clock": "vulkan_timestamp",
              "per_iteration_us": {
                "max": 24.92,
                "median": 24.52,
                "min": 24.32,
                "n": 5,
                "p05": 24.336000000000002,
                "p95": 24.880000000000003,
                "samples": 5,
                "stdev": 0.2185040045399632
              },
              "sequence_us": {
                "max": 24.92,
                "median": 24.52,
                "min": 24.32,
                "n": 5,
                "p05": 24.336000000000002,
                "p95": 24.880000000000003,
                "samples": 5,
                "stdev": 0.2185040045399632
              },
              "status": "ok"
            },
            "host_wall": {
              "clock": "steady_clock",
              "per_iteration_us": {
                "max": 89.131,
                "median": 88.241,
                "min": 80.241,
                "n": 5,
                "p05": 81.68700000000001,
                "p95": 88.9952,
                "samples": 5,
                "stdev": 3.276180971802382
              },
              "sequence_us": {
                "max": 89.131,
                "median": 88.241,
                "min": 80.241,
                "n": 5,
                "p05": 81.68700000000001,
                "p95": 88.9952,
                "samples": 5,
                "stdev": 3.276180971802382
              },
              "status": "ok"
            },
            "logical_iterations": 1
          }
        },
        "timing_mode": "independent_throughput",
        "variant": "rowtile4",
        "workgroup_match": "vulkan_diagnostic_unmatched"
      },
      {
        "backend": "vulkan",
        "correctness": {
          "single_dispatch": {
            "oracle": "CPU Q8_0 dense q8_1+dp4a BF16 logits with KL <= 0.05 and top-1 >= 90%",
            "status": "pass"
          },
          "synchronization": {
            "barrier_count": 10,
            "method": "timeline_coordinated_multi_queue_disjoint_slices",
            "status": "pass"
          },
          "timed_sequence": {
            "coverage": "all_dispatches",
            "logical_iterations": 10,
            "oracle": "CPU Q8_0 dense q8_1+dp4a BF16 logits with KL <= 0.05 and top-1 >= 90%",
            "status": "pass"
          }
        },
        "correctness_pass": true,
        "dependency_contract": {
          "inter_dispatch_ordering": "none",
          "output_partitioning": "disjoint",
          "validation_status": "pass",
          "work_dependency": "independent"
        },
        "execution": {
          "actual_parallel_lanes": 4,
          "burst_lane_gpu_samples_us": [
            [
              72.08,
              74.88,
              92.64,
              85.6
            ],
            [
              126.12,
              98.76,
              106.56,
              44.04
            ],
            [
              132.32,
              149.2,
              66.72,
              44.44
            ],
            [
              76.24,
              164.64,
              106.68,
              56.16
            ],
            [
              124.68,
              99.16,
              112.68,
              44.6
            ]
          ],
          "calibrated_timestamp_domain": true,
          "calibrated_timestamp_extension": "VK_KHR_calibrated_timestamps",
          "lane_assignment": "round_robin_multi_queue",
          "requested_parallel_lanes": 4,
          "single_lane_gpu_samples_us": [
            [
              27.16,
              3.24,
              2,
              2.96
            ],
            [
              27.8,
              2.2,
              2.52,
              2.44
            ],
            [
              39.76,
              3.28,
              2.6,
              3.04
            ],
            [
              42.56,
              2.68,
              2.52,
              2.52
            ],
            [
              40.04,
              2.4,
              3.32,
              2.88
            ]
          ],
          "submission_strategy": "vulkan_multi_queue"
        },
        "hardware": {
          "actual_independent_lanes": 4,
          "api_version": "1.4.318",
          "calibrated_timestamp_extension": "VK_KHR_calibrated_timestamps",
          "device_id": 30032,
          "device_name": "AMD Radeon Graphics (RADV GFX1201)",
          "device_type": 2,
          "driver_version_raw": 104865800,
          "queue_family": 1,
          "queue_flags": 14,
          "queue_timestamp_valid_bits": 64,
          "requested_api_version": "1.2",
          "requested_independent_lanes": 4,
          "shader_integer_dot_product": true,
          "storage_buffer_16bit": true,
          "timeline_semaphore": true,
          "vendor_id": 4098
        },
        "in_features": 2048,
        "local_size": 64,
        "median_us": 17.112000000000002,
        "numeric_correctness": {
          "burst": {
            "exact_bf16_mismatches": 2500,
            "expected_repetitions": [
              0,
              1,
              2,
              3,
              4,
              5,
              6,
              7,
              8,
              9
            ],
            "kl_divergence": 7.475795864e-05,
            "max_abs": 0.0625,
            "mean_abs": 0.001559987664,
            "outputs_checked": 10,
            "pass": true,
            "top1": 1
          },
          "single": {
            "exact_bf16_mismatches": 41,
            "expected_repetitions": [
              0
            ],
            "kl_divergence": 2.576833846e-09,
            "max_abs": 0.03125,
            "mean_abs": 0.0005187988281,
            "outputs_checked": 1,
            "pass": true,
            "top1": 1
          }
        },
        "operation": "q8_0_dense_dp4a_quantize_plus_dot",
        "out_features": 2048,
        "q8_0_weight_bytes": 4456448,
        "q8_blocks_per_row": 64,
        "row_tile": 4,
        "rows": 1,
        "sequence_validation": {
          "burst_expected_repetitions": [
            0,
            1,
            2,
            3,
            4,
            5,
            6,
            7,
            8,
            9
          ],
          "input_repetition_pattern": "distinct_deterministic_salt",
          "output_partitioning": "disjoint",
          "single_expected_repetitions": [
            0
          ],
          "xq_partitioning": "disjoint"
        },
        "submission": {
          "completion_in_host_wall": true,
          "queue_or_stream_count": 4,
          "recording_in_timed_region": false,
          "strategy": "vulkan_multi_queue",
          "submit_in_host_wall": true
        },
        "timing": {
          "burst": {
            "dispatches_per_iteration": 2,
            "gpu_elapsed": {
              "clock": "vulkan_calibrated_multi_queue_timestamp_span",
              "per_iteration_us": {
                "max": 21.068,
                "median": 17.112000000000002,
                "min": 16.624000000000002,
                "n": 5,
                "p05": 16.653600000000004,
                "p95": 20.92,
                "samples": 5,
                "stdev": 1.9129594245566213
              },
              "sequence_us": {
                "max": 210.68,
                "median": 171.12,
                "min": 166.24,
                "n": 5,
                "p05": 166.53600000000003,
                "p95": 209.2,
                "samples": 5,
                "stdev": 19.129594245566214
              },
              "status": "ok"
            },
            "host_wall": {
              "clock": "steady_clock",
              "per_iteration_us": {
                "max": 30.5925,
                "median": 25.2683,
                "min": 24.7494,
                "n": 5,
                "p05": 24.82338,
                "p95": 30.270680000000002,
                "samples": 5,
                "stdev": 2.3843013344793476
              },
              "sequence_us": {
                "max": 305.925,
                "median": 252.683,
                "min": 247.494,
                "n": 5,
                "p05": 248.23380000000003,
                "p95": 302.7068,
                "samples": 5,
                "stdev": 23.843013344793484
              },
              "status": "ok"
            },
            "logical_iterations": 10
          },
          "single": {
            "dispatches_per_iteration": 2,
            "gpu_elapsed": {
              "clock": "vulkan_calibrated_multi_queue_timestamp_span",
              "per_iteration_us": {
                "max": 79.72,
                "median": 63.68,
                "min": 49.4,
                "n": 5,
                "p05": 51.792,
                "p95": 78.768,
                "samples": 5,
                "stdev": 10.684915722643767
              },
              "sequence_us": {
                "max": 79.72,
                "median": 63.68,
                "min": 49.4,
                "n": 5,
                "p05": 51.792,
                "p95": 78.768,
                "samples": 5,
                "stdev": 10.684915722643767
              },
              "status": "ok"
            },
            "host_wall": {
              "clock": "steady_clock",
              "per_iteration_us": {
                "max": 158.483,
                "median": 153.923,
                "min": 137.432,
                "n": 5,
                "p05": 137.738,
                "p95": 157.9068,
                "samples": 5,
                "stdev": 8.857292692465352
              },
              "sequence_us": {
                "max": 158.483,
                "median": 153.923,
                "min": 137.432,
                "n": 5,
                "p05": 137.738,
                "p95": 157.9068,
                "samples": 5,
                "stdev": 8.857292692465352
              },
              "status": "ok"
            },
            "logical_iterations": 1
          }
        },
        "timing_mode": "independent_throughput",
        "variant": "rowtile4",
        "workgroup_match": "vulkan_diagnostic_unmatched"
      },
      {
        "backend": "vulkan",
        "correctness": {
          "single_dispatch": {
            "oracle": "CPU Q8_0 dense q8_1+dp4a BF16 logits with KL <= 0.05 and top-1 >= 90%",
            "status": "pass"
          },
          "synchronization": {
            "barrier_count": 0,
            "method": "disjoint_xq_and_output_slices",
            "status": "pass"
          },
          "timed_sequence": {
            "coverage": "all_dispatches",
            "logical_iterations": 10,
            "oracle": "CPU Q8_0 dense q8_1+dp4a BF16 logits with KL <= 0.05 and top-1 >= 90%",
            "status": "pass"
          }
        },
        "correctness_pass": true,
        "dependency_contract": {
          "inter_dispatch_ordering": "none",
          "output_partitioning": "disjoint",
          "validation_status": "pass",
          "work_dependency": "independent"
        },
        "execution": {
          "actual_parallel_lanes": 1,
          "burst_lane_gpu_samples_us": [],
          "calibrated_timestamp_domain": false,
          "calibrated_timestamp_extension": "",
          "lane_assignment": "single_command_buffer",
          "requested_parallel_lanes": 4,
          "single_lane_gpu_samples_us": [],
          "submission_strategy": "vulkan_command_buffer"
        },
        "hardware": {
          "actual_independent_lanes": 4,
          "api_version": "1.4.318",
          "calibrated_timestamp_extension": "VK_KHR_calibrated_timestamps",
          "device_id": 30032,
          "device_name": "AMD Radeon Graphics (RADV GFX1201)",
          "device_type": 2,
          "driver_version_raw": 104865800,
          "queue_family": 1,
          "queue_flags": 14,
          "queue_timestamp_valid_bits": 64,
          "requested_api_version": "1.2",
          "requested_independent_lanes": 4,
          "shader_integer_dot_product": true,
          "storage_buffer_16bit": true,
          "timeline_semaphore": true,
          "vendor_id": 4098
        },
        "in_features": 2048,
        "local_size": 64,
        "median_us": 22.380000000000003,
        "numeric_correctness": {
          "burst": {
            "exact_bf16_mismatches": 12989,
            "expected_repetitions": [
              0,
              1,
              2,
              3,
              4,
              5,
              6,
              7,
              8,
              9
            ],
            "kl_divergence": 0.0001183141109,
            "max_abs": 0.0625,
            "mean_abs": 0.001415863866,
            "outputs_checked": 10,
            "pass": true,
            "top1": 1
          },
          "single": {
            "exact_bf16_mismatches": 1017,
            "expected_repetitions": [
              0
            ],
            "kl_divergence": 4.436209871e-06,
            "max_abs": 0.03125,
            "mean_abs": 0.000759601593,
            "outputs_checked": 1,
            "pass": true,
            "top1": 1
          }
        },
        "operation": "q8_0_dense_dp4a_dot_prequantized",
        "out_features": 2048,
        "q8_0_weight_bytes": 4456448,
        "q8_blocks_per_row": 64,
        "row_tile": 4,
        "rows": 4,
        "sequence_validation": {
          "burst_expected_repetitions": [
            0,
            1,
            2,
            3,
            4,
            5,
            6,
            7,
            8,
            9
          ],
          "input_repetition_pattern": "distinct_deterministic_salt",
          "output_partitioning": "disjoint",
          "single_expected_repetitions": [
            0
          ],
          "xq_partitioning": "disjoint"
        },
        "submission": {
          "completion_in_host_wall": true,
          "queue_or_stream_count": 1,
          "recording_in_timed_region": false,
          "strategy": "vulkan_command_buffer",
          "submit_in_host_wall": true
        },
        "timing": {
          "burst": {
            "dispatches_per_iteration": 1,
            "gpu_elapsed": {
              "clock": "vulkan_timestamp",
              "per_iteration_us": {
                "max": 22.392,
                "median": 22.380000000000003,
                "min": 22.296,
                "n": 5,
                "p05": 22.300800000000002,
                "p95": 22.3896,
                "samples": 5,
                "stdev": 0.03824970588122288
              },
              "sequence_us": {
                "max": 223.92,
                "median": 223.8,
                "min": 222.96,
                "n": 5,
                "p05": 223.00800000000004,
                "p95": 223.896,
                "samples": 5,
                "stdev": 0.3824970588122217
              },
              "status": "ok"
            },
            "host_wall": {
              "clock": "steady_clock",
              "per_iteration_us": {
                "max": 28.186500000000002,
                "median": 28.086399999999998,
                "min": 28.020400000000002,
                "n": 5,
                "p05": 28.031200000000005,
                "p95": 28.174480000000003,
                "samples": 5,
                "stdev": 0.05540528494647407
              },
              "sequence_us": {
                "max": 281.865,
                "median": 280.864,
                "min": 280.204,
                "n": 5,
                "p05": 280.312,
                "p95": 281.7448,
                "samples": 5,
                "stdev": 0.5540528494647422
              },
              "status": "ok"
            },
            "logical_iterations": 10
          },
          "single": {
            "dispatches_per_iteration": 1,
            "gpu_elapsed": {
              "clock": "vulkan_timestamp",
              "per_iteration_us": {
                "max": 34.64,
                "median": 34.04,
                "min": 33.68,
                "n": 5,
                "p05": 33.704,
                "p95": 34.568,
                "samples": 5,
                "stdev": 0.34446480226577664
              },
              "sequence_us": {
                "max": 34.64,
                "median": 34.04,
                "min": 33.68,
                "n": 5,
                "p05": 33.704,
                "p95": 34.568,
                "samples": 5,
                "stdev": 0.34446480226577664
              },
              "status": "ok"
            },
            "host_wall": {
              "clock": "steady_clock",
              "per_iteration_us": {
                "max": 95.191,
                "median": 93.992,
                "min": 85.051,
                "n": 5,
                "p05": 86.739,
                "p95": 95.165,
                "samples": 5,
                "stdev": 3.8073504908269222
              },
              "sequence_us": {
                "max": 95.191,
                "median": 93.992,
                "min": 85.051,
                "n": 5,
                "p05": 86.739,
                "p95": 95.165,
                "samples": 5,
                "stdev": 3.8073504908269222
              },
              "status": "ok"
            },
            "logical_iterations": 1
          }
        },
        "timing_mode": "independent_throughput",
        "variant": "rowtile4",
        "workgroup_match": "vulkan_diagnostic_unmatched"
      },
      {
        "backend": "vulkan",
        "correctness": {
          "single_dispatch": {
            "oracle": "CPU Q8_0 dense q8_1+dp4a BF16 logits with KL <= 0.05 and top-1 >= 90%",
            "status": "pass"
          },
          "synchronization": {
            "barrier_count": 10,
            "method": "timeline_coordinated_multi_queue_disjoint_slices",
            "status": "pass"
          },
          "timed_sequence": {
            "coverage": "all_dispatches",
            "logical_iterations": 10,
            "oracle": "CPU Q8_0 dense q8_1+dp4a BF16 logits with KL <= 0.05 and top-1 >= 90%",
            "status": "pass"
          }
        },
        "correctness_pass": true,
        "dependency_contract": {
          "inter_dispatch_ordering": "none",
          "output_partitioning": "disjoint",
          "validation_status": "pass",
          "work_dependency": "independent"
        },
        "execution": {
          "actual_parallel_lanes": 4,
          "burst_lane_gpu_samples_us": [
            [
              209.2,
              152.04,
              144.52,
              63.32
            ],
            [
              132.92,
              162.92,
              126.8,
              89.84
            ],
            [
              148.4,
              199.2,
              153.04,
              63.84
            ],
            [
              133.52,
              102.44,
              126.64,
              117.68
            ],
            [
              173.16,
              147.52,
              169.88,
              80
            ]
          ],
          "calibrated_timestamp_domain": true,
          "calibrated_timestamp_extension": "VK_KHR_calibrated_timestamps",
          "lane_assignment": "round_robin_multi_queue",
          "requested_parallel_lanes": 4,
          "single_lane_gpu_samples_us": [
            [
              36.32,
              2.92,
              3.04,
              3.32
            ],
            [
              51.44,
              2.72,
              3.12,
              2.8
            ],
            [
              35.72,
              2.96,
              2.52,
              3.64
            ],
            [
              37.48,
              2.56,
              3.12,
              2.36
            ],
            [
              36.72,
              2.44,
              2.64,
              3
            ]
          ],
          "submission_strategy": "vulkan_multi_queue"
        },
        "hardware": {
          "actual_independent_lanes": 4,
          "api_version": "1.4.318",
          "calibrated_timestamp_extension": "VK_KHR_calibrated_timestamps",
          "device_id": 30032,
          "device_name": "AMD Radeon Graphics (RADV GFX1201)",
          "device_type": 2,
          "driver_version_raw": 104865800,
          "queue_family": 1,
          "queue_flags": 14,
          "queue_timestamp_valid_bits": 64,
          "requested_api_version": "1.2",
          "requested_independent_lanes": 4,
          "shader_integer_dot_product": true,
          "storage_buffer_16bit": true,
          "timeline_semaphore": true,
          "vendor_id": 4098
        },
        "in_features": 2048,
        "local_size": 64,
        "median_us": 25.624000000000002,
        "numeric_correctness": {
          "burst": {
            "exact_bf16_mismatches": 12989,
            "expected_repetitions": [
              0,
              1,
              2,
              3,
              4,
              5,
              6,
              7,
              8,
              9
            ],
            "kl_divergence": 0.0001183141109,
            "max_abs": 0.0625,
            "mean_abs": 0.001415863866,
            "outputs_checked": 10,
            "pass": true,
            "top1": 1
          },
          "single": {
            "exact_bf16_mismatches": 1017,
            "expected_repetitions": [
              0
            ],
            "kl_divergence": 4.436209871e-06,
            "max_abs": 0.03125,
            "mean_abs": 0.000759601593,
            "outputs_checked": 1,
            "pass": true,
            "top1": 1
          }
        },
        "operation": "q8_0_dense_dp4a_quantize_plus_dot",
        "out_features": 2048,
        "q8_0_weight_bytes": 4456448,
        "q8_blocks_per_row": 64,
        "row_tile": 4,
        "rows": 4,
        "sequence_validation": {
          "burst_expected_repetitions": [
            0,
            1,
            2,
            3,
            4,
            5,
            6,
            7,
            8,
            9
          ],
          "input_repetition_pattern": "distinct_deterministic_salt",
          "output_partitioning": "disjoint",
          "single_expected_repetitions": [
            0
          ],
          "xq_partitioning": "disjoint"
        },
        "submission": {
          "completion_in_host_wall": true,
          "queue_or_stream_count": 4,
          "recording_in_timed_region": false,
          "strategy": "vulkan_multi_queue",
          "submit_in_host_wall": true
        },
        "timing": {
          "burst": {
            "dispatches_per_iteration": 2,
            "gpu_elapsed": {
              "clock": "vulkan_calibrated_multi_queue_timestamp_span",
              "per_iteration_us": {
                "max": 29.248,
                "median": 25.624000000000002,
                "min": 24.332,
                "n": 5,
                "p05": 24.541600000000003,
                "p95": 29.060000000000002,
                "samples": 5,
                "stdev": 1.8714505176466725
              },
              "sequence_us": {
                "max": 292.48,
                "median": 256.24,
                "min": 243.32,
                "n": 5,
                "p05": 245.416,
                "p95": 290.6,
                "samples": 5,
                "stdev": 18.71450517646673
              },
              "status": "ok"
            },
            "host_wall": {
              "clock": "steady_clock",
              "per_iteration_us": {
                "max": 38.3896,
                "median": 34.076499999999996,
                "min": 32.8435,
                "n": 5,
                "p05": 32.9559,
                "p95": 38.20718,
                "samples": 5,
                "stdev": 2.253384574723099
              },
              "sequence_us": {
                "max": 383.896,
                "median": 340.765,
                "min": 328.435,
                "n": 5,
                "p05": 329.55899999999997,
                "p95": 382.0718,
                "samples": 5,
                "stdev": 22.533845747230984
              },
              "status": "ok"
            },
            "logical_iterations": 10
          },
          "single": {
            "dispatches_per_iteration": 2,
            "gpu_elapsed": {
              "clock": "vulkan_calibrated_multi_queue_timestamp_span",
              "per_iteration_us": {
                "max": 80.4,
                "median": 63.92,
                "min": 52.6,
                "n": 5,
                "p05": 53.976000000000006,
                "p95": 78.376,
                "samples": 5,
                "stdev": 9.485470151763698
              },
              "sequence_us": {
                "max": 80.4,
                "median": 63.92,
                "min": 52.6,
                "n": 5,
                "p05": 53.976000000000006,
                "p95": 78.376,
                "samples": 5,
                "stdev": 9.485470151763698
              },
              "status": "ok"
            },
            "host_wall": {
              "clock": "steady_clock",
              "per_iteration_us": {
                "max": 171.803,
                "median": 147.922,
                "min": 127.091,
                "n": 5,
                "p05": 129.9132,
                "p95": 168.213,
                "samples": 5,
                "stdev": 14.721042482107034
              },
              "sequence_us": {
                "max": 171.803,
                "median": 147.922,
                "min": 127.091,
                "n": 5,
                "p05": 129.9132,
                "p95": 168.213,
                "samples": 5,
                "stdev": 14.721042482107034
              },
              "status": "ok"
            },
            "logical_iterations": 1
          }
        },
        "timing_mode": "independent_throughput",
        "variant": "rowtile4",
        "workgroup_match": "vulkan_diagnostic_unmatched"
      },
      {
        "backend": "vulkan",
        "correctness": {
          "single_dispatch": {
            "oracle": "CPU Q8_0 dense q8_1+dp4a BF16 logits with KL <= 0.05 and top-1 >= 90%",
            "status": "pass"
          },
          "synchronization": {
            "barrier_count": 0,
            "method": "disjoint_xq_and_output_slices",
            "status": "pass"
          },
          "timed_sequence": {
            "coverage": "all_dispatches",
            "logical_iterations": 10,
            "oracle": "CPU Q8_0 dense q8_1+dp4a BF16 logits with KL <= 0.05 and top-1 >= 90%",
            "status": "pass"
          }
        },
        "correctness_pass": true,
        "dependency_contract": {
          "inter_dispatch_ordering": "none",
          "output_partitioning": "disjoint",
          "validation_status": "pass",
          "work_dependency": "independent"
        },
        "execution": {
          "actual_parallel_lanes": 1,
          "burst_lane_gpu_samples_us": [],
          "calibrated_timestamp_domain": false,
          "calibrated_timestamp_extension": "",
          "lane_assignment": "single_command_buffer",
          "requested_parallel_lanes": 4,
          "single_lane_gpu_samples_us": [],
          "submission_strategy": "vulkan_command_buffer"
        },
        "hardware": {
          "actual_independent_lanes": 4,
          "api_version": "1.4.318",
          "calibrated_timestamp_extension": "VK_KHR_calibrated_timestamps",
          "device_id": 30032,
          "device_name": "AMD Radeon Graphics (RADV GFX1201)",
          "device_type": 2,
          "driver_version_raw": 104865800,
          "queue_family": 1,
          "queue_flags": 14,
          "queue_timestamp_valid_bits": 64,
          "requested_api_version": "1.2",
          "requested_independent_lanes": 4,
          "shader_integer_dot_product": true,
          "storage_buffer_16bit": true,
          "timeline_semaphore": true,
          "vendor_id": 4098
        },
        "in_features": 768,
        "local_size": 128,
        "median_us": 7.859999999999999,
        "numeric_correctness": {
          "burst": {
            "exact_bf16_mismatches": 2785,
            "expected_repetitions": [
              0,
              1,
              2,
              3,
              4,
              5,
              6,
              7,
              8,
              9
            ],
            "kl_divergence": 7.509737071e-05,
            "max_abs": 0.03125,
            "mean_abs": 0.001078635454,
            "outputs_checked": 10,
            "pass": true,
            "top1": 1
          },
          "single": {
            "exact_bf16_mismatches": 251,
            "expected_repetitions": [
              0
            ],
            "kl_divergence": 3.301283582e-07,
            "max_abs": 0.015625,
            "mean_abs": 0.0002901772968,
            "outputs_checked": 1,
            "pass": true,
            "top1": 1
          }
        },
        "operation": "q8_0_dense_dp4a_dot_prequantized",
        "out_features": 2048,
        "q8_0_weight_bytes": 1671168,
        "q8_blocks_per_row": 24,
        "row_tile": 1,
        "rows": 1,
        "sequence_validation": {
          "burst_expected_repetitions": [
            0,
            1,
            2,
            3,
            4,
            5,
            6,
            7,
            8,
            9
          ],
          "input_repetition_pattern": "distinct_deterministic_salt",
          "output_partitioning": "disjoint",
          "single_expected_repetitions": [
            0
          ],
          "xq_partitioning": "disjoint"
        },
        "submission": {
          "completion_in_host_wall": true,
          "queue_or_stream_count": 1,
          "recording_in_timed_region": false,
          "strategy": "vulkan_command_buffer",
          "submit_in_host_wall": true
        },
        "timing": {
          "burst": {
            "dispatches_per_iteration": 1,
            "gpu_elapsed": {
              "clock": "vulkan_timestamp",
              "per_iteration_us": {
                "max": 7.872,
                "median": 7.859999999999999,
                "min": 7.848000000000001,
                "n": 5,
                "p05": 7.8488000000000016,
                "p95": 7.872,
                "samples": 5,
                "stdev": 0.009927738916792552
              },
              "sequence_us": {
                "max": 78.72,
                "median": 78.6,
                "min": 78.48,
                "n": 5,
                "p05": 78.488,
                "p95": 78.72,
                "samples": 5,
                "stdev": 0.09927738916792611
              },
              "status": "ok"
            },
            "host_wall": {
              "clock": "steady_clock",
              "per_iteration_us": {
                "max": 14.493199999999998,
                "median": 14.1692,
                "min": 14.122200000000001,
                "n": 5,
                "p05": 14.130800000000002,
                "p95": 14.430799999999998,
                "samples": 5,
                "stdev": 0.1349814802111748
              },
              "sequence_us": {
                "max": 144.932,
                "median": 141.692,
                "min": 141.222,
                "n": 5,
                "p05": 141.308,
                "p95": 144.308,
                "samples": 5,
                "stdev": 1.3498148021117502
              },
              "status": "ok"
            },
            "logical_iterations": 10
          },
          "single": {
            "dispatches_per_iteration": 1,
            "gpu_elapsed": {
              "clock": "vulkan_timestamp",
              "per_iteration_us": {
                "max": 16.64,
                "median": 15.92,
                "min": 15.8,
                "n": 5,
                "p05": 15.8,
                "p95": 16.536,
                "samples": 5,
                "stdev": 0.3145536520214
              },
              "sequence_us": {
                "max": 16.64,
                "median": 15.92,
                "min": 15.8,
                "n": 5,
                "p05": 15.8,
                "p95": 16.536,
                "samples": 5,
                "stdev": 0.3145536520214
              },
              "status": "ok"
            },
            "host_wall": {
              "clock": "steady_clock",
              "per_iteration_us": {
                "max": 80.361,
                "median": 78.401,
                "min": 68.791,
                "n": 5,
                "p05": 70.61500000000001,
                "p95": 80.04520000000001,
                "samples": 5,
                "stdev": 4.111898461781371
              },
              "sequence_us": {
                "max": 80.361,
                "median": 78.401,
                "min": 68.791,
                "n": 5,
                "p05": 70.61500000000001,
                "p95": 80.04520000000001,
                "samples": 5,
                "stdev": 4.111898461781371
              },
              "status": "ok"
            },
            "logical_iterations": 1
          }
        },
        "timing_mode": "independent_throughput",
        "variant": "single",
        "workgroup_match": "vulkan_diagnostic_unmatched"
      },
      {
        "backend": "vulkan",
        "correctness": {
          "single_dispatch": {
            "oracle": "CPU Q8_0 dense q8_1+dp4a BF16 logits with KL <= 0.05 and top-1 >= 90%",
            "status": "pass"
          },
          "synchronization": {
            "barrier_count": 10,
            "method": "timeline_coordinated_multi_queue_disjoint_slices",
            "status": "pass"
          },
          "timed_sequence": {
            "coverage": "all_dispatches",
            "logical_iterations": 10,
            "oracle": "CPU Q8_0 dense q8_1+dp4a BF16 logits with KL <= 0.05 and top-1 >= 90%",
            "status": "pass"
          }
        },
        "correctness_pass": true,
        "dependency_contract": {
          "inter_dispatch_ordering": "none",
          "output_partitioning": "disjoint",
          "validation_status": "pass",
          "work_dependency": "independent"
        },
        "execution": {
          "actual_parallel_lanes": 4,
          "burst_lane_gpu_samples_us": [
            [
              104.72,
              60.48,
              91.24,
              38.44
            ],
            [
              66.48,
              125.84,
              81.8,
              39.76
            ],
            [
              125.72,
              109.68,
              38.24,
              41.36
            ],
            [
              67.28,
              127.68,
              75.08,
              37.6
            ],
            [
              130.64,
              60.72,
              82.04,
              41.84
            ]
          ],
          "calibrated_timestamp_domain": true,
          "calibrated_timestamp_extension": "VK_KHR_calibrated_timestamps",
          "lane_assignment": "round_robin_multi_queue",
          "requested_parallel_lanes": 4,
          "single_lane_gpu_samples_us": [
            [
              20.04,
              3.16,
              2.04,
              3
            ],
            [
              21.48,
              2.64,
              2.32,
              3.48
            ],
            [
              34.28,
              2.92,
              2.72,
              2.52
            ],
            [
              35,
              2.04,
              2.48,
              2.88
            ],
            [
              20.24,
              2.44,
              2.92,
              2.28
            ]
          ],
          "submission_strategy": "vulkan_multi_queue"
        },
        "hardware": {
          "actual_independent_lanes": 4,
          "api_version": "1.4.318",
          "calibrated_timestamp_extension": "VK_KHR_calibrated_timestamps",
          "device_id": 30032,
          "device_name": "AMD Radeon Graphics (RADV GFX1201)",
          "device_type": 2,
          "driver_version_raw": 104865800,
          "queue_family": 1,
          "queue_flags": 14,
          "queue_timestamp_valid_bits": 64,
          "requested_api_version": "1.2",
          "requested_independent_lanes": 4,
          "shader_integer_dot_product": true,
          "storage_buffer_16bit": true,
          "timeline_semaphore": true,
          "vendor_id": 4098
        },
        "in_features": 768,
        "local_size": 128,
        "median_us": 17.712,
        "numeric_correctness": {
          "burst": {
            "exact_bf16_mismatches": 2785,
            "expected_repetitions": [
              0,
              1,
              2,
              3,
              4,
              5,
              6,
              7,
              8,
              9
            ],
            "kl_divergence": 7.509737071e-05,
            "max_abs": 0.03125,
            "mean_abs": 0.001078635454,
            "outputs_checked": 10,
            "pass": true,
            "top1": 1
          },
          "single": {
            "exact_bf16_mismatches": 251,
            "expected_repetitions": [
              0
            ],
            "kl_divergence": 3.301283582e-07,
            "max_abs": 0.015625,
            "mean_abs": 0.0002901772968,
            "outputs_checked": 1,
            "pass": true,
            "top1": 1
          }
        },
        "operation": "q8_0_dense_dp4a_quantize_plus_dot",
        "out_features": 2048,
        "q8_0_weight_bytes": 1671168,
        "q8_blocks_per_row": 24,
        "row_tile": 1,
        "rows": 1,
        "sequence_validation": {
          "burst_expected_repetitions": [
            0,
            1,
            2,
            3,
            4,
            5,
            6,
            7,
            8,
            9
          ],
          "input_repetition_pattern": "distinct_deterministic_salt",
          "output_partitioning": "disjoint",
          "single_expected_repetitions": [
            0
          ],
          "xq_partitioning": "disjoint"
        },
        "submission": {
          "completion_in_host_wall": true,
          "queue_or_stream_count": 4,
          "recording_in_timed_region": false,
          "strategy": "vulkan_multi_queue",
          "submit_in_host_wall": true
        },
        "timing": {
          "burst": {
            "dispatches_per_iteration": 2,
            "gpu_elapsed": {
              "clock": "vulkan_calibrated_multi_queue_timestamp_span",
              "per_iteration_us": {
                "max": 18.304,
                "median": 17.712,
                "min": 12.975999999999999,
                "n": 5,
                "p05": 13.1728,
                "p95": 18.2776,
                "samples": 5,
                "stdev": 2.280808838986731
              },
              "sequence_us": {
                "max": 183.04,
                "median": 177.12,
                "min": 129.76,
                "n": 5,
                "p05": 131.728,
                "p95": 182.77599999999998,
                "samples": 5,
                "stdev": 22.80808838986731
              },
              "status": "ok"
            },
            "host_wall": {
              "clock": "steady_clock",
              "per_iteration_us": {
                "max": 28.3864,
                "median": 25.9384,
                "min": 20.5823,
                "n": 5,
                "p05": 20.8739,
                "p95": 28.1536,
                "samples": 5,
                "stdev": 3.0141470518871505
              },
              "sequence_us": {
                "max": 283.864,
                "median": 259.384,
                "min": 205.823,
                "n": 5,
                "p05": 208.73900000000003,
                "p95": 281.53599999999994,
                "samples": 5,
                "stdev": 30.141470518871497
              },
              "status": "ok"
            },
            "logical_iterations": 10
          },
          "single": {
            "dispatches_per_iteration": 2,
            "gpu_elapsed": {
              "clock": "vulkan_calibrated_multi_queue_timestamp_span",
              "per_iteration_us": {
                "max": 74.44,
                "median": 48.08,
                "min": 43.12,
                "n": 5,
                "p05": 43.752,
                "p95": 71.19999999999999,
                "samples": 5,
                "stdev": 11.391095469707906
              },
              "sequence_us": {
                "max": 74.44,
                "median": 48.08,
                "min": 43.12,
                "n": 5,
                "p05": 43.752,
                "p95": 71.19999999999999,
                "samples": 5,
                "stdev": 11.391095469707906
              },
              "status": "ok"
            },
            "host_wall": {
              "clock": "steady_clock",
              "per_iteration_us": {
                "max": 145.162,
                "median": 130.022,
                "min": 118.562,
                "n": 5,
                "p05": 119.40200000000002,
                "p95": 144.346,
                "samples": 5,
                "stdev": 10.241018699328697
              },
              "sequence_us": {
                "max": 145.162,
                "median": 130.022,
                "min": 118.562,
                "n": 5,
                "p05": 119.40200000000002,
                "p95": 144.346,
                "samples": 5,
                "stdev": 10.241018699328697
              },
              "status": "ok"
            },
            "logical_iterations": 1
          }
        },
        "timing_mode": "independent_throughput",
        "variant": "single",
        "workgroup_match": "vulkan_diagnostic_unmatched"
      },
      {
        "backend": "vulkan",
        "correctness": {
          "single_dispatch": {
            "oracle": "CPU Q8_0 dense q8_1+dp4a BF16 logits with KL <= 0.05 and top-1 >= 90%",
            "status": "pass"
          },
          "synchronization": {
            "barrier_count": 0,
            "method": "disjoint_xq_and_output_slices",
            "status": "pass"
          },
          "timed_sequence": {
            "coverage": "all_dispatches",
            "logical_iterations": 10,
            "oracle": "CPU Q8_0 dense q8_1+dp4a BF16 logits with KL <= 0.05 and top-1 >= 90%",
            "status": "pass"
          }
        },
        "correctness_pass": true,
        "dependency_contract": {
          "inter_dispatch_ordering": "none",
          "output_partitioning": "disjoint",
          "validation_status": "pass",
          "work_dependency": "independent"
        },
        "execution": {
          "actual_parallel_lanes": 1,
          "burst_lane_gpu_samples_us": [],
          "calibrated_timestamp_domain": false,
          "calibrated_timestamp_extension": "",
          "lane_assignment": "single_command_buffer",
          "requested_parallel_lanes": 4,
          "single_lane_gpu_samples_us": [],
          "submission_strategy": "vulkan_command_buffer"
        },
        "hardware": {
          "actual_independent_lanes": 4,
          "api_version": "1.4.318",
          "calibrated_timestamp_extension": "VK_KHR_calibrated_timestamps",
          "device_id": 30032,
          "device_name": "AMD Radeon Graphics (RADV GFX1201)",
          "device_type": 2,
          "driver_version_raw": 104865800,
          "queue_family": 1,
          "queue_flags": 14,
          "queue_timestamp_valid_bits": 64,
          "requested_api_version": "1.2",
          "requested_independent_lanes": 4,
          "shader_integer_dot_product": true,
          "storage_buffer_16bit": true,
          "timeline_semaphore": true,
          "vendor_id": 4098
        },
        "in_features": 768,
        "local_size": 128,
        "median_us": 28.816000000000003,
        "numeric_correctness": {
          "burst": {
            "exact_bf16_mismatches": 13155,
            "expected_repetitions": [
              0,
              1,
              2,
              3,
              4,
              5,
              6,
              7,
              8,
              9
            ],
            "kl_divergence": 7.737942242e-05,
            "max_abs": 0.03125,
            "mean_abs": 0.0008274186403,
            "outputs_checked": 10,
            "pass": true,
            "top1": 1
          },
          "single": {
            "exact_bf16_mismatches": 1232,
            "expected_repetitions": [
              0
            ],
            "kl_divergence": 3.999396507e-05,
            "max_abs": 0.03125,
            "mean_abs": 0.0005773062585,
            "outputs_checked": 1,
            "pass": true,
            "top1": 1
          }
        },
        "operation": "q8_0_dense_dp4a_dot_prequantized",
        "out_features": 2048,
        "q8_0_weight_bytes": 1671168,
        "q8_blocks_per_row": 24,
        "row_tile": 1,
        "rows": 4,
        "sequence_validation": {
          "burst_expected_repetitions": [
            0,
            1,
            2,
            3,
            4,
            5,
            6,
            7,
            8,
            9
          ],
          "input_repetition_pattern": "distinct_deterministic_salt",
          "output_partitioning": "disjoint",
          "single_expected_repetitions": [
            0
          ],
          "xq_partitioning": "disjoint"
        },
        "submission": {
          "completion_in_host_wall": true,
          "queue_or_stream_count": 1,
          "recording_in_timed_region": false,
          "strategy": "vulkan_command_buffer",
          "submit_in_host_wall": true
        },
        "timing": {
          "burst": {
            "dispatches_per_iteration": 1,
            "gpu_elapsed": {
              "clock": "vulkan_timestamp",
              "per_iteration_us": {
                "max": 28.839999999999996,
                "median": 28.816000000000003,
                "min": 28.812,
                "n": 5,
                "p05": 28.812,
                "p95": 28.839999999999996,
                "samples": 5,
                "stdev": 0.013145341380121458
              },
              "sequence_us": {
                "max": 288.4,
                "median": 288.16,
                "min": 288.12,
                "n": 5,
                "p05": 288.12,
                "p95": 288.4,
                "samples": 5,
                "stdev": 0.1314534138012241
              },
              "status": "ok"
            },
            "host_wall": {
              "clock": "steady_clock",
              "per_iteration_us": {
                "max": 35.2405,
                "median": 35.152499999999996,
                "min": 35.0915,
                "n": 5,
                "p05": 35.10072,
                "p95": 35.2307,
                "samples": 5,
                "stdev": 0.05037016577300393
              },
              "sequence_us": {
                "max": 352.405,
                "median": 351.525,
                "min": 350.915,
                "n": 5,
                "p05": 351.0072,
                "p95": 352.307,
                "samples": 5,
                "stdev": 0.5037016577300409
              },
              "status": "ok"
            },
            "logical_iterations": 10
          },
          "single": {
            "dispatches_per_iteration": 1,
            "gpu_elapsed": {
              "clock": "vulkan_timestamp",
              "per_iteration_us": {
                "max": 37.84,
                "median": 37.44,
                "min": 37.2,
                "n": 5,
                "p05": 37.232000000000006,
                "p95": 37.792,
                "samples": 5,
                "stdev": 0.21821090715177435
              },
              "sequence_us": {
                "max": 37.84,
                "median": 37.44,
                "min": 37.2,
                "n": 5,
                "p05": 37.232000000000006,
                "p95": 37.792,
                "samples": 5,
                "stdev": 0.21821090715177435
              },
              "status": "ok"
            },
            "host_wall": {
              "clock": "steady_clock",
              "per_iteration_us": {
                "max": 105.472,
                "median": 100.211,
                "min": 90.241,
                "n": 5,
                "p05": 91.9612,
                "p95": 104.94779999999999,
                "samples": 5,
                "stdev": 5.168342349341807
              },
              "sequence_us": {
                "max": 105.472,
                "median": 100.211,
                "min": 90.241,
                "n": 5,
                "p05": 91.9612,
                "p95": 104.94779999999999,
                "samples": 5,
                "stdev": 5.168342349341807
              },
              "status": "ok"
            },
            "logical_iterations": 1
          }
        },
        "timing_mode": "independent_throughput",
        "variant": "single",
        "workgroup_match": "vulkan_diagnostic_unmatched"
      },
      {
        "backend": "vulkan",
        "correctness": {
          "single_dispatch": {
            "oracle": "CPU Q8_0 dense q8_1+dp4a BF16 logits with KL <= 0.05 and top-1 >= 90%",
            "status": "pass"
          },
          "synchronization": {
            "barrier_count": 10,
            "method": "timeline_coordinated_multi_queue_disjoint_slices",
            "status": "pass"
          },
          "timed_sequence": {
            "coverage": "all_dispatches",
            "logical_iterations": 10,
            "oracle": "CPU Q8_0 dense q8_1+dp4a BF16 logits with KL <= 0.05 and top-1 >= 90%",
            "status": "pass"
          }
        },
        "correctness_pass": true,
        "dependency_contract": {
          "inter_dispatch_ordering": "none",
          "output_partitioning": "disjoint",
          "validation_status": "pass",
          "work_dependency": "independent"
        },
        "execution": {
          "actual_parallel_lanes": 4,
          "burst_lane_gpu_samples_us": [
            [
              271.8,
              288.72,
              121,
              80.16
            ],
            [
              160,
              317.92,
              235,
              129.6
            ],
            [
              267.8,
              176.6,
              211.28,
              80.2
            ],
            [
              165.32,
              307.76,
              243,
              125.88
            ],
            [
              268.84,
              179.88,
              216.6,
              80.2
            ]
          ],
          "calibrated_timestamp_domain": true,
          "calibrated_timestamp_extension": "VK_KHR_calibrated_timestamps",
          "lane_assignment": "round_robin_multi_queue",
          "requested_parallel_lanes": 4,
          "single_lane_gpu_samples_us": [
            [
              42.48,
              3.44,
              2.64,
              3.44
            ],
            [
              42.2,
              3.04,
              3.08,
              2.56
            ],
            [
              41.28,
              3.08,
              2.92,
              3.2
            ],
            [
              41.16,
              3.52,
              3,
              3
            ],
            [
              56,
              3.28,
              2.16,
              2.92
            ]
          ],
          "submission_strategy": "vulkan_multi_queue"
        },
        "hardware": {
          "actual_independent_lanes": 4,
          "api_version": "1.4.318",
          "calibrated_timestamp_extension": "VK_KHR_calibrated_timestamps",
          "device_id": 30032,
          "device_name": "AMD Radeon Graphics (RADV GFX1201)",
          "device_type": 2,
          "driver_version_raw": 104865800,
          "queue_family": 1,
          "queue_flags": 14,
          "queue_timestamp_valid_bits": 64,
          "requested_api_version": "1.2",
          "requested_independent_lanes": 4,
          "shader_integer_dot_product": true,
          "storage_buffer_16bit": true,
          "timeline_semaphore": true,
          "vendor_id": 4098
        },
        "in_features": 768,
        "local_size": 128,
        "median_us": 38.176,
        "numeric_correctness": {
          "burst": {
            "exact_bf16_mismatches": 13155,
            "expected_repetitions": [
              0,
              1,
              2,
              3,
              4,
              5,
              6,
              7,
              8,
              9
            ],
            "kl_divergence": 7.737942242e-05,
            "max_abs": 0.03125,
            "mean_abs": 0.0008274186403,
            "outputs_checked": 10,
            "pass": true,
            "top1": 1
          },
          "single": {
            "exact_bf16_mismatches": 1232,
            "expected_repetitions": [
              0
            ],
            "kl_divergence": 3.999396507e-05,
            "max_abs": 0.03125,
            "mean_abs": 0.0005773062585,
            "outputs_checked": 1,
            "pass": true,
            "top1": 1
          }
        },
        "operation": "q8_0_dense_dp4a_quantize_plus_dot",
        "out_features": 2048,
        "q8_0_weight_bytes": 1671168,
        "q8_blocks_per_row": 24,
        "row_tile": 1,
        "rows": 4,
        "sequence_validation": {
          "burst_expected_repetitions": [
            0,
            1,
            2,
            3,
            4,
            5,
            6,
            7,
            8,
            9
          ],
          "input_repetition_pattern": "distinct_deterministic_salt",
          "output_partitioning": "disjoint",
          "single_expected_repetitions": [
            0
          ],
          "xq_partitioning": "disjoint"
        },
        "submission": {
          "completion_in_host_wall": true,
          "queue_or_stream_count": 4,
          "recording_in_timed_region": false,
          "strategy": "vulkan_multi_queue",
          "submit_in_host_wall": true
        },
        "timing": {
          "burst": {
            "dispatches_per_iteration": 2,
            "gpu_elapsed": {
              "clock": "vulkan_calibrated_multi_queue_timestamp_span",
              "per_iteration_us": {
                "max": 38.58,
                "median": 38.176,
                "min": 32.184,
                "n": 5,
                "p05": 32.3016,
                "p95": 38.5192,
                "samples": 5,
                "stdev": 2.8828237268345065
              },
              "sequence_us": {
                "max": 385.8,
                "median": 381.76,
                "min": 321.84,
                "n": 5,
                "p05": 323.01599999999996,
                "p95": 385.192,
                "samples": 5,
                "stdev": 28.828237268345077
              },
              "status": "ok"
            },
            "host_wall": {
              "clock": "steady_clock",
              "per_iteration_us": {
                "max": 48.0557,
                "median": 46.5387,
                "min": 39.8766,
                "n": 5,
                "p05": 39.9838,
                "p95": 47.8293,
                "samples": 5,
                "stdev": 3.4831112968723814
              },
              "sequence_us": {
                "max": 480.557,
                "median": 465.387,
                "min": 398.766,
                "n": 5,
                "p05": 399.838,
                "p95": 478.293,
                "samples": 5,
                "stdev": 34.831112968723815
              },
              "status": "ok"
            },
            "logical_iterations": 10
          },
          "single": {
            "dispatches_per_iteration": 2,
            "gpu_elapsed": {
              "clock": "vulkan_calibrated_multi_queue_timestamp_span",
              "per_iteration_us": {
                "max": 95.68,
                "median": 73.28,
                "min": 59.8,
                "n": 5,
                "p05": 61.480000000000004,
                "p95": 92.112,
                "samples": 5,
                "stdev": 11.96627260261106
              },
              "sequence_us": {
                "max": 95.68,
                "median": 73.28,
                "min": 59.8,
                "n": 5,
                "p05": 61.480000000000004,
                "p95": 92.112,
                "samples": 5,
                "stdev": 11.96627260261106
              },
              "status": "ok"
            },
            "host_wall": {
              "clock": "steady_clock",
              "per_iteration_us": {
                "max": 180.563,
                "median": 153.492,
                "min": 130.492,
                "n": 5,
                "p05": 134.696,
                "p95": 176.11899999999997,
                "samples": 5,
                "stdev": 15.9978334108091
              },
              "sequence_us": {
                "max": 180.563,
                "median": 153.492,
                "min": 130.492,
                "n": 5,
                "p05": 134.696,
                "p95": 176.11899999999997,
                "samples": 5,
                "stdev": 15.9978334108091
              },
              "status": "ok"
            },
            "logical_iterations": 1
          }
        },
        "timing_mode": "independent_throughput",
        "variant": "single",
        "workgroup_match": "vulkan_diagnostic_unmatched"
      },
      {
        "backend": "vulkan",
        "correctness": {
          "single_dispatch": {
            "oracle": "CPU Q8_0 dense q8_1+dp4a BF16 logits with KL <= 0.05 and top-1 >= 90%",
            "status": "pass"
          },
          "synchronization": {
            "barrier_count": 0,
            "method": "disjoint_xq_and_output_slices",
            "status": "pass"
          },
          "timed_sequence": {
            "coverage": "all_dispatches",
            "logical_iterations": 10,
            "oracle": "CPU Q8_0 dense q8_1+dp4a BF16 logits with KL <= 0.05 and top-1 >= 90%",
            "status": "pass"
          }
        },
        "correctness_pass": true,
        "dependency_contract": {
          "inter_dispatch_ordering": "none",
          "output_partitioning": "disjoint",
          "validation_status": "pass",
          "work_dependency": "independent"
        },
        "execution": {
          "actual_parallel_lanes": 1,
          "burst_lane_gpu_samples_us": [],
          "calibrated_timestamp_domain": false,
          "calibrated_timestamp_extension": "",
          "lane_assignment": "single_command_buffer",
          "requested_parallel_lanes": 4,
          "single_lane_gpu_samples_us": [],
          "submission_strategy": "vulkan_command_buffer"
        },
        "hardware": {
          "actual_independent_lanes": 4,
          "api_version": "1.4.318",
          "calibrated_timestamp_extension": "VK_KHR_calibrated_timestamps",
          "device_id": 30032,
          "device_name": "AMD Radeon Graphics (RADV GFX1201)",
          "device_type": 2,
          "driver_version_raw": 104865800,
          "queue_family": 1,
          "queue_flags": 14,
          "queue_timestamp_valid_bits": 64,
          "requested_api_version": "1.2",
          "requested_independent_lanes": 4,
          "shader_integer_dot_product": true,
          "storage_buffer_16bit": true,
          "timeline_semaphore": true,
          "vendor_id": 4098
        },
        "in_features": 2048,
        "local_size": 128,
        "median_us": 14.024000000000001,
        "numeric_correctness": {
          "burst": {
            "exact_bf16_mismatches": 2500,
            "expected_repetitions": [
              0,
              1,
              2,
              3,
              4,
              5,
              6,
              7,
              8,
              9
            ],
            "kl_divergence": 7.475795864e-05,
            "max_abs": 0.0625,
            "mean_abs": 0.001559987664,
            "outputs_checked": 10,
            "pass": true,
            "top1": 1
          },
          "single": {
            "exact_bf16_mismatches": 41,
            "expected_repetitions": [
              0
            ],
            "kl_divergence": 2.576833846e-09,
            "max_abs": 0.03125,
            "mean_abs": 0.0005187988281,
            "outputs_checked": 1,
            "pass": true,
            "top1": 1
          }
        },
        "operation": "q8_0_dense_dp4a_dot_prequantized",
        "out_features": 2048,
        "q8_0_weight_bytes": 4456448,
        "q8_blocks_per_row": 64,
        "row_tile": 1,
        "rows": 1,
        "sequence_validation": {
          "burst_expected_repetitions": [
            0,
            1,
            2,
            3,
            4,
            5,
            6,
            7,
            8,
            9
          ],
          "input_repetition_pattern": "distinct_deterministic_salt",
          "output_partitioning": "disjoint",
          "single_expected_repetitions": [
            0
          ],
          "xq_partitioning": "disjoint"
        },
        "submission": {
          "completion_in_host_wall": true,
          "queue_or_stream_count": 1,
          "recording_in_timed_region": false,
          "strategy": "vulkan_command_buffer",
          "submit_in_host_wall": true
        },
        "timing": {
          "burst": {
            "dispatches_per_iteration": 1,
            "gpu_elapsed": {
              "clock": "vulkan_timestamp",
              "per_iteration_us": {
                "max": 14.036000000000001,
                "median": 14.024000000000001,
                "min": 14.008000000000001,
                "n": 5,
                "p05": 14.008800000000003,
                "p95": 14.034400000000002,
                "samples": 5,
                "stdev": 0.010307278981380261
              },
              "sequence_us": {
                "max": 140.36,
                "median": 140.24,
                "min": 140.08,
                "n": 5,
                "p05": 140.08800000000002,
                "p95": 140.344,
                "samples": 5,
                "stdev": 0.10307278981380123
              },
              "status": "ok"
            },
            "host_wall": {
              "clock": "steady_clock",
              "per_iteration_us": {
                "max": 20.369300000000003,
                "median": 20.3143,
                "min": 20.0583,
                "n": 5,
                "p05": 20.1085,
                "p95": 20.361500000000003,
                "samples": 5,
                "stdev": 0.1110153142588904
              },
              "sequence_us": {
                "max": 203.693,
                "median": 203.143,
                "min": 200.583,
                "n": 5,
                "p05": 201.08500000000004,
                "p95": 203.615,
                "samples": 5,
                "stdev": 1.110153142588897
              },
              "status": "ok"
            },
            "logical_iterations": 10
          },
          "single": {
            "dispatches_per_iteration": 1,
            "gpu_elapsed": {
              "clock": "vulkan_timestamp",
              "per_iteration_us": {
                "max": 23.52,
                "median": 22.56,
                "min": 22.28,
                "n": 5,
                "p05": 22.296000000000003,
                "p95": 23.439999999999998,
                "samples": 5,
                "stdev": 0.47692347394524415
              },
              "sequence_us": {
                "max": 23.52,
                "median": 22.56,
                "min": 22.28,
                "n": 5,
                "p05": 22.296000000000003,
                "p95": 23.439999999999998,
                "samples": 5,
                "stdev": 0.47692347394524415
              },
              "status": "ok"
            },
            "host_wall": {
              "clock": "steady_clock",
              "per_iteration_us": {
                "max": 87.241,
                "median": 85.752,
                "min": 77.811,
                "n": 5,
                "p05": 79.21300000000001,
                "p95": 86.983,
                "samples": 5,
                "stdev": 3.342483890761476
              },
              "sequence_us": {
                "max": 87.241,
                "median": 85.752,
                "min": 77.811,
                "n": 5,
                "p05": 79.21300000000001,
                "p95": 86.983,
                "samples": 5,
                "stdev": 3.342483890761476
              },
              "status": "ok"
            },
            "logical_iterations": 1
          }
        },
        "timing_mode": "independent_throughput",
        "variant": "single",
        "workgroup_match": "vulkan_diagnostic_unmatched"
      },
      {
        "backend": "vulkan",
        "correctness": {
          "single_dispatch": {
            "oracle": "CPU Q8_0 dense q8_1+dp4a BF16 logits with KL <= 0.05 and top-1 >= 90%",
            "status": "pass"
          },
          "synchronization": {
            "barrier_count": 10,
            "method": "timeline_coordinated_multi_queue_disjoint_slices",
            "status": "pass"
          },
          "timed_sequence": {
            "coverage": "all_dispatches",
            "logical_iterations": 10,
            "oracle": "CPU Q8_0 dense q8_1+dp4a BF16 logits with KL <= 0.05 and top-1 >= 90%",
            "status": "pass"
          }
        },
        "correctness_pass": true,
        "dependency_contract": {
          "inter_dispatch_ordering": "none",
          "output_partitioning": "disjoint",
          "validation_status": "pass",
          "work_dependency": "independent"
        },
        "execution": {
          "actual_parallel_lanes": 4,
          "burst_lane_gpu_samples_us": [
            [
              87.44,
              163.08,
              102.52,
              75.12
            ],
            [
              76.72,
              155.68,
              119.52,
              53.2
            ],
            [
              142.8,
              83.12,
              121.6,
              46.44
            ],
            [
              73.6,
              85.72,
              95.44,
              102.04
            ],
            [
              66.92,
              131.64,
              57.56,
              110.6
            ]
          ],
          "calibrated_timestamp_domain": true,
          "calibrated_timestamp_extension": "VK_KHR_calibrated_timestamps",
          "lane_assignment": "round_robin_multi_queue",
          "requested_parallel_lanes": 4,
          "single_lane_gpu_samples_us": [
            [
              25.28,
              3.08,
              3.04,
              2.8
            ],
            [
              25.56,
              3.56,
              3.4,
              2.64
            ],
            [
              39.64,
              3.52,
              3.24,
              2.76
            ],
            [
              41.64,
              2.88,
              2.52,
              2.92
            ],
            [
              25.84,
              3.32,
              2.76,
              2.56
            ]
          ],
          "submission_strategy": "vulkan_multi_queue"
        },
        "hardware": {
          "actual_independent_lanes": 4,
          "api_version": "1.4.318",
          "calibrated_timestamp_extension": "VK_KHR_calibrated_timestamps",
          "device_id": 30032,
          "device_name": "AMD Radeon Graphics (RADV GFX1201)",
          "device_type": 2,
          "driver_version_raw": 104865800,
          "queue_family": 1,
          "queue_flags": 14,
          "queue_timestamp_valid_bits": 64,
          "requested_api_version": "1.2",
          "requested_independent_lanes": 4,
          "shader_integer_dot_product": true,
          "storage_buffer_16bit": true,
          "timeline_semaphore": true,
          "vendor_id": 4098
        },
        "in_features": 2048,
        "local_size": 128,
        "median_us": 20.363999999999997,
        "numeric_correctness": {
          "burst": {
            "exact_bf16_mismatches": 2500,
            "expected_repetitions": [
              0,
              1,
              2,
              3,
              4,
              5,
              6,
              7,
              8,
              9
            ],
            "kl_divergence": 7.475795864e-05,
            "max_abs": 0.0625,
            "mean_abs": 0.001559987664,
            "outputs_checked": 10,
            "pass": true,
            "top1": 1
          },
          "single": {
            "exact_bf16_mismatches": 41,
            "expected_repetitions": [
              0
            ],
            "kl_divergence": 2.576833846e-09,
            "max_abs": 0.03125,
            "mean_abs": 0.0005187988281,
            "outputs_checked": 1,
            "pass": true,
            "top1": 1
          }
        },
        "operation": "q8_0_dense_dp4a_quantize_plus_dot",
        "out_features": 2048,
        "q8_0_weight_bytes": 4456448,
        "q8_blocks_per_row": 64,
        "row_tile": 1,
        "rows": 1,
        "sequence_validation": {
          "burst_expected_repetitions": [
            0,
            1,
            2,
            3,
            4,
            5,
            6,
            7,
            8,
            9
          ],
          "input_repetition_pattern": "distinct_deterministic_salt",
          "output_partitioning": "disjoint",
          "single_expected_repetitions": [
            0
          ],
          "xq_partitioning": "disjoint"
        },
        "submission": {
          "completion_in_host_wall": true,
          "queue_or_stream_count": 4,
          "recording_in_timed_region": false,
          "strategy": "vulkan_multi_queue",
          "submit_in_host_wall": true
        },
        "timing": {
          "burst": {
            "dispatches_per_iteration": 2,
            "gpu_elapsed": {
              "clock": "vulkan_calibrated_multi_queue_timestamp_span",
              "per_iteration_us": {
                "max": 23.236,
                "median": 20.363999999999997,
                "min": 17.512,
                "n": 5,
                "p05": 17.6192,
                "p95": 23.049599999999998,
                "samples": 5,
                "stdev": 2.257626931093798
              },
              "sequence_us": {
                "max": 232.36,
                "median": 203.64,
                "min": 175.12,
                "n": 5,
                "p05": 176.192,
                "p95": 230.496,
                "samples": 5,
                "stdev": 22.57626931093798
              },
              "status": "ok"
            },
            "host_wall": {
              "clock": "steady_clock",
              "per_iteration_us": {
                "max": 32.5604,
                "median": 30.7375,
                "min": 24.9404,
                "n": 5,
                "p05": 25.366,
                "p95": 32.308,
                "samples": 5,
                "stdev": 2.8521626351945635
              },
              "sequence_us": {
                "max": 325.604,
                "median": 307.375,
                "min": 249.404,
                "n": 5,
                "p05": 253.66000000000003,
                "p95": 323.08,
                "samples": 5,
                "stdev": 28.52162635194563
              },
              "status": "ok"
            },
            "logical_iterations": 10
          },
          "single": {
            "dispatches_per_iteration": 2,
            "gpu_elapsed": {
              "clock": "vulkan_calibrated_multi_queue_timestamp_span",
              "per_iteration_us": {
                "max": 86.72,
                "median": 54.28,
                "min": 43.0,
                "n": 5,
                "p05": 44.272,
                "p95": 82.392,
                "samples": 5,
                "stdev": 15.324529878596602
              },
              "sequence_us": {
                "max": 86.72,
                "median": 54.28,
                "min": 43.0,
                "n": 5,
                "p05": 44.272,
                "p95": 82.392,
                "samples": 5,
                "stdev": 15.324529878596602
              },
              "status": "ok"
            },
            "host_wall": {
              "clock": "steady_clock",
              "per_iteration_us": {
                "max": 167.552,
                "median": 149.462,
                "min": 141.932,
                "n": 5,
                "p05": 142.136,
                "p95": 164.34799999999998,
                "samples": 5,
                "stdev": 9.199164309870762
              },
              "sequence_us": {
                "max": 167.552,
                "median": 149.462,
                "min": 141.932,
                "n": 5,
                "p05": 142.136,
                "p95": 164.34799999999998,
                "samples": 5,
                "stdev": 9.199164309870762
              },
              "status": "ok"
            },
            "logical_iterations": 1
          }
        },
        "timing_mode": "independent_throughput",
        "variant": "single",
        "workgroup_match": "vulkan_diagnostic_unmatched"
      },
      {
        "backend": "vulkan",
        "correctness": {
          "single_dispatch": {
            "oracle": "CPU Q8_0 dense q8_1+dp4a BF16 logits with KL <= 0.05 and top-1 >= 90%",
            "status": "pass"
          },
          "synchronization": {
            "barrier_count": 0,
            "method": "disjoint_xq_and_output_slices",
            "status": "pass"
          },
          "timed_sequence": {
            "coverage": "all_dispatches",
            "logical_iterations": 10,
            "oracle": "CPU Q8_0 dense q8_1+dp4a BF16 logits with KL <= 0.05 and top-1 >= 90%",
            "status": "pass"
          }
        },
        "correctness_pass": true,
        "dependency_contract": {
          "inter_dispatch_ordering": "none",
          "output_partitioning": "disjoint",
          "validation_status": "pass",
          "work_dependency": "independent"
        },
        "execution": {
          "actual_parallel_lanes": 1,
          "burst_lane_gpu_samples_us": [],
          "calibrated_timestamp_domain": false,
          "calibrated_timestamp_extension": "",
          "lane_assignment": "single_command_buffer",
          "requested_parallel_lanes": 4,
          "single_lane_gpu_samples_us": [],
          "submission_strategy": "vulkan_command_buffer"
        },
        "hardware": {
          "actual_independent_lanes": 4,
          "api_version": "1.4.318",
          "calibrated_timestamp_extension": "VK_KHR_calibrated_timestamps",
          "device_id": 30032,
          "device_name": "AMD Radeon Graphics (RADV GFX1201)",
          "device_type": 2,
          "driver_version_raw": 104865800,
          "queue_family": 1,
          "queue_flags": 14,
          "queue_timestamp_valid_bits": 64,
          "requested_api_version": "1.2",
          "requested_independent_lanes": 4,
          "shader_integer_dot_product": true,
          "storage_buffer_16bit": true,
          "timeline_semaphore": true,
          "vendor_id": 4098
        },
        "in_features": 2048,
        "local_size": 128,
        "median_us": 53.396,
        "numeric_correctness": {
          "burst": {
            "exact_bf16_mismatches": 12976,
            "expected_repetitions": [
              0,
              1,
              2,
              3,
              4,
              5,
              6,
              7,
              8,
              9
            ],
            "kl_divergence": 0.0001183141109,
            "max_abs": 0.0625,
            "mean_abs": 0.001415863866,
            "outputs_checked": 10,
            "pass": true,
            "top1": 1
          },
          "single": {
            "exact_bf16_mismatches": 1017,
            "expected_repetitions": [
              0
            ],
            "kl_divergence": 4.436209871e-06,
            "max_abs": 0.03125,
            "mean_abs": 0.000759601593,
            "outputs_checked": 1,
            "pass": true,
            "top1": 1
          }
        },
        "operation": "q8_0_dense_dp4a_dot_prequantized",
        "out_features": 2048,
        "q8_0_weight_bytes": 4456448,
        "q8_blocks_per_row": 64,
        "row_tile": 1,
        "rows": 4,
        "sequence_validation": {
          "burst_expected_repetitions": [
            0,
            1,
            2,
            3,
            4,
            5,
            6,
            7,
            8,
            9
          ],
          "input_repetition_pattern": "distinct_deterministic_salt",
          "output_partitioning": "disjoint",
          "single_expected_repetitions": [
            0
          ],
          "xq_partitioning": "disjoint"
        },
        "submission": {
          "completion_in_host_wall": true,
          "queue_or_stream_count": 1,
          "recording_in_timed_region": false,
          "strategy": "vulkan_command_buffer",
          "submit_in_host_wall": true
        },
        "timing": {
          "burst": {
            "dispatches_per_iteration": 1,
            "gpu_elapsed": {
              "clock": "vulkan_timestamp",
              "per_iteration_us": {
                "max": 53.4,
                "median": 53.396,
                "min": 53.379999999999995,
                "n": 5,
                "p05": 53.3816,
                "p95": 53.4,
                "samples": 5,
                "stdev": 0.007756287771867398
              },
              "sequence_us": {
                "max": 534.0,
                "median": 533.96,
                "min": 533.8,
                "n": 5,
                "p05": 533.816,
                "p95": 534.0,
                "samples": 5,
                "stdev": 0.07756287771867984
              },
              "status": "ok"
            },
            "host_wall": {
              "clock": "steady_clock",
              "per_iteration_us": {
                "max": 60.204899999999995,
                "median": 59.8528,
                "min": 59.5039,
                "n": 5,
                "p05": 59.5617,
                "p95": 60.187079999999995,
                "samples": 5,
                "stdev": 0.24897818860293622
              },
              "sequence_us": {
                "max": 602.049,
                "median": 598.528,
                "min": 595.039,
                "n": 5,
                "p05": 595.617,
                "p95": 601.8708,
                "samples": 5,
                "stdev": 2.4897818860293794
              },
              "status": "ok"
            },
            "logical_iterations": 10
          },
          "single": {
            "dispatches_per_iteration": 1,
            "gpu_elapsed": {
              "clock": "vulkan_timestamp",
              "per_iteration_us": {
                "max": 62.24,
                "median": 61.64,
                "min": 61.48,
                "n": 5,
                "p05": 61.504,
                "p95": 62.152,
                "samples": 5,
                "stdev": 0.2646053665366607
              },
              "sequence_us": {
                "max": 62.24,
                "median": 61.64,
                "min": 61.48,
                "n": 5,
                "p05": 61.504,
                "p95": 62.152,
                "samples": 5,
                "stdev": 0.2646053665366607
              },
              "status": "ok"
            },
            "host_wall": {
              "clock": "steady_clock",
              "per_iteration_us": {
                "max": 131.432,
                "median": 126.122,
                "min": 120.972,
                "n": 5,
                "p05": 121.67600000000002,
                "p95": 130.658,
                "samples": 5,
                "stdev": 3.4481566089723916
              },
              "sequence_us": {
                "max": 131.432,
                "median": 126.122,
                "min": 120.972,
                "n": 5,
                "p05": 121.67600000000002,
                "p95": 130.658,
                "samples": 5,
                "stdev": 3.4481566089723916
              },
              "status": "ok"
            },
            "logical_iterations": 1
          }
        },
        "timing_mode": "independent_throughput",
        "variant": "single",
        "workgroup_match": "vulkan_diagnostic_unmatched"
      },
      {
        "backend": "vulkan",
        "correctness": {
          "single_dispatch": {
            "oracle": "CPU Q8_0 dense q8_1+dp4a BF16 logits with KL <= 0.05 and top-1 >= 90%",
            "status": "pass"
          },
          "synchronization": {
            "barrier_count": 10,
            "method": "timeline_coordinated_multi_queue_disjoint_slices",
            "status": "pass"
          },
          "timed_sequence": {
            "coverage": "all_dispatches",
            "logical_iterations": 10,
            "oracle": "CPU Q8_0 dense q8_1+dp4a BF16 logits with KL <= 0.05 and top-1 >= 90%",
            "status": "pass"
          }
        },
        "correctness_pass": true,
        "dependency_contract": {
          "inter_dispatch_ordering": "none",
          "output_partitioning": "disjoint",
          "validation_status": "pass",
          "work_dependency": "independent"
        },
        "execution": {
          "actual_parallel_lanes": 4,
          "burst_lane_gpu_samples_us": [
            [
              454.04,
              319.72,
              356.32,
              124.4
            ],
            [
              302.4,
              555.32,
              424.64,
              209.76
            ],
            [
              457,
              320.04,
              358.28,
              124.6
            ],
            [
              297.12,
              534.64,
              419.72,
              209.28
            ],
            [
              455.64,
              319.56,
              357.92,
              124.68
            ]
          ],
          "calibrated_timestamp_domain": true,
          "calibrated_timestamp_extension": "VK_KHR_calibrated_timestamps",
          "lane_assignment": "round_robin_multi_queue",
          "requested_parallel_lanes": 4,
          "single_lane_gpu_samples_us": [
            [
              64.28,
              3.24,
              3.12,
              3.16
            ],
            [
              77.76,
              2.8,
              2.44,
              2.76
            ],
            [
              64.48,
              2.6,
              2.76,
              2.76
            ],
            [
              65.16,
              2.4,
              2.6,
              2.72
            ],
            [
              64.48,
              2.4,
              2.96,
              3
            ]
          ],
          "submission_strategy": "vulkan_multi_queue"
        },
        "hardware": {
          "actual_independent_lanes": 4,
          "api_version": "1.4.318",
          "calibrated_timestamp_extension": "VK_KHR_calibrated_timestamps",
          "device_id": 30032,
          "device_name": "AMD Radeon Graphics (RADV GFX1201)",
          "device_type": 2,
          "driver_version_raw": 104865800,
          "queue_family": 1,
          "queue_flags": 14,
          "queue_timestamp_valid_bits": 64,
          "requested_api_version": "1.2",
          "requested_independent_lanes": 4,
          "shader_integer_dot_product": true,
          "storage_buffer_16bit": true,
          "timeline_semaphore": true,
          "vendor_id": 4098
        },
        "in_features": 2048,
        "local_size": 128,
        "median_us": 61.220000000000006,
        "numeric_correctness": {
          "burst": {
            "exact_bf16_mismatches": 12976,
            "expected_repetitions": [
              0,
              1,
              2,
              3,
              4,
              5,
              6,
              7,
              8,
              9
            ],
            "kl_divergence": 0.0001183141109,
            "max_abs": 0.0625,
            "mean_abs": 0.001415863866,
            "outputs_checked": 10,
            "pass": true,
            "top1": 1
          },
          "single": {
            "exact_bf16_mismatches": 1017,
            "expected_repetitions": [
              0
            ],
            "kl_divergence": 4.436209871e-06,
            "max_abs": 0.03125,
            "mean_abs": 0.000759601593,
            "outputs_checked": 1,
            "pass": true,
            "top1": 1
          }
        },
        "operation": "q8_0_dense_dp4a_quantize_plus_dot",
        "out_features": 2048,
        "q8_0_weight_bytes": 4456448,
        "q8_blocks_per_row": 64,
        "row_tile": 1,
        "rows": 4,
        "sequence_validation": {
          "burst_expected_repetitions": [
            0,
            1,
            2,
            3,
            4,
            5,
            6,
            7,
            8,
            9
          ],
          "input_repetition_pattern": "distinct_deterministic_salt",
          "output_partitioning": "disjoint",
          "single_expected_repetitions": [
            0
          ],
          "xq_partitioning": "disjoint"
        },
        "submission": {
          "completion_in_host_wall": true,
          "queue_or_stream_count": 4,
          "recording_in_timed_region": false,
          "strategy": "vulkan_multi_queue",
          "submit_in_host_wall": true
        },
        "timing": {
          "burst": {
            "dispatches_per_iteration": 2,
            "gpu_elapsed": {
              "clock": "vulkan_calibrated_multi_queue_timestamp_span",
              "per_iteration_us": {
                "max": 61.516,
                "median": 61.220000000000006,
                "min": 55.372,
                "n": 5,
                "p05": 55.4688,
                "p95": 61.4992,
                "samples": 5,
                "stdev": 2.8351027071342605
              },
              "sequence_us": {
                "max": 615.16,
                "median": 612.2,
                "min": 553.72,
                "n": 5,
                "p05": 554.6880000000001,
                "p95": 614.992,
                "samples": 5,
                "stdev": 28.3510270713426
              },
              "status": "ok"
            },
            "host_wall": {
              "clock": "steady_clock",
              "per_iteration_us": {
                "max": 69.7071,
                "median": 69.264,
                "min": 63.1589,
                "n": 5,
                "p05": 63.18470000000001,
                "p95": 69.66668,
                "samples": 5,
                "stdev": 3.074464445980793
              },
              "sequence_us": {
                "max": 697.071,
                "median": 692.64,
                "min": 631.589,
                "n": 5,
                "p05": 631.8470000000001,
                "p95": 696.6668,
                "samples": 5,
                "stdev": 30.744644459807933
              },
              "status": "ok"
            },
            "logical_iterations": 10
          },
          "single": {
            "dispatches_per_iteration": 2,
            "gpu_elapsed": {
              "clock": "vulkan_calibrated_multi_queue_timestamp_span",
              "per_iteration_us": {
                "max": 100.84,
                "median": 86.52,
                "min": 77.0,
                "n": 5,
                "p05": 78.872,
                "p95": 98.01599999999999,
                "samples": 5,
                "stdev": 7.62985294746891
              },
              "sequence_us": {
                "max": 100.84,
                "median": 86.52,
                "min": 77.0,
                "n": 5,
                "p05": 78.872,
                "p95": 98.01599999999999,
                "samples": 5,
                "stdev": 7.62985294746891
              },
              "status": "ok"
            },
            "host_wall": {
              "clock": "steady_clock",
              "per_iteration_us": {
                "max": 187.852,
                "median": 163.162,
                "min": 160.292,
                "n": 5,
                "p05": 160.6182,
                "p95": 184.8702,
                "samples": 5,
                "stdev": 10.302095643120385
              },
              "sequence_us": {
                "max": 187.852,
                "median": 163.162,
                "min": 160.292,
                "n": 5,
                "p05": 160.6182,
                "p95": 184.8702,
                "samples": 5,
                "stdev": 10.302095643120385
              },
              "status": "ok"
            },
            "logical_iterations": 1
          }
        },
        "timing_mode": "independent_throughput",
        "variant": "single",
        "workgroup_match": "vulkan_diagnostic_unmatched"
      },
      {
        "backend": "vulkan",
        "correctness": {
          "single_dispatch": {
            "oracle": "CPU Q8_0 dense q8_1+dp4a BF16 logits with KL <= 0.05 and top-1 >= 90%",
            "status": "pass"
          },
          "synchronization": {
            "barrier_count": 0,
            "method": "disjoint_xq_and_output_slices",
            "status": "pass"
          },
          "timed_sequence": {
            "coverage": "all_dispatches",
            "logical_iterations": 10,
            "oracle": "CPU Q8_0 dense q8_1+dp4a BF16 logits with KL <= 0.05 and top-1 >= 90%",
            "status": "pass"
          }
        },
        "correctness_pass": true,
        "dependency_contract": {
          "inter_dispatch_ordering": "none",
          "output_partitioning": "disjoint",
          "validation_status": "pass",
          "work_dependency": "independent"
        },
        "execution": {
          "actual_parallel_lanes": 1,
          "burst_lane_gpu_samples_us": [],
          "calibrated_timestamp_domain": false,
          "calibrated_timestamp_extension": "",
          "lane_assignment": "single_command_buffer",
          "requested_parallel_lanes": 4,
          "single_lane_gpu_samples_us": [],
          "submission_strategy": "vulkan_command_buffer"
        },
        "hardware": {
          "actual_independent_lanes": 4,
          "api_version": "1.4.318",
          "calibrated_timestamp_extension": "VK_KHR_calibrated_timestamps",
          "device_id": 30032,
          "device_name": "AMD Radeon Graphics (RADV GFX1201)",
          "device_type": 2,
          "driver_version_raw": 104865800,
          "queue_family": 1,
          "queue_flags": 14,
          "queue_timestamp_valid_bits": 64,
          "requested_api_version": "1.2",
          "requested_independent_lanes": 4,
          "shader_integer_dot_product": true,
          "storage_buffer_16bit": true,
          "timeline_semaphore": true,
          "vendor_id": 4098
        },
        "in_features": 768,
        "local_size": 128,
        "median_us": 10.016,
        "numeric_correctness": {
          "burst": {
            "exact_bf16_mismatches": 2785,
            "expected_repetitions": [
              0,
              1,
              2,
              3,
              4,
              5,
              6,
              7,
              8,
              9
            ],
            "kl_divergence": 7.509737071e-05,
            "max_abs": 0.03125,
            "mean_abs": 0.001078635454,
            "outputs_checked": 10,
            "pass": true,
            "top1": 1
          },
          "single": {
            "exact_bf16_mismatches": 251,
            "expected_repetitions": [
              0
            ],
            "kl_divergence": 3.301283582e-07,
            "max_abs": 0.015625,
            "mean_abs": 0.0002901772968,
            "outputs_checked": 1,
            "pass": true,
            "top1": 1
          }
        },
        "operation": "q8_0_dense_dp4a_dot_prequantized",
        "out_features": 2048,
        "q8_0_weight_bytes": 1671168,
        "q8_blocks_per_row": 24,
        "row_tile": 4,
        "rows": 1,
        "sequence_validation": {
          "burst_expected_repetitions": [
            0,
            1,
            2,
            3,
            4,
            5,
            6,
            7,
            8,
            9
          ],
          "input_repetition_pattern": "distinct_deterministic_salt",
          "output_partitioning": "disjoint",
          "single_expected_repetitions": [
            0
          ],
          "xq_partitioning": "disjoint"
        },
        "submission": {
          "completion_in_host_wall": true,
          "queue_or_stream_count": 1,
          "recording_in_timed_region": false,
          "strategy": "vulkan_command_buffer",
          "submit_in_host_wall": true
        },
        "timing": {
          "burst": {
            "dispatches_per_iteration": 1,
            "gpu_elapsed": {
              "clock": "vulkan_timestamp",
              "per_iteration_us": {
                "max": 10.024,
                "median": 10.016,
                "min": 9.988,
                "n": 5,
                "p05": 9.991200000000001,
                "p95": 10.0232,
                "samples": 5,
                "stdev": 0.013047605144239855
              },
              "sequence_us": {
                "max": 100.24,
                "median": 100.16,
                "min": 99.88,
                "n": 5,
                "p05": 99.912,
                "p95": 100.232,
                "samples": 5,
                "stdev": 0.13047605144240074
              },
              "status": "ok"
            },
            "host_wall": {
              "clock": "steady_clock",
              "per_iteration_us": {
                "max": 16.5413,
                "median": 16.4002,
                "min": 16.2893,
                "n": 5,
                "p05": 16.30348,
                "p95": 16.52228,
                "samples": 5,
                "stdev": 0.08445345700443482
              },
              "sequence_us": {
                "max": 165.413,
                "median": 164.002,
                "min": 162.893,
                "n": 5,
                "p05": 163.03480000000002,
                "p95": 165.2228,
                "samples": 5,
                "stdev": 0.8445345700443546
              },
              "status": "ok"
            },
            "logical_iterations": 10
          },
          "single": {
            "dispatches_per_iteration": 1,
            "gpu_elapsed": {
              "clock": "vulkan_timestamp",
              "per_iteration_us": {
                "max": 19.64,
                "median": 19.0,
                "min": 18.6,
                "n": 5,
                "p05": 18.680000000000003,
                "p95": 19.616,
                "samples": 5,
                "stdev": 0.38065207210784985
              },
              "sequence_us": {
                "max": 19.64,
                "median": 19.0,
                "min": 18.6,
                "n": 5,
                "p05": 18.680000000000003,
                "p95": 19.616,
                "samples": 5,
                "stdev": 0.38065207210784985
              },
              "status": "ok"
            },
            "host_wall": {
              "clock": "steady_clock",
              "per_iteration_us": {
                "max": 91.901,
                "median": 83.381,
                "min": 82.121,
                "n": 5,
                "p05": 82.353,
                "p95": 90.44319999999999,
                "samples": 5,
                "stdev": 3.5106006551586
              },
              "sequence_us": {
                "max": 91.901,
                "median": 83.381,
                "min": 82.121,
                "n": 5,
                "p05": 82.353,
                "p95": 90.44319999999999,
                "samples": 5,
                "stdev": 3.5106006551586
              },
              "status": "ok"
            },
            "logical_iterations": 1
          }
        },
        "timing_mode": "independent_throughput",
        "variant": "rowtile4",
        "workgroup_match": "vulkan_diagnostic_unmatched"
      },
      {
        "backend": "vulkan",
        "correctness": {
          "single_dispatch": {
            "oracle": "CPU Q8_0 dense q8_1+dp4a BF16 logits with KL <= 0.05 and top-1 >= 90%",
            "status": "pass"
          },
          "synchronization": {
            "barrier_count": 10,
            "method": "timeline_coordinated_multi_queue_disjoint_slices",
            "status": "pass"
          },
          "timed_sequence": {
            "coverage": "all_dispatches",
            "logical_iterations": 10,
            "oracle": "CPU Q8_0 dense q8_1+dp4a BF16 logits with KL <= 0.05 and top-1 >= 90%",
            "status": "pass"
          }
        },
        "correctness_pass": true,
        "dependency_contract": {
          "inter_dispatch_ordering": "none",
          "output_partitioning": "disjoint",
          "validation_status": "pass",
          "work_dependency": "independent"
        },
        "execution": {
          "actual_parallel_lanes": 4,
          "burst_lane_gpu_samples_us": [
            [
              120.52,
              136.6,
              47,
              40.6
            ],
            [
              71.4,
              132.76,
              85.92,
              44.52
            ],
            [
              115.12,
              67.04,
              98.16,
              40.8
            ],
            [
              71.56,
              126.4,
              41.32,
              80.96
            ],
            [
              67.8,
              144.24,
              45.6,
              89.36
            ]
          ],
          "calibrated_timestamp_domain": true,
          "calibrated_timestamp_extension": "VK_KHR_calibrated_timestamps",
          "lane_assignment": "round_robin_multi_queue",
          "requested_parallel_lanes": 4,
          "single_lane_gpu_samples_us": [
            [
              21.52,
              2.8,
              2.48,
              2.6
            ],
            [
              21.64,
              2.4,
              3.2,
              2.8
            ],
            [
              21.88,
              2.52,
              2.36,
              2.68
            ],
            [
              21.24,
              2.48,
              2.56,
              3.16
            ],
            [
              37.44,
              2.8,
              2.44,
              2.44
            ]
          ],
          "submission_strategy": "vulkan_multi_queue"
        },
        "hardware": {
          "actual_independent_lanes": 4,
          "api_version": "1.4.318",
          "calibrated_timestamp_extension": "VK_KHR_calibrated_timestamps",
          "device_id": 30032,
          "device_name": "AMD Radeon Graphics (RADV GFX1201)",
          "device_type": 2,
          "driver_version_raw": 104865800,
          "queue_family": 1,
          "queue_flags": 14,
          "queue_timestamp_valid_bits": 64,
          "requested_api_version": "1.2",
          "requested_independent_lanes": 4,
          "shader_integer_dot_product": true,
          "storage_buffer_16bit": true,
          "timeline_semaphore": true,
          "vendor_id": 4098
        },
        "in_features": 768,
        "local_size": 128,
        "median_us": 18.952,
        "numeric_correctness": {
          "burst": {
            "exact_bf16_mismatches": 2785,
            "expected_repetitions": [
              0,
              1,
              2,
              3,
              4,
              5,
              6,
              7,
              8,
              9
            ],
            "kl_divergence": 7.509737071e-05,
            "max_abs": 0.03125,
            "mean_abs": 0.001078635454,
            "outputs_checked": 10,
            "pass": true,
            "top1": 1
          },
          "single": {
            "exact_bf16_mismatches": 251,
            "expected_repetitions": [
              0
            ],
            "kl_divergence": 3.301283582e-07,
            "max_abs": 0.015625,
            "mean_abs": 0.0002901772968,
            "outputs_checked": 1,
            "pass": true,
            "top1": 1
          }
        },
        "operation": "q8_0_dense_dp4a_quantize_plus_dot",
        "out_features": 2048,
        "q8_0_weight_bytes": 1671168,
        "q8_blocks_per_row": 24,
        "row_tile": 4,
        "rows": 1,
        "sequence_validation": {
          "burst_expected_repetitions": [
            0,
            1,
            2,
            3,
            4,
            5,
            6,
            7,
            8,
            9
          ],
          "input_repetition_pattern": "distinct_deterministic_salt",
          "output_partitioning": "disjoint",
          "single_expected_repetitions": [
            0
          ],
          "xq_partitioning": "disjoint"
        },
        "submission": {
          "completion_in_host_wall": true,
          "queue_or_stream_count": 4,
          "recording_in_timed_region": false,
          "strategy": "vulkan_multi_queue",
          "submit_in_host_wall": true
        },
        "timing": {
          "burst": {
            "dispatches_per_iteration": 2,
            "gpu_elapsed": {
              "clock": "vulkan_calibrated_multi_queue_timestamp_span",
              "per_iteration_us": {
                "max": 19.464,
                "median": 18.952,
                "min": 13.908000000000001,
                "n": 5,
                "p05": 14.163200000000003,
                "p95": 19.4544,
                "samples": 5,
                "stdev": 2.359517781242599
              },
              "sequence_us": {
                "max": 194.64,
                "median": 189.52,
                "min": 139.08,
                "n": 5,
                "p05": 141.632,
                "p95": 194.54399999999998,
                "samples": 5,
                "stdev": 23.59517781242599
              },
              "status": "ok"
            },
            "host_wall": {
              "clock": "steady_clock",
              "per_iteration_us": {
                "max": 28.7885,
                "median": 28.0674,
                "min": 22.2533,
                "n": 5,
                "p05": 22.4145,
                "p95": 28.6673,
                "samples": 5,
                "stdev": 2.8097693300340505
              },
              "sequence_us": {
                "max": 287.885,
                "median": 280.674,
                "min": 222.533,
                "n": 5,
                "p05": 224.14499999999998,
                "p95": 286.673,
                "samples": 5,
                "stdev": 28.09769330034051
              },
              "status": "ok"
            },
            "logical_iterations": 10
          },
          "single": {
            "dispatches_per_iteration": 2,
            "gpu_elapsed": {
              "clock": "vulkan_calibrated_multi_queue_timestamp_span",
              "per_iteration_us": {
                "max": 72.52,
                "median": 52.92,
                "min": 49.8,
                "n": 5,
                "p05": 50.176,
                "p95": 69.36,
                "samples": 5,
                "stdev": 8.214227656937686
              },
              "sequence_us": {
                "max": 72.52,
                "median": 52.92,
                "min": 49.8,
                "n": 5,
                "p05": 50.176,
                "p95": 69.36,
                "samples": 5,
                "stdev": 8.214227656937686
              },
              "status": "ok"
            },
            "host_wall": {
              "clock": "steady_clock",
              "per_iteration_us": {
                "max": 150.192,
                "median": 132.332,
                "min": 124.852,
                "n": 5,
                "p05": 125.64800000000001,
                "p95": 146.88,
                "samples": 5,
                "stdev": 8.665881605468659
              },
              "sequence_us": {
                "max": 150.192,
                "median": 132.332,
                "min": 124.852,
                "n": 5,
                "p05": 125.64800000000001,
                "p95": 146.88,
                "samples": 5,
                "stdev": 8.665881605468659
              },
              "status": "ok"
            },
            "logical_iterations": 1
          }
        },
        "timing_mode": "independent_throughput",
        "variant": "rowtile4",
        "workgroup_match": "vulkan_diagnostic_unmatched"
      },
      {
        "backend": "vulkan",
        "correctness": {
          "single_dispatch": {
            "oracle": "CPU Q8_0 dense q8_1+dp4a BF16 logits with KL <= 0.05 and top-1 >= 90%",
            "status": "pass"
          },
          "synchronization": {
            "barrier_count": 0,
            "method": "disjoint_xq_and_output_slices",
            "status": "pass"
          },
          "timed_sequence": {
            "coverage": "all_dispatches",
            "logical_iterations": 10,
            "oracle": "CPU Q8_0 dense q8_1+dp4a BF16 logits with KL <= 0.05 and top-1 >= 90%",
            "status": "pass"
          }
        },
        "correctness_pass": true,
        "dependency_contract": {
          "inter_dispatch_ordering": "none",
          "output_partitioning": "disjoint",
          "validation_status": "pass",
          "work_dependency": "independent"
        },
        "execution": {
          "actual_parallel_lanes": 1,
          "burst_lane_gpu_samples_us": [],
          "calibrated_timestamp_domain": false,
          "calibrated_timestamp_extension": "",
          "lane_assignment": "single_command_buffer",
          "requested_parallel_lanes": 4,
          "single_lane_gpu_samples_us": [],
          "submission_strategy": "vulkan_command_buffer"
        },
        "hardware": {
          "actual_independent_lanes": 4,
          "api_version": "1.4.318",
          "calibrated_timestamp_extension": "VK_KHR_calibrated_timestamps",
          "device_id": 30032,
          "device_name": "AMD Radeon Graphics (RADV GFX1201)",
          "device_type": 2,
          "driver_version_raw": 104865800,
          "queue_family": 1,
          "queue_flags": 14,
          "queue_timestamp_valid_bits": 64,
          "requested_api_version": "1.2",
          "requested_independent_lanes": 4,
          "shader_integer_dot_product": true,
          "storage_buffer_16bit": true,
          "timeline_semaphore": true,
          "vendor_id": 4098
        },
        "in_features": 768,
        "local_size": 128,
        "median_us": 14.056000000000001,
        "numeric_correctness": {
          "burst": {
            "exact_bf16_mismatches": 13155,
            "expected_repetitions": [
              0,
              1,
              2,
              3,
              4,
              5,
              6,
              7,
              8,
              9
            ],
            "kl_divergence": 7.737942242e-05,
            "max_abs": 0.03125,
            "mean_abs": 0.0008274186403,
            "outputs_checked": 10,
            "pass": true,
            "top1": 1
          },
          "single": {
            "exact_bf16_mismatches": 1232,
            "expected_repetitions": [
              0
            ],
            "kl_divergence": 3.999396507e-05,
            "max_abs": 0.03125,
            "mean_abs": 0.0005773062585,
            "outputs_checked": 1,
            "pass": true,
            "top1": 1
          }
        },
        "operation": "q8_0_dense_dp4a_dot_prequantized",
        "out_features": 2048,
        "q8_0_weight_bytes": 1671168,
        "q8_blocks_per_row": 24,
        "row_tile": 4,
        "rows": 4,
        "sequence_validation": {
          "burst_expected_repetitions": [
            0,
            1,
            2,
            3,
            4,
            5,
            6,
            7,
            8,
            9
          ],
          "input_repetition_pattern": "distinct_deterministic_salt",
          "output_partitioning": "disjoint",
          "single_expected_repetitions": [
            0
          ],
          "xq_partitioning": "disjoint"
        },
        "submission": {
          "completion_in_host_wall": true,
          "queue_or_stream_count": 1,
          "recording_in_timed_region": false,
          "strategy": "vulkan_command_buffer",
          "submit_in_host_wall": true
        },
        "timing": {
          "burst": {
            "dispatches_per_iteration": 1,
            "gpu_elapsed": {
              "clock": "vulkan_timestamp",
              "per_iteration_us": {
                "max": 14.112,
                "median": 14.056000000000001,
                "min": 14.032,
                "n": 5,
                "p05": 14.0328,
                "p95": 14.103200000000001,
                "samples": 5,
                "stdev": 0.028777769197767752
              },
              "sequence_us": {
                "max": 141.12,
                "median": 140.56,
                "min": 140.32,
                "n": 5,
                "p05": 140.328,
                "p95": 141.032,
                "samples": 5,
                "stdev": 0.2877776919776801
              },
              "status": "ok"
            },
            "host_wall": {
              "clock": "steady_clock",
              "per_iteration_us": {
                "max": 20.4193,
                "median": 20.3553,
                "min": 20.2483,
                "n": 5,
                "p05": 20.2647,
                "p95": 20.4099,
                "samples": 5,
                "stdev": 0.056460251504930434
              },
              "sequence_us": {
                "max": 204.193,
                "median": 203.553,
                "min": 202.483,
                "n": 5,
                "p05": 202.647,
                "p95": 204.09900000000002,
                "samples": 5,
                "stdev": 0.5646025150493075
              },
              "status": "ok"
            },
            "logical_iterations": 10
          },
          "single": {
            "dispatches_per_iteration": 1,
            "gpu_elapsed": {
              "clock": "vulkan_timestamp",
              "per_iteration_us": {
                "max": 24.56,
                "median": 23.96,
                "min": 23.56,
                "n": 5,
                "p05": 23.584,
                "p95": 24.48,
                "samples": 5,
                "stdev": 0.356516479282515
              },
              "sequence_us": {
                "max": 24.56,
                "median": 23.96,
                "min": 23.56,
                "n": 5,
                "p05": 23.584,
                "p95": 24.48,
                "samples": 5,
                "stdev": 0.356516479282515
              },
              "status": "ok"
            },
            "host_wall": {
              "clock": "steady_clock",
              "per_iteration_us": {
                "max": 88.091,
                "median": 86.342,
                "min": 76.651,
                "n": 5,
                "p05": 78.493,
                "p95": 87.809,
                "samples": 5,
                "stdev": 4.104888617246514
              },
              "sequence_us": {
                "max": 88.091,
                "median": 86.342,
                "min": 76.651,
                "n": 5,
                "p05": 78.493,
                "p95": 87.809,
                "samples": 5,
                "stdev": 4.104888617246514
              },
              "status": "ok"
            },
            "logical_iterations": 1
          }
        },
        "timing_mode": "independent_throughput",
        "variant": "rowtile4",
        "workgroup_match": "vulkan_diagnostic_unmatched"
      },
      {
        "backend": "vulkan",
        "correctness": {
          "single_dispatch": {
            "oracle": "CPU Q8_0 dense q8_1+dp4a BF16 logits with KL <= 0.05 and top-1 >= 90%",
            "status": "pass"
          },
          "synchronization": {
            "barrier_count": 10,
            "method": "timeline_coordinated_multi_queue_disjoint_slices",
            "status": "pass"
          },
          "timed_sequence": {
            "coverage": "all_dispatches",
            "logical_iterations": 10,
            "oracle": "CPU Q8_0 dense q8_1+dp4a BF16 logits with KL <= 0.05 and top-1 >= 90%",
            "status": "pass"
          }
        },
        "correctness_pass": true,
        "dependency_contract": {
          "inter_dispatch_ordering": "none",
          "output_partitioning": "disjoint",
          "validation_status": "pass",
          "work_dependency": "independent"
        },
        "execution": {
          "actual_parallel_lanes": 4,
          "burst_lane_gpu_samples_us": [
            [
              150.16,
              166.56,
              69.56,
              47.36
            ],
            [
              137.92,
              89.68,
              98.4,
              66.56
            ],
            [
              150.2,
              166.16,
              68.12,
              47.84
            ],
            [
              87.76,
              149.68,
              47.48,
              97.84
            ],
            [
              160.36,
              79.6,
              102.72,
              98.2
            ]
          ],
          "calibrated_timestamp_domain": true,
          "calibrated_timestamp_extension": "VK_KHR_calibrated_timestamps",
          "lane_assignment": "round_robin_multi_queue",
          "requested_parallel_lanes": 4,
          "single_lane_gpu_samples_us": [
            [
              26.72,
              3.48,
              2.92,
              2.48
            ],
            [
              40.48,
              3.04,
              3.36,
              2.56
            ],
            [
              25.68,
              3.12,
              2.56,
              2.92
            ],
            [
              61.48,
              3.92,
              2.56,
              2.76
            ],
            [
              52.48,
              3.16,
              2.12,
              3
            ]
          ],
          "submission_strategy": "vulkan_multi_queue"
        },
        "hardware": {
          "actual_independent_lanes": 4,
          "api_version": "1.4.318",
          "calibrated_timestamp_extension": "VK_KHR_calibrated_timestamps",
          "device_id": 30032,
          "device_name": "AMD Radeon Graphics (RADV GFX1201)",
          "device_type": 2,
          "driver_version_raw": 104865800,
          "queue_family": 1,
          "queue_flags": 14,
          "queue_timestamp_valid_bits": 64,
          "requested_api_version": "1.2",
          "requested_independent_lanes": 4,
          "shader_integer_dot_product": true,
          "storage_buffer_16bit": true,
          "timeline_semaphore": true,
          "vendor_id": 4098
        },
        "in_features": 768,
        "local_size": 128,
        "median_us": 23.024,
        "numeric_correctness": {
          "burst": {
            "exact_bf16_mismatches": 13155,
            "expected_repetitions": [
              0,
              1,
              2,
              3,
              4,
              5,
              6,
              7,
              8,
              9
            ],
            "kl_divergence": 7.737942242e-05,
            "max_abs": 0.03125,
            "mean_abs": 0.0008274186403,
            "outputs_checked": 10,
            "pass": true,
            "top1": 1
          },
          "single": {
            "exact_bf16_mismatches": 1232,
            "expected_repetitions": [
              0
            ],
            "kl_divergence": 3.999396507e-05,
            "max_abs": 0.03125,
            "mean_abs": 0.0005773062585,
            "outputs_checked": 1,
            "pass": true,
            "top1": 1
          }
        },
        "operation": "q8_0_dense_dp4a_quantize_plus_dot",
        "out_features": 2048,
        "q8_0_weight_bytes": 1671168,
        "q8_blocks_per_row": 24,
        "row_tile": 4,
        "rows": 4,
        "sequence_validation": {
          "burst_expected_repetitions": [
            0,
            1,
            2,
            3,
            4,
            5,
            6,
            7,
            8,
            9
          ],
          "input_repetition_pattern": "distinct_deterministic_salt",
          "output_partitioning": "disjoint",
          "single_expected_repetitions": [
            0
          ],
          "xq_partitioning": "disjoint"
        },
        "submission": {
          "completion_in_host_wall": true,
          "queue_or_stream_count": 4,
          "recording_in_timed_region": false,
          "strategy": "vulkan_multi_queue",
          "submit_in_host_wall": true
        },
        "timing": {
          "burst": {
            "dispatches_per_iteration": 2,
            "gpu_elapsed": {
              "clock": "vulkan_calibrated_multi_queue_timestamp_span",
              "per_iteration_us": {
                "max": 23.18,
                "median": 23.024,
                "min": 18.3,
                "n": 5,
                "p05": 19.0848,
                "p95": 23.1672,
                "samples": 5,
                "stdev": 1.8666408760123088
              },
              "sequence_us": {
                "max": 231.8,
                "median": 230.24,
                "min": 183.0,
                "n": 5,
                "p05": 190.848,
                "p95": 231.67200000000003,
                "samples": 5,
                "stdev": 18.66640876012309
              },
              "status": "ok"
            },
            "host_wall": {
              "clock": "steady_clock",
              "per_iteration_us": {
                "max": 32.5305,
                "median": 31.7845,
                "min": 25.9634,
                "n": 5,
                "p05": 26.841,
                "p95": 32.484100000000005,
                "samples": 5,
                "stdev": 2.4320199872533954
              },
              "sequence_us": {
                "max": 325.305,
                "median": 317.845,
                "min": 259.634,
                "n": 5,
                "p05": 268.41,
                "p95": 324.841,
                "samples": 5,
                "stdev": 24.320199872533944
              },
              "status": "ok"
            },
            "logical_iterations": 10
          },
          "single": {
            "dispatches_per_iteration": 2,
            "gpu_elapsed": {
              "clock": "vulkan_calibrated_multi_queue_timestamp_span",
              "per_iteration_us": {
                "max": 83.64,
                "median": 77.12,
                "min": 56.12,
                "n": 5,
                "p05": 57.216,
                "p95": 82.656,
                "samples": 5,
                "stdev": 10.636059420668918
              },
              "sequence_us": {
                "max": 83.64,
                "median": 77.12,
                "min": 56.12,
                "n": 5,
                "p05": 57.216,
                "p95": 82.656,
                "samples": 5,
                "stdev": 10.636059420668918
              },
              "status": "ok"
            },
            "host_wall": {
              "clock": "steady_clock",
              "per_iteration_us": {
                "max": 164.962,
                "median": 151.372,
                "min": 122.252,
                "n": 5,
                "p05": 126.792,
                "p95": 162.45999999999998,
                "samples": 5,
                "stdev": 14.056556619599268
              },
              "sequence_us": {
                "max": 164.962,
                "median": 151.372,
                "min": 122.252,
                "n": 5,
                "p05": 126.792,
                "p95": 162.45999999999998,
                "samples": 5,
                "stdev": 14.056556619599268
              },
              "status": "ok"
            },
            "logical_iterations": 1
          }
        },
        "timing_mode": "independent_throughput",
        "variant": "rowtile4",
        "workgroup_match": "vulkan_diagnostic_unmatched"
      },
      {
        "backend": "vulkan",
        "correctness": {
          "single_dispatch": {
            "oracle": "CPU Q8_0 dense q8_1+dp4a BF16 logits with KL <= 0.05 and top-1 >= 90%",
            "status": "pass"
          },
          "synchronization": {
            "barrier_count": 0,
            "method": "disjoint_xq_and_output_slices",
            "status": "pass"
          },
          "timed_sequence": {
            "coverage": "all_dispatches",
            "logical_iterations": 10,
            "oracle": "CPU Q8_0 dense q8_1+dp4a BF16 logits with KL <= 0.05 and top-1 >= 90%",
            "status": "pass"
          }
        },
        "correctness_pass": true,
        "dependency_contract": {
          "inter_dispatch_ordering": "none",
          "output_partitioning": "disjoint",
          "validation_status": "pass",
          "work_dependency": "independent"
        },
        "execution": {
          "actual_parallel_lanes": 1,
          "burst_lane_gpu_samples_us": [],
          "calibrated_timestamp_domain": false,
          "calibrated_timestamp_extension": "",
          "lane_assignment": "single_command_buffer",
          "requested_parallel_lanes": 4,
          "single_lane_gpu_samples_us": [],
          "submission_strategy": "vulkan_command_buffer"
        },
        "hardware": {
          "actual_independent_lanes": 4,
          "api_version": "1.4.318",
          "calibrated_timestamp_extension": "VK_KHR_calibrated_timestamps",
          "device_id": 30032,
          "device_name": "AMD Radeon Graphics (RADV GFX1201)",
          "device_type": 2,
          "driver_version_raw": 104865800,
          "queue_family": 1,
          "queue_flags": 14,
          "queue_timestamp_valid_bits": 64,
          "requested_api_version": "1.2",
          "requested_independent_lanes": 4,
          "shader_integer_dot_product": true,
          "storage_buffer_16bit": true,
          "timeline_semaphore": true,
          "vendor_id": 4098
        },
        "in_features": 2048,
        "local_size": 128,
        "median_us": 16.144,
        "numeric_correctness": {
          "burst": {
            "exact_bf16_mismatches": 2500,
            "expected_repetitions": [
              0,
              1,
              2,
              3,
              4,
              5,
              6,
              7,
              8,
              9
            ],
            "kl_divergence": 7.475795864e-05,
            "max_abs": 0.0625,
            "mean_abs": 0.001559987664,
            "outputs_checked": 10,
            "pass": true,
            "top1": 1
          },
          "single": {
            "exact_bf16_mismatches": 41,
            "expected_repetitions": [
              0
            ],
            "kl_divergence": 2.576833846e-09,
            "max_abs": 0.03125,
            "mean_abs": 0.0005187988281,
            "outputs_checked": 1,
            "pass": true,
            "top1": 1
          }
        },
        "operation": "q8_0_dense_dp4a_dot_prequantized",
        "out_features": 2048,
        "q8_0_weight_bytes": 4456448,
        "q8_blocks_per_row": 64,
        "row_tile": 4,
        "rows": 1,
        "sequence_validation": {
          "burst_expected_repetitions": [
            0,
            1,
            2,
            3,
            4,
            5,
            6,
            7,
            8,
            9
          ],
          "input_repetition_pattern": "distinct_deterministic_salt",
          "output_partitioning": "disjoint",
          "single_expected_repetitions": [
            0
          ],
          "xq_partitioning": "disjoint"
        },
        "submission": {
          "completion_in_host_wall": true,
          "queue_or_stream_count": 1,
          "recording_in_timed_region": false,
          "strategy": "vulkan_command_buffer",
          "submit_in_host_wall": true
        },
        "timing": {
          "burst": {
            "dispatches_per_iteration": 1,
            "gpu_elapsed": {
              "clock": "vulkan_timestamp",
              "per_iteration_us": {
                "max": 16.172,
                "median": 16.144,
                "min": 16.131999999999998,
                "n": 5,
                "p05": 16.1344,
                "p95": 16.1712,
                "samples": 5,
                "stdev": 0.015388307249337967
              },
              "sequence_us": {
                "max": 161.72,
                "median": 161.44,
                "min": 161.32,
                "n": 5,
                "p05": 161.34400000000002,
                "p95": 161.712,
                "samples": 5,
                "stdev": 0.15388307249337413
              },
              "status": "ok"
            },
            "host_wall": {
              "clock": "steady_clock",
              "per_iteration_us": {
                "max": 22.9833,
                "median": 22.5604,
                "min": 22.482300000000002,
                "n": 5,
                "p05": 22.485900000000004,
                "p95": 22.9151,
                "samples": 5,
                "stdev": 0.1835126851201296
              },
              "sequence_us": {
                "max": 229.833,
                "median": 225.604,
                "min": 224.823,
                "n": 5,
                "p05": 224.859,
                "p95": 229.151,
                "samples": 5,
                "stdev": 1.8351268512012997
              },
              "status": "ok"
            },
            "logical_iterations": 10
          },
          "single": {
            "dispatches_per_iteration": 1,
            "gpu_elapsed": {
              "clock": "vulkan_timestamp",
              "per_iteration_us": {
                "max": 25.48,
                "median": 25.12,
                "min": 24.8,
                "n": 5,
                "p05": 24.816000000000003,
                "p95": 25.408,
                "samples": 5,
                "stdev": 0.23731835158706144
              },
              "sequence_us": {
                "max": 25.48,
                "median": 25.12,
                "min": 24.8,
                "n": 5,
                "p05": 24.816000000000003,
                "p95": 25.408,
                "samples": 5,
                "stdev": 0.23731835158706144
              },
              "status": "ok"
            },
            "host_wall": {
              "clock": "steady_clock",
              "per_iteration_us": {
                "max": 90.071,
                "median": 89.341,
                "min": 79.842,
                "n": 5,
                "p05": 81.62180000000001,
                "p95": 89.9592,
                "samples": 5,
                "stdev": 3.8531156535977478
              },
              "sequence_us": {
                "max": 90.071,
                "median": 89.341,
                "min": 79.842,
                "n": 5,
                "p05": 81.62180000000001,
                "p95": 89.9592,
                "samples": 5,
                "stdev": 3.8531156535977478
              },
              "status": "ok"
            },
            "logical_iterations": 1
          }
        },
        "timing_mode": "independent_throughput",
        "variant": "rowtile4",
        "workgroup_match": "vulkan_diagnostic_unmatched"
      },
      {
        "backend": "vulkan",
        "correctness": {
          "single_dispatch": {
            "oracle": "CPU Q8_0 dense q8_1+dp4a BF16 logits with KL <= 0.05 and top-1 >= 90%",
            "status": "pass"
          },
          "synchronization": {
            "barrier_count": 10,
            "method": "timeline_coordinated_multi_queue_disjoint_slices",
            "status": "pass"
          },
          "timed_sequence": {
            "coverage": "all_dispatches",
            "logical_iterations": 10,
            "oracle": "CPU Q8_0 dense q8_1+dp4a BF16 logits with KL <= 0.05 and top-1 >= 90%",
            "status": "pass"
          }
        },
        "correctness_pass": true,
        "dependency_contract": {
          "inter_dispatch_ordering": "none",
          "output_partitioning": "disjoint",
          "validation_status": "pass",
          "work_dependency": "independent"
        },
        "execution": {
          "actual_parallel_lanes": 4,
          "burst_lane_gpu_samples_us": [
            [
              83.32,
              170.8,
              130.28,
              62.2
            ],
            [
              155.6,
              98.08,
              128.6,
              50.88
            ],
            [
              95.56,
              158.4,
              49.56,
              105.96
            ],
            [
              83.2,
              170.32,
              62.44,
              130.28
            ],
            [
              142.84,
              72.68,
              121.2,
              55.44
            ]
          ],
          "calibrated_timestamp_domain": true,
          "calibrated_timestamp_extension": "VK_KHR_calibrated_timestamps",
          "lane_assignment": "round_robin_multi_queue",
          "requested_parallel_lanes": 4,
          "single_lane_gpu_samples_us": [
            [
              43.88,
              3.24,
              2.92,
              2.92
            ],
            [
              27.32,
              3.32,
              3.32,
              2.96
            ],
            [
              42.24,
              3.48,
              3.44,
              3.2
            ],
            [
              43,
              2.68,
              2.52,
              2.08
            ],
            [
              40.72,
              2.48,
              3.4,
              3.16
            ]
          ],
          "submission_strategy": "vulkan_multi_queue"
        },
        "hardware": {
          "actual_independent_lanes": 4,
          "api_version": "1.4.318",
          "calibrated_timestamp_extension": "VK_KHR_calibrated_timestamps",
          "device_id": 30032,
          "device_name": "AMD Radeon Graphics (RADV GFX1201)",
          "device_type": 2,
          "driver_version_raw": 104865800,
          "queue_family": 1,
          "queue_flags": 14,
          "queue_timestamp_valid_bits": 64,
          "requested_api_version": "1.2",
          "requested_independent_lanes": 4,
          "shader_integer_dot_product": true,
          "storage_buffer_16bit": true,
          "timeline_semaphore": true,
          "vendor_id": 4098
        },
        "in_features": 2048,
        "local_size": 128,
        "median_us": 23.404,
        "numeric_correctness": {
          "burst": {
            "exact_bf16_mismatches": 2500,
            "expected_repetitions": [
              0,
              1,
              2,
              3,
              4,
              5,
              6,
              7,
              8,
              9
            ],
            "kl_divergence": 7.475795864e-05,
            "max_abs": 0.0625,
            "mean_abs": 0.001559987664,
            "outputs_checked": 10,
            "pass": true,
            "top1": 1
          },
          "single": {
            "exact_bf16_mismatches": 41,
            "expected_repetitions": [
              0
            ],
            "kl_divergence": 2.576833846e-09,
            "max_abs": 0.03125,
            "mean_abs": 0.0005187988281,
            "outputs_checked": 1,
            "pass": true,
            "top1": 1
          }
        },
        "operation": "q8_0_dense_dp4a_quantize_plus_dot",
        "out_features": 2048,
        "q8_0_weight_bytes": 4456448,
        "q8_blocks_per_row": 64,
        "row_tile": 4,
        "rows": 1,
        "sequence_validation": {
          "burst_expected_repetitions": [
            0,
            1,
            2,
            3,
            4,
            5,
            6,
            7,
            8,
            9
          ],
          "input_repetition_pattern": "distinct_deterministic_salt",
          "output_partitioning": "disjoint",
          "single_expected_repetitions": [
            0
          ],
          "xq_partitioning": "disjoint"
        },
        "submission": {
          "completion_in_host_wall": true,
          "queue_or_stream_count": 4,
          "recording_in_timed_region": false,
          "strategy": "vulkan_multi_queue",
          "submit_in_host_wall": true
        },
        "timing": {
          "burst": {
            "dispatches_per_iteration": 2,
            "gpu_elapsed": {
              "clock": "vulkan_calibrated_multi_queue_timestamp_span",
              "per_iteration_us": {
                "max": 24.924,
                "median": 23.404,
                "min": 18.916,
                "n": 5,
                "p05": 18.9216,
                "p95": 24.7464,
                "samples": 5,
                "stdev": 2.588684793481045
              },
              "sequence_us": {
                "max": 249.24,
                "median": 234.04,
                "min": 189.16,
                "n": 5,
                "p05": 189.216,
                "p95": 247.464,
                "samples": 5,
                "stdev": 25.886847934810454
              },
              "status": "ok"
            },
            "host_wall": {
              "clock": "steady_clock",
              "per_iteration_us": {
                "max": 33.433499999999995,
                "median": 32.0804,
                "min": 26.7254,
                "n": 5,
                "p05": 26.7376,
                "p95": 33.174699999999994,
                "samples": 5,
                "stdev": 2.880039533478663
              },
              "sequence_us": {
                "max": 334.335,
                "median": 320.804,
                "min": 267.254,
                "n": 5,
                "p05": 267.37600000000003,
                "p95": 331.74699999999996,
                "samples": 5,
                "stdev": 28.80039533478663
              },
              "status": "ok"
            },
            "logical_iterations": 10
          },
          "single": {
            "dispatches_per_iteration": 2,
            "gpu_elapsed": {
              "clock": "vulkan_calibrated_multi_queue_timestamp_span",
              "per_iteration_us": {
                "max": 86.24,
                "median": 68.56,
                "min": 65.08,
                "n": 5,
                "p05": 65.304,
                "p95": 86.19999999999999,
                "samples": 5,
                "stdev": 9.632033222534067
              },
              "sequence_us": {
                "max": 86.24,
                "median": 68.56,
                "min": 65.08,
                "n": 5,
                "p05": 65.304,
                "p95": 86.19999999999999,
                "samples": 5,
                "stdev": 9.632033222534067
              },
              "status": "ok"
            },
            "host_wall": {
              "clock": "steady_clock",
              "per_iteration_us": {
                "max": 165.623,
                "median": 153.092,
                "min": 139.532,
                "n": 5,
                "p05": 141.6562,
                "p95": 164.2908,
                "samples": 5,
                "stdev": 8.755234562249026
              },
              "sequence_us": {
                "max": 165.623,
                "median": 153.092,
                "min": 139.532,
                "n": 5,
                "p05": 141.6562,
                "p95": 164.2908,
                "samples": 5,
                "stdev": 8.755234562249026
              },
              "status": "ok"
            },
            "logical_iterations": 1
          }
        },
        "timing_mode": "independent_throughput",
        "variant": "rowtile4",
        "workgroup_match": "vulkan_diagnostic_unmatched"
      },
      {
        "backend": "vulkan",
        "correctness": {
          "single_dispatch": {
            "oracle": "CPU Q8_0 dense q8_1+dp4a BF16 logits with KL <= 0.05 and top-1 >= 90%",
            "status": "pass"
          },
          "synchronization": {
            "barrier_count": 0,
            "method": "disjoint_xq_and_output_slices",
            "status": "pass"
          },
          "timed_sequence": {
            "coverage": "all_dispatches",
            "logical_iterations": 10,
            "oracle": "CPU Q8_0 dense q8_1+dp4a BF16 logits with KL <= 0.05 and top-1 >= 90%",
            "status": "pass"
          }
        },
        "correctness_pass": true,
        "dependency_contract": {
          "inter_dispatch_ordering": "none",
          "output_partitioning": "disjoint",
          "validation_status": "pass",
          "work_dependency": "independent"
        },
        "execution": {
          "actual_parallel_lanes": 1,
          "burst_lane_gpu_samples_us": [],
          "calibrated_timestamp_domain": false,
          "calibrated_timestamp_extension": "",
          "lane_assignment": "single_command_buffer",
          "requested_parallel_lanes": 4,
          "single_lane_gpu_samples_us": [],
          "submission_strategy": "vulkan_command_buffer"
        },
        "hardware": {
          "actual_independent_lanes": 4,
          "api_version": "1.4.318",
          "calibrated_timestamp_extension": "VK_KHR_calibrated_timestamps",
          "device_id": 30032,
          "device_name": "AMD Radeon Graphics (RADV GFX1201)",
          "device_type": 2,
          "driver_version_raw": 104865800,
          "queue_family": 1,
          "queue_flags": 14,
          "queue_timestamp_valid_bits": 64,
          "requested_api_version": "1.2",
          "requested_independent_lanes": 4,
          "shader_integer_dot_product": true,
          "storage_buffer_16bit": true,
          "timeline_semaphore": true,
          "vendor_id": 4098
        },
        "in_features": 2048,
        "local_size": 128,
        "median_us": 17.804,
        "numeric_correctness": {
          "burst": {
            "exact_bf16_mismatches": 12976,
            "expected_repetitions": [
              0,
              1,
              2,
              3,
              4,
              5,
              6,
              7,
              8,
              9
            ],
            "kl_divergence": 0.0001183141109,
            "max_abs": 0.0625,
            "mean_abs": 0.001415863866,
            "outputs_checked": 10,
            "pass": true,
            "top1": 1
          },
          "single": {
            "exact_bf16_mismatches": 1017,
            "expected_repetitions": [
              0
            ],
            "kl_divergence": 4.436209871e-06,
            "max_abs": 0.03125,
            "mean_abs": 0.000759601593,
            "outputs_checked": 1,
            "pass": true,
            "top1": 1
          }
        },
        "operation": "q8_0_dense_dp4a_dot_prequantized",
        "out_features": 2048,
        "q8_0_weight_bytes": 4456448,
        "q8_blocks_per_row": 64,
        "row_tile": 4,
        "rows": 4,
        "sequence_validation": {
          "burst_expected_repetitions": [
            0,
            1,
            2,
            3,
            4,
            5,
            6,
            7,
            8,
            9
          ],
          "input_repetition_pattern": "distinct_deterministic_salt",
          "output_partitioning": "disjoint",
          "single_expected_repetitions": [
            0
          ],
          "xq_partitioning": "disjoint"
        },
        "submission": {
          "completion_in_host_wall": true,
          "queue_or_stream_count": 1,
          "recording_in_timed_region": false,
          "strategy": "vulkan_command_buffer",
          "submit_in_host_wall": true
        },
        "timing": {
          "burst": {
            "dispatches_per_iteration": 1,
            "gpu_elapsed": {
              "clock": "vulkan_timestamp",
              "per_iteration_us": {
                "max": 17.84,
                "median": 17.804,
                "min": 17.791999999999998,
                "n": 5,
                "p05": 17.7928,
                "p95": 17.8352,
                "samples": 5,
                "stdev": 0.01726962651593879
              },
              "sequence_us": {
                "max": 178.4,
                "median": 178.04,
                "min": 177.92,
                "n": 5,
                "p05": 177.928,
                "p95": 178.352,
                "samples": 5,
                "stdev": 0.1726962651593868
              },
              "status": "ok"
            },
            "host_wall": {
              "clock": "steady_clock",
              "per_iteration_us": {
                "max": 51.6827,
                "median": 23.1554,
                "min": 23.0973,
                "n": 5,
                "p05": 23.101100000000002,
                "p95": 45.986839999999994,
                "samples": 5,
                "stdev": 11.415897842815516
              },
              "sequence_us": {
                "max": 516.827,
                "median": 231.554,
                "min": 230.973,
                "n": 5,
                "p05": 231.01100000000002,
                "p95": 459.86839999999995,
                "samples": 5,
                "stdev": 114.15897842815518
              },
              "status": "ok"
            },
            "logical_iterations": 10
          },
          "single": {
            "dispatches_per_iteration": 1,
            "gpu_elapsed": {
              "clock": "vulkan_timestamp",
              "per_iteration_us": {
                "max": 26.56,
                "median": 26.24,
                "min": 26.12,
                "n": 5,
                "p05": 26.12,
                "p95": 26.503999999999998,
                "samples": 5,
                "stdev": 0.1611955334368783
              },
              "sequence_us": {
                "max": 26.56,
                "median": 26.24,
                "min": 26.12,
                "n": 5,
                "p05": 26.12,
                "p95": 26.503999999999998,
                "samples": 5,
                "stdev": 0.1611955334368783
              },
              "status": "ok"
            },
            "host_wall": {
              "clock": "steady_clock",
              "per_iteration_us": {
                "max": 80.511,
                "median": 78.921,
                "min": 71.561,
                "n": 5,
                "p05": 72.909,
                "p95": 80.3712,
                "samples": 5,
                "stdev": 3.219570803694179
              },
              "sequence_us": {
                "max": 80.511,
                "median": 78.921,
                "min": 71.561,
                "n": 5,
                "p05": 72.909,
                "p95": 80.3712,
                "samples": 5,
                "stdev": 3.219570803694179
              },
              "status": "ok"
            },
            "logical_iterations": 1
          }
        },
        "timing_mode": "independent_throughput",
        "variant": "rowtile4",
        "workgroup_match": "vulkan_diagnostic_unmatched"
      },
      {
        "backend": "vulkan",
        "correctness": {
          "single_dispatch": {
            "oracle": "CPU Q8_0 dense q8_1+dp4a BF16 logits with KL <= 0.05 and top-1 >= 90%",
            "status": "pass"
          },
          "synchronization": {
            "barrier_count": 10,
            "method": "timeline_coordinated_multi_queue_disjoint_slices",
            "status": "pass"
          },
          "timed_sequence": {
            "coverage": "all_dispatches",
            "logical_iterations": 10,
            "oracle": "CPU Q8_0 dense q8_1+dp4a BF16 logits with KL <= 0.05 and top-1 >= 90%",
            "status": "pass"
          }
        },
        "correctness_pass": true,
        "dependency_contract": {
          "inter_dispatch_ordering": "none",
          "output_partitioning": "disjoint",
          "validation_status": "pass",
          "work_dependency": "independent"
        },
        "execution": {
          "actual_parallel_lanes": 4,
          "burst_lane_gpu_samples_us": [
            [
              142.28,
              162.04,
              73.56,
              77.84
            ],
            [
              101.32,
              168.24,
              133.28,
              78.88
            ],
            [
              150,
              107.6,
              128.12,
              49.12
            ],
            [
              101.6,
              99.36,
              107.24,
              119.6
            ],
            [
              94.4,
              146.84,
              110.56,
              49.32
            ]
          ],
          "calibrated_timestamp_domain": true,
          "calibrated_timestamp_extension": "VK_KHR_calibrated_timestamps",
          "lane_assignment": "round_robin_multi_queue",
          "requested_parallel_lanes": 4,
          "single_lane_gpu_samples_us": [
            [
              28.2,
              2.92,
              3,
              2.68
            ],
            [
              27.44,
              3.12,
              2.72,
              2
            ],
            [
              29.44,
              2.48,
              2.84,
              2.6
            ],
            [
              46.44,
              2.96,
              2.92,
              3.12
            ],
            [
              29.36,
              2.6,
              2.28,
              2.72
            ]
          ],
          "submission_strategy": "vulkan_multi_queue"
        },
        "hardware": {
          "actual_independent_lanes": 4,
          "api_version": "1.4.318",
          "calibrated_timestamp_extension": "VK_KHR_calibrated_timestamps",
          "device_id": 30032,
          "device_name": "AMD Radeon Graphics (RADV GFX1201)",
          "device_type": 2,
          "driver_version_raw": 104865800,
          "queue_family": 1,
          "queue_flags": 14,
          "queue_timestamp_valid_bits": 64,
          "requested_api_version": "1.2",
          "requested_independent_lanes": 4,
          "shader_integer_dot_product": true,
          "storage_buffer_16bit": true,
          "timeline_semaphore": true,
          "vendor_id": 4098
        },
        "in_features": 2048,
        "local_size": 128,
        "median_us": 23.14,
        "numeric_correctness": {
          "burst": {
            "exact_bf16_mismatches": 12976,
            "expected_repetitions": [
              0,
              1,
              2,
              3,
              4,
              5,
              6,
              7,
              8,
              9
            ],
            "kl_divergence": 0.0001183141109,
            "max_abs": 0.0625,
            "mean_abs": 0.001415863866,
            "outputs_checked": 10,
            "pass": true,
            "top1": 1
          },
          "single": {
            "exact_bf16_mismatches": 1017,
            "expected_repetitions": [
              0
            ],
            "kl_divergence": 4.436209871e-06,
            "max_abs": 0.03125,
            "mean_abs": 0.000759601593,
            "outputs_checked": 1,
            "pass": true,
            "top1": 1
          }
        },
        "operation": "q8_0_dense_dp4a_quantize_plus_dot",
        "out_features": 2048,
        "q8_0_weight_bytes": 4456448,
        "q8_blocks_per_row": 64,
        "row_tile": 4,
        "rows": 4,
        "sequence_validation": {
          "burst_expected_repetitions": [
            0,
            1,
            2,
            3,
            4,
            5,
            6,
            7,
            8,
            9
          ],
          "input_repetition_pattern": "distinct_deterministic_salt",
          "output_partitioning": "disjoint",
          "single_expected_repetitions": [
            0
          ],
          "xq_partitioning": "disjoint"
        },
        "submission": {
          "completion_in_host_wall": true,
          "queue_or_stream_count": 4,
          "recording_in_timed_region": false,
          "strategy": "vulkan_multi_queue",
          "submit_in_host_wall": true
        },
        "timing": {
          "burst": {
            "dispatches_per_iteration": 2,
            "gpu_elapsed": {
              "clock": "vulkan_calibrated_multi_queue_timestamp_span",
              "per_iteration_us": {
                "max": 23.924,
                "median": 23.14,
                "min": 19.476,
                "n": 5,
                "p05": 20.0808,
                "p95": 23.8152,
                "samples": 5,
                "stdev": 1.5719460550540536
              },
              "sequence_us": {
                "max": 239.24,
                "median": 231.4,
                "min": 194.76,
                "n": 5,
                "p05": 200.808,
                "p95": 238.15200000000002,
                "samples": 5,
                "stdev": 15.719460550540537
              },
              "status": "ok"
            },
            "host_wall": {
              "clock": "steady_clock",
              "per_iteration_us": {
                "max": 31.7015,
                "median": 30.855399999999996,
                "min": 26.657400000000003,
                "n": 5,
                "p05": 27.389600000000005,
                "p95": 31.5447,
                "samples": 5,
                "stdev": 1.7721419227590083
              },
              "sequence_us": {
                "max": 317.015,
                "median": 308.554,
                "min": 266.574,
                "n": 5,
                "p05": 273.896,
                "p95": 315.447,
                "samples": 5,
                "stdev": 17.72141922759009
              },
              "status": "ok"
            },
            "logical_iterations": 10
          },
          "single": {
            "dispatches_per_iteration": 2,
            "gpu_elapsed": {
              "clock": "vulkan_calibrated_multi_queue_timestamp_span",
              "per_iteration_us": {
                "max": 58.52,
                "median": 46.96,
                "min": 46.16,
                "n": 5,
                "p05": 46.248,
                "p95": 56.93600000000001,
                "samples": 5,
                "stdev": 4.652493524982062
              },
              "sequence_us": {
                "max": 58.52,
                "median": 46.96,
                "min": 46.16,
                "n": 5,
                "p05": 46.248,
                "p95": 56.93600000000001,
                "samples": 5,
                "stdev": 4.652493524982062
              },
              "status": "ok"
            },
            "host_wall": {
              "clock": "steady_clock",
              "per_iteration_us": {
                "max": 144.032,
                "median": 121.732,
                "min": 116.732,
                "n": 5,
                "p05": 117.37400000000001,
                "p95": 140.648,
                "samples": 5,
                "stdev": 9.666023794715182
              },
              "sequence_us": {
                "max": 144.032,
                "median": 121.732,
                "min": 116.732,
                "n": 5,
                "p05": 117.37400000000001,
                "p95": 140.648,
                "samples": 5,
                "stdev": 9.666023794715182
              },
              "status": "ok"
            },
            "logical_iterations": 1
          }
        },
        "timing_mode": "independent_throughput",
        "variant": "rowtile4",
        "workgroup_match": "vulkan_diagnostic_unmatched"
      }
    ]
  },
  "notes": "Vulkan raw GGUF Q8_0 dense q8_1+dp4a production-shaped probe with single-row and rowtile4 shader variants.",
  "parameters": {
    "actual_parallel_lanes": 4,
    "exact_local_size": 32,
    "independent_streams": 4,
    "input_scale": 0.1,
    "local_sizes": "32,64,128",
    "repetitions": 10,
    "row_tiles": "1,4",
    "rows_list": "1,4",
    "samples": 5,
    "shapes": "768x2048,2048x2048",
    "timing_mode": "independent_throughput",
    "warmup_sequences": 3
  },
  "schema_version": 2,
  "source": {
    "branch": "",
    "commit": "f2c3ad6d74c86e3641ce09ff9fd759eaa6cd75e0",
    "dirty": false,
    "repo": "/tmp/hipEngine-f2c",
    "source_hash": "sha256:f4823f57deeeaa713b202229f2e16bcb19ae9b0edc375123de4b7e9e8e1e0eb5"
  },
  "timing_config": {
    "actual_parallel_lanes": 4,
    "calibrated_timestamp_extension": "VK_KHR_calibrated_timestamps",
    "independent_streams": 4,
    "method": "Vulkan timestamps plus submit/fence host wall; exact repeated command buffers for serial and single-operation rows, calibrated timeline-coordinated multi-queue lanes for independent combined rows",
    "reps": 10,
    "samples": 5,
    "timing_mode": "independent_throughput",
    "warmup": 3
  },
  "wrapper": {
    "build_dir": "/home/kaden/ClaudeCode/autorocm/redline-pub/examples/hipengine-6409/results/gfx1201/2026-07-13-radiowave-redline/build/vulkan/dense-q8",
    "command": [
      "python3",
      "/tmp/hipEngine-f2c/benchmarks/micro/runners/q8_0_dense_real_slice.py",
      "--backend",
      "vulkan",
      "--timing-mode",
      "independent_throughput",
      "--independent-streams",
      "4",
      "--reps",
      "10",
      "--warmup",
      "3",
      "--samples",
      "5",
      "--environment-json",
      "/home/kaden/ClaudeCode/autorocm/redline-pub/examples/hipengine-6409/results/gfx1201/2026-07-13-radiowave-redline/environment.json",
      "--environment-ref",
      "/home/kaden/ClaudeCode/autorocm/redline-pub/examples/hipengine-6409/results/gfx1201/2026-07-13-radiowave-redline/environment.json",
      "--gfx-arch",
      "gfx1201",
      "--hardware-gpu",
      "AMD Radeon Graphics",
      "--build-dir",
      "/home/kaden/ClaudeCode/autorocm/redline-pub/examples/hipengine-6409/results/gfx1201/2026-07-13-radiowave-redline/build/vulkan/dense-q8",
      "--shapes",
      "768x2048,2048x2048",
      "--rows-list",
      "1,4",
      "--local-sizes",
      "32,64,128",
      "--row-tiles",
      "1,4",
      "--out",
      "/home/kaden/ClaudeCode/autorocm/redline-pub/examples/hipengine-6409/results/gfx1201/2026-07-13-radiowave-redline/independent_throughput/vulkan-dense-q8.json",
      "--pretty"
    ],
    "commands": [
      {
        "command": [
          "/tmp/shaderc-2025/root/usr/bin/glslc",
          "--target-env=vulkan1.2",
          "-O",
          "/tmp/hipEngine-f2c/benchmarks/micro/kernels/vulkan/q8_1_quantize.comp",
          "-o",
          "/home/kaden/ClaudeCode/autorocm/redline-pub/examples/hipengine-6409/results/gfx1201/2026-07-13-radiowave-redline/build/vulkan/dense-q8/q8_1_quantize.spv"
        ],
        "kind": "compile_shader"
      },
      {
        "command": [
          "/usr/bin/c++",
          "-O2",
          "-std=c++17",
          "/tmp/hipEngine-f2c/benchmarks/micro/runners/vulkan_q8_0_dense.cpp",
          "-o",
          "/home/kaden/ClaudeCode/autorocm/redline-pub/examples/hipengine-6409/results/gfx1201/2026-07-13-radiowave-redline/build/vulkan/dense-q8/vulkan_q8_0_dense",
          "-lvulkan"
        ],
        "kind": "compile_harness"
      },
      {
        "command": [
          "/tmp/shaderc-2025/root/usr/bin/glslc",
          "--target-env=vulkan1.2",
          "-O",
          "-DHIPENGINE_LOCAL_SIZE_X=32",
          "-DHIPENGINE_ROW_TILE=1",
          "/tmp/hipEngine-f2c/benchmarks/micro/kernels/vulkan/q8_0_dense.comp",
          "-o",
          "/home/kaden/ClaudeCode/autorocm/redline-pub/examples/hipengine-6409/results/gfx1201/2026-07-13-radiowave-redline/build/vulkan/dense-q8/vulkan/ls32_rt1/q8_0_dense.spv"
        ],
        "kind": "compile_shader",
        "local_size": 32,
        "row_tile": 1,
        "variant": "single"
      },
      {
        "command": [
          "/home/kaden/ClaudeCode/autorocm/redline-pub/examples/hipengine-6409/results/gfx1201/2026-07-13-radiowave-redline/build/vulkan/dense-q8/vulkan_q8_0_dense",
          "--quantize-spirv",
          "/home/kaden/ClaudeCode/autorocm/redline-pub/examples/hipengine-6409/results/gfx1201/2026-07-13-radiowave-redline/build/vulkan/dense-q8/q8_1_quantize.spv",
          "--dot-spirv",
          "/home/kaden/ClaudeCode/autorocm/redline-pub/examples/hipengine-6409/results/gfx1201/2026-07-13-radiowave-redline/build/vulkan/dense-q8/vulkan/ls32_rt1/q8_0_dense.spv",
          "--json",
          "/home/kaden/ClaudeCode/autorocm/redline-pub/examples/hipengine-6409/results/gfx1201/2026-07-13-radiowave-redline/build/vulkan/dense-q8/vulkan/ls32_rt1/raw_768x2048_rows1.json",
          "--rows",
          "1",
          "--in-features",
          "768",
          "--out-features",
          "2048",
          "--input-scale",
          "0.1",
          "--local-size",
          "32",
          "--row-tile",
          "1",
          "--reps",
          "10",
          "--warmup",
          "3",
          "--samples",
          "5",
          "--timing-mode",
          "independent_throughput",
          "--independent-lanes",
          "4",
          "--device-index",
          "0"
        ],
        "kind": "run_harness",
        "local_size": 32,
        "raw_json_retained": false,
        "returncode": 0,
        "row_tile": 1,
        "rows": 1,
        "shape": "768x2048",
        "variant": "single"
      },
      {
        "command": [
          "/home/kaden/ClaudeCode/autorocm/redline-pub/examples/hipengine-6409/results/gfx1201/2026-07-13-radiowave-redline/build/vulkan/dense-q8/vulkan_q8_0_dense",
          "--quantize-spirv",
          "/home/kaden/ClaudeCode/autorocm/redline-pub/examples/hipengine-6409/results/gfx1201/2026-07-13-radiowave-redline/build/vulkan/dense-q8/q8_1_quantize.spv",
          "--dot-spirv",
          "/home/kaden/ClaudeCode/autorocm/redline-pub/examples/hipengine-6409/results/gfx1201/2026-07-13-radiowave-redline/build/vulkan/dense-q8/vulkan/ls32_rt1/q8_0_dense.spv",
          "--json",
          "/home/kaden/ClaudeCode/autorocm/redline-pub/examples/hipengine-6409/results/gfx1201/2026-07-13-radiowave-redline/build/vulkan/dense-q8/vulkan/ls32_rt1/raw_768x2048_rows4.json",
          "--rows",
          "4",
          "--in-features",
          "768",
          "--out-features",
          "2048",
          "--input-scale",
          "0.1",
          "--local-size",
          "32",
          "--row-tile",
          "1",
          "--reps",
          "10",
          "--warmup",
          "3",
          "--samples",
          "5",
          "--timing-mode",
          "independent_throughput",
          "--independent-lanes",
          "4",
          "--device-index",
          "0"
        ],
        "kind": "run_harness",
        "local_size": 32,
        "raw_json_retained": false,
        "returncode": 0,
        "row_tile": 1,
        "rows": 4,
        "shape": "768x2048",
        "variant": "single"
      },
      {
        "command": [
          "/home/kaden/ClaudeCode/autorocm/redline-pub/examples/hipengine-6409/results/gfx1201/2026-07-13-radiowave-redline/build/vulkan/dense-q8/vulkan_q8_0_dense",
          "--quantize-spirv",
          "/home/kaden/ClaudeCode/autorocm/redline-pub/examples/hipengine-6409/results/gfx1201/2026-07-13-radiowave-redline/build/vulkan/dense-q8/q8_1_quantize.spv",
          "--dot-spirv",
          "/home/kaden/ClaudeCode/autorocm/redline-pub/examples/hipengine-6409/results/gfx1201/2026-07-13-radiowave-redline/build/vulkan/dense-q8/vulkan/ls32_rt1/q8_0_dense.spv",
          "--json",
          "/home/kaden/ClaudeCode/autorocm/redline-pub/examples/hipengine-6409/results/gfx1201/2026-07-13-radiowave-redline/build/vulkan/dense-q8/vulkan/ls32_rt1/raw_2048x2048_rows1.json",
          "--rows",
          "1",
          "--in-features",
          "2048",
          "--out-features",
          "2048",
          "--input-scale",
          "0.1",
          "--local-size",
          "32",
          "--row-tile",
          "1",
          "--reps",
          "10",
          "--warmup",
          "3",
          "--samples",
          "5",
          "--timing-mode",
          "independent_throughput",
          "--independent-lanes",
          "4",
          "--device-index",
          "0"
        ],
        "kind": "run_harness",
        "local_size": 32,
        "raw_json_retained": false,
        "returncode": 0,
        "row_tile": 1,
        "rows": 1,
        "shape": "2048x2048",
        "variant": "single"
      },
      {
        "command": [
          "/home/kaden/ClaudeCode/autorocm/redline-pub/examples/hipengine-6409/results/gfx1201/2026-07-13-radiowave-redline/build/vulkan/dense-q8/vulkan_q8_0_dense",
          "--quantize-spirv",
          "/home/kaden/ClaudeCode/autorocm/redline-pub/examples/hipengine-6409/results/gfx1201/2026-07-13-radiowave-redline/build/vulkan/dense-q8/q8_1_quantize.spv",
          "--dot-spirv",
          "/home/kaden/ClaudeCode/autorocm/redline-pub/examples/hipengine-6409/results/gfx1201/2026-07-13-radiowave-redline/build/vulkan/dense-q8/vulkan/ls32_rt1/q8_0_dense.spv",
          "--json",
          "/home/kaden/ClaudeCode/autorocm/redline-pub/examples/hipengine-6409/results/gfx1201/2026-07-13-radiowave-redline/build/vulkan/dense-q8/vulkan/ls32_rt1/raw_2048x2048_rows4.json",
          "--rows",
          "4",
          "--in-features",
          "2048",
          "--out-features",
          "2048",
          "--input-scale",
          "0.1",
          "--local-size",
          "32",
          "--row-tile",
          "1",
          "--reps",
          "10",
          "--warmup",
          "3",
          "--samples",
          "5",
          "--timing-mode",
          "independent_throughput",
          "--independent-lanes",
          "4",
          "--device-index",
          "0"
        ],
        "kind": "run_harness",
        "local_size": 32,
        "raw_json_retained": false,
        "returncode": 0,
        "row_tile": 1,
        "rows": 4,
        "shape": "2048x2048",
        "variant": "single"
      },
      {
        "command": [
          "/tmp/shaderc-2025/root/usr/bin/glslc",
          "--target-env=vulkan1.2",
          "-O",
          "-DHIPENGINE_LOCAL_SIZE_X=32",
          "-DHIPENGINE_ROW_TILE=4",
          "/tmp/hipEngine-f2c/benchmarks/micro/kernels/vulkan/q8_0_dense.comp",
          "-o",
          "/home/kaden/ClaudeCode/autorocm/redline-pub/examples/hipengine-6409/results/gfx1201/2026-07-13-radiowave-redline/build/vulkan/dense-q8/vulkan/ls32_rt4/q8_0_dense.spv"
        ],
        "kind": "compile_shader",
        "local_size": 32,
        "row_tile": 4,
        "variant": "rowtile4"
      },
      {
        "command": [
          "/home/kaden/ClaudeCode/autorocm/redline-pub/examples/hipengine-6409/results/gfx1201/2026-07-13-radiowave-redline/build/vulkan/dense-q8/vulkan_q8_0_dense",
          "--quantize-spirv",
          "/home/kaden/ClaudeCode/autorocm/redline-pub/examples/hipengine-6409/results/gfx1201/2026-07-13-radiowave-redline/build/vulkan/dense-q8/q8_1_quantize.spv",
          "--dot-spirv",
          "/home/kaden/ClaudeCode/autorocm/redline-pub/examples/hipengine-6409/results/gfx1201/2026-07-13-radiowave-redline/build/vulkan/dense-q8/vulkan/ls32_rt4/q8_0_dense.spv",
          "--json",
          "/home/kaden/ClaudeCode/autorocm/redline-pub/examples/hipengine-6409/results/gfx1201/2026-07-13-radiowave-redline/build/vulkan/dense-q8/vulkan/ls32_rt4/raw_768x2048_rows1.json",
          "--rows",
          "1",
          "--in-features",
          "768",
          "--out-features",
          "2048",
          "--input-scale",
          "0.1",
          "--local-size",
          "32",
          "--row-tile",
          "4",
          "--reps",
          "10",
          "--warmup",
          "3",
          "--samples",
          "5",
          "--timing-mode",
          "independent_throughput",
          "--independent-lanes",
          "4",
          "--device-index",
          "0"
        ],
        "kind": "run_harness",
        "local_size": 32,
        "raw_json_retained": false,
        "returncode": 0,
        "row_tile": 4,
        "rows": 1,
        "shape": "768x2048",
        "variant": "rowtile4"
      },
      {
        "command": [
          "/home/kaden/ClaudeCode/autorocm/redline-pub/examples/hipengine-6409/results/gfx1201/2026-07-13-radiowave-redline/build/vulkan/dense-q8/vulkan_q8_0_dense",
          "--quantize-spirv",
          "/home/kaden/ClaudeCode/autorocm/redline-pub/examples/hipengine-6409/results/gfx1201/2026-07-13-radiowave-redline/build/vulkan/dense-q8/q8_1_quantize.spv",
          "--dot-spirv",
          "/home/kaden/ClaudeCode/autorocm/redline-pub/examples/hipengine-6409/results/gfx1201/2026-07-13-radiowave-redline/build/vulkan/dense-q8/vulkan/ls32_rt4/q8_0_dense.spv",
          "--json",
          "/home/kaden/ClaudeCode/autorocm/redline-pub/examples/hipengine-6409/results/gfx1201/2026-07-13-radiowave-redline/build/vulkan/dense-q8/vulkan/ls32_rt4/raw_768x2048_rows4.json",
          "--rows",
          "4",
          "--in-features",
          "768",
          "--out-features",
          "2048",
          "--input-scale",
          "0.1",
          "--local-size",
          "32",
          "--row-tile",
          "4",
          "--reps",
          "10",
          "--warmup",
          "3",
          "--samples",
          "5",
          "--timing-mode",
          "independent_throughput",
          "--independent-lanes",
          "4",
          "--device-index",
          "0"
        ],
        "kind": "run_harness",
        "local_size": 32,
        "raw_json_retained": false,
        "returncode": 0,
        "row_tile": 4,
        "rows": 4,
        "shape": "768x2048",
        "variant": "rowtile4"
      },
      {
        "command": [
          "/home/kaden/ClaudeCode/autorocm/redline-pub/examples/hipengine-6409/results/gfx1201/2026-07-13-radiowave-redline/build/vulkan/dense-q8/vulkan_q8_0_dense",
          "--quantize-spirv",
          "/home/kaden/ClaudeCode/autorocm/redline-pub/examples/hipengine-6409/results/gfx1201/2026-07-13-radiowave-redline/build/vulkan/dense-q8/q8_1_quantize.spv",
          "--dot-spirv",
          "/home/kaden/ClaudeCode/autorocm/redline-pub/examples/hipengine-6409/results/gfx1201/2026-07-13-radiowave-redline/build/vulkan/dense-q8/vulkan/ls32_rt4/q8_0_dense.spv",
          "--json",
          "/home/kaden/ClaudeCode/autorocm/redline-pub/examples/hipengine-6409/results/gfx1201/2026-07-13-radiowave-redline/build/vulkan/dense-q8/vulkan/ls32_rt4/raw_2048x2048_rows1.json",
          "--rows",
          "1",
          "--in-features",
          "2048",
          "--out-features",
          "2048",
          "--input-scale",
          "0.1",
          "--local-size",
          "32",
          "--row-tile",
          "4",
          "--reps",
          "10",
          "--warmup",
          "3",
          "--samples",
          "5",
          "--timing-mode",
          "independent_throughput",
          "--independent-lanes",
          "4",
          "--device-index",
          "0"
        ],
        "kind": "run_harness",
        "local_size": 32,
        "raw_json_retained": false,
        "returncode": 0,
        "row_tile": 4,
        "rows": 1,
        "shape": "2048x2048",
        "variant": "rowtile4"
      },
      {
        "command": [
          "/home/kaden/ClaudeCode/autorocm/redline-pub/examples/hipengine-6409/results/gfx1201/2026-07-13-radiowave-redline/build/vulkan/dense-q8/vulkan_q8_0_dense",
          "--quantize-spirv",
          "/home/kaden/ClaudeCode/autorocm/redline-pub/examples/hipengine-6409/results/gfx1201/2026-07-13-radiowave-redline/build/vulkan/dense-q8/q8_1_quantize.spv",
          "--dot-spirv",
          "/home/kaden/ClaudeCode/autorocm/redline-pub/examples/hipengine-6409/results/gfx1201/2026-07-13-radiowave-redline/build/vulkan/dense-q8/vulkan/ls32_rt4/q8_0_dense.spv",
          "--json",
          "/home/kaden/ClaudeCode/autorocm/redline-pub/examples/hipengine-6409/results/gfx1201/2026-07-13-radiowave-redline/build/vulkan/dense-q8/vulkan/ls32_rt4/raw_2048x2048_rows4.json",
          "--rows",
          "4",
          "--in-features",
          "2048",
          "--out-features",
          "2048",
          "--input-scale",
          "0.1",
          "--local-size",
          "32",
          "--row-tile",
          "4",
          "--reps",
          "10",
          "--warmup",
          "3",
          "--samples",
          "5",
          "--timing-mode",
          "independent_throughput",
          "--independent-lanes",
          "4",
          "--device-index",
          "0"
        ],
        "kind": "run_harness",
        "local_size": 32,
        "raw_json_retained": false,
        "returncode": 0,
        "row_tile": 4,
        "rows": 4,
        "shape": "2048x2048",
        "variant": "rowtile4"
      },
      {
        "command": [
          "/tmp/shaderc-2025/root/usr/bin/glslc",
          "--target-env=vulkan1.2",
          "-O",
          "-DHIPENGINE_LOCAL_SIZE_X=64",
          "-DHIPENGINE_ROW_TILE=1",
          "/tmp/hipEngine-f2c/benchmarks/micro/kernels/vulkan/q8_0_dense.comp",
          "-o",
          "/home/kaden/ClaudeCode/autorocm/redline-pub/examples/hipengine-6409/results/gfx1201/2026-07-13-radiowave-redline/build/vulkan/dense-q8/vulkan/ls64_rt1/q8_0_dense.spv"
        ],
        "kind": "compile_shader",
        "local_size": 64,
        "row_tile": 1,
        "variant": "single"
      },
      {
        "command": [
          "/home/kaden/ClaudeCode/autorocm/redline-pub/examples/hipengine-6409/results/gfx1201/2026-07-13-radiowave-redline/build/vulkan/dense-q8/vulkan_q8_0_dense",
          "--quantize-spirv",
          "/home/kaden/ClaudeCode/autorocm/redline-pub/examples/hipengine-6409/results/gfx1201/2026-07-13-radiowave-redline/build/vulkan/dense-q8/q8_1_quantize.spv",
          "--dot-spirv",
          "/home/kaden/ClaudeCode/autorocm/redline-pub/examples/hipengine-6409/results/gfx1201/2026-07-13-radiowave-redline/build/vulkan/dense-q8/vulkan/ls64_rt1/q8_0_dense.spv",
          "--json",
          "/home/kaden/ClaudeCode/autorocm/redline-pub/examples/hipengine-6409/results/gfx1201/2026-07-13-radiowave-redline/build/vulkan/dense-q8/vulkan/ls64_rt1/raw_768x2048_rows1.json",
          "--rows",
          "1",
          "--in-features",
          "768",
          "--out-features",
          "2048",
          "--input-scale",
          "0.1",
          "--local-size",
          "64",
          "--row-tile",
          "1",
          "--reps",
          "10",
          "--warmup",
          "3",
          "--samples",
          "5",
          "--timing-mode",
          "independent_throughput",
          "--independent-lanes",
          "4",
          "--device-index",
          "0"
        ],
        "kind": "run_harness",
        "local_size": 64,
        "raw_json_retained": false,
        "returncode": 0,
        "row_tile": 1,
        "rows": 1,
        "shape": "768x2048",
        "variant": "single"
      },
      {
        "command": [
          "/home/kaden/ClaudeCode/autorocm/redline-pub/examples/hipengine-6409/results/gfx1201/2026-07-13-radiowave-redline/build/vulkan/dense-q8/vulkan_q8_0_dense",
          "--quantize-spirv",
          "/home/kaden/ClaudeCode/autorocm/redline-pub/examples/hipengine-6409/results/gfx1201/2026-07-13-radiowave-redline/build/vulkan/dense-q8/q8_1_quantize.spv",
          "--dot-spirv",
          "/home/kaden/ClaudeCode/autorocm/redline-pub/examples/hipengine-6409/results/gfx1201/2026-07-13-radiowave-redline/build/vulkan/dense-q8/vulkan/ls64_rt1/q8_0_dense.spv",
          "--json",
          "/home/kaden/ClaudeCode/autorocm/redline-pub/examples/hipengine-6409/results/gfx1201/2026-07-13-radiowave-redline/build/vulkan/dense-q8/vulkan/ls64_rt1/raw_768x2048_rows4.json",
          "--rows",
          "4",
          "--in-features",
          "768",
          "--out-features",
          "2048",
          "--input-scale",
          "0.1",
          "--local-size",
          "64",
          "--row-tile",
          "1",
          "--reps",
          "10",
          "--warmup",
          "3",
          "--samples",
          "5",
          "--timing-mode",
          "independent_throughput",
          "--independent-lanes",
          "4",
          "--device-index",
          "0"
        ],
        "kind": "run_harness",
        "local_size": 64,
        "raw_json_retained": false,
        "returncode": 0,
        "row_tile": 1,
        "rows": 4,
        "shape": "768x2048",
        "variant": "single"
      },
      {
        "command": [
          "/home/kaden/ClaudeCode/autorocm/redline-pub/examples/hipengine-6409/results/gfx1201/2026-07-13-radiowave-redline/build/vulkan/dense-q8/vulkan_q8_0_dense",
          "--quantize-spirv",
          "/home/kaden/ClaudeCode/autorocm/redline-pub/examples/hipengine-6409/results/gfx1201/2026-07-13-radiowave-redline/build/vulkan/dense-q8/q8_1_quantize.spv",
          "--dot-spirv",
          "/home/kaden/ClaudeCode/autorocm/redline-pub/examples/hipengine-6409/results/gfx1201/2026-07-13-radiowave-redline/build/vulkan/dense-q8/vulkan/ls64_rt1/q8_0_dense.spv",
          "--json",
          "/home/kaden/ClaudeCode/autorocm/redline-pub/examples/hipengine-6409/results/gfx1201/2026-07-13-radiowave-redline/build/vulkan/dense-q8/vulkan/ls64_rt1/raw_2048x2048_rows1.json",
          "--rows",
          "1",
          "--in-features",
          "2048",
          "--out-features",
          "2048",
          "--input-scale",
          "0.1",
          "--local-size",
          "64",
          "--row-tile",
          "1",
          "--reps",
          "10",
          "--warmup",
          "3",
          "--samples",
          "5",
          "--timing-mode",
          "independent_throughput",
          "--independent-lanes",
          "4",
          "--device-index",
          "0"
        ],
        "kind": "run_harness",
        "local_size": 64,
        "raw_json_retained": false,
        "returncode": 0,
        "row_tile": 1,
        "rows": 1,
        "shape": "2048x2048",
        "variant": "single"
      },
      {
        "command": [
          "/home/kaden/ClaudeCode/autorocm/redline-pub/examples/hipengine-6409/results/gfx1201/2026-07-13-radiowave-redline/build/vulkan/dense-q8/vulkan_q8_0_dense",
          "--quantize-spirv",
          "/home/kaden/ClaudeCode/autorocm/redline-pub/examples/hipengine-6409/results/gfx1201/2026-07-13-radiowave-redline/build/vulkan/dense-q8/q8_1_quantize.spv",
          "--dot-spirv",
          "/home/kaden/ClaudeCode/autorocm/redline-pub/examples/hipengine-6409/results/gfx1201/2026-07-13-radiowave-redline/build/vulkan/dense-q8/vulkan/ls64_rt1/q8_0_dense.spv",
          "--json",
          "/home/kaden/ClaudeCode/autorocm/redline-pub/examples/hipengine-6409/results/gfx1201/2026-07-13-radiowave-redline/build/vulkan/dense-q8/vulkan/ls64_rt1/raw_2048x2048_rows4.json",
          "--rows",
          "4",
          "--in-features",
          "2048",
          "--out-features",
          "2048",
          "--input-scale",
          "0.1",
          "--local-size",
          "64",
          "--row-tile",
          "1",
          "--reps",
          "10",
          "--warmup",
          "3",
          "--samples",
          "5",
          "--timing-mode",
          "independent_throughput",
          "--independent-lanes",
          "4",
          "--device-index",
          "0"
        ],
        "kind": "run_harness",
        "local_size": 64,
        "raw_json_retained": false,
        "returncode": 0,
        "row_tile": 1,
        "rows": 4,
        "shape": "2048x2048",
        "variant": "single"
      },
      {
        "command": [
          "/tmp/shaderc-2025/root/usr/bin/glslc",
          "--target-env=vulkan1.2",
          "-O",
          "-DHIPENGINE_LOCAL_SIZE_X=64",
          "-DHIPENGINE_ROW_TILE=4",
          "/tmp/hipEngine-f2c/benchmarks/micro/kernels/vulkan/q8_0_dense.comp",
          "-o",
          "/home/kaden/ClaudeCode/autorocm/redline-pub/examples/hipengine-6409/results/gfx1201/2026-07-13-radiowave-redline/build/vulkan/dense-q8/vulkan/ls64_rt4/q8_0_dense.spv"
        ],
        "kind": "compile_shader",
        "local_size": 64,
        "row_tile": 4,
        "variant": "rowtile4"
      },
      {
        "command": [
          "/home/kaden/ClaudeCode/autorocm/redline-pub/examples/hipengine-6409/results/gfx1201/2026-07-13-radiowave-redline/build/vulkan/dense-q8/vulkan_q8_0_dense",
          "--quantize-spirv",
          "/home/kaden/ClaudeCode/autorocm/redline-pub/examples/hipengine-6409/results/gfx1201/2026-07-13-radiowave-redline/build/vulkan/dense-q8/q8_1_quantize.spv",
          "--dot-spirv",
          "/home/kaden/ClaudeCode/autorocm/redline-pub/examples/hipengine-6409/results/gfx1201/2026-07-13-radiowave-redline/build/vulkan/dense-q8/vulkan/ls64_rt4/q8_0_dense.spv",
          "--json",
          "/home/kaden/ClaudeCode/autorocm/redline-pub/examples/hipengine-6409/results/gfx1201/2026-07-13-radiowave-redline/build/vulkan/dense-q8/vulkan/ls64_rt4/raw_768x2048_rows1.json",
          "--rows",
          "1",
          "--in-features",
          "768",
          "--out-features",
          "2048",
          "--input-scale",
          "0.1",
          "--local-size",
          "64",
          "--row-tile",
          "4",
          "--reps",
          "10",
          "--warmup",
          "3",
          "--samples",
          "5",
          "--timing-mode",
          "independent_throughput",
          "--independent-lanes",
          "4",
          "--device-index",
          "0"
        ],
        "kind": "run_harness",
        "local_size": 64,
        "raw_json_retained": false,
        "returncode": 0,
        "row_tile": 4,
        "rows": 1,
        "shape": "768x2048",
        "variant": "rowtile4"
      },
      {
        "command": [
          "/home/kaden/ClaudeCode/autorocm/redline-pub/examples/hipengine-6409/results/gfx1201/2026-07-13-radiowave-redline/build/vulkan/dense-q8/vulkan_q8_0_dense",
          "--quantize-spirv",
          "/home/kaden/ClaudeCode/autorocm/redline-pub/examples/hipengine-6409/results/gfx1201/2026-07-13-radiowave-redline/build/vulkan/dense-q8/q8_1_quantize.spv",
          "--dot-spirv",
          "/home/kaden/ClaudeCode/autorocm/redline-pub/examples/hipengine-6409/results/gfx1201/2026-07-13-radiowave-redline/build/vulkan/dense-q8/vulkan/ls64_rt4/q8_0_dense.spv",
          "--json",
          "/home/kaden/ClaudeCode/autorocm/redline-pub/examples/hipengine-6409/results/gfx1201/2026-07-13-radiowave-redline/build/vulkan/dense-q8/vulkan/ls64_rt4/raw_768x2048_rows4.json",
          "--rows",
          "4",
          "--in-features",
          "768",
          "--out-features",
          "2048",
          "--input-scale",
          "0.1",
          "--local-size",
          "64",
          "--row-tile",
          "4",
          "--reps",
          "10",
          "--warmup",
          "3",
          "--samples",
          "5",
          "--timing-mode",
          "independent_throughput",
          "--independent-lanes",
          "4",
          "--device-index",
          "0"
        ],
        "kind": "run_harness",
        "local_size": 64,
        "raw_json_retained": false,
        "returncode": 0,
        "row_tile": 4,
        "rows": 4,
        "shape": "768x2048",
        "variant": "rowtile4"
      },
      {
        "command": [
          "/home/kaden/ClaudeCode/autorocm/redline-pub/examples/hipengine-6409/results/gfx1201/2026-07-13-radiowave-redline/build/vulkan/dense-q8/vulkan_q8_0_dense",
          "--quantize-spirv",
          "/home/kaden/ClaudeCode/autorocm/redline-pub/examples/hipengine-6409/results/gfx1201/2026-07-13-radiowave-redline/build/vulkan/dense-q8/q8_1_quantize.spv",
          "--dot-spirv",
          "/home/kaden/ClaudeCode/autorocm/redline-pub/examples/hipengine-6409/results/gfx1201/2026-07-13-radiowave-redline/build/vulkan/dense-q8/vulkan/ls64_rt4/q8_0_dense.spv",
          "--json",
          "/home/kaden/ClaudeCode/autorocm/redline-pub/examples/hipengine-6409/results/gfx1201/2026-07-13-radiowave-redline/build/vulkan/dense-q8/vulkan/ls64_rt4/raw_2048x2048_rows1.json",
          "--rows",
          "1",
          "--in-features",
          "2048",
          "--out-features",
          "2048",
          "--input-scale",
          "0.1",
          "--local-size",
          "64",
          "--row-tile",
          "4",
          "--reps",
          "10",
          "--warmup",
          "3",
          "--samples",
          "5",
          "--timing-mode",
          "independent_throughput",
          "--independent-lanes",
          "4",
          "--device-index",
          "0"
        ],
        "kind": "run_harness",
        "local_size": 64,
        "raw_json_retained": false,
        "returncode": 0,
        "row_tile": 4,
        "rows": 1,
        "shape": "2048x2048",
        "variant": "rowtile4"
      },
      {
        "command": [
          "/home/kaden/ClaudeCode/autorocm/redline-pub/examples/hipengine-6409/results/gfx1201/2026-07-13-radiowave-redline/build/vulkan/dense-q8/vulkan_q8_0_dense",
          "--quantize-spirv",
          "/home/kaden/ClaudeCode/autorocm/redline-pub/examples/hipengine-6409/results/gfx1201/2026-07-13-radiowave-redline/build/vulkan/dense-q8/q8_1_quantize.spv",
          "--dot-spirv",
          "/home/kaden/ClaudeCode/autorocm/redline-pub/examples/hipengine-6409/results/gfx1201/2026-07-13-radiowave-redline/build/vulkan/dense-q8/vulkan/ls64_rt4/q8_0_dense.spv",
          "--json",
          "/home/kaden/ClaudeCode/autorocm/redline-pub/examples/hipengine-6409/results/gfx1201/2026-07-13-radiowave-redline/build/vulkan/dense-q8/vulkan/ls64_rt4/raw_2048x2048_rows4.json",
          "--rows",
          "4",
          "--in-features",
          "2048",
          "--out-features",
          "2048",
          "--input-scale",
          "0.1",
          "--local-size",
          "64",
          "--row-tile",
          "4",
          "--reps",
          "10",
          "--warmup",
          "3",
          "--samples",
          "5",
          "--timing-mode",
          "independent_throughput",
          "--independent-lanes",
          "4",
          "--device-index",
          "0"
        ],
        "kind": "run_harness",
        "local_size": 64,
        "raw_json_retained": false,
        "returncode": 0,
        "row_tile": 4,
        "rows": 4,
        "shape": "2048x2048",
        "variant": "rowtile4"
      },
      {
        "command": [
          "/tmp/shaderc-2025/root/usr/bin/glslc",
          "--target-env=vulkan1.2",
          "-O",
          "-DHIPENGINE_LOCAL_SIZE_X=128",
          "-DHIPENGINE_ROW_TILE=1",
          "/tmp/hipEngine-f2c/benchmarks/micro/kernels/vulkan/q8_0_dense.comp",
          "-o",
          "/home/kaden/ClaudeCode/autorocm/redline-pub/examples/hipengine-6409/results/gfx1201/2026-07-13-radiowave-redline/build/vulkan/dense-q8/vulkan/ls128_rt1/q8_0_dense.spv"
        ],
        "kind": "compile_shader",
        "local_size": 128,
        "row_tile": 1,
        "variant": "single"
      },
      {
        "command": [
          "/home/kaden/ClaudeCode/autorocm/redline-pub/examples/hipengine-6409/results/gfx1201/2026-07-13-radiowave-redline/build/vulkan/dense-q8/vulkan_q8_0_dense",
          "--quantize-spirv",
          "/home/kaden/ClaudeCode/autorocm/redline-pub/examples/hipengine-6409/results/gfx1201/2026-07-13-radiowave-redline/build/vulkan/dense-q8/q8_1_quantize.spv",
          "--dot-spirv",
          "/home/kaden/ClaudeCode/autorocm/redline-pub/examples/hipengine-6409/results/gfx1201/2026-07-13-radiowave-redline/build/vulkan/dense-q8/vulkan/ls128_rt1/q8_0_dense.spv",
          "--json",
          "/home/kaden/ClaudeCode/autorocm/redline-pub/examples/hipengine-6409/results/gfx1201/2026-07-13-radiowave-redline/build/vulkan/dense-q8/vulkan/ls128_rt1/raw_768x2048_rows1.json",
          "--rows",
          "1",
          "--in-features",
          "768",
          "--out-features",
          "2048",
          "--input-scale",
          "0.1",
          "--local-size",
          "128",
          "--row-tile",
          "1",
          "--reps",
          "10",
          "--warmup",
          "3",
          "--samples",
          "5",
          "--timing-mode",
          "independent_throughput",
          "--independent-lanes",
          "4",
          "--device-index",
          "0"
        ],
        "kind": "run_harness",
        "local_size": 128,
        "raw_json_retained": false,
        "returncode": 0,
        "row_tile": 1,
        "rows": 1,
        "shape": "768x2048",
        "variant": "single"
      },
      {
        "command": [
          "/home/kaden/ClaudeCode/autorocm/redline-pub/examples/hipengine-6409/results/gfx1201/2026-07-13-radiowave-redline/build/vulkan/dense-q8/vulkan_q8_0_dense",
          "--quantize-spirv",
          "/home/kaden/ClaudeCode/autorocm/redline-pub/examples/hipengine-6409/results/gfx1201/2026-07-13-radiowave-redline/build/vulkan/dense-q8/q8_1_quantize.spv",
          "--dot-spirv",
          "/home/kaden/ClaudeCode/autorocm/redline-pub/examples/hipengine-6409/results/gfx1201/2026-07-13-radiowave-redline/build/vulkan/dense-q8/vulkan/ls128_rt1/q8_0_dense.spv",
          "--json",
          "/home/kaden/ClaudeCode/autorocm/redline-pub/examples/hipengine-6409/results/gfx1201/2026-07-13-radiowave-redline/build/vulkan/dense-q8/vulkan/ls128_rt1/raw_768x2048_rows4.json",
          "--rows",
          "4",
          "--in-features",
          "768",
          "--out-features",
          "2048",
          "--input-scale",
          "0.1",
          "--local-size",
          "128",
          "--row-tile",
          "1",
          "--reps",
          "10",
          "--warmup",
          "3",
          "--samples",
          "5",
          "--timing-mode",
          "independent_throughput",
          "--independent-lanes",
          "4",
          "--device-index",
          "0"
        ],
        "kind": "run_harness",
        "local_size": 128,
        "raw_json_retained": false,
        "returncode": 0,
        "row_tile": 1,
        "rows": 4,
        "shape": "768x2048",
        "variant": "single"
      },
      {
        "command": [
          "/home/kaden/ClaudeCode/autorocm/redline-pub/examples/hipengine-6409/results/gfx1201/2026-07-13-radiowave-redline/build/vulkan/dense-q8/vulkan_q8_0_dense",
          "--quantize-spirv",
          "/home/kaden/ClaudeCode/autorocm/redline-pub/examples/hipengine-6409/results/gfx1201/2026-07-13-radiowave-redline/build/vulkan/dense-q8/q8_1_quantize.spv",
          "--dot-spirv",
          "/home/kaden/ClaudeCode/autorocm/redline-pub/examples/hipengine-6409/results/gfx1201/2026-07-13-radiowave-redline/build/vulkan/dense-q8/vulkan/ls128_rt1/q8_0_dense.spv",
          "--json",
          "/home/kaden/ClaudeCode/autorocm/redline-pub/examples/hipengine-6409/results/gfx1201/2026-07-13-radiowave-redline/build/vulkan/dense-q8/vulkan/ls128_rt1/raw_2048x2048_rows1.json",
          "--rows",
          "1",
          "--in-features",
          "2048",
          "--out-features",
          "2048",
          "--input-scale",
          "0.1",
          "--local-size",
          "128",
          "--row-tile",
          "1",
          "--reps",
          "10",
          "--warmup",
          "3",
          "--samples",
          "5",
          "--timing-mode",
          "independent_throughput",
          "--independent-lanes",
          "4",
          "--device-index",
          "0"
        ],
        "kind": "run_harness",
        "local_size": 128,
        "raw_json_retained": false,
        "returncode": 0,
        "row_tile": 1,
        "rows": 1,
        "shape": "2048x2048",
        "variant": "single"
      },
      {
        "command": [
          "/home/kaden/ClaudeCode/autorocm/redline-pub/examples/hipengine-6409/results/gfx1201/2026-07-13-radiowave-redline/build/vulkan/dense-q8/vulkan_q8_0_dense",
          "--quantize-spirv",
          "/home/kaden/ClaudeCode/autorocm/redline-pub/examples/hipengine-6409/results/gfx1201/2026-07-13-radiowave-redline/build/vulkan/dense-q8/q8_1_quantize.spv",
          "--dot-spirv",
          "/home/kaden/ClaudeCode/autorocm/redline-pub/examples/hipengine-6409/results/gfx1201/2026-07-13-radiowave-redline/build/vulkan/dense-q8/vulkan/ls128_rt1/q8_0_dense.spv",
          "--json",
          "/home/kaden/ClaudeCode/autorocm/redline-pub/examples/hipengine-6409/results/gfx1201/2026-07-13-radiowave-redline/build/vulkan/dense-q8/vulkan/ls128_rt1/raw_2048x2048_rows4.json",
          "--rows",
          "4",
          "--in-features",
          "2048",
          "--out-features",
          "2048",
          "--input-scale",
          "0.1",
          "--local-size",
          "128",
          "--row-tile",
          "1",
          "--reps",
          "10",
          "--warmup",
          "3",
          "--samples",
          "5",
          "--timing-mode",
          "independent_throughput",
          "--independent-lanes",
          "4",
          "--device-index",
          "0"
        ],
        "kind": "run_harness",
        "local_size": 128,
        "raw_json_retained": false,
        "returncode": 0,
        "row_tile": 1,
        "rows": 4,
        "shape": "2048x2048",
        "variant": "single"
      },
      {
        "command": [
          "/tmp/shaderc-2025/root/usr/bin/glslc",
          "--target-env=vulkan1.2",
          "-O",
          "-DHIPENGINE_LOCAL_SIZE_X=128",
          "-DHIPENGINE_ROW_TILE=4",
          "/tmp/hipEngine-f2c/benchmarks/micro/kernels/vulkan/q8_0_dense.comp",
          "-o",
          "/home/kaden/ClaudeCode/autorocm/redline-pub/examples/hipengine-6409/results/gfx1201/2026-07-13-radiowave-redline/build/vulkan/dense-q8/vulkan/ls128_rt4/q8_0_dense.spv"
        ],
        "kind": "compile_shader",
        "local_size": 128,
        "row_tile": 4,
        "variant": "rowtile4"
      },
      {
        "command": [
          "/home/kaden/ClaudeCode/autorocm/redline-pub/examples/hipengine-6409/results/gfx1201/2026-07-13-radiowave-redline/build/vulkan/dense-q8/vulkan_q8_0_dense",
          "--quantize-spirv",
          "/home/kaden/ClaudeCode/autorocm/redline-pub/examples/hipengine-6409/results/gfx1201/2026-07-13-radiowave-redline/build/vulkan/dense-q8/q8_1_quantize.spv",
          "--dot-spirv",
          "/home/kaden/ClaudeCode/autorocm/redline-pub/examples/hipengine-6409/results/gfx1201/2026-07-13-radiowave-redline/build/vulkan/dense-q8/vulkan/ls128_rt4/q8_0_dense.spv",
          "--json",
          "/home/kaden/ClaudeCode/autorocm/redline-pub/examples/hipengine-6409/results/gfx1201/2026-07-13-radiowave-redline/build/vulkan/dense-q8/vulkan/ls128_rt4/raw_768x2048_rows1.json",
          "--rows",
          "1",
          "--in-features",
          "768",
          "--out-features",
          "2048",
          "--input-scale",
          "0.1",
          "--local-size",
          "128",
          "--row-tile",
          "4",
          "--reps",
          "10",
          "--warmup",
          "3",
          "--samples",
          "5",
          "--timing-mode",
          "independent_throughput",
          "--independent-lanes",
          "4",
          "--device-index",
          "0"
        ],
        "kind": "run_harness",
        "local_size": 128,
        "raw_json_retained": false,
        "returncode": 0,
        "row_tile": 4,
        "rows": 1,
        "shape": "768x2048",
        "variant": "rowtile4"
      },
      {
        "command": [
          "/home/kaden/ClaudeCode/autorocm/redline-pub/examples/hipengine-6409/results/gfx1201/2026-07-13-radiowave-redline/build/vulkan/dense-q8/vulkan_q8_0_dense",
          "--quantize-spirv",
          "/home/kaden/ClaudeCode/autorocm/redline-pub/examples/hipengine-6409/results/gfx1201/2026-07-13-radiowave-redline/build/vulkan/dense-q8/q8_1_quantize.spv",
          "--dot-spirv",
          "/home/kaden/ClaudeCode/autorocm/redline-pub/examples/hipengine-6409/results/gfx1201/2026-07-13-radiowave-redline/build/vulkan/dense-q8/vulkan/ls128_rt4/q8_0_dense.spv",
          "--json",
          "/home/kaden/ClaudeCode/autorocm/redline-pub/examples/hipengine-6409/results/gfx1201/2026-07-13-radiowave-redline/build/vulkan/dense-q8/vulkan/ls128_rt4/raw_768x2048_rows4.json",
          "--rows",
          "4",
          "--in-features",
          "768",
          "--out-features",
          "2048",
          "--input-scale",
          "0.1",
          "--local-size",
          "128",
          "--row-tile",
          "4",
          "--reps",
          "10",
          "--warmup",
          "3",
          "--samples",
          "5",
          "--timing-mode",
          "independent_throughput",
          "--independent-lanes",
          "4",
          "--device-index",
          "0"
        ],
        "kind": "run_harness",
        "local_size": 128,
        "raw_json_retained": false,
        "returncode": 0,
        "row_tile": 4,
        "rows": 4,
        "shape": "768x2048",
        "variant": "rowtile4"
      },
      {
        "command": [
          "/home/kaden/ClaudeCode/autorocm/redline-pub/examples/hipengine-6409/results/gfx1201/2026-07-13-radiowave-redline/build/vulkan/dense-q8/vulkan_q8_0_dense",
          "--quantize-spirv",
          "/home/kaden/ClaudeCode/autorocm/redline-pub/examples/hipengine-6409/results/gfx1201/2026-07-13-radiowave-redline/build/vulkan/dense-q8/q8_1_quantize.spv",
          "--dot-spirv",
          "/home/kaden/ClaudeCode/autorocm/redline-pub/examples/hipengine-6409/results/gfx1201/2026-07-13-radiowave-redline/build/vulkan/dense-q8/vulkan/ls128_rt4/q8_0_dense.spv",
          "--json",
          "/home/kaden/ClaudeCode/autorocm/redline-pub/examples/hipengine-6409/results/gfx1201/2026-07-13-radiowave-redline/build/vulkan/dense-q8/vulkan/ls128_rt4/raw_2048x2048_rows1.json",
          "--rows",
          "1",
          "--in-features",
          "2048",
          "--out-features",
          "2048",
          "--input-scale",
          "0.1",
          "--local-size",
          "128",
          "--row-tile",
          "4",
          "--reps",
          "10",
          "--warmup",
          "3",
          "--samples",
          "5",
          "--timing-mode",
          "independent_throughput",
          "--independent-lanes",
          "4",
          "--device-index",
          "0"
        ],
        "kind": "run_harness",
        "local_size": 128,
        "raw_json_retained": false,
        "returncode": 0,
        "row_tile": 4,
        "rows": 1,
        "shape": "2048x2048",
        "variant": "rowtile4"
      },
      {
        "command": [
          "/home/kaden/ClaudeCode/autorocm/redline-pub/examples/hipengine-6409/results/gfx1201/2026-07-13-radiowave-redline/build/vulkan/dense-q8/vulkan_q8_0_dense",
          "--quantize-spirv",
          "/home/kaden/ClaudeCode/autorocm/redline-pub/examples/hipengine-6409/results/gfx1201/2026-07-13-radiowave-redline/build/vulkan/dense-q8/q8_1_quantize.spv",
          "--dot-spirv",
          "/home/kaden/ClaudeCode/autorocm/redline-pub/examples/hipengine-6409/results/gfx1201/2026-07-13-radiowave-redline/build/vulkan/dense-q8/vulkan/ls128_rt4/q8_0_dense.spv",
          "--json",
          "/home/kaden/ClaudeCode/autorocm/redline-pub/examples/hipengine-6409/results/gfx1201/2026-07-13-radiowave-redline/build/vulkan/dense-q8/vulkan/ls128_rt4/raw_2048x2048_rows4.json",
          "--rows",
          "4",
          "--in-features",
          "2048",
          "--out-features",
          "2048",
          "--input-scale",
          "0.1",
          "--local-size",
          "128",
          "--row-tile",
          "4",
          "--reps",
          "10",
          "--warmup",
          "3",
          "--samples",
          "5",
          "--timing-mode",
          "independent_throughput",
          "--independent-lanes",
          "4",
          "--device-index",
          "0"
        ],
        "kind": "run_harness",
        "local_size": 128,
        "raw_json_retained": false,
        "returncode": 0,
        "row_tile": 4,
        "rows": 4,
        "shape": "2048x2048",
        "variant": "rowtile4"
      }
    ],
    "cwd": "/tmp/hipEngine-f2c",
    "schema": "hipengine.micro.q8_0_dense_real_slice_runner.v2"
  }
}

