[hip-two-stage] K=8192 rows=1 wg=128 splits=2 median=63.9882 us correctness=pass
[hip-two-stage] K=8192 rows=1 wg=128 splits=4 median=34.9522 us correctness=pass
[hip-two-stage] K=8192 rows=4 wg=128 splits=2 median=67.0562 us correctness=pass
[hip-two-stage] K=8192 rows=4 wg=128 splits=4 median=35.0362 us correctness=pass
[hip-two-stage] K=32768 rows=1 wg=128 splits=2 median=324.537 us correctness=pass
[hip-two-stage] K=32768 rows=1 wg=128 splits=4 median=171.569 us correctness=pass
[hip-two-stage] K=32768 rows=4 wg=128 splits=2 median=344.529 us correctness=pass
[hip-two-stage] K=32768 rows=4 wg=128 splits=4 median=173.489 us correctness=pass
[hip-two-stage] K=8192 rows=1 wg=256 splits=2 median=37.1442 us correctness=pass
[hip-two-stage] K=8192 rows=1 wg=256 splits=4 median=22.3722 us correctness=pass
[hip-two-stage] K=8192 rows=4 wg=256 splits=2 median=39.2002 us correctness=pass
[hip-two-stage] K=8192 rows=4 wg=256 splits=4 median=22.1882 us correctness=pass
[hip-two-stage] K=32768 rows=1 wg=256 splits=2 median=172.825 us correctness=pass
[hip-two-stage] K=32768 rows=1 wg=256 splits=4 median=90.8965 us correctness=pass
[hip-two-stage] K=32768 rows=4 wg=256 splits=2 median=175.169 us correctness=pass
[hip-two-stage] K=32768 rows=4 wg=256 splits=4 median=91.4964 us correctness=pass
{
  "artifact_ref": "/home/kaden/ClaudeCode/autorocm/redline-pub/examples/hipengine-6409/results/gfx1201/2026-07-12/serial_latency/hip-two-stage-reduction.json",
  "bench": "two_stage_reduction",
  "claim_gate": {
    "blocking_reasons": [
      "raw_result_identity_mismatch_or_missing",
      "device_identity_mismatch_or_missing",
      "comparison_matrix_incomplete"
    ],
    "clean_source": true,
    "correctness_pass": true,
    "device_match": false,
    "gfx_arch_match": true,
    "hip_device_fingerprint": "radeon_graphics",
    "matrix": {
      "actual_matched_rows": 0,
      "actual_rows": 16,
      "backend_pair_requested": false,
      "comparison_set_complete": false,
      "exact_raw_result_set": false,
      "exact_row_set": false,
      "expected_matched_rows": 16,
      "expected_rows": 32,
      "row_metadata_pass": true
    },
    "matrix_complete": false,
    "performance_claim": false,
    "raw_evidence": {
      "hip": {
        "device_fingerprints": [
          "radeon_graphics"
        ],
        "device_names": [
          "AMD Radeon Graphics"
        ],
        "gfx_arches": [
          "gfx1201"
        ],
        "identity_pass": true,
        "raw_result_count": 2,
        "source_hashes": []
      },
      "identity_pass": false,
      "vulkan": {
        "device_fingerprints": [],
        "device_names": [],
        "gfx_arches": [],
        "identity_pass": false,
        "raw_result_count": 0,
        "source_hashes": []
      }
    },
    "raw_result_identity_pass": false,
    "same_commit": true,
    "source_hash_present": true,
    "source_scope": "single_joint_wrapper_invocation",
    "status": "blocked",
    "vulkan_device_fingerprint": ""
  },
  "classification": "diagnostic_unclassified",
  "command": [
    "python3",
    "/tmp/hipEngine-f2c/benchmarks/micro/runners/two_stage_reduction.py",
    "--backend",
    "hip",
    "--timing-mode",
    "serial_latency",
    "--independent-streams",
    "4",
    "--reps",
    "10",
    "--warmup",
    "3",
    "--samples",
    "5",
    "--environment-json",
    "/home/kaden/ClaudeCode/autorocm/redline-pub/examples/hipengine-6409/results/gfx1201/2026-07-12/environment.json",
    "--environment-ref",
    "/home/kaden/ClaudeCode/autorocm/redline-pub/examples/hipengine-6409/results/gfx1201/2026-07-12/environment.json",
    "--gfx-arch",
    "gfx1201",
    "--hardware-gpu",
    "AMD Radeon Graphics",
    "--build-dir",
    "/home/kaden/ClaudeCode/autorocm/redline-pub/examples/hipengine-6409/results/gfx1201/2026-07-12/build/hip/two-stage-reduction",
    "--k-list",
    "8192,32768",
    "--rows-list",
    "1,4",
    "--workgroups",
    "128,256",
    "--split-counts",
    "2,4",
    "--body-repeats",
    "16",
    "--out",
    "/home/kaden/ClaudeCode/autorocm/redline-pub/examples/hipengine-6409/results/gfx1201/2026-07-12/serial_latency/hip-two-stage-reduction.json",
    "--pretty"
  ],
  "commands": [
    {
      "build_command": [
        "/usr/bin/hipcc",
        "--offload-arch=gfx1201",
        "-O3",
        "-std=c++17",
        "-DHIPENGINE_FIXED_WORKGROUP_SIZE=128",
        "/tmp/hipEngine-f2c/benchmarks/micro/runners/hip_two_stage_reduction.hip",
        "-o",
        "/home/kaden/ClaudeCode/autorocm/redline-pub/examples/hipengine-6409/results/gfx1201/2026-07-12/build/hip/two-stage-reduction/hip_two_stage_reduction_wg128"
      ],
      "kind": "hip",
      "run_command": [
        "/home/kaden/ClaudeCode/autorocm/redline-pub/examples/hipengine-6409/results/gfx1201/2026-07-12/build/hip/two-stage-reduction/hip_two_stage_reduction_wg128",
        "--json",
        "/home/kaden/ClaudeCode/autorocm/redline-pub/examples/hipengine-6409/results/gfx1201/2026-07-12/build/hip/two-stage-reduction/hip-two-stage-wg128.json",
        "--k-list",
        "8192,32768",
        "--rows-list",
        "1,4",
        "--workgroups",
        "128",
        "--split-counts",
        "2,4",
        "--body-repeats",
        "16",
        "--reps",
        "10",
        "--warmup",
        "3",
        "--samples",
        "5",
        "--timing-mode",
        "serial_latency",
        "--device-index",
        "0",
        "--independent-streams",
        "4"
      ],
      "workgroup": 128
    },
    {
      "build_command": [
        "/usr/bin/hipcc",
        "--offload-arch=gfx1201",
        "-O3",
        "-std=c++17",
        "-DHIPENGINE_FIXED_WORKGROUP_SIZE=256",
        "/tmp/hipEngine-f2c/benchmarks/micro/runners/hip_two_stage_reduction.hip",
        "-o",
        "/home/kaden/ClaudeCode/autorocm/redline-pub/examples/hipengine-6409/results/gfx1201/2026-07-12/build/hip/two-stage-reduction/hip_two_stage_reduction_wg256"
      ],
      "kind": "hip",
      "run_command": [
        "/home/kaden/ClaudeCode/autorocm/redline-pub/examples/hipengine-6409/results/gfx1201/2026-07-12/build/hip/two-stage-reduction/hip_two_stage_reduction_wg256",
        "--json",
        "/home/kaden/ClaudeCode/autorocm/redline-pub/examples/hipengine-6409/results/gfx1201/2026-07-12/build/hip/two-stage-reduction/hip-two-stage-wg256.json",
        "--k-list",
        "8192,32768",
        "--rows-list",
        "1,4",
        "--workgroups",
        "256",
        "--split-counts",
        "2,4",
        "--body-repeats",
        "16",
        "--reps",
        "10",
        "--warmup",
        "3",
        "--samples",
        "5",
        "--timing-mode",
        "serial_latency",
        "--device-index",
        "0",
        "--independent-streams",
        "4"
      ],
      "workgroup": 256
    }
  ],
  "comparisons": [],
  "config": {
    "backend": "hip",
    "body_repeats": 16,
    "independent_queues": 4,
    "independent_streams": 4,
    "k_list": [
      8192,
      32768
    ],
    "reps": 10,
    "rows_list": [
      1,
      4
    ],
    "samples": 5,
    "split_counts": [
      2,
      4
    ],
    "timing_mode": "serial_latency",
    "warmup": 3,
    "workgroups": [
      128,
      256
    ]
  },
  "correctness": {
    "all_rows_pass": true,
    "hip": {
      "all_rows_pass": true,
      "row_count": 16,
      "status": "pass"
    },
    "row_count": 16,
    "status": "pass",
    "vulkan": {
      "row_count": 0,
      "status": "not_run"
    }
  },
  "environment": {
    "captured": null,
    "ref": "/home/kaden/ClaudeCode/autorocm/redline-pub/examples/hipengine-6409/results/gfx1201/2026-07-12/environment.json"
  },
  "hardware": {
    "hip": {
      "gfx_arch": "gfx1201",
      "gpu_name": "AMD Radeon Graphics"
    },
    "vulkan": {
      "gfx_arch": "gfx1201",
      "gpu_name": "AMD Radeon Graphics"
    }
  },
  "inputs": {
    "backend": "hip",
    "body_repeats": 16,
    "independent_queues": 4,
    "independent_streams": 4,
    "k_list": [
      8192,
      32768
    ],
    "reps": 10,
    "rows_list": [
      1,
      4
    ],
    "samples": 5,
    "split_counts": [
      2,
      4
    ],
    "timing_mode": "serial_latency",
    "warmup": 3,
    "workgroups": [
      128,
      256
    ]
  },
  "interpretation": "True two-stage f32 reduction control. serial_latency orders each partial and final dispatch and reuses shared state. independent_throughput uses disjoint slices with one intra-operation partial-to-final dependency per logical operation, distributed over matched HIP stream and Vulkan queue lanes. Vulkan cross-queue GPU span uses calibrated timestamps. GPU ratios are comparable; unlike host submission classes are intentionally not compared.",
  "kind": "hipengine_micro_comparison",
  "matched_rows": [],
  "performance_claim": false,
  "raw_results": {
    "hip:wg128": {
      "backend": "hip",
      "config": {
        "body_repeats": 16,
        "hip_fixed_workgroup_size": 128,
        "independent_streams": 4,
        "k_list": [
          8192,
          32768
        ],
        "method": "two dispatches per repetition: block partials plus final reduction",
        "reps": 10,
        "rows_list": [
          1,
          4
        ],
        "samples": 5,
        "split_counts": [
          2,
          4
        ],
        "timing_mode": "serial_latency",
        "warmup": 3,
        "workgroups": [
          128
        ]
      },
      "hardware": {
        "device_name": "AMD Radeon Graphics",
        "gcn_arch_name": "gfx1201",
        "multi_processor_count": 32
      },
      "rows": [
        {
          "body_repeats": 16,
          "bytes_per_us": 1024.313813,
          "correctness": {
            "single_dispatch": {
              "oracle": "deterministic CPU two-stage reference with sequence tag",
              "status": "pass"
            },
            "synchronization": {
              "barrier_count": 0,
              "method": "ordered_stream_final_chain",
              "status": "pass"
            },
            "timed_sequence": {
              "coverage": "chained_final_state",
              "logical_iterations": 10,
              "oracle": "deterministic CPU two-stage reference with sequence tag",
              "status": "pass"
            }
          },
          "correctness_pass": true,
          "dependency_contract": {
            "inter_dispatch_ordering": "hip_stream_order",
            "output_partitioning": "chained_shared",
            "validation_status": "pass",
            "work_dependency": "chained"
          },
          "gflops": 4.096755159,
          "k": 8192,
          "max_abs": 0,
          "max_rel": 0,
          "max_us": 64.36030269,
          "median_us": 63.98820281,
          "min_us": 63.26019764,
          "p05_us": 63.39939833,
          "p95_us": 64.28590178,
          "rows": 1,
          "split_count": 2,
          "submission": {
            "completion_in_host_wall": true,
            "queue_or_stream_count": 1,
            "recording_in_timed_region": false,
            "strategy": "direct",
            "submit_in_host_wall": true
          },
          "timing": {
            "burst": {
              "dispatches_per_iteration": 2,
              "gpu_elapsed": {
                "clock": "hip_event",
                "per_iteration_us": {
                  "max": 64.36030269,
                  "median": 63.98820281,
                  "min": 63.26019764,
                  "n": 5,
                  "p05": 63.39939833,
                  "p95": 64.28590178,
                  "samples": 5,
                  "stdev": 0.3576015632
                },
                "sequence_us": {
                  "max": 643.6030269,
                  "median": 639.8820281,
                  "min": 632.6019764,
                  "n": 5,
                  "p05": 633.9939833,
                  "p95": 642.8590178,
                  "samples": 5,
                  "stdev": 3.576015632
                },
                "status": "ok"
              },
              "host_wall": {
                "clock": "steady_clock",
                "per_iteration_us": {
                  "max": 66.726,
                  "median": 65.906,
                  "min": 65.1901,
                  "n": 5,
                  "p05": 65.32988,
                  "p95": 66.5794,
                  "samples": 5,
                  "stdev": 0.4871773082
                },
                "sequence_us": {
                  "max": 667.26,
                  "median": 659.06,
                  "min": 651.901,
                  "n": 5,
                  "p05": 653.2988,
                  "p95": 665.794,
                  "samples": 5,
                  "stdev": 4.871773082
                },
                "status": "ok"
              },
              "logical_iterations": 10
            },
            "single": {
              "dispatches_per_iteration": 2,
              "gpu_elapsed": {
                "clock": "hip_event",
                "per_iteration_us": {
                  "max": 81.56000078,
                  "median": 70.4799965,
                  "min": 70.20100206,
                  "n": 5,
                  "p05": 70.24880201,
                  "p95": 81.15200102,
                  "samples": 5,
                  "stdev": 5.022978164
                },
                "sequence_us": {
                  "max": 81.56000078,
                  "median": 70.4799965,
                  "min": 70.20100206,
                  "n": 5,
                  "p05": 70.24880201,
                  "p95": 81.15200102,
                  "samples": 5,
                  "stdev": 5.022978164
                },
                "status": "ok"
              },
              "host_wall": {
                "clock": "steady_clock",
                "per_iteration_us": {
                  "max": 119.482,
                  "median": 95.531,
                  "min": 94.861,
                  "n": 5,
                  "p05": 94.9072,
                  "p95": 117.334,
                  "samples": 5,
                  "stdev": 9.887960166
                },
                "sequence_us": {
                  "max": 119.482,
                  "median": 95.531,
                  "min": 94.861,
                  "n": 5,
                  "p05": 94.9072,
                  "p95": 117.334,
                  "samples": 5,
                  "stdev": 9.887960166
                },
                "status": "ok"
              },
              "logical_iterations": 1
            }
          },
          "timing_mode": "serial_latency",
          "workgroup_size": 128
        },
        {
          "body_repeats": 16,
          "bytes_per_us": 1875.475679,
          "correctness": {
            "single_dispatch": {
              "oracle": "deterministic CPU two-stage reference with sequence tag",
              "status": "pass"
            },
            "synchronization": {
              "barrier_count": 0,
              "method": "ordered_stream_final_chain",
              "status": "pass"
            },
            "timed_sequence": {
              "coverage": "chained_final_state",
              "logical_iterations": 10,
              "oracle": "deterministic CPU two-stage reference with sequence tag",
              "status": "pass"
            }
          },
          "correctness_pass": true,
          "dependency_contract": {
            "inter_dispatch_ordering": "hip_stream_order",
            "output_partitioning": "chained_shared",
            "validation_status": "pass",
            "work_dependency": "chained"
          },
          "gflops": 7.500071642,
          "k": 8192,
          "max_abs": 0,
          "max_rel": 0,
          "max_us": 35.50409973,
          "median_us": 34.95219946,
          "min_us": 34.89609957,
          "p05_us": 34.90329981,
          "p95_us": 35.39849997,
          "rows": 1,
          "split_count": 4,
          "submission": {
            "completion_in_host_wall": true,
            "queue_or_stream_count": 1,
            "recording_in_timed_region": false,
            "strategy": "direct",
            "submit_in_host_wall": true
          },
          "timing": {
            "burst": {
              "dispatches_per_iteration": 2,
              "gpu_elapsed": {
                "clock": "hip_event",
                "per_iteration_us": {
                  "max": 35.50409973,
                  "median": 34.95219946,
                  "min": 34.89609957,
                  "n": 5,
                  "p05": 34.90329981,
                  "p95": 35.39849997,
                  "samples": 5,
                  "stdev": 0.2275063421
                },
                "sequence_us": {
                  "max": 355.0409973,
                  "median": 349.5219946,
                  "min": 348.9609957,
                  "n": 5,
                  "p05": 349.0329981,
                  "p95": 353.9849997,
                  "samples": 5,
                  "stdev": 2.275063421
                },
                "status": "ok"
              },
              "host_wall": {
                "clock": "steady_clock",
                "per_iteration_us": {
                  "max": 37.9136,
                  "median": 37.1855,
                  "min": 36.8555,
                  "n": 5,
                  "p05": 36.8829,
                  "p95": 37.787,
                  "samples": 5,
                  "stdev": 0.365321396
                },
                "sequence_us": {
                  "max": 379.136,
                  "median": 371.855,
                  "min": 368.555,
                  "n": 5,
                  "p05": 368.829,
                  "p95": 377.87,
                  "samples": 5,
                  "stdev": 3.65321396
                },
                "status": "ok"
              },
              "logical_iterations": 10
            },
            "single": {
              "dispatches_per_iteration": 2,
              "gpu_elapsed": {
                "clock": "hip_event",
                "per_iteration_us": {
                  "max": 47.63999954,
                  "median": 42.52000153,
                  "min": 40.75999931,
                  "n": 5,
                  "p05": 40.78399912,
                  "p95": 47.61599973,
                  "samples": 5,
                  "stdev": 3.097416023
                },
                "sequence_us": {
                  "max": 47.63999954,
                  "median": 42.52000153,
                  "min": 40.75999931,
                  "n": 5,
                  "p05": 40.78399912,
                  "p95": 47.61599973,
                  "samples": 5,
                  "stdev": 3.097416023
                },
                "status": "ok"
              },
              "host_wall": {
                "clock": "steady_clock",
                "per_iteration_us": {
                  "max": 78.571,
                  "median": 69.761,
                  "min": 64.561,
                  "n": 5,
                  "p05": 64.611,
                  "p95": 78.249,
                  "samples": 5,
                  "stdev": 5.901367299
                },
                "sequence_us": {
                  "max": 78.571,
                  "median": 69.761,
                  "min": 64.561,
                  "n": 5,
                  "p05": 64.611,
                  "p95": 78.249,
                  "samples": 5,
                  "stdev": 5.901367299
                },
                "status": "ok"
              },
              "logical_iterations": 1
            }
          },
          "timing_mode": "serial_latency",
          "workgroup_size": 128
        },
        {
          "body_repeats": 16,
          "bytes_per_us": 2443.800766,
          "correctness": {
            "single_dispatch": {
              "oracle": "deterministic CPU two-stage reference with sequence tag",
              "status": "pass"
            },
            "synchronization": {
              "barrier_count": 0,
              "method": "ordered_stream_final_chain",
              "status": "pass"
            },
            "timed_sequence": {
              "coverage": "chained_final_state",
              "logical_iterations": 10,
              "oracle": "deterministic CPU two-stage reference with sequence tag",
              "status": "pass"
            }
          },
          "correctness_pass": true,
          "dependency_contract": {
            "inter_dispatch_ordering": "hip_stream_order",
            "output_partitioning": "chained_shared",
            "validation_status": "pass",
            "work_dependency": "chained"
          },
          "gflops": 15.63727075,
          "k": 8192,
          "max_abs": 0,
          "max_rel": 0,
          "max_us": 67.36419797,
          "median_us": 67.05620289,
          "min_us": 67.00419784,
          "p05_us": 67.00581789,
          "p95_us": 67.30739832,
          "rows": 4,
          "split_count": 2,
          "submission": {
            "completion_in_host_wall": true,
            "queue_or_stream_count": 1,
            "recording_in_timed_region": false,
            "strategy": "direct",
            "submit_in_host_wall": true
          },
          "timing": {
            "burst": {
              "dispatches_per_iteration": 2,
              "gpu_elapsed": {
                "clock": "hip_event",
                "per_iteration_us": {
                  "max": 67.36419797,
                  "median": 67.05620289,
                  "min": 67.00419784,
                  "n": 5,
                  "p05": 67.00581789,
                  "p95": 67.30739832,
                  "samples": 5,
                  "stdev": 0.1333581821
                },
                "sequence_us": {
                  "max": 673.6419797,
                  "median": 670.5620289,
                  "min": 670.0419784,
                  "n": 5,
                  "p05": 670.0581789,
                  "p95": 673.0739832,
                  "samples": 5,
                  "stdev": 1.333581821
                },
                "status": "ok"
              },
              "host_wall": {
                "clock": "steady_clock",
                "per_iteration_us": {
                  "max": 69.8371,
                  "median": 69.4611,
                  "min": 69.0851,
                  "n": 5,
                  "p05": 69.0853,
                  "p95": 69.7991,
                  "samples": 5,
                  "stdev": 0.3002761396
                },
                "sequence_us": {
                  "max": 698.371,
                  "median": 694.611,
                  "min": 690.851,
                  "n": 5,
                  "p05": 690.853,
                  "p95": 697.991,
                  "samples": 5,
                  "stdev": 3.002761396
                },
                "status": "ok"
              },
              "logical_iterations": 10
            },
            "single": {
              "dispatches_per_iteration": 2,
              "gpu_elapsed": {
                "clock": "hip_event",
                "per_iteration_us": {
                  "max": 77.28099823,
                  "median": 73.44099879,
                  "min": 72.52000272,
                  "n": 5,
                  "p05": 72.65600264,
                  "p95": 76.52879804,
                  "samples": 5,
                  "stdev": 1.681542968
                },
                "sequence_us": {
                  "max": 77.28099823,
                  "median": 73.44099879,
                  "min": 72.52000272,
                  "n": 5,
                  "p05": 72.65600264,
                  "p95": 76.52879804,
                  "samples": 5,
                  "stdev": 1.681542968
                },
                "status": "ok"
              },
              "host_wall": {
                "clock": "steady_clock",
                "per_iteration_us": {
                  "max": 107.662,
                  "median": 97.392,
                  "min": 97.151,
                  "n": 5,
                  "p05": 97.159,
                  "p95": 105.632,
                  "samples": 5,
                  "stdev": 4.142299873
                },
                "sequence_us": {
                  "max": 107.662,
                  "median": 97.392,
                  "min": 97.151,
                  "n": 5,
                  "p05": 97.159,
                  "p95": 105.632,
                  "samples": 5,
                  "stdev": 4.142299873
                },
                "status": "ok"
              },
              "logical_iterations": 1
            }
          },
          "timing_mode": "serial_latency",
          "workgroup_size": 128
        },
        {
          "body_repeats": 16,
          "bytes_per_us": 4678.132864,
          "correctness": {
            "single_dispatch": {
              "oracle": "deterministic CPU two-stage reference with sequence tag",
              "status": "pass"
            },
            "synchronization": {
              "barrier_count": 0,
              "method": "ordered_stream_final_chain",
              "status": "pass"
            },
            "timed_sequence": {
              "coverage": "chained_final_state",
              "logical_iterations": 10,
              "oracle": "deterministic CPU two-stage reference with sequence tag",
              "status": "pass"
            }
          },
          "correctness_pass": true,
          "dependency_contract": {
            "inter_dispatch_ordering": "hip_stream_order",
            "output_partitioning": "chained_shared",
            "validation_status": "pass",
            "work_dependency": "chained"
          },
          "gflops": 29.92835957,
          "k": 8192,
          "max_abs": 0,
          "max_rel": 0,
          "max_us": 35.85219979,
          "median_us": 35.03620028,
          "min_us": 34.99610126,
          "p05_us": 35.00330091,
          "p95_us": 35.81539989,
          "rows": 4,
          "split_count": 4,
          "submission": {
            "completion_in_host_wall": true,
            "queue_or_stream_count": 1,
            "recording_in_timed_region": false,
            "strategy": "direct",
            "submit_in_host_wall": true
          },
          "timing": {
            "burst": {
              "dispatches_per_iteration": 2,
              "gpu_elapsed": {
                "clock": "hip_event",
                "per_iteration_us": {
                  "max": 35.85219979,
                  "median": 35.03620028,
                  "min": 34.99610126,
                  "n": 5,
                  "p05": 35.00330091,
                  "p95": 35.81539989,
                  "samples": 5,
                  "stdev": 0.3668169062
                },
                "sequence_us": {
                  "max": 358.5219979,
                  "median": 350.3620028,
                  "min": 349.9610126,
                  "n": 5,
                  "p05": 350.0330091,
                  "p95": 358.1539989,
                  "samples": 5,
                  "stdev": 3.668169062
                },
                "status": "ok"
              },
              "host_wall": {
                "clock": "steady_clock",
                "per_iteration_us": {
                  "max": 38.1926,
                  "median": 37.7596,
                  "min": 37.1576,
                  "n": 5,
                  "p05": 37.1828,
                  "p95": 38.112,
                  "samples": 5,
                  "stdev": 0.3746262137
                },
                "sequence_us": {
                  "max": 381.926,
                  "median": 377.596,
                  "min": 371.576,
                  "n": 5,
                  "p05": 371.828,
                  "p95": 381.12,
                  "samples": 5,
                  "stdev": 3.746262137
                },
                "status": "ok"
              },
              "logical_iterations": 10
            },
            "single": {
              "dispatches_per_iteration": 2,
              "gpu_elapsed": {
                "clock": "hip_event",
                "per_iteration_us": {
                  "max": 47.68000171,
                  "median": 47.52000049,
                  "min": 42.36000031,
                  "n": 5,
                  "p05": 43.32800061,
                  "p95": 47.65600115,
                  "samples": 5,
                  "stdev": 2.058131331
                },
                "sequence_us": {
                  "max": 47.68000171,
                  "median": 47.52000049,
                  "min": 42.36000031,
                  "n": 5,
                  "p05": 43.32800061,
                  "p95": 47.65600115,
                  "samples": 5,
                  "stdev": 2.058131331
                },
                "status": "ok"
              },
              "host_wall": {
                "clock": "steady_clock",
                "per_iteration_us": {
                  "max": 78.341,
                  "median": 76.141,
                  "min": 70.071,
                  "n": 5,
                  "p05": 71.199,
                  "p95": 78.0092,
                  "samples": 5,
                  "stdev": 2.804869509
                },
                "sequence_us": {
                  "max": 78.341,
                  "median": 76.141,
                  "min": 70.071,
                  "n": 5,
                  "p05": 71.199,
                  "p95": 78.0092,
                  "samples": 5,
                  "stdev": 2.804869509
                },
                "status": "ok"
              },
              "logical_iterations": 1
            }
          },
          "timing_mode": "serial_latency",
          "workgroup_size": 128
        },
        {
          "body_repeats": 16,
          "bytes_per_us": 807.7710792,
          "correctness": {
            "single_dispatch": {
              "oracle": "deterministic CPU two-stage reference with sequence tag",
              "status": "pass"
            },
            "synchronization": {
              "barrier_count": 0,
              "method": "ordered_stream_final_chain",
              "status": "pass"
            },
            "timed_sequence": {
              "coverage": "chained_final_state",
              "logical_iterations": 10,
              "oracle": "deterministic CPU two-stage reference with sequence tag",
              "status": "pass"
            }
          },
          "correctness_pass": true,
          "dependency_contract": {
            "inter_dispatch_ordering": "hip_stream_order",
            "output_partitioning": "chained_shared",
            "validation_status": "pass",
            "work_dependency": "chained"
          },
          "gflops": 3.230985715,
          "k": 32768,
          "max_abs": 0,
          "max_rel": 0,
          "max_us": 338.6775017,
          "median_us": 324.5374918,
          "min_us": 284.1293097,
          "p05_us": 286.7181063,
          "p95_us": 338.1774998,
          "rows": 1,
          "split_count": 2,
          "submission": {
            "completion_in_host_wall": true,
            "queue_or_stream_count": 1,
            "recording_in_timed_region": false,
            "strategy": "direct",
            "submit_in_host_wall": true
          },
          "timing": {
            "burst": {
              "dispatches_per_iteration": 2,
              "gpu_elapsed": {
                "clock": "hip_event",
                "per_iteration_us": {
                  "max": 338.6775017,
                  "median": 324.5374918,
                  "min": 284.1293097,
                  "n": 5,
                  "p05": 286.7181063,
                  "p95": 338.1774998,
                  "samples": 5,
                  "stdev": 21.76317699
                },
                "sequence_us": {
                  "max": 3386.775017,
                  "median": 3245.374918,
                  "min": 2841.293097,
                  "n": 5,
                  "p05": 2867.181063,
                  "p95": 3381.774998,
                  "samples": 5,
                  "stdev": 217.6317699
                },
                "status": "ok"
              },
              "host_wall": {
                "clock": "steady_clock",
                "per_iteration_us": {
                  "max": 340.7463,
                  "median": 326.575,
                  "min": 286.5465,
                  "n": 5,
                  "p05": 289.28932,
                  "p95": 340.29288,
                  "samples": 5,
                  "stdev": 21.5080054
                },
                "sequence_us": {
                  "max": 3407.463,
                  "median": 3265.75,
                  "min": 2865.465,
                  "n": 5,
                  "p05": 2892.8932,
                  "p95": 3402.9288,
                  "samples": 5,
                  "stdev": 215.080054
                },
                "status": "ok"
              },
              "logical_iterations": 10
            },
            "single": {
              "dispatches_per_iteration": 2,
              "gpu_elapsed": {
                "clock": "hip_event",
                "per_iteration_us": {
                  "max": 347.6409912,
                  "median": 342.8420126,
                  "min": 334.8009884,
                  "n": 5,
                  "p05": 335.4969919,
                  "p95": 346.7529953,
                  "samples": 5,
                  "stdev": 4.416721479
                },
                "sequence_us": {
                  "max": 347.6409912,
                  "median": 342.8420126,
                  "min": 334.8009884,
                  "n": 5,
                  "p05": 335.4969919,
                  "p95": 346.7529953,
                  "samples": 5,
                  "stdev": 4.416721479
                },
                "status": "ok"
              },
              "host_wall": {
                "clock": "steady_clock",
                "per_iteration_us": {
                  "max": 368.616,
                  "median": 361.196,
                  "min": 360.005,
                  "n": 5,
                  "p05": 360.1452,
                  "p95": 367.7318,
                  "samples": 5,
                  "stdev": 3.176112504
                },
                "sequence_us": {
                  "max": 368.616,
                  "median": 361.196,
                  "min": 360.005,
                  "n": 5,
                  "p05": 360.1452,
                  "p95": 367.7318,
                  "samples": 5,
                  "stdev": 3.176112504
                },
                "status": "ok"
              },
              "logical_iterations": 1
            }
          },
          "timing_mode": "serial_latency",
          "workgroup_size": 128
        },
        {
          "body_repeats": 16,
          "bytes_per_us": 1528.017607,
          "correctness": {
            "single_dispatch": {
              "oracle": "deterministic CPU two-stage reference with sequence tag",
              "status": "pass"
            },
            "synchronization": {
              "barrier_count": 0,
              "method": "ordered_stream_final_chain",
              "status": "pass"
            },
            "timed_sequence": {
              "coverage": "chained_final_state",
              "logical_iterations": 10,
              "oracle": "deterministic CPU two-stage reference with sequence tag",
              "status": "pass"
            }
          },
          "correctness_pass": true,
          "dependency_contract": {
            "inter_dispatch_ordering": "hip_stream_order",
            "output_partitioning": "chained_shared",
            "validation_status": "pass",
            "work_dependency": "chained"
          },
          "gflops": 6.1116974,
          "k": 32768,
          "max_abs": 0,
          "max_rel": 0,
          "max_us": 172.4807978,
          "median_us": 171.5687037,
          "min_us": 171.2406993,
          "p05_us": 171.2718987,
          "p95_us": 172.3079991,
          "rows": 1,
          "split_count": 4,
          "submission": {
            "completion_in_host_wall": true,
            "queue_or_stream_count": 1,
            "recording_in_timed_region": false,
            "strategy": "direct",
            "submit_in_host_wall": true
          },
          "timing": {
            "burst": {
              "dispatches_per_iteration": 2,
              "gpu_elapsed": {
                "clock": "hip_event",
                "per_iteration_us": {
                  "max": 172.4807978,
                  "median": 171.5687037,
                  "min": 171.2406993,
                  "n": 5,
                  "p05": 171.2718987,
                  "p95": 172.3079991,
                  "samples": 5,
                  "stdev": 0.4310565815
                },
                "sequence_us": {
                  "max": 1724.807978,
                  "median": 1715.687037,
                  "min": 1712.406993,
                  "n": 5,
                  "p05": 1712.718987,
                  "p95": 1723.079991,
                  "samples": 5,
                  "stdev": 4.310565815
                },
                "status": "ok"
              },
              "host_wall": {
                "clock": "steady_clock",
                "per_iteration_us": {
                  "max": 174.8477,
                  "median": 173.7797,
                  "min": 173.2767,
                  "n": 5,
                  "p05": 173.3463,
                  "p95": 174.6415,
                  "samples": 5,
                  "stdev": 0.5251790552
                },
                "sequence_us": {
                  "max": 1748.477,
                  "median": 1737.797,
                  "min": 1732.767,
                  "n": 5,
                  "p05": 1733.463,
                  "p95": 1746.415,
                  "samples": 5,
                  "stdev": 5.251790552
                },
                "status": "ok"
              },
              "logical_iterations": 10
            },
            "single": {
              "dispatches_per_iteration": 2,
              "gpu_elapsed": {
                "clock": "hip_event",
                "per_iteration_us": {
                  "max": 179.0409982,
                  "median": 176.8810004,
                  "min": 172.6810038,
                  "n": 5,
                  "p05": 173.4088033,
                  "p95": 178.7527978,
                  "samples": 5,
                  "stdev": 2.11796368
                },
                "sequence_us": {
                  "max": 179.0409982,
                  "median": 176.8810004,
                  "min": 172.6810038,
                  "n": 5,
                  "p05": 173.4088033,
                  "p95": 178.7527978,
                  "samples": 5,
                  "stdev": 2.11796368
                },
                "status": "ok"
              },
              "host_wall": {
                "clock": "steady_clock",
                "per_iteration_us": {
                  "max": 202.153,
                  "median": 199.193,
                  "min": 193.383,
                  "n": 5,
                  "p05": 194.297,
                  "p95": 201.749,
                  "samples": 5,
                  "stdev": 2.9310203
                },
                "sequence_us": {
                  "max": 202.153,
                  "median": 199.193,
                  "min": 193.383,
                  "n": 5,
                  "p05": 194.297,
                  "p95": 201.749,
                  "samples": 5,
                  "stdev": 2.9310203
                },
                "status": "ok"
              },
              "logical_iterations": 1
            }
          },
          "timing_mode": "serial_latency",
          "workgroup_size": 128
        },
        {
          "body_repeats": 16,
          "bytes_per_us": 1902.281833,
          "correctness": {
            "single_dispatch": {
              "oracle": "deterministic CPU two-stage reference with sequence tag",
              "status": "pass"
            },
            "synchronization": {
              "barrier_count": 0,
              "method": "ordered_stream_final_chain",
              "status": "pass"
            },
            "timed_sequence": {
              "coverage": "chained_final_state",
              "logical_iterations": 10,
              "oracle": "deterministic CPU two-stage reference with sequence tag",
              "status": "pass"
            }
          },
          "correctness_pass": true,
          "dependency_contract": {
            "inter_dispatch_ordering": "hip_stream_order",
            "output_partitioning": "chained_shared",
            "validation_status": "pass",
            "work_dependency": "chained"
          },
          "gflops": 12.17400929,
          "k": 32768,
          "max_abs": 0,
          "max_rel": 0,
          "max_us": 345.4255104,
          "median_us": 344.5293903,
          "min_us": 340.7054901,
          "p05_us": 340.7463121,
          "p95_us": 345.3279305,
          "rows": 4,
          "split_count": 2,
          "submission": {
            "completion_in_host_wall": true,
            "queue_or_stream_count": 1,
            "recording_in_timed_region": false,
            "strategy": "direct",
            "submit_in_host_wall": true
          },
          "timing": {
            "burst": {
              "dispatches_per_iteration": 2,
              "gpu_elapsed": {
                "clock": "hip_event",
                "per_iteration_us": {
                  "max": 345.4255104,
                  "median": 344.5293903,
                  "min": 340.7054901,
                  "n": 5,
                  "p05": 340.7463121,
                  "p95": 345.3279305,
                  "samples": 5,
                  "stdev": 2.057009702
                },
                "sequence_us": {
                  "max": 3454.255104,
                  "median": 3445.293903,
                  "min": 3407.054901,
                  "n": 5,
                  "p05": 3407.463121,
                  "p95": 3453.279305,
                  "samples": 5,
                  "stdev": 20.57009702
                },
                "status": "ok"
              },
              "host_wall": {
                "clock": "steady_clock",
                "per_iteration_us": {
                  "max": 347.3694,
                  "median": 346.6354,
                  "min": 342.9593,
                  "n": 5,
                  "p05": 342.9715,
                  "p95": 347.30818,
                  "samples": 5,
                  "stdev": 1.989515013
                },
                "sequence_us": {
                  "max": 3473.694,
                  "median": 3466.354,
                  "min": 3429.593,
                  "n": 5,
                  "p05": 3429.715,
                  "p95": 3473.0818,
                  "samples": 5,
                  "stdev": 19.89515013
                },
                "status": "ok"
              },
              "logical_iterations": 10
            },
            "single": {
              "dispatches_per_iteration": 2,
              "gpu_elapsed": {
                "clock": "hip_event",
                "per_iteration_us": {
                  "max": 367.2409952,
                  "median": 345.7210064,
                  "min": 336.7219865,
                  "n": 5,
                  "p05": 336.9379878,
                  "p95": 366.849196,
                  "samples": 5,
                  "stdev": 13.21110044
                },
                "sequence_us": {
                  "max": 367.2409952,
                  "median": 345.7210064,
                  "min": 336.7219865,
                  "n": 5,
                  "p05": 336.9379878,
                  "p95": 366.849196,
                  "samples": 5,
                  "stdev": 13.21110044
                },
                "status": "ok"
              },
              "host_wall": {
                "clock": "steady_clock",
                "per_iteration_us": {
                  "max": 398.057,
                  "median": 364.226,
                  "min": 358.625,
                  "n": 5,
                  "p05": 358.711,
                  "p95": 396.4808,
                  "samples": 5,
                  "stdev": 16.70732227
                },
                "sequence_us": {
                  "max": 398.057,
                  "median": 364.226,
                  "min": 358.625,
                  "n": 5,
                  "p05": 358.711,
                  "p95": 396.4808,
                  "samples": 5,
                  "stdev": 16.70732227
                },
                "status": "ok"
              },
              "logical_iterations": 1
            }
          },
          "timing_mode": "serial_latency",
          "workgroup_size": 128
        },
        {
          "body_repeats": 16,
          "bytes_per_us": 3777.901575,
          "correctness": {
            "single_dispatch": {
              "oracle": "deterministic CPU two-stage reference with sequence tag",
              "status": "pass"
            },
            "synchronization": {
              "barrier_count": 0,
              "method": "ordered_stream_final_chain",
              "status": "pass"
            },
            "timed_sequence": {
              "coverage": "chained_final_state",
              "logical_iterations": 10,
              "oracle": "deterministic CPU two-stage reference with sequence tag",
              "status": "pass"
            }
          },
          "correctness_pass": true,
          "dependency_contract": {
            "inter_dispatch_ordering": "hip_stream_order",
            "output_partitioning": "chained_shared",
            "validation_status": "pass",
            "work_dependency": "chained"
          },
          "gflops": 24.17620912,
          "k": 32768,
          "max_abs": 0,
          "max_rel": 0,
          "max_us": 174.0489006,
          "median_us": 173.488903,
          "min_us": 173.0288029,
          "p05_us": 173.0904031,
          "p95_us": 174.0328813,
          "rows": 4,
          "split_count": 4,
          "submission": {
            "completion_in_host_wall": true,
            "queue_or_stream_count": 1,
            "recording_in_timed_region": false,
            "strategy": "direct",
            "submit_in_host_wall": true
          },
          "timing": {
            "burst": {
              "dispatches_per_iteration": 2,
              "gpu_elapsed": {
                "clock": "hip_event",
                "per_iteration_us": {
                  "max": 174.0489006,
                  "median": 173.488903,
                  "min": 173.0288029,
                  "n": 5,
                  "p05": 173.0904031,
                  "p95": 174.0328813,
                  "samples": 5,
                  "stdev": 0.385264349
                },
                "sequence_us": {
                  "max": 1740.489006,
                  "median": 1734.88903,
                  "min": 1730.288029,
                  "n": 5,
                  "p05": 1730.904031,
                  "p95": 1740.328813,
                  "samples": 5,
                  "stdev": 3.85264349
                },
                "status": "ok"
              },
              "host_wall": {
                "clock": "steady_clock",
                "per_iteration_us": {
                  "max": 176.9047,
                  "median": 175.7277,
                  "min": 175.0817,
                  "n": 5,
                  "p05": 175.1463,
                  "p95": 176.80152,
                  "samples": 5,
                  "stdev": 0.6622628252
                },
                "sequence_us": {
                  "max": 1769.047,
                  "median": 1757.277,
                  "min": 1750.817,
                  "n": 5,
                  "p05": 1751.463,
                  "p95": 1768.0152,
                  "samples": 5,
                  "stdev": 6.622628252
                },
                "status": "ok"
              },
              "logical_iterations": 10
            },
            "single": {
              "dispatches_per_iteration": 2,
              "gpu_elapsed": {
                "clock": "hip_event",
                "per_iteration_us": {
                  "max": 181.2810004,
                  "median": 179.8010021,
                  "min": 177.5200069,
                  "n": 5,
                  "p05": 177.8000057,
                  "p95": 181.1850011,
                  "samples": 5,
                  "stdev": 1.347329041
                },
                "sequence_us": {
                  "max": 181.2810004,
                  "median": 179.8010021,
                  "min": 177.5200069,
                  "n": 5,
                  "p05": 177.8000057,
                  "p95": 181.1850011,
                  "samples": 5,
                  "stdev": 1.347329041
                },
                "status": "ok"
              },
              "host_wall": {
                "clock": "steady_clock",
                "per_iteration_us": {
                  "max": 206.664,
                  "median": 204.673,
                  "min": 198.343,
                  "n": 5,
                  "p05": 198.577,
                  "p95": 206.5698,
                  "samples": 5,
                  "stdev": 3.470910336
                },
                "sequence_us": {
                  "max": 206.664,
                  "median": 204.673,
                  "min": 198.343,
                  "n": 5,
                  "p05": 198.577,
                  "p95": 206.5698,
                  "samples": 5,
                  "stdev": 3.470910336
                },
                "status": "ok"
              },
              "logical_iterations": 1
            }
          },
          "timing_mode": "serial_latency",
          "workgroup_size": 128
        }
      ],
      "run_tag": "hip-two-stage-reduction",
      "status": "diagnostic"
    },
    "hip:wg256": {
      "backend": "hip",
      "config": {
        "body_repeats": 16,
        "hip_fixed_workgroup_size": 256,
        "independent_streams": 4,
        "k_list": [
          8192,
          32768
        ],
        "method": "two dispatches per repetition: block partials plus final reduction",
        "reps": 10,
        "rows_list": [
          1,
          4
        ],
        "samples": 5,
        "split_counts": [
          2,
          4
        ],
        "timing_mode": "serial_latency",
        "warmup": 3,
        "workgroups": [
          256
        ]
      },
      "hardware": {
        "device_name": "AMD Radeon Graphics",
        "gcn_arch_name": "gfx1201",
        "multi_processor_count": 32
      },
      "rows": [
        {
          "body_repeats": 16,
          "bytes_per_us": 1764.582404,
          "correctness": {
            "single_dispatch": {
              "oracle": "deterministic CPU two-stage reference with sequence tag",
              "status": "pass"
            },
            "synchronization": {
              "barrier_count": 0,
              "method": "ordered_stream_final_chain",
              "status": "pass"
            },
            "timed_sequence": {
              "coverage": "chained_final_state",
              "logical_iterations": 10,
              "oracle": "deterministic CPU two-stage reference with sequence tag",
              "status": "pass"
            }
          },
          "correctness_pass": true,
          "dependency_contract": {
            "inter_dispatch_ordering": "hip_stream_order",
            "output_partitioning": "chained_shared",
            "validation_status": "pass",
            "work_dependency": "chained"
          },
          "gflops": 7.05746811,
          "k": 8192,
          "max_abs": 0,
          "max_rel": 0,
          "max_us": 37.37620115,
          "median_us": 37.14419901,
          "min_us": 36.27220094,
          "p05_us": 36.40660048,
          "p95_us": 37.33940065,
          "rows": 1,
          "split_count": 2,
          "submission": {
            "completion_in_host_wall": true,
            "queue_or_stream_count": 1,
            "recording_in_timed_region": false,
            "strategy": "direct",
            "submit_in_host_wall": true
          },
          "timing": {
            "burst": {
              "dispatches_per_iteration": 2,
              "gpu_elapsed": {
                "clock": "hip_event",
                "per_iteration_us": {
                  "max": 37.37620115,
                  "median": 37.14419901,
                  "min": 36.27220094,
                  "n": 5,
                  "p05": 36.40660048,
                  "p95": 37.33940065,
                  "samples": 5,
                  "stdev": 0.3823762532
                },
                "sequence_us": {
                  "max": 373.7620115,
                  "median": 371.4419901,
                  "min": 362.7220094,
                  "n": 5,
                  "p05": 364.0660048,
                  "p95": 373.3940065,
                  "samples": 5,
                  "stdev": 3.823762532
                },
                "status": "ok"
              },
              "host_wall": {
                "clock": "steady_clock",
                "per_iteration_us": {
                  "max": 39.7517,
                  "median": 39.0696,
                  "min": 38.4286,
                  "n": 5,
                  "p05": 38.5118,
                  "p95": 39.66108,
                  "samples": 5,
                  "stdev": 0.4424478744
                },
                "sequence_us": {
                  "max": 397.517,
                  "median": 390.696,
                  "min": 384.286,
                  "n": 5,
                  "p05": 385.118,
                  "p95": 396.6108,
                  "samples": 5,
                  "stdev": 4.424478744
                },
                "status": "ok"
              },
              "logical_iterations": 10
            },
            "single": {
              "dispatches_per_iteration": 2,
              "gpu_elapsed": {
                "clock": "hip_event",
                "per_iteration_us": {
                  "max": 43.40000078,
                  "median": 43.32000017,
                  "min": 43.12099889,
                  "n": 5,
                  "p05": 43.16079915,
                  "p95": 43.39200035,
                  "samples": 5,
                  "stdev": 0.09628417599
                },
                "sequence_us": {
                  "max": 43.40000078,
                  "median": 43.32000017,
                  "min": 43.12099889,
                  "n": 5,
                  "p05": 43.16079915,
                  "p95": 43.39200035,
                  "samples": 5,
                  "stdev": 0.09628417599
                },
                "status": "ok"
              },
              "host_wall": {
                "clock": "steady_clock",
                "per_iteration_us": {
                  "max": 75.331,
                  "median": 67.731,
                  "min": 67.411,
                  "n": 5,
                  "p05": 67.421,
                  "p95": 73.905,
                  "samples": 5,
                  "stdev": 3.0648367
                },
                "sequence_us": {
                  "max": 75.331,
                  "median": 67.731,
                  "min": 67.411,
                  "n": 5,
                  "p05": 67.421,
                  "p95": 73.905,
                  "samples": 5,
                  "stdev": 3.0648367
                },
                "status": "ok"
              },
              "logical_iterations": 1
            }
          },
          "timing_mode": "serial_latency",
          "workgroup_size": 256
        },
        {
          "body_repeats": 16,
          "bytes_per_us": 2930.065044,
          "correctness": {
            "single_dispatch": {
              "oracle": "deterministic CPU two-stage reference with sequence tag",
              "status": "pass"
            },
            "synchronization": {
              "barrier_count": 0,
              "method": "ordered_stream_final_chain",
              "status": "pass"
            },
            "timed_sequence": {
              "coverage": "chained_final_state",
              "logical_iterations": 10,
              "oracle": "deterministic CPU two-stage reference with sequence tag",
              "status": "pass"
            }
          },
          "correctness_pass": true,
          "dependency_contract": {
            "inter_dispatch_ordering": "hip_stream_order",
            "output_partitioning": "chained_shared",
            "validation_status": "pass",
            "work_dependency": "chained"
          },
          "gflops": 11.71739948,
          "k": 8192,
          "max_abs": 0,
          "max_rel": 0,
          "max_us": 22.85220027,
          "median_us": 22.37219959,
          "min_us": 21.68010026,
          "p05_us": 21.68650031,
          "p95_us": 22.79698014,
          "rows": 1,
          "split_count": 4,
          "submission": {
            "completion_in_host_wall": true,
            "queue_or_stream_count": 1,
            "recording_in_timed_region": false,
            "strategy": "direct",
            "submit_in_host_wall": true
          },
          "timing": {
            "burst": {
              "dispatches_per_iteration": 2,
              "gpu_elapsed": {
                "clock": "hip_event",
                "per_iteration_us": {
                  "max": 22.85220027,
                  "median": 22.37219959,
                  "min": 21.68010026,
                  "n": 5,
                  "p05": 21.68650031,
                  "p95": 22.79698014,
                  "samples": 5,
                  "stdev": 0.4684834687
                },
                "sequence_us": {
                  "max": 228.5220027,
                  "median": 223.7219959,
                  "min": 216.8010026,
                  "n": 5,
                  "p05": 216.8650031,
                  "p95": 227.9698014,
                  "samples": 5,
                  "stdev": 4.684834687
                },
                "status": "ok"
              },
              "host_wall": {
                "clock": "steady_clock",
                "per_iteration_us": {
                  "max": 25.5234,
                  "median": 24.5274,
                  "min": 23.8314,
                  "n": 5,
                  "p05": 23.8912,
                  "p95": 25.4044,
                  "samples": 5,
                  "stdev": 0.5960467767
                },
                "sequence_us": {
                  "max": 255.234,
                  "median": 245.274,
                  "min": 238.314,
                  "n": 5,
                  "p05": 238.912,
                  "p95": 254.044,
                  "samples": 5,
                  "stdev": 5.960467767
                },
                "status": "ok"
              },
              "logical_iterations": 10
            },
            "single": {
              "dispatches_per_iteration": 2,
              "gpu_elapsed": {
                "clock": "hip_event",
                "per_iteration_us": {
                  "max": 33.08000043,
                  "median": 32.96000138,
                  "min": 32.68099949,
                  "n": 5,
                  "p05": 32.73679987,
                  "p95": 33.08000043,
                  "samples": 5,
                  "stdev": 0.1458337004
                },
                "sequence_us": {
                  "max": 33.08000043,
                  "median": 32.96000138,
                  "min": 32.68099949,
                  "n": 5,
                  "p05": 32.73679987,
                  "p95": 33.08000043,
                  "samples": 5,
                  "stdev": 0.1458337004
                },
                "status": "ok"
              },
              "host_wall": {
                "clock": "steady_clock",
                "per_iteration_us": {
                  "max": 63.72,
                  "median": 61.86,
                  "min": 61.24,
                  "n": 5,
                  "p05": 61.3562,
                  "p95": 63.4522,
                  "samples": 5,
                  "stdev": 0.8395123823
                },
                "sequence_us": {
                  "max": 63.72,
                  "median": 61.86,
                  "min": 61.24,
                  "n": 5,
                  "p05": 61.3562,
                  "p95": 63.4522,
                  "samples": 5,
                  "stdev": 0.8395123823
                },
                "status": "ok"
              },
              "logical_iterations": 1
            }
          },
          "timing_mode": "serial_latency",
          "workgroup_size": 256
        },
        {
          "body_repeats": 16,
          "bytes_per_us": 4180.386979,
          "correctness": {
            "single_dispatch": {
              "oracle": "deterministic CPU two-stage reference with sequence tag",
              "status": "pass"
            },
            "synchronization": {
              "barrier_count": 0,
              "method": "ordered_stream_final_chain",
              "status": "pass"
            },
            "timed_sequence": {
              "coverage": "chained_final_state",
              "logical_iterations": 10,
              "oracle": "deterministic CPU two-stage reference with sequence tag",
              "status": "pass"
            }
          },
          "correctness_pass": true,
          "dependency_contract": {
            "inter_dispatch_ordering": "hip_stream_order",
            "output_partitioning": "chained_shared",
            "validation_status": "pass",
            "work_dependency": "chained"
          },
          "gflops": 26.7492522,
          "k": 8192,
          "max_abs": 0,
          "max_rel": 0,
          "max_us": 39.69219923,
          "median_us": 39.20019865,
          "min_us": 38.74030113,
          "p05_us": 38.74188066,
          "p95_us": 39.62659955,
          "rows": 4,
          "split_count": 2,
          "submission": {
            "completion_in_host_wall": true,
            "queue_or_stream_count": 1,
            "recording_in_timed_region": false,
            "strategy": "direct",
            "submit_in_host_wall": true
          },
          "timing": {
            "burst": {
              "dispatches_per_iteration": 2,
              "gpu_elapsed": {
                "clock": "hip_event",
                "per_iteration_us": {
                  "max": 39.69219923,
                  "median": 39.20019865,
                  "min": 38.74030113,
                  "n": 5,
                  "p05": 38.74188066,
                  "p95": 39.62659955,
                  "samples": 5,
                  "stdev": 0.36651726
                },
                "sequence_us": {
                  "max": 396.9219923,
                  "median": 392.0019865,
                  "min": 387.4030113,
                  "n": 5,
                  "p05": 387.4188066,
                  "p95": 396.2659955,
                  "samples": 5,
                  "stdev": 3.6651726
                },
                "status": "ok"
              },
              "host_wall": {
                "clock": "steady_clock",
                "per_iteration_us": {
                  "max": 42.0827,
                  "median": 41.5096,
                  "min": 40.9897,
                  "n": 5,
                  "p05": 40.99488,
                  "p95": 41.98328,
                  "samples": 5,
                  "stdev": 0.4054468675
                },
                "sequence_us": {
                  "max": 420.827,
                  "median": 415.096,
                  "min": 409.897,
                  "n": 5,
                  "p05": 409.9488,
                  "p95": 419.8328,
                  "samples": 5,
                  "stdev": 4.054468675
                },
                "status": "ok"
              },
              "logical_iterations": 10
            },
            "single": {
              "dispatches_per_iteration": 2,
              "gpu_elapsed": {
                "clock": "hip_event",
                "per_iteration_us": {
                  "max": 52.31999978,
                  "median": 51.55999959,
                  "min": 43.51999983,
                  "n": 5,
                  "p05": 43.99999976,
                  "p95": 52.23999992,
                  "samples": 5,
                  "stdev": 3.622366196
                },
                "sequence_us": {
                  "max": 52.31999978,
                  "median": 51.55999959,
                  "min": 43.51999983,
                  "n": 5,
                  "p05": 43.99999976,
                  "p95": 52.23999992,
                  "samples": 5,
                  "stdev": 3.622366196
                },
                "status": "ok"
              },
              "host_wall": {
                "clock": "steady_clock",
                "per_iteration_us": {
                  "max": 83.662,
                  "median": 80.421,
                  "min": 67.801,
                  "n": 5,
                  "p05": 68.577,
                  "p95": 83.1138,
                  "samples": 5,
                  "stdev": 6.071577205
                },
                "sequence_us": {
                  "max": 83.662,
                  "median": 80.421,
                  "min": 67.801,
                  "n": 5,
                  "p05": 68.577,
                  "p95": 83.1138,
                  "samples": 5,
                  "stdev": 6.071577205
                },
                "status": "ok"
              },
              "logical_iterations": 1
            }
          },
          "timing_mode": "serial_latency",
          "workgroup_size": 256
        },
        {
          "body_repeats": 16,
          "bytes_per_us": 7386.989462,
          "correctness": {
            "single_dispatch": {
              "oracle": "deterministic CPU two-stage reference with sequence tag",
              "status": "pass"
            },
            "synchronization": {
              "barrier_count": 0,
              "method": "ordered_stream_final_chain",
              "status": "pass"
            },
            "timed_sequence": {
              "coverage": "chained_final_state",
              "logical_iterations": 10,
              "oracle": "deterministic CPU two-stage reference with sequence tag",
              "status": "pass"
            }
          },
          "correctness_pass": true,
          "dependency_contract": {
            "inter_dispatch_ordering": "hip_stream_order",
            "output_partitioning": "chained_shared",
            "validation_status": "pass",
            "work_dependency": "chained"
          },
          "gflops": 47.25827229,
          "k": 8192,
          "max_abs": 0,
          "max_rel": 0,
          "max_us": 22.62410074,
          "median_us": 22.18820006,
          "min_us": 21.72009945,
          "p05_us": 21.72489941,
          "p95_us": 22.61370063,
          "rows": 4,
          "split_count": 4,
          "submission": {
            "completion_in_host_wall": true,
            "queue_or_stream_count": 1,
            "recording_in_timed_region": false,
            "strategy": "direct",
            "submit_in_host_wall": true
          },
          "timing": {
            "burst": {
              "dispatches_per_iteration": 2,
              "gpu_elapsed": {
                "clock": "hip_event",
                "per_iteration_us": {
                  "max": 22.62410074,
                  "median": 22.18820006,
                  "min": 21.72009945,
                  "n": 5,
                  "p05": 21.72489941,
                  "p95": 22.61370063,
                  "samples": 5,
                  "stdev": 0.3878207894
                },
                "sequence_us": {
                  "max": 226.2410074,
                  "median": 221.8820006,
                  "min": 217.2009945,
                  "n": 5,
                  "p05": 217.2489941,
                  "p95": 226.1370063,
                  "samples": 5,
                  "stdev": 3.878207894
                },
                "status": "ok"
              },
              "host_wall": {
                "clock": "steady_clock",
                "per_iteration_us": {
                  "max": 25.2484,
                  "median": 24.8614,
                  "min": 23.5984,
                  "n": 5,
                  "p05": 23.6328,
                  "p95": 25.1874,
                  "samples": 5,
                  "stdev": 0.6680266462
                },
                "sequence_us": {
                  "max": 252.484,
                  "median": 248.614,
                  "min": 235.984,
                  "n": 5,
                  "p05": 236.328,
                  "p95": 251.874,
                  "samples": 5,
                  "stdev": 6.680266462
                },
                "status": "ok"
              },
              "logical_iterations": 10
            },
            "single": {
              "dispatches_per_iteration": 2,
              "gpu_elapsed": {
                "clock": "hip_event",
                "per_iteration_us": {
                  "max": 33.03999826,
                  "median": 32.80099854,
                  "min": 28.79999951,
                  "n": 5,
                  "p05": 29.56019938,
                  "p95": 32.99999833,
                  "samples": 5,
                  "stdev": 1.614227426
                },
                "sequence_us": {
                  "max": 33.03999826,
                  "median": 32.80099854,
                  "min": 28.79999951,
                  "n": 5,
                  "p05": 29.56019938,
                  "p95": 32.99999833,
                  "samples": 5,
                  "stdev": 1.614227426
                },
                "status": "ok"
              },
              "host_wall": {
                "clock": "steady_clock",
                "per_iteration_us": {
                  "max": 63.201,
                  "median": 61.431,
                  "min": 56.611,
                  "n": 5,
                  "p05": 57.561,
                  "p95": 62.971,
                  "samples": 5,
                  "stdev": 2.25852164
                },
                "sequence_us": {
                  "max": 63.201,
                  "median": 61.431,
                  "min": 56.611,
                  "n": 5,
                  "p05": 57.561,
                  "p95": 62.971,
                  "samples": 5,
                  "stdev": 2.25852164
                },
                "status": "ok"
              },
              "logical_iterations": 1
            }
          },
          "timing_mode": "serial_latency",
          "workgroup_size": 256
        },
        {
          "body_repeats": 16,
          "bytes_per_us": 1516.863856,
          "correctness": {
            "single_dispatch": {
              "oracle": "deterministic CPU two-stage reference with sequence tag",
              "status": "pass"
            },
            "synchronization": {
              "barrier_count": 0,
              "method": "ordered_stream_final_chain",
              "status": "pass"
            },
            "timed_sequence": {
              "coverage": "chained_final_state",
              "logical_iterations": 10,
              "oracle": "deterministic CPU two-stage reference with sequence tag",
              "status": "pass"
            }
          },
          "correctness_pass": true,
          "dependency_contract": {
            "inter_dispatch_ordering": "hip_stream_order",
            "output_partitioning": "chained_shared",
            "validation_status": "pass",
            "work_dependency": "chained"
          },
          "gflops": 6.067270266,
          "k": 32768,
          "max_abs": 0,
          "max_rel": 0,
          "max_us": 173.7288952,
          "median_us": 172.8250027,
          "min_us": 171.5330005,
          "p05_us": 171.7898011,
          "p95_us": 173.5800958,
          "rows": 1,
          "split_count": 2,
          "submission": {
            "completion_in_host_wall": true,
            "queue_or_stream_count": 1,
            "recording_in_timed_region": false,
            "strategy": "direct",
            "submit_in_host_wall": true
          },
          "timing": {
            "burst": {
              "dispatches_per_iteration": 2,
              "gpu_elapsed": {
                "clock": "hip_event",
                "per_iteration_us": {
                  "max": 173.7288952,
                  "median": 172.8250027,
                  "min": 171.5330005,
                  "n": 5,
                  "p05": 171.7898011,
                  "p95": 173.5800958,
                  "samples": 5,
                  "stdev": 0.7072146156
                },
                "sequence_us": {
                  "max": 1737.288952,
                  "median": 1728.250027,
                  "min": 1715.330005,
                  "n": 5,
                  "p05": 1717.898011,
                  "p95": 1735.800958,
                  "samples": 5,
                  "stdev": 7.072146156
                },
                "status": "ok"
              },
              "host_wall": {
                "clock": "steady_clock",
                "per_iteration_us": {
                  "max": 175.8437,
                  "median": 174.9017,
                  "min": 173.5847,
                  "n": 5,
                  "p05": 173.8471,
                  "p95": 175.69172,
                  "samples": 5,
                  "stdev": 0.7276270374
                },
                "sequence_us": {
                  "max": 1758.437,
                  "median": 1749.017,
                  "min": 1735.847,
                  "n": 5,
                  "p05": 1738.471,
                  "p95": 1756.9172,
                  "samples": 5,
                  "stdev": 7.276270374
                },
                "status": "ok"
              },
              "logical_iterations": 10
            },
            "single": {
              "dispatches_per_iteration": 2,
              "gpu_elapsed": {
                "clock": "hip_event",
                "per_iteration_us": {
                  "max": 182.0410043,
                  "median": 179.3210059,
                  "min": 176.6009927,
                  "n": 5,
                  "p05": 176.9449949,
                  "p95": 181.5690041,
                  "samples": 5,
                  "stdev": 1.7801427
                },
                "sequence_us": {
                  "max": 182.0410043,
                  "median": 179.3210059,
                  "min": 176.6009927,
                  "n": 5,
                  "p05": 176.9449949,
                  "p95": 181.5690041,
                  "samples": 5,
                  "stdev": 1.7801427
                },
                "status": "ok"
              },
              "host_wall": {
                "clock": "steady_clock",
                "per_iteration_us": {
                  "max": 203.743,
                  "median": 203.003,
                  "min": 200.403,
                  "n": 5,
                  "p05": 200.577,
                  "p95": 203.613,
                  "samples": 5,
                  "stdev": 1.253682575
                },
                "sequence_us": {
                  "max": 203.743,
                  "median": 203.003,
                  "min": 200.403,
                  "n": 5,
                  "p05": 200.577,
                  "p95": 203.613,
                  "samples": 5,
                  "stdev": 1.253682575
                },
                "status": "ok"
              },
              "logical_iterations": 1
            }
          },
          "timing_mode": "serial_latency",
          "workgroup_size": 256
        },
        {
          "body_repeats": 16,
          "bytes_per_us": 2884.159483,
          "correctness": {
            "single_dispatch": {
              "oracle": "deterministic CPU two-stage reference with sequence tag",
              "status": "pass"
            },
            "synchronization": {
              "barrier_count": 0,
              "method": "ordered_stream_final_chain",
              "status": "pass"
            },
            "timed_sequence": {
              "coverage": "chained_final_state",
              "logical_iterations": 10,
              "oracle": "deterministic CPU two-stage reference with sequence tag",
              "status": "pass"
            }
          },
          "correctness_pass": true,
          "dependency_contract": {
            "inter_dispatch_ordering": "hip_stream_order",
            "output_partitioning": "chained_shared",
            "validation_status": "pass",
            "work_dependency": "chained"
          },
          "gflops": 11.53593383,
          "k": 32768,
          "max_abs": 0,
          "max_rel": 0,
          "max_us": 91.20849967,
          "median_us": 90.89649916,
          "min_us": 90.5404985,
          "p05_us": 90.54449916,
          "p95_us": 91.18209958,
          "rows": 1,
          "split_count": 4,
          "submission": {
            "completion_in_host_wall": true,
            "queue_or_stream_count": 1,
            "recording_in_timed_region": false,
            "strategy": "direct",
            "submit_in_host_wall": true
          },
          "timing": {
            "burst": {
              "dispatches_per_iteration": 2,
              "gpu_elapsed": {
                "clock": "hip_event",
                "per_iteration_us": {
                  "max": 91.20849967,
                  "median": 90.89649916,
                  "min": 90.5404985,
                  "n": 5,
                  "p05": 90.54449916,
                  "p95": 91.18209958,
                  "samples": 5,
                  "stdev": 0.2688401889
                },
                "sequence_us": {
                  "max": 912.0849967,
                  "median": 908.9649916,
                  "min": 905.404985,
                  "n": 5,
                  "p05": 905.4449916,
                  "p95": 911.8209958,
                  "samples": 5,
                  "stdev": 2.688401889
                },
                "status": "ok"
              },
              "host_wall": {
                "clock": "steady_clock",
                "per_iteration_us": {
                  "max": 95.5145,
                  "median": 93.1684,
                  "min": 92.7125,
                  "n": 5,
                  "p05": 92.7697,
                  "p95": 95.04728,
                  "samples": 5,
                  "stdev": 1.014121138
                },
                "sequence_us": {
                  "max": 955.145,
                  "median": 931.684,
                  "min": 927.125,
                  "n": 5,
                  "p05": 927.697,
                  "p95": 950.4728,
                  "samples": 5,
                  "stdev": 10.14121138
                },
                "status": "ok"
              },
              "logical_iterations": 10
            },
            "single": {
              "dispatches_per_iteration": 2,
              "gpu_elapsed": {
                "clock": "hip_event",
                "per_iteration_us": {
                  "max": 105.2810028,
                  "median": 97.68000245,
                  "min": 95.08100152,
                  "n": 5,
                  "p05": 95.48100084,
                  "p95": 103.9208025,
                  "samples": 5,
                  "stdev": 3.467407898
                },
                "sequence_us": {
                  "max": 105.2810028,
                  "median": 97.68000245,
                  "min": 95.08100152,
                  "n": 5,
                  "p05": 95.48100084,
                  "p95": 103.9208025,
                  "samples": 5,
                  "stdev": 3.467407898
                },
                "status": "ok"
              },
              "host_wall": {
                "clock": "steady_clock",
                "per_iteration_us": {
                  "max": 135.902,
                  "median": 122.642,
                  "min": 119.362,
                  "n": 5,
                  "p05": 119.672,
                  "p95": 133.534,
                  "samples": 5,
                  "stdev": 5.880365975
                },
                "sequence_us": {
                  "max": 135.902,
                  "median": 122.642,
                  "min": 119.362,
                  "n": 5,
                  "p05": 119.672,
                  "p95": 133.534,
                  "samples": 5,
                  "stdev": 5.880365975
                },
                "status": "ok"
              },
              "logical_iterations": 1
            }
          },
          "timing_mode": "serial_latency",
          "workgroup_size": 256
        },
        {
          "body_repeats": 16,
          "bytes_per_us": 3741.486166,
          "correctness": {
            "single_dispatch": {
              "oracle": "deterministic CPU two-stage reference with sequence tag",
              "status": "pass"
            },
            "synchronization": {
              "barrier_count": 0,
              "method": "ordered_stream_final_chain",
              "status": "pass"
            },
            "timed_sequence": {
              "coverage": "chained_final_state",
              "logical_iterations": 10,
              "oracle": "deterministic CPU two-stage reference with sequence tag",
              "status": "pass"
            }
          },
          "correctness_pass": true,
          "dependency_contract": {
            "inter_dispatch_ordering": "hip_stream_order",
            "output_partitioning": "chained_shared",
            "validation_status": "pass",
            "work_dependency": "chained"
          },
          "gflops": 23.9443423,
          "k": 32768,
          "max_abs": 0,
          "max_rel": 0,
          "max_us": 175.2647996,
          "median_us": 175.1688957,
          "min_us": 174.7568965,
          "p05_us": 174.8072767,
          "p95_us": 175.2616191,
          "rows": 4,
          "split_count": 2,
          "submission": {
            "completion_in_host_wall": true,
            "queue_or_stream_count": 1,
            "recording_in_timed_region": false,
            "strategy": "direct",
            "submit_in_host_wall": true
          },
          "timing": {
            "burst": {
              "dispatches_per_iteration": 2,
              "gpu_elapsed": {
                "clock": "hip_event",
                "per_iteration_us": {
                  "max": 175.2647996,
                  "median": 175.1688957,
                  "min": 174.7568965,
                  "n": 5,
                  "p05": 174.8072767,
                  "p95": 175.2616191,
                  "samples": 5,
                  "stdev": 0.1895145871
                },
                "sequence_us": {
                  "max": 1752.647996,
                  "median": 1751.688957,
                  "min": 1747.568965,
                  "n": 5,
                  "p05": 1748.072767,
                  "p95": 1752.616191,
                  "samples": 5,
                  "stdev": 1.895145871
                },
                "status": "ok"
              },
              "host_wall": {
                "clock": "steady_clock",
                "per_iteration_us": {
                  "max": 177.7428,
                  "median": 177.3967,
                  "min": 177.1607,
                  "n": 5,
                  "p05": 177.18132,
                  "p95": 177.7058,
                  "samples": 5,
                  "stdev": 0.207495278
                },
                "sequence_us": {
                  "max": 1777.428,
                  "median": 1773.967,
                  "min": 1771.607,
                  "n": 5,
                  "p05": 1771.8132,
                  "p95": 1777.058,
                  "samples": 5,
                  "stdev": 2.07495278
                },
                "status": "ok"
              },
              "logical_iterations": 10
            },
            "single": {
              "dispatches_per_iteration": 2,
              "gpu_elapsed": {
                "clock": "hip_event",
                "per_iteration_us": {
                  "max": 182.0400059,
                  "median": 180.2400053,
                  "min": 175.5599976,
                  "n": 5,
                  "p05": 176.0239989,
                  "p95": 181.7920059,
                  "samples": 5,
                  "stdev": 2.308470764
                },
                "sequence_us": {
                  "max": 182.0400059,
                  "median": 180.2400053,
                  "min": 175.5599976,
                  "n": 5,
                  "p05": 176.0239989,
                  "p95": 181.7920059,
                  "samples": 5,
                  "stdev": 2.308470764
                },
                "status": "ok"
              },
              "host_wall": {
                "clock": "steady_clock",
                "per_iteration_us": {
                  "max": 206.823,
                  "median": 201.043,
                  "min": 197.133,
                  "n": 5,
                  "p05": 197.477,
                  "p95": 206.029,
                  "samples": 5,
                  "stdev": 3.356327755
                },
                "sequence_us": {
                  "max": 206.823,
                  "median": 201.043,
                  "min": 197.133,
                  "n": 5,
                  "p05": 197.477,
                  "p95": 206.029,
                  "samples": 5,
                  "stdev": 3.356327755
                },
                "status": "ok"
              },
              "logical_iterations": 1
            }
          },
          "timing_mode": "serial_latency",
          "workgroup_size": 256
        },
        {
          "body_repeats": 16,
          "bytes_per_us": 7163.385505,
          "correctness": {
            "single_dispatch": {
              "oracle": "deterministic CPU two-stage reference with sequence tag",
              "status": "pass"
            },
            "synchronization": {
              "barrier_count": 0,
              "method": "ordered_stream_final_chain",
              "status": "pass"
            },
            "timed_sequence": {
              "coverage": "chained_final_state",
              "logical_iterations": 10,
              "oracle": "deterministic CPU two-stage reference with sequence tag",
              "status": "pass"
            }
          },
          "correctness_pass": true,
          "dependency_contract": {
            "inter_dispatch_ordering": "hip_stream_order",
            "output_partitioning": "chained_shared",
            "validation_status": "pass",
            "work_dependency": "chained"
          },
          "gflops": 45.84119055,
          "k": 32768,
          "max_abs": 0,
          "max_rel": 0,
          "max_us": 92.22850204,
          "median_us": 91.49640203,
          "min_us": 91.31649733,
          "p05_us": 91.31887794,
          "p95_us": 92.10210204,
          "rows": 4,
          "split_count": 4,
          "submission": {
            "completion_in_host_wall": true,
            "queue_or_stream_count": 1,
            "recording_in_timed_region": false,
            "strategy": "direct",
            "submit_in_host_wall": true
          },
          "timing": {
            "burst": {
              "dispatches_per_iteration": 2,
              "gpu_elapsed": {
                "clock": "hip_event",
                "per_iteration_us": {
                  "max": 92.22850204,
                  "median": 91.49640203,
                  "min": 91.31649733,
                  "n": 5,
                  "p05": 91.31887794,
                  "p95": 92.10210204,
                  "samples": 5,
                  "stdev": 0.3345661731
                },
                "sequence_us": {
                  "max": 922.2850204,
                  "median": 914.9640203,
                  "min": 913.1649733,
                  "n": 5,
                  "p05": 913.1887794,
                  "p95": 921.0210204,
                  "samples": 5,
                  "stdev": 3.345661731
                },
                "status": "ok"
              },
              "host_wall": {
                "clock": "steady_clock",
                "per_iteration_us": {
                  "max": 94.5115,
                  "median": 93.7154,
                  "min": 93.5955,
                  "n": 5,
                  "p05": 93.60308,
                  "p95": 94.42588,
                  "samples": 5,
                  "stdev": 0.3478889053
                },
                "sequence_us": {
                  "max": 945.115,
                  "median": 937.154,
                  "min": 935.955,
                  "n": 5,
                  "p05": 936.0308,
                  "p95": 944.2588,
                  "samples": 5,
                  "stdev": 3.478889053
                },
                "status": "ok"
              },
              "logical_iterations": 10
            },
            "single": {
              "dispatches_per_iteration": 2,
              "gpu_elapsed": {
                "clock": "hip_event",
                "per_iteration_us": {
                  "max": 105.8410034,
                  "median": 98.55999798,
                  "min": 97.44100273,
                  "n": 5,
                  "p05": 97.6488024,
                  "p95": 104.3928027,
                  "samples": 5,
                  "stdev": 3.058672093
                },
                "sequence_us": {
                  "max": 105.8410034,
                  "median": 98.55999798,
                  "min": 97.44100273,
                  "n": 5,
                  "p05": 97.6488024,
                  "p95": 104.3928027,
                  "samples": 5,
                  "stdev": 3.058672093
                },
                "status": "ok"
              },
              "host_wall": {
                "clock": "steady_clock",
                "per_iteration_us": {
                  "max": 136.502,
                  "median": 122.552,
                  "min": 121.642,
                  "n": 5,
                  "p05": 121.7958,
                  "p95": 133.906,
                  "samples": 5,
                  "stdev": 5.619991972
                },
                "sequence_us": {
                  "max": 136.502,
                  "median": 122.552,
                  "min": 121.642,
                  "n": 5,
                  "p05": 121.7958,
                  "p95": 133.906,
                  "samples": 5,
                  "stdev": 5.619991972
                },
                "status": "ok"
              },
              "logical_iterations": 1
            }
          },
          "timing_mode": "serial_latency",
          "workgroup_size": 256
        }
      ],
      "run_tag": "hip-two-stage-reduction",
      "status": "diagnostic"
    }
  },
  "rows": [
    {
      "backend": "hip",
      "body_repeats": 16,
      "bytes_per_us": 1024.313813,
      "correctness": {
        "single_dispatch": {
          "oracle": "deterministic CPU two-stage reference with sequence tag",
          "status": "pass"
        },
        "synchronization": {
          "barrier_count": 0,
          "method": "ordered_stream_final_chain",
          "status": "pass"
        },
        "timed_sequence": {
          "coverage": "chained_final_state",
          "logical_iterations": 10,
          "oracle": "deterministic CPU two-stage reference with sequence tag",
          "status": "pass"
        }
      },
      "correctness_pass": true,
      "dependency_contract": {
        "inter_dispatch_ordering": "hip_stream_order",
        "output_partitioning": "chained_shared",
        "validation_status": "pass",
        "work_dependency": "chained"
      },
      "gflops": 4.096755159,
      "k": 8192,
      "max_abs": 0,
      "max_rel": 0,
      "max_us": 64.36030269,
      "median_us": 63.98820281,
      "min_us": 63.26019764,
      "p05_us": 63.39939833,
      "p95_us": 64.28590178,
      "rows": 1,
      "split_count": 2,
      "submission": {
        "completion_in_host_wall": true,
        "queue_or_stream_count": 1,
        "recording_in_timed_region": false,
        "strategy": "direct",
        "submit_in_host_wall": true
      },
      "timing": {
        "burst": {
          "dispatches_per_iteration": 2,
          "gpu_elapsed": {
            "clock": "hip_event",
            "per_iteration_us": {
              "max": 64.36030269,
              "median": 63.98820281,
              "min": 63.26019764,
              "n": 5,
              "p05": 63.39939833,
              "p95": 64.28590178,
              "samples": 5,
              "stdev": 0.3576015632
            },
            "sequence_us": {
              "max": 643.6030269,
              "median": 639.8820281,
              "min": 632.6019764,
              "n": 5,
              "p05": 633.9939833,
              "p95": 642.8590178,
              "samples": 5,
              "stdev": 3.576015632
            },
            "status": "ok"
          },
          "host_wall": {
            "clock": "steady_clock",
            "per_iteration_us": {
              "max": 66.726,
              "median": 65.906,
              "min": 65.1901,
              "n": 5,
              "p05": 65.32988,
              "p95": 66.5794,
              "samples": 5,
              "stdev": 0.4871773082
            },
            "sequence_us": {
              "max": 667.26,
              "median": 659.06,
              "min": 651.901,
              "n": 5,
              "p05": 653.2988,
              "p95": 665.794,
              "samples": 5,
              "stdev": 4.871773082
            },
            "status": "ok"
          },
          "logical_iterations": 10
        },
        "single": {
          "dispatches_per_iteration": 2,
          "gpu_elapsed": {
            "clock": "hip_event",
            "per_iteration_us": {
              "max": 81.56000078,
              "median": 70.4799965,
              "min": 70.20100206,
              "n": 5,
              "p05": 70.24880201,
              "p95": 81.15200102,
              "samples": 5,
              "stdev": 5.022978164
            },
            "sequence_us": {
              "max": 81.56000078,
              "median": 70.4799965,
              "min": 70.20100206,
              "n": 5,
              "p05": 70.24880201,
              "p95": 81.15200102,
              "samples": 5,
              "stdev": 5.022978164
            },
            "status": "ok"
          },
          "host_wall": {
            "clock": "steady_clock",
            "per_iteration_us": {
              "max": 119.482,
              "median": 95.531,
              "min": 94.861,
              "n": 5,
              "p05": 94.9072,
              "p95": 117.334,
              "samples": 5,
              "stdev": 9.887960166
            },
            "sequence_us": {
              "max": 119.482,
              "median": 95.531,
              "min": 94.861,
              "n": 5,
              "p05": 94.9072,
              "p95": 117.334,
              "samples": 5,
              "stdev": 9.887960166
            },
            "status": "ok"
          },
          "logical_iterations": 1
        }
      },
      "timing_mode": "serial_latency",
      "variant": "two_stage",
      "workgroup_size": 128,
      "workgroup_specialization": "fixed"
    },
    {
      "backend": "hip",
      "body_repeats": 16,
      "bytes_per_us": 1875.475679,
      "correctness": {
        "single_dispatch": {
          "oracle": "deterministic CPU two-stage reference with sequence tag",
          "status": "pass"
        },
        "synchronization": {
          "barrier_count": 0,
          "method": "ordered_stream_final_chain",
          "status": "pass"
        },
        "timed_sequence": {
          "coverage": "chained_final_state",
          "logical_iterations": 10,
          "oracle": "deterministic CPU two-stage reference with sequence tag",
          "status": "pass"
        }
      },
      "correctness_pass": true,
      "dependency_contract": {
        "inter_dispatch_ordering": "hip_stream_order",
        "output_partitioning": "chained_shared",
        "validation_status": "pass",
        "work_dependency": "chained"
      },
      "gflops": 7.500071642,
      "k": 8192,
      "max_abs": 0,
      "max_rel": 0,
      "max_us": 35.50409973,
      "median_us": 34.95219946,
      "min_us": 34.89609957,
      "p05_us": 34.90329981,
      "p95_us": 35.39849997,
      "rows": 1,
      "split_count": 4,
      "submission": {
        "completion_in_host_wall": true,
        "queue_or_stream_count": 1,
        "recording_in_timed_region": false,
        "strategy": "direct",
        "submit_in_host_wall": true
      },
      "timing": {
        "burst": {
          "dispatches_per_iteration": 2,
          "gpu_elapsed": {
            "clock": "hip_event",
            "per_iteration_us": {
              "max": 35.50409973,
              "median": 34.95219946,
              "min": 34.89609957,
              "n": 5,
              "p05": 34.90329981,
              "p95": 35.39849997,
              "samples": 5,
              "stdev": 0.2275063421
            },
            "sequence_us": {
              "max": 355.0409973,
              "median": 349.5219946,
              "min": 348.9609957,
              "n": 5,
              "p05": 349.0329981,
              "p95": 353.9849997,
              "samples": 5,
              "stdev": 2.275063421
            },
            "status": "ok"
          },
          "host_wall": {
            "clock": "steady_clock",
            "per_iteration_us": {
              "max": 37.9136,
              "median": 37.1855,
              "min": 36.8555,
              "n": 5,
              "p05": 36.8829,
              "p95": 37.787,
              "samples": 5,
              "stdev": 0.365321396
            },
            "sequence_us": {
              "max": 379.136,
              "median": 371.855,
              "min": 368.555,
              "n": 5,
              "p05": 368.829,
              "p95": 377.87,
              "samples": 5,
              "stdev": 3.65321396
            },
            "status": "ok"
          },
          "logical_iterations": 10
        },
        "single": {
          "dispatches_per_iteration": 2,
          "gpu_elapsed": {
            "clock": "hip_event",
            "per_iteration_us": {
              "max": 47.63999954,
              "median": 42.52000153,
              "min": 40.75999931,
              "n": 5,
              "p05": 40.78399912,
              "p95": 47.61599973,
              "samples": 5,
              "stdev": 3.097416023
            },
            "sequence_us": {
              "max": 47.63999954,
              "median": 42.52000153,
              "min": 40.75999931,
              "n": 5,
              "p05": 40.78399912,
              "p95": 47.61599973,
              "samples": 5,
              "stdev": 3.097416023
            },
            "status": "ok"
          },
          "host_wall": {
            "clock": "steady_clock",
            "per_iteration_us": {
              "max": 78.571,
              "median": 69.761,
              "min": 64.561,
              "n": 5,
              "p05": 64.611,
              "p95": 78.249,
              "samples": 5,
              "stdev": 5.901367299
            },
            "sequence_us": {
              "max": 78.571,
              "median": 69.761,
              "min": 64.561,
              "n": 5,
              "p05": 64.611,
              "p95": 78.249,
              "samples": 5,
              "stdev": 5.901367299
            },
            "status": "ok"
          },
          "logical_iterations": 1
        }
      },
      "timing_mode": "serial_latency",
      "variant": "two_stage",
      "workgroup_size": 128,
      "workgroup_specialization": "fixed"
    },
    {
      "backend": "hip",
      "body_repeats": 16,
      "bytes_per_us": 2443.800766,
      "correctness": {
        "single_dispatch": {
          "oracle": "deterministic CPU two-stage reference with sequence tag",
          "status": "pass"
        },
        "synchronization": {
          "barrier_count": 0,
          "method": "ordered_stream_final_chain",
          "status": "pass"
        },
        "timed_sequence": {
          "coverage": "chained_final_state",
          "logical_iterations": 10,
          "oracle": "deterministic CPU two-stage reference with sequence tag",
          "status": "pass"
        }
      },
      "correctness_pass": true,
      "dependency_contract": {
        "inter_dispatch_ordering": "hip_stream_order",
        "output_partitioning": "chained_shared",
        "validation_status": "pass",
        "work_dependency": "chained"
      },
      "gflops": 15.63727075,
      "k": 8192,
      "max_abs": 0,
      "max_rel": 0,
      "max_us": 67.36419797,
      "median_us": 67.05620289,
      "min_us": 67.00419784,
      "p05_us": 67.00581789,
      "p95_us": 67.30739832,
      "rows": 4,
      "split_count": 2,
      "submission": {
        "completion_in_host_wall": true,
        "queue_or_stream_count": 1,
        "recording_in_timed_region": false,
        "strategy": "direct",
        "submit_in_host_wall": true
      },
      "timing": {
        "burst": {
          "dispatches_per_iteration": 2,
          "gpu_elapsed": {
            "clock": "hip_event",
            "per_iteration_us": {
              "max": 67.36419797,
              "median": 67.05620289,
              "min": 67.00419784,
              "n": 5,
              "p05": 67.00581789,
              "p95": 67.30739832,
              "samples": 5,
              "stdev": 0.1333581821
            },
            "sequence_us": {
              "max": 673.6419797,
              "median": 670.5620289,
              "min": 670.0419784,
              "n": 5,
              "p05": 670.0581789,
              "p95": 673.0739832,
              "samples": 5,
              "stdev": 1.333581821
            },
            "status": "ok"
          },
          "host_wall": {
            "clock": "steady_clock",
            "per_iteration_us": {
              "max": 69.8371,
              "median": 69.4611,
              "min": 69.0851,
              "n": 5,
              "p05": 69.0853,
              "p95": 69.7991,
              "samples": 5,
              "stdev": 0.3002761396
            },
            "sequence_us": {
              "max": 698.371,
              "median": 694.611,
              "min": 690.851,
              "n": 5,
              "p05": 690.853,
              "p95": 697.991,
              "samples": 5,
              "stdev": 3.002761396
            },
            "status": "ok"
          },
          "logical_iterations": 10
        },
        "single": {
          "dispatches_per_iteration": 2,
          "gpu_elapsed": {
            "clock": "hip_event",
            "per_iteration_us": {
              "max": 77.28099823,
              "median": 73.44099879,
              "min": 72.52000272,
              "n": 5,
              "p05": 72.65600264,
              "p95": 76.52879804,
              "samples": 5,
              "stdev": 1.681542968
            },
            "sequence_us": {
              "max": 77.28099823,
              "median": 73.44099879,
              "min": 72.52000272,
              "n": 5,
              "p05": 72.65600264,
              "p95": 76.52879804,
              "samples": 5,
              "stdev": 1.681542968
            },
            "status": "ok"
          },
          "host_wall": {
            "clock": "steady_clock",
            "per_iteration_us": {
              "max": 107.662,
              "median": 97.392,
              "min": 97.151,
              "n": 5,
              "p05": 97.159,
              "p95": 105.632,
              "samples": 5,
              "stdev": 4.142299873
            },
            "sequence_us": {
              "max": 107.662,
              "median": 97.392,
              "min": 97.151,
              "n": 5,
              "p05": 97.159,
              "p95": 105.632,
              "samples": 5,
              "stdev": 4.142299873
            },
            "status": "ok"
          },
          "logical_iterations": 1
        }
      },
      "timing_mode": "serial_latency",
      "variant": "two_stage",
      "workgroup_size": 128,
      "workgroup_specialization": "fixed"
    },
    {
      "backend": "hip",
      "body_repeats": 16,
      "bytes_per_us": 4678.132864,
      "correctness": {
        "single_dispatch": {
          "oracle": "deterministic CPU two-stage reference with sequence tag",
          "status": "pass"
        },
        "synchronization": {
          "barrier_count": 0,
          "method": "ordered_stream_final_chain",
          "status": "pass"
        },
        "timed_sequence": {
          "coverage": "chained_final_state",
          "logical_iterations": 10,
          "oracle": "deterministic CPU two-stage reference with sequence tag",
          "status": "pass"
        }
      },
      "correctness_pass": true,
      "dependency_contract": {
        "inter_dispatch_ordering": "hip_stream_order",
        "output_partitioning": "chained_shared",
        "validation_status": "pass",
        "work_dependency": "chained"
      },
      "gflops": 29.92835957,
      "k": 8192,
      "max_abs": 0,
      "max_rel": 0,
      "max_us": 35.85219979,
      "median_us": 35.03620028,
      "min_us": 34.99610126,
      "p05_us": 35.00330091,
      "p95_us": 35.81539989,
      "rows": 4,
      "split_count": 4,
      "submission": {
        "completion_in_host_wall": true,
        "queue_or_stream_count": 1,
        "recording_in_timed_region": false,
        "strategy": "direct",
        "submit_in_host_wall": true
      },
      "timing": {
        "burst": {
          "dispatches_per_iteration": 2,
          "gpu_elapsed": {
            "clock": "hip_event",
            "per_iteration_us": {
              "max": 35.85219979,
              "median": 35.03620028,
              "min": 34.99610126,
              "n": 5,
              "p05": 35.00330091,
              "p95": 35.81539989,
              "samples": 5,
              "stdev": 0.3668169062
            },
            "sequence_us": {
              "max": 358.5219979,
              "median": 350.3620028,
              "min": 349.9610126,
              "n": 5,
              "p05": 350.0330091,
              "p95": 358.1539989,
              "samples": 5,
              "stdev": 3.668169062
            },
            "status": "ok"
          },
          "host_wall": {
            "clock": "steady_clock",
            "per_iteration_us": {
              "max": 38.1926,
              "median": 37.7596,
              "min": 37.1576,
              "n": 5,
              "p05": 37.1828,
              "p95": 38.112,
              "samples": 5,
              "stdev": 0.3746262137
            },
            "sequence_us": {
              "max": 381.926,
              "median": 377.596,
              "min": 371.576,
              "n": 5,
              "p05": 371.828,
              "p95": 381.12,
              "samples": 5,
              "stdev": 3.746262137
            },
            "status": "ok"
          },
          "logical_iterations": 10
        },
        "single": {
          "dispatches_per_iteration": 2,
          "gpu_elapsed": {
            "clock": "hip_event",
            "per_iteration_us": {
              "max": 47.68000171,
              "median": 47.52000049,
              "min": 42.36000031,
              "n": 5,
              "p05": 43.32800061,
              "p95": 47.65600115,
              "samples": 5,
              "stdev": 2.058131331
            },
            "sequence_us": {
              "max": 47.68000171,
              "median": 47.52000049,
              "min": 42.36000031,
              "n": 5,
              "p05": 43.32800061,
              "p95": 47.65600115,
              "samples": 5,
              "stdev": 2.058131331
            },
            "status": "ok"
          },
          "host_wall": {
            "clock": "steady_clock",
            "per_iteration_us": {
              "max": 78.341,
              "median": 76.141,
              "min": 70.071,
              "n": 5,
              "p05": 71.199,
              "p95": 78.0092,
              "samples": 5,
              "stdev": 2.804869509
            },
            "sequence_us": {
              "max": 78.341,
              "median": 76.141,
              "min": 70.071,
              "n": 5,
              "p05": 71.199,
              "p95": 78.0092,
              "samples": 5,
              "stdev": 2.804869509
            },
            "status": "ok"
          },
          "logical_iterations": 1
        }
      },
      "timing_mode": "serial_latency",
      "variant": "two_stage",
      "workgroup_size": 128,
      "workgroup_specialization": "fixed"
    },
    {
      "backend": "hip",
      "body_repeats": 16,
      "bytes_per_us": 807.7710792,
      "correctness": {
        "single_dispatch": {
          "oracle": "deterministic CPU two-stage reference with sequence tag",
          "status": "pass"
        },
        "synchronization": {
          "barrier_count": 0,
          "method": "ordered_stream_final_chain",
          "status": "pass"
        },
        "timed_sequence": {
          "coverage": "chained_final_state",
          "logical_iterations": 10,
          "oracle": "deterministic CPU two-stage reference with sequence tag",
          "status": "pass"
        }
      },
      "correctness_pass": true,
      "dependency_contract": {
        "inter_dispatch_ordering": "hip_stream_order",
        "output_partitioning": "chained_shared",
        "validation_status": "pass",
        "work_dependency": "chained"
      },
      "gflops": 3.230985715,
      "k": 32768,
      "max_abs": 0,
      "max_rel": 0,
      "max_us": 338.6775017,
      "median_us": 324.5374918,
      "min_us": 284.1293097,
      "p05_us": 286.7181063,
      "p95_us": 338.1774998,
      "rows": 1,
      "split_count": 2,
      "submission": {
        "completion_in_host_wall": true,
        "queue_or_stream_count": 1,
        "recording_in_timed_region": false,
        "strategy": "direct",
        "submit_in_host_wall": true
      },
      "timing": {
        "burst": {
          "dispatches_per_iteration": 2,
          "gpu_elapsed": {
            "clock": "hip_event",
            "per_iteration_us": {
              "max": 338.6775017,
              "median": 324.5374918,
              "min": 284.1293097,
              "n": 5,
              "p05": 286.7181063,
              "p95": 338.1774998,
              "samples": 5,
              "stdev": 21.76317699
            },
            "sequence_us": {
              "max": 3386.775017,
              "median": 3245.374918,
              "min": 2841.293097,
              "n": 5,
              "p05": 2867.181063,
              "p95": 3381.774998,
              "samples": 5,
              "stdev": 217.6317699
            },
            "status": "ok"
          },
          "host_wall": {
            "clock": "steady_clock",
            "per_iteration_us": {
              "max": 340.7463,
              "median": 326.575,
              "min": 286.5465,
              "n": 5,
              "p05": 289.28932,
              "p95": 340.29288,
              "samples": 5,
              "stdev": 21.5080054
            },
            "sequence_us": {
              "max": 3407.463,
              "median": 3265.75,
              "min": 2865.465,
              "n": 5,
              "p05": 2892.8932,
              "p95": 3402.9288,
              "samples": 5,
              "stdev": 215.080054
            },
            "status": "ok"
          },
          "logical_iterations": 10
        },
        "single": {
          "dispatches_per_iteration": 2,
          "gpu_elapsed": {
            "clock": "hip_event",
            "per_iteration_us": {
              "max": 347.6409912,
              "median": 342.8420126,
              "min": 334.8009884,
              "n": 5,
              "p05": 335.4969919,
              "p95": 346.7529953,
              "samples": 5,
              "stdev": 4.416721479
            },
            "sequence_us": {
              "max": 347.6409912,
              "median": 342.8420126,
              "min": 334.8009884,
              "n": 5,
              "p05": 335.4969919,
              "p95": 346.7529953,
              "samples": 5,
              "stdev": 4.416721479
            },
            "status": "ok"
          },
          "host_wall": {
            "clock": "steady_clock",
            "per_iteration_us": {
              "max": 368.616,
              "median": 361.196,
              "min": 360.005,
              "n": 5,
              "p05": 360.1452,
              "p95": 367.7318,
              "samples": 5,
              "stdev": 3.176112504
            },
            "sequence_us": {
              "max": 368.616,
              "median": 361.196,
              "min": 360.005,
              "n": 5,
              "p05": 360.1452,
              "p95": 367.7318,
              "samples": 5,
              "stdev": 3.176112504
            },
            "status": "ok"
          },
          "logical_iterations": 1
        }
      },
      "timing_mode": "serial_latency",
      "variant": "two_stage",
      "workgroup_size": 128,
      "workgroup_specialization": "fixed"
    },
    {
      "backend": "hip",
      "body_repeats": 16,
      "bytes_per_us": 1528.017607,
      "correctness": {
        "single_dispatch": {
          "oracle": "deterministic CPU two-stage reference with sequence tag",
          "status": "pass"
        },
        "synchronization": {
          "barrier_count": 0,
          "method": "ordered_stream_final_chain",
          "status": "pass"
        },
        "timed_sequence": {
          "coverage": "chained_final_state",
          "logical_iterations": 10,
          "oracle": "deterministic CPU two-stage reference with sequence tag",
          "status": "pass"
        }
      },
      "correctness_pass": true,
      "dependency_contract": {
        "inter_dispatch_ordering": "hip_stream_order",
        "output_partitioning": "chained_shared",
        "validation_status": "pass",
        "work_dependency": "chained"
      },
      "gflops": 6.1116974,
      "k": 32768,
      "max_abs": 0,
      "max_rel": 0,
      "max_us": 172.4807978,
      "median_us": 171.5687037,
      "min_us": 171.2406993,
      "p05_us": 171.2718987,
      "p95_us": 172.3079991,
      "rows": 1,
      "split_count": 4,
      "submission": {
        "completion_in_host_wall": true,
        "queue_or_stream_count": 1,
        "recording_in_timed_region": false,
        "strategy": "direct",
        "submit_in_host_wall": true
      },
      "timing": {
        "burst": {
          "dispatches_per_iteration": 2,
          "gpu_elapsed": {
            "clock": "hip_event",
            "per_iteration_us": {
              "max": 172.4807978,
              "median": 171.5687037,
              "min": 171.2406993,
              "n": 5,
              "p05": 171.2718987,
              "p95": 172.3079991,
              "samples": 5,
              "stdev": 0.4310565815
            },
            "sequence_us": {
              "max": 1724.807978,
              "median": 1715.687037,
              "min": 1712.406993,
              "n": 5,
              "p05": 1712.718987,
              "p95": 1723.079991,
              "samples": 5,
              "stdev": 4.310565815
            },
            "status": "ok"
          },
          "host_wall": {
            "clock": "steady_clock",
            "per_iteration_us": {
              "max": 174.8477,
              "median": 173.7797,
              "min": 173.2767,
              "n": 5,
              "p05": 173.3463,
              "p95": 174.6415,
              "samples": 5,
              "stdev": 0.5251790552
            },
            "sequence_us": {
              "max": 1748.477,
              "median": 1737.797,
              "min": 1732.767,
              "n": 5,
              "p05": 1733.463,
              "p95": 1746.415,
              "samples": 5,
              "stdev": 5.251790552
            },
            "status": "ok"
          },
          "logical_iterations": 10
        },
        "single": {
          "dispatches_per_iteration": 2,
          "gpu_elapsed": {
            "clock": "hip_event",
            "per_iteration_us": {
              "max": 179.0409982,
              "median": 176.8810004,
              "min": 172.6810038,
              "n": 5,
              "p05": 173.4088033,
              "p95": 178.7527978,
              "samples": 5,
              "stdev": 2.11796368
            },
            "sequence_us": {
              "max": 179.0409982,
              "median": 176.8810004,
              "min": 172.6810038,
              "n": 5,
              "p05": 173.4088033,
              "p95": 178.7527978,
              "samples": 5,
              "stdev": 2.11796368
            },
            "status": "ok"
          },
          "host_wall": {
            "clock": "steady_clock",
            "per_iteration_us": {
              "max": 202.153,
              "median": 199.193,
              "min": 193.383,
              "n": 5,
              "p05": 194.297,
              "p95": 201.749,
              "samples": 5,
              "stdev": 2.9310203
            },
            "sequence_us": {
              "max": 202.153,
              "median": 199.193,
              "min": 193.383,
              "n": 5,
              "p05": 194.297,
              "p95": 201.749,
              "samples": 5,
              "stdev": 2.9310203
            },
            "status": "ok"
          },
          "logical_iterations": 1
        }
      },
      "timing_mode": "serial_latency",
      "variant": "two_stage",
      "workgroup_size": 128,
      "workgroup_specialization": "fixed"
    },
    {
      "backend": "hip",
      "body_repeats": 16,
      "bytes_per_us": 1902.281833,
      "correctness": {
        "single_dispatch": {
          "oracle": "deterministic CPU two-stage reference with sequence tag",
          "status": "pass"
        },
        "synchronization": {
          "barrier_count": 0,
          "method": "ordered_stream_final_chain",
          "status": "pass"
        },
        "timed_sequence": {
          "coverage": "chained_final_state",
          "logical_iterations": 10,
          "oracle": "deterministic CPU two-stage reference with sequence tag",
          "status": "pass"
        }
      },
      "correctness_pass": true,
      "dependency_contract": {
        "inter_dispatch_ordering": "hip_stream_order",
        "output_partitioning": "chained_shared",
        "validation_status": "pass",
        "work_dependency": "chained"
      },
      "gflops": 12.17400929,
      "k": 32768,
      "max_abs": 0,
      "max_rel": 0,
      "max_us": 345.4255104,
      "median_us": 344.5293903,
      "min_us": 340.7054901,
      "p05_us": 340.7463121,
      "p95_us": 345.3279305,
      "rows": 4,
      "split_count": 2,
      "submission": {
        "completion_in_host_wall": true,
        "queue_or_stream_count": 1,
        "recording_in_timed_region": false,
        "strategy": "direct",
        "submit_in_host_wall": true
      },
      "timing": {
        "burst": {
          "dispatches_per_iteration": 2,
          "gpu_elapsed": {
            "clock": "hip_event",
            "per_iteration_us": {
              "max": 345.4255104,
              "median": 344.5293903,
              "min": 340.7054901,
              "n": 5,
              "p05": 340.7463121,
              "p95": 345.3279305,
              "samples": 5,
              "stdev": 2.057009702
            },
            "sequence_us": {
              "max": 3454.255104,
              "median": 3445.293903,
              "min": 3407.054901,
              "n": 5,
              "p05": 3407.463121,
              "p95": 3453.279305,
              "samples": 5,
              "stdev": 20.57009702
            },
            "status": "ok"
          },
          "host_wall": {
            "clock": "steady_clock",
            "per_iteration_us": {
              "max": 347.3694,
              "median": 346.6354,
              "min": 342.9593,
              "n": 5,
              "p05": 342.9715,
              "p95": 347.30818,
              "samples": 5,
              "stdev": 1.989515013
            },
            "sequence_us": {
              "max": 3473.694,
              "median": 3466.354,
              "min": 3429.593,
              "n": 5,
              "p05": 3429.715,
              "p95": 3473.0818,
              "samples": 5,
              "stdev": 19.89515013
            },
            "status": "ok"
          },
          "logical_iterations": 10
        },
        "single": {
          "dispatches_per_iteration": 2,
          "gpu_elapsed": {
            "clock": "hip_event",
            "per_iteration_us": {
              "max": 367.2409952,
              "median": 345.7210064,
              "min": 336.7219865,
              "n": 5,
              "p05": 336.9379878,
              "p95": 366.849196,
              "samples": 5,
              "stdev": 13.21110044
            },
            "sequence_us": {
              "max": 367.2409952,
              "median": 345.7210064,
              "min": 336.7219865,
              "n": 5,
              "p05": 336.9379878,
              "p95": 366.849196,
              "samples": 5,
              "stdev": 13.21110044
            },
            "status": "ok"
          },
          "host_wall": {
            "clock": "steady_clock",
            "per_iteration_us": {
              "max": 398.057,
              "median": 364.226,
              "min": 358.625,
              "n": 5,
              "p05": 358.711,
              "p95": 396.4808,
              "samples": 5,
              "stdev": 16.70732227
            },
            "sequence_us": {
              "max": 398.057,
              "median": 364.226,
              "min": 358.625,
              "n": 5,
              "p05": 358.711,
              "p95": 396.4808,
              "samples": 5,
              "stdev": 16.70732227
            },
            "status": "ok"
          },
          "logical_iterations": 1
        }
      },
      "timing_mode": "serial_latency",
      "variant": "two_stage",
      "workgroup_size": 128,
      "workgroup_specialization": "fixed"
    },
    {
      "backend": "hip",
      "body_repeats": 16,
      "bytes_per_us": 3777.901575,
      "correctness": {
        "single_dispatch": {
          "oracle": "deterministic CPU two-stage reference with sequence tag",
          "status": "pass"
        },
        "synchronization": {
          "barrier_count": 0,
          "method": "ordered_stream_final_chain",
          "status": "pass"
        },
        "timed_sequence": {
          "coverage": "chained_final_state",
          "logical_iterations": 10,
          "oracle": "deterministic CPU two-stage reference with sequence tag",
          "status": "pass"
        }
      },
      "correctness_pass": true,
      "dependency_contract": {
        "inter_dispatch_ordering": "hip_stream_order",
        "output_partitioning": "chained_shared",
        "validation_status": "pass",
        "work_dependency": "chained"
      },
      "gflops": 24.17620912,
      "k": 32768,
      "max_abs": 0,
      "max_rel": 0,
      "max_us": 174.0489006,
      "median_us": 173.488903,
      "min_us": 173.0288029,
      "p05_us": 173.0904031,
      "p95_us": 174.0328813,
      "rows": 4,
      "split_count": 4,
      "submission": {
        "completion_in_host_wall": true,
        "queue_or_stream_count": 1,
        "recording_in_timed_region": false,
        "strategy": "direct",
        "submit_in_host_wall": true
      },
      "timing": {
        "burst": {
          "dispatches_per_iteration": 2,
          "gpu_elapsed": {
            "clock": "hip_event",
            "per_iteration_us": {
              "max": 174.0489006,
              "median": 173.488903,
              "min": 173.0288029,
              "n": 5,
              "p05": 173.0904031,
              "p95": 174.0328813,
              "samples": 5,
              "stdev": 0.385264349
            },
            "sequence_us": {
              "max": 1740.489006,
              "median": 1734.88903,
              "min": 1730.288029,
              "n": 5,
              "p05": 1730.904031,
              "p95": 1740.328813,
              "samples": 5,
              "stdev": 3.85264349
            },
            "status": "ok"
          },
          "host_wall": {
            "clock": "steady_clock",
            "per_iteration_us": {
              "max": 176.9047,
              "median": 175.7277,
              "min": 175.0817,
              "n": 5,
              "p05": 175.1463,
              "p95": 176.80152,
              "samples": 5,
              "stdev": 0.6622628252
            },
            "sequence_us": {
              "max": 1769.047,
              "median": 1757.277,
              "min": 1750.817,
              "n": 5,
              "p05": 1751.463,
              "p95": 1768.0152,
              "samples": 5,
              "stdev": 6.622628252
            },
            "status": "ok"
          },
          "logical_iterations": 10
        },
        "single": {
          "dispatches_per_iteration": 2,
          "gpu_elapsed": {
            "clock": "hip_event",
            "per_iteration_us": {
              "max": 181.2810004,
              "median": 179.8010021,
              "min": 177.5200069,
              "n": 5,
              "p05": 177.8000057,
              "p95": 181.1850011,
              "samples": 5,
              "stdev": 1.347329041
            },
            "sequence_us": {
              "max": 181.2810004,
              "median": 179.8010021,
              "min": 177.5200069,
              "n": 5,
              "p05": 177.8000057,
              "p95": 181.1850011,
              "samples": 5,
              "stdev": 1.347329041
            },
            "status": "ok"
          },
          "host_wall": {
            "clock": "steady_clock",
            "per_iteration_us": {
              "max": 206.664,
              "median": 204.673,
              "min": 198.343,
              "n": 5,
              "p05": 198.577,
              "p95": 206.5698,
              "samples": 5,
              "stdev": 3.470910336
            },
            "sequence_us": {
              "max": 206.664,
              "median": 204.673,
              "min": 198.343,
              "n": 5,
              "p05": 198.577,
              "p95": 206.5698,
              "samples": 5,
              "stdev": 3.470910336
            },
            "status": "ok"
          },
          "logical_iterations": 1
        }
      },
      "timing_mode": "serial_latency",
      "variant": "two_stage",
      "workgroup_size": 128,
      "workgroup_specialization": "fixed"
    },
    {
      "backend": "hip",
      "body_repeats": 16,
      "bytes_per_us": 1764.582404,
      "correctness": {
        "single_dispatch": {
          "oracle": "deterministic CPU two-stage reference with sequence tag",
          "status": "pass"
        },
        "synchronization": {
          "barrier_count": 0,
          "method": "ordered_stream_final_chain",
          "status": "pass"
        },
        "timed_sequence": {
          "coverage": "chained_final_state",
          "logical_iterations": 10,
          "oracle": "deterministic CPU two-stage reference with sequence tag",
          "status": "pass"
        }
      },
      "correctness_pass": true,
      "dependency_contract": {
        "inter_dispatch_ordering": "hip_stream_order",
        "output_partitioning": "chained_shared",
        "validation_status": "pass",
        "work_dependency": "chained"
      },
      "gflops": 7.05746811,
      "k": 8192,
      "max_abs": 0,
      "max_rel": 0,
      "max_us": 37.37620115,
      "median_us": 37.14419901,
      "min_us": 36.27220094,
      "p05_us": 36.40660048,
      "p95_us": 37.33940065,
      "rows": 1,
      "split_count": 2,
      "submission": {
        "completion_in_host_wall": true,
        "queue_or_stream_count": 1,
        "recording_in_timed_region": false,
        "strategy": "direct",
        "submit_in_host_wall": true
      },
      "timing": {
        "burst": {
          "dispatches_per_iteration": 2,
          "gpu_elapsed": {
            "clock": "hip_event",
            "per_iteration_us": {
              "max": 37.37620115,
              "median": 37.14419901,
              "min": 36.27220094,
              "n": 5,
              "p05": 36.40660048,
              "p95": 37.33940065,
              "samples": 5,
              "stdev": 0.3823762532
            },
            "sequence_us": {
              "max": 373.7620115,
              "median": 371.4419901,
              "min": 362.7220094,
              "n": 5,
              "p05": 364.0660048,
              "p95": 373.3940065,
              "samples": 5,
              "stdev": 3.823762532
            },
            "status": "ok"
          },
          "host_wall": {
            "clock": "steady_clock",
            "per_iteration_us": {
              "max": 39.7517,
              "median": 39.0696,
              "min": 38.4286,
              "n": 5,
              "p05": 38.5118,
              "p95": 39.66108,
              "samples": 5,
              "stdev": 0.4424478744
            },
            "sequence_us": {
              "max": 397.517,
              "median": 390.696,
              "min": 384.286,
              "n": 5,
              "p05": 385.118,
              "p95": 396.6108,
              "samples": 5,
              "stdev": 4.424478744
            },
            "status": "ok"
          },
          "logical_iterations": 10
        },
        "single": {
          "dispatches_per_iteration": 2,
          "gpu_elapsed": {
            "clock": "hip_event",
            "per_iteration_us": {
              "max": 43.40000078,
              "median": 43.32000017,
              "min": 43.12099889,
              "n": 5,
              "p05": 43.16079915,
              "p95": 43.39200035,
              "samples": 5,
              "stdev": 0.09628417599
            },
            "sequence_us": {
              "max": 43.40000078,
              "median": 43.32000017,
              "min": 43.12099889,
              "n": 5,
              "p05": 43.16079915,
              "p95": 43.39200035,
              "samples": 5,
              "stdev": 0.09628417599
            },
            "status": "ok"
          },
          "host_wall": {
            "clock": "steady_clock",
            "per_iteration_us": {
              "max": 75.331,
              "median": 67.731,
              "min": 67.411,
              "n": 5,
              "p05": 67.421,
              "p95": 73.905,
              "samples": 5,
              "stdev": 3.0648367
            },
            "sequence_us": {
              "max": 75.331,
              "median": 67.731,
              "min": 67.411,
              "n": 5,
              "p05": 67.421,
              "p95": 73.905,
              "samples": 5,
              "stdev": 3.0648367
            },
            "status": "ok"
          },
          "logical_iterations": 1
        }
      },
      "timing_mode": "serial_latency",
      "variant": "two_stage",
      "workgroup_size": 256,
      "workgroup_specialization": "fixed"
    },
    {
      "backend": "hip",
      "body_repeats": 16,
      "bytes_per_us": 2930.065044,
      "correctness": {
        "single_dispatch": {
          "oracle": "deterministic CPU two-stage reference with sequence tag",
          "status": "pass"
        },
        "synchronization": {
          "barrier_count": 0,
          "method": "ordered_stream_final_chain",
          "status": "pass"
        },
        "timed_sequence": {
          "coverage": "chained_final_state",
          "logical_iterations": 10,
          "oracle": "deterministic CPU two-stage reference with sequence tag",
          "status": "pass"
        }
      },
      "correctness_pass": true,
      "dependency_contract": {
        "inter_dispatch_ordering": "hip_stream_order",
        "output_partitioning": "chained_shared",
        "validation_status": "pass",
        "work_dependency": "chained"
      },
      "gflops": 11.71739948,
      "k": 8192,
      "max_abs": 0,
      "max_rel": 0,
      "max_us": 22.85220027,
      "median_us": 22.37219959,
      "min_us": 21.68010026,
      "p05_us": 21.68650031,
      "p95_us": 22.79698014,
      "rows": 1,
      "split_count": 4,
      "submission": {
        "completion_in_host_wall": true,
        "queue_or_stream_count": 1,
        "recording_in_timed_region": false,
        "strategy": "direct",
        "submit_in_host_wall": true
      },
      "timing": {
        "burst": {
          "dispatches_per_iteration": 2,
          "gpu_elapsed": {
            "clock": "hip_event",
            "per_iteration_us": {
              "max": 22.85220027,
              "median": 22.37219959,
              "min": 21.68010026,
              "n": 5,
              "p05": 21.68650031,
              "p95": 22.79698014,
              "samples": 5,
              "stdev": 0.4684834687
            },
            "sequence_us": {
              "max": 228.5220027,
              "median": 223.7219959,
              "min": 216.8010026,
              "n": 5,
              "p05": 216.8650031,
              "p95": 227.9698014,
              "samples": 5,
              "stdev": 4.684834687
            },
            "status": "ok"
          },
          "host_wall": {
            "clock": "steady_clock",
            "per_iteration_us": {
              "max": 25.5234,
              "median": 24.5274,
              "min": 23.8314,
              "n": 5,
              "p05": 23.8912,
              "p95": 25.4044,
              "samples": 5,
              "stdev": 0.5960467767
            },
            "sequence_us": {
              "max": 255.234,
              "median": 245.274,
              "min": 238.314,
              "n": 5,
              "p05": 238.912,
              "p95": 254.044,
              "samples": 5,
              "stdev": 5.960467767
            },
            "status": "ok"
          },
          "logical_iterations": 10
        },
        "single": {
          "dispatches_per_iteration": 2,
          "gpu_elapsed": {
            "clock": "hip_event",
            "per_iteration_us": {
              "max": 33.08000043,
              "median": 32.96000138,
              "min": 32.68099949,
              "n": 5,
              "p05": 32.73679987,
              "p95": 33.08000043,
              "samples": 5,
              "stdev": 0.1458337004
            },
            "sequence_us": {
              "max": 33.08000043,
              "median": 32.96000138,
              "min": 32.68099949,
              "n": 5,
              "p05": 32.73679987,
              "p95": 33.08000043,
              "samples": 5,
              "stdev": 0.1458337004
            },
            "status": "ok"
          },
          "host_wall": {
            "clock": "steady_clock",
            "per_iteration_us": {
              "max": 63.72,
              "median": 61.86,
              "min": 61.24,
              "n": 5,
              "p05": 61.3562,
              "p95": 63.4522,
              "samples": 5,
              "stdev": 0.8395123823
            },
            "sequence_us": {
              "max": 63.72,
              "median": 61.86,
              "min": 61.24,
              "n": 5,
              "p05": 61.3562,
              "p95": 63.4522,
              "samples": 5,
              "stdev": 0.8395123823
            },
            "status": "ok"
          },
          "logical_iterations": 1
        }
      },
      "timing_mode": "serial_latency",
      "variant": "two_stage",
      "workgroup_size": 256,
      "workgroup_specialization": "fixed"
    },
    {
      "backend": "hip",
      "body_repeats": 16,
      "bytes_per_us": 4180.386979,
      "correctness": {
        "single_dispatch": {
          "oracle": "deterministic CPU two-stage reference with sequence tag",
          "status": "pass"
        },
        "synchronization": {
          "barrier_count": 0,
          "method": "ordered_stream_final_chain",
          "status": "pass"
        },
        "timed_sequence": {
          "coverage": "chained_final_state",
          "logical_iterations": 10,
          "oracle": "deterministic CPU two-stage reference with sequence tag",
          "status": "pass"
        }
      },
      "correctness_pass": true,
      "dependency_contract": {
        "inter_dispatch_ordering": "hip_stream_order",
        "output_partitioning": "chained_shared",
        "validation_status": "pass",
        "work_dependency": "chained"
      },
      "gflops": 26.7492522,
      "k": 8192,
      "max_abs": 0,
      "max_rel": 0,
      "max_us": 39.69219923,
      "median_us": 39.20019865,
      "min_us": 38.74030113,
      "p05_us": 38.74188066,
      "p95_us": 39.62659955,
      "rows": 4,
      "split_count": 2,
      "submission": {
        "completion_in_host_wall": true,
        "queue_or_stream_count": 1,
        "recording_in_timed_region": false,
        "strategy": "direct",
        "submit_in_host_wall": true
      },
      "timing": {
        "burst": {
          "dispatches_per_iteration": 2,
          "gpu_elapsed": {
            "clock": "hip_event",
            "per_iteration_us": {
              "max": 39.69219923,
              "median": 39.20019865,
              "min": 38.74030113,
              "n": 5,
              "p05": 38.74188066,
              "p95": 39.62659955,
              "samples": 5,
              "stdev": 0.36651726
            },
            "sequence_us": {
              "max": 396.9219923,
              "median": 392.0019865,
              "min": 387.4030113,
              "n": 5,
              "p05": 387.4188066,
              "p95": 396.2659955,
              "samples": 5,
              "stdev": 3.6651726
            },
            "status": "ok"
          },
          "host_wall": {
            "clock": "steady_clock",
            "per_iteration_us": {
              "max": 42.0827,
              "median": 41.5096,
              "min": 40.9897,
              "n": 5,
              "p05": 40.99488,
              "p95": 41.98328,
              "samples": 5,
              "stdev": 0.4054468675
            },
            "sequence_us": {
              "max": 420.827,
              "median": 415.096,
              "min": 409.897,
              "n": 5,
              "p05": 409.9488,
              "p95": 419.8328,
              "samples": 5,
              "stdev": 4.054468675
            },
            "status": "ok"
          },
          "logical_iterations": 10
        },
        "single": {
          "dispatches_per_iteration": 2,
          "gpu_elapsed": {
            "clock": "hip_event",
            "per_iteration_us": {
              "max": 52.31999978,
              "median": 51.55999959,
              "min": 43.51999983,
              "n": 5,
              "p05": 43.99999976,
              "p95": 52.23999992,
              "samples": 5,
              "stdev": 3.622366196
            },
            "sequence_us": {
              "max": 52.31999978,
              "median": 51.55999959,
              "min": 43.51999983,
              "n": 5,
              "p05": 43.99999976,
              "p95": 52.23999992,
              "samples": 5,
              "stdev": 3.622366196
            },
            "status": "ok"
          },
          "host_wall": {
            "clock": "steady_clock",
            "per_iteration_us": {
              "max": 83.662,
              "median": 80.421,
              "min": 67.801,
              "n": 5,
              "p05": 68.577,
              "p95": 83.1138,
              "samples": 5,
              "stdev": 6.071577205
            },
            "sequence_us": {
              "max": 83.662,
              "median": 80.421,
              "min": 67.801,
              "n": 5,
              "p05": 68.577,
              "p95": 83.1138,
              "samples": 5,
              "stdev": 6.071577205
            },
            "status": "ok"
          },
          "logical_iterations": 1
        }
      },
      "timing_mode": "serial_latency",
      "variant": "two_stage",
      "workgroup_size": 256,
      "workgroup_specialization": "fixed"
    },
    {
      "backend": "hip",
      "body_repeats": 16,
      "bytes_per_us": 7386.989462,
      "correctness": {
        "single_dispatch": {
          "oracle": "deterministic CPU two-stage reference with sequence tag",
          "status": "pass"
        },
        "synchronization": {
          "barrier_count": 0,
          "method": "ordered_stream_final_chain",
          "status": "pass"
        },
        "timed_sequence": {
          "coverage": "chained_final_state",
          "logical_iterations": 10,
          "oracle": "deterministic CPU two-stage reference with sequence tag",
          "status": "pass"
        }
      },
      "correctness_pass": true,
      "dependency_contract": {
        "inter_dispatch_ordering": "hip_stream_order",
        "output_partitioning": "chained_shared",
        "validation_status": "pass",
        "work_dependency": "chained"
      },
      "gflops": 47.25827229,
      "k": 8192,
      "max_abs": 0,
      "max_rel": 0,
      "max_us": 22.62410074,
      "median_us": 22.18820006,
      "min_us": 21.72009945,
      "p05_us": 21.72489941,
      "p95_us": 22.61370063,
      "rows": 4,
      "split_count": 4,
      "submission": {
        "completion_in_host_wall": true,
        "queue_or_stream_count": 1,
        "recording_in_timed_region": false,
        "strategy": "direct",
        "submit_in_host_wall": true
      },
      "timing": {
        "burst": {
          "dispatches_per_iteration": 2,
          "gpu_elapsed": {
            "clock": "hip_event",
            "per_iteration_us": {
              "max": 22.62410074,
              "median": 22.18820006,
              "min": 21.72009945,
              "n": 5,
              "p05": 21.72489941,
              "p95": 22.61370063,
              "samples": 5,
              "stdev": 0.3878207894
            },
            "sequence_us": {
              "max": 226.2410074,
              "median": 221.8820006,
              "min": 217.2009945,
              "n": 5,
              "p05": 217.2489941,
              "p95": 226.1370063,
              "samples": 5,
              "stdev": 3.878207894
            },
            "status": "ok"
          },
          "host_wall": {
            "clock": "steady_clock",
            "per_iteration_us": {
              "max": 25.2484,
              "median": 24.8614,
              "min": 23.5984,
              "n": 5,
              "p05": 23.6328,
              "p95": 25.1874,
              "samples": 5,
              "stdev": 0.6680266462
            },
            "sequence_us": {
              "max": 252.484,
              "median": 248.614,
              "min": 235.984,
              "n": 5,
              "p05": 236.328,
              "p95": 251.874,
              "samples": 5,
              "stdev": 6.680266462
            },
            "status": "ok"
          },
          "logical_iterations": 10
        },
        "single": {
          "dispatches_per_iteration": 2,
          "gpu_elapsed": {
            "clock": "hip_event",
            "per_iteration_us": {
              "max": 33.03999826,
              "median": 32.80099854,
              "min": 28.79999951,
              "n": 5,
              "p05": 29.56019938,
              "p95": 32.99999833,
              "samples": 5,
              "stdev": 1.614227426
            },
            "sequence_us": {
              "max": 33.03999826,
              "median": 32.80099854,
              "min": 28.79999951,
              "n": 5,
              "p05": 29.56019938,
              "p95": 32.99999833,
              "samples": 5,
              "stdev": 1.614227426
            },
            "status": "ok"
          },
          "host_wall": {
            "clock": "steady_clock",
            "per_iteration_us": {
              "max": 63.201,
              "median": 61.431,
              "min": 56.611,
              "n": 5,
              "p05": 57.561,
              "p95": 62.971,
              "samples": 5,
              "stdev": 2.25852164
            },
            "sequence_us": {
              "max": 63.201,
              "median": 61.431,
              "min": 56.611,
              "n": 5,
              "p05": 57.561,
              "p95": 62.971,
              "samples": 5,
              "stdev": 2.25852164
            },
            "status": "ok"
          },
          "logical_iterations": 1
        }
      },
      "timing_mode": "serial_latency",
      "variant": "two_stage",
      "workgroup_size": 256,
      "workgroup_specialization": "fixed"
    },
    {
      "backend": "hip",
      "body_repeats": 16,
      "bytes_per_us": 1516.863856,
      "correctness": {
        "single_dispatch": {
          "oracle": "deterministic CPU two-stage reference with sequence tag",
          "status": "pass"
        },
        "synchronization": {
          "barrier_count": 0,
          "method": "ordered_stream_final_chain",
          "status": "pass"
        },
        "timed_sequence": {
          "coverage": "chained_final_state",
          "logical_iterations": 10,
          "oracle": "deterministic CPU two-stage reference with sequence tag",
          "status": "pass"
        }
      },
      "correctness_pass": true,
      "dependency_contract": {
        "inter_dispatch_ordering": "hip_stream_order",
        "output_partitioning": "chained_shared",
        "validation_status": "pass",
        "work_dependency": "chained"
      },
      "gflops": 6.067270266,
      "k": 32768,
      "max_abs": 0,
      "max_rel": 0,
      "max_us": 173.7288952,
      "median_us": 172.8250027,
      "min_us": 171.5330005,
      "p05_us": 171.7898011,
      "p95_us": 173.5800958,
      "rows": 1,
      "split_count": 2,
      "submission": {
        "completion_in_host_wall": true,
        "queue_or_stream_count": 1,
        "recording_in_timed_region": false,
        "strategy": "direct",
        "submit_in_host_wall": true
      },
      "timing": {
        "burst": {
          "dispatches_per_iteration": 2,
          "gpu_elapsed": {
            "clock": "hip_event",
            "per_iteration_us": {
              "max": 173.7288952,
              "median": 172.8250027,
              "min": 171.5330005,
              "n": 5,
              "p05": 171.7898011,
              "p95": 173.5800958,
              "samples": 5,
              "stdev": 0.7072146156
            },
            "sequence_us": {
              "max": 1737.288952,
              "median": 1728.250027,
              "min": 1715.330005,
              "n": 5,
              "p05": 1717.898011,
              "p95": 1735.800958,
              "samples": 5,
              "stdev": 7.072146156
            },
            "status": "ok"
          },
          "host_wall": {
            "clock": "steady_clock",
            "per_iteration_us": {
              "max": 175.8437,
              "median": 174.9017,
              "min": 173.5847,
              "n": 5,
              "p05": 173.8471,
              "p95": 175.69172,
              "samples": 5,
              "stdev": 0.7276270374
            },
            "sequence_us": {
              "max": 1758.437,
              "median": 1749.017,
              "min": 1735.847,
              "n": 5,
              "p05": 1738.471,
              "p95": 1756.9172,
              "samples": 5,
              "stdev": 7.276270374
            },
            "status": "ok"
          },
          "logical_iterations": 10
        },
        "single": {
          "dispatches_per_iteration": 2,
          "gpu_elapsed": {
            "clock": "hip_event",
            "per_iteration_us": {
              "max": 182.0410043,
              "median": 179.3210059,
              "min": 176.6009927,
              "n": 5,
              "p05": 176.9449949,
              "p95": 181.5690041,
              "samples": 5,
              "stdev": 1.7801427
            },
            "sequence_us": {
              "max": 182.0410043,
              "median": 179.3210059,
              "min": 176.6009927,
              "n": 5,
              "p05": 176.9449949,
              "p95": 181.5690041,
              "samples": 5,
              "stdev": 1.7801427
            },
            "status": "ok"
          },
          "host_wall": {
            "clock": "steady_clock",
            "per_iteration_us": {
              "max": 203.743,
              "median": 203.003,
              "min": 200.403,
              "n": 5,
              "p05": 200.577,
              "p95": 203.613,
              "samples": 5,
              "stdev": 1.253682575
            },
            "sequence_us": {
              "max": 203.743,
              "median": 203.003,
              "min": 200.403,
              "n": 5,
              "p05": 200.577,
              "p95": 203.613,
              "samples": 5,
              "stdev": 1.253682575
            },
            "status": "ok"
          },
          "logical_iterations": 1
        }
      },
      "timing_mode": "serial_latency",
      "variant": "two_stage",
      "workgroup_size": 256,
      "workgroup_specialization": "fixed"
    },
    {
      "backend": "hip",
      "body_repeats": 16,
      "bytes_per_us": 2884.159483,
      "correctness": {
        "single_dispatch": {
          "oracle": "deterministic CPU two-stage reference with sequence tag",
          "status": "pass"
        },
        "synchronization": {
          "barrier_count": 0,
          "method": "ordered_stream_final_chain",
          "status": "pass"
        },
        "timed_sequence": {
          "coverage": "chained_final_state",
          "logical_iterations": 10,
          "oracle": "deterministic CPU two-stage reference with sequence tag",
          "status": "pass"
        }
      },
      "correctness_pass": true,
      "dependency_contract": {
        "inter_dispatch_ordering": "hip_stream_order",
        "output_partitioning": "chained_shared",
        "validation_status": "pass",
        "work_dependency": "chained"
      },
      "gflops": 11.53593383,
      "k": 32768,
      "max_abs": 0,
      "max_rel": 0,
      "max_us": 91.20849967,
      "median_us": 90.89649916,
      "min_us": 90.5404985,
      "p05_us": 90.54449916,
      "p95_us": 91.18209958,
      "rows": 1,
      "split_count": 4,
      "submission": {
        "completion_in_host_wall": true,
        "queue_or_stream_count": 1,
        "recording_in_timed_region": false,
        "strategy": "direct",
        "submit_in_host_wall": true
      },
      "timing": {
        "burst": {
          "dispatches_per_iteration": 2,
          "gpu_elapsed": {
            "clock": "hip_event",
            "per_iteration_us": {
              "max": 91.20849967,
              "median": 90.89649916,
              "min": 90.5404985,
              "n": 5,
              "p05": 90.54449916,
              "p95": 91.18209958,
              "samples": 5,
              "stdev": 0.2688401889
            },
            "sequence_us": {
              "max": 912.0849967,
              "median": 908.9649916,
              "min": 905.404985,
              "n": 5,
              "p05": 905.4449916,
              "p95": 911.8209958,
              "samples": 5,
              "stdev": 2.688401889
            },
            "status": "ok"
          },
          "host_wall": {
            "clock": "steady_clock",
            "per_iteration_us": {
              "max": 95.5145,
              "median": 93.1684,
              "min": 92.7125,
              "n": 5,
              "p05": 92.7697,
              "p95": 95.04728,
              "samples": 5,
              "stdev": 1.014121138
            },
            "sequence_us": {
              "max": 955.145,
              "median": 931.684,
              "min": 927.125,
              "n": 5,
              "p05": 927.697,
              "p95": 950.4728,
              "samples": 5,
              "stdev": 10.14121138
            },
            "status": "ok"
          },
          "logical_iterations": 10
        },
        "single": {
          "dispatches_per_iteration": 2,
          "gpu_elapsed": {
            "clock": "hip_event",
            "per_iteration_us": {
              "max": 105.2810028,
              "median": 97.68000245,
              "min": 95.08100152,
              "n": 5,
              "p05": 95.48100084,
              "p95": 103.9208025,
              "samples": 5,
              "stdev": 3.467407898
            },
            "sequence_us": {
              "max": 105.2810028,
              "median": 97.68000245,
              "min": 95.08100152,
              "n": 5,
              "p05": 95.48100084,
              "p95": 103.9208025,
              "samples": 5,
              "stdev": 3.467407898
            },
            "status": "ok"
          },
          "host_wall": {
            "clock": "steady_clock",
            "per_iteration_us": {
              "max": 135.902,
              "median": 122.642,
              "min": 119.362,
              "n": 5,
              "p05": 119.672,
              "p95": 133.534,
              "samples": 5,
              "stdev": 5.880365975
            },
            "sequence_us": {
              "max": 135.902,
              "median": 122.642,
              "min": 119.362,
              "n": 5,
              "p05": 119.672,
              "p95": 133.534,
              "samples": 5,
              "stdev": 5.880365975
            },
            "status": "ok"
          },
          "logical_iterations": 1
        }
      },
      "timing_mode": "serial_latency",
      "variant": "two_stage",
      "workgroup_size": 256,
      "workgroup_specialization": "fixed"
    },
    {
      "backend": "hip",
      "body_repeats": 16,
      "bytes_per_us": 3741.486166,
      "correctness": {
        "single_dispatch": {
          "oracle": "deterministic CPU two-stage reference with sequence tag",
          "status": "pass"
        },
        "synchronization": {
          "barrier_count": 0,
          "method": "ordered_stream_final_chain",
          "status": "pass"
        },
        "timed_sequence": {
          "coverage": "chained_final_state",
          "logical_iterations": 10,
          "oracle": "deterministic CPU two-stage reference with sequence tag",
          "status": "pass"
        }
      },
      "correctness_pass": true,
      "dependency_contract": {
        "inter_dispatch_ordering": "hip_stream_order",
        "output_partitioning": "chained_shared",
        "validation_status": "pass",
        "work_dependency": "chained"
      },
      "gflops": 23.9443423,
      "k": 32768,
      "max_abs": 0,
      "max_rel": 0,
      "max_us": 175.2647996,
      "median_us": 175.1688957,
      "min_us": 174.7568965,
      "p05_us": 174.8072767,
      "p95_us": 175.2616191,
      "rows": 4,
      "split_count": 2,
      "submission": {
        "completion_in_host_wall": true,
        "queue_or_stream_count": 1,
        "recording_in_timed_region": false,
        "strategy": "direct",
        "submit_in_host_wall": true
      },
      "timing": {
        "burst": {
          "dispatches_per_iteration": 2,
          "gpu_elapsed": {
            "clock": "hip_event",
            "per_iteration_us": {
              "max": 175.2647996,
              "median": 175.1688957,
              "min": 174.7568965,
              "n": 5,
              "p05": 174.8072767,
              "p95": 175.2616191,
              "samples": 5,
              "stdev": 0.1895145871
            },
            "sequence_us": {
              "max": 1752.647996,
              "median": 1751.688957,
              "min": 1747.568965,
              "n": 5,
              "p05": 1748.072767,
              "p95": 1752.616191,
              "samples": 5,
              "stdev": 1.895145871
            },
            "status": "ok"
          },
          "host_wall": {
            "clock": "steady_clock",
            "per_iteration_us": {
              "max": 177.7428,
              "median": 177.3967,
              "min": 177.1607,
              "n": 5,
              "p05": 177.18132,
              "p95": 177.7058,
              "samples": 5,
              "stdev": 0.207495278
            },
            "sequence_us": {
              "max": 1777.428,
              "median": 1773.967,
              "min": 1771.607,
              "n": 5,
              "p05": 1771.8132,
              "p95": 1777.058,
              "samples": 5,
              "stdev": 2.07495278
            },
            "status": "ok"
          },
          "logical_iterations": 10
        },
        "single": {
          "dispatches_per_iteration": 2,
          "gpu_elapsed": {
            "clock": "hip_event",
            "per_iteration_us": {
              "max": 182.0400059,
              "median": 180.2400053,
              "min": 175.5599976,
              "n": 5,
              "p05": 176.0239989,
              "p95": 181.7920059,
              "samples": 5,
              "stdev": 2.308470764
            },
            "sequence_us": {
              "max": 182.0400059,
              "median": 180.2400053,
              "min": 175.5599976,
              "n": 5,
              "p05": 176.0239989,
              "p95": 181.7920059,
              "samples": 5,
              "stdev": 2.308470764
            },
            "status": "ok"
          },
          "host_wall": {
            "clock": "steady_clock",
            "per_iteration_us": {
              "max": 206.823,
              "median": 201.043,
              "min": 197.133,
              "n": 5,
              "p05": 197.477,
              "p95": 206.029,
              "samples": 5,
              "stdev": 3.356327755
            },
            "sequence_us": {
              "max": 206.823,
              "median": 201.043,
              "min": 197.133,
              "n": 5,
              "p05": 197.477,
              "p95": 206.029,
              "samples": 5,
              "stdev": 3.356327755
            },
            "status": "ok"
          },
          "logical_iterations": 1
        }
      },
      "timing_mode": "serial_latency",
      "variant": "two_stage",
      "workgroup_size": 256,
      "workgroup_specialization": "fixed"
    },
    {
      "backend": "hip",
      "body_repeats": 16,
      "bytes_per_us": 7163.385505,
      "correctness": {
        "single_dispatch": {
          "oracle": "deterministic CPU two-stage reference with sequence tag",
          "status": "pass"
        },
        "synchronization": {
          "barrier_count": 0,
          "method": "ordered_stream_final_chain",
          "status": "pass"
        },
        "timed_sequence": {
          "coverage": "chained_final_state",
          "logical_iterations": 10,
          "oracle": "deterministic CPU two-stage reference with sequence tag",
          "status": "pass"
        }
      },
      "correctness_pass": true,
      "dependency_contract": {
        "inter_dispatch_ordering": "hip_stream_order",
        "output_partitioning": "chained_shared",
        "validation_status": "pass",
        "work_dependency": "chained"
      },
      "gflops": 45.84119055,
      "k": 32768,
      "max_abs": 0,
      "max_rel": 0,
      "max_us": 92.22850204,
      "median_us": 91.49640203,
      "min_us": 91.31649733,
      "p05_us": 91.31887794,
      "p95_us": 92.10210204,
      "rows": 4,
      "split_count": 4,
      "submission": {
        "completion_in_host_wall": true,
        "queue_or_stream_count": 1,
        "recording_in_timed_region": false,
        "strategy": "direct",
        "submit_in_host_wall": true
      },
      "timing": {
        "burst": {
          "dispatches_per_iteration": 2,
          "gpu_elapsed": {
            "clock": "hip_event",
            "per_iteration_us": {
              "max": 92.22850204,
              "median": 91.49640203,
              "min": 91.31649733,
              "n": 5,
              "p05": 91.31887794,
              "p95": 92.10210204,
              "samples": 5,
              "stdev": 0.3345661731
            },
            "sequence_us": {
              "max": 922.2850204,
              "median": 914.9640203,
              "min": 913.1649733,
              "n": 5,
              "p05": 913.1887794,
              "p95": 921.0210204,
              "samples": 5,
              "stdev": 3.345661731
            },
            "status": "ok"
          },
          "host_wall": {
            "clock": "steady_clock",
            "per_iteration_us": {
              "max": 94.5115,
              "median": 93.7154,
              "min": 93.5955,
              "n": 5,
              "p05": 93.60308,
              "p95": 94.42588,
              "samples": 5,
              "stdev": 0.3478889053
            },
            "sequence_us": {
              "max": 945.115,
              "median": 937.154,
              "min": 935.955,
              "n": 5,
              "p05": 936.0308,
              "p95": 944.2588,
              "samples": 5,
              "stdev": 3.478889053
            },
            "status": "ok"
          },
          "logical_iterations": 10
        },
        "single": {
          "dispatches_per_iteration": 2,
          "gpu_elapsed": {
            "clock": "hip_event",
            "per_iteration_us": {
              "max": 105.8410034,
              "median": 98.55999798,
              "min": 97.44100273,
              "n": 5,
              "p05": 97.6488024,
              "p95": 104.3928027,
              "samples": 5,
              "stdev": 3.058672093
            },
            "sequence_us": {
              "max": 105.8410034,
              "median": 98.55999798,
              "min": 97.44100273,
              "n": 5,
              "p05": 97.6488024,
              "p95": 104.3928027,
              "samples": 5,
              "stdev": 3.058672093
            },
            "status": "ok"
          },
          "host_wall": {
            "clock": "steady_clock",
            "per_iteration_us": {
              "max": 136.502,
              "median": 122.552,
              "min": 121.642,
              "n": 5,
              "p05": 121.7958,
              "p95": 133.906,
              "samples": 5,
              "stdev": 5.619991972
            },
            "sequence_us": {
              "max": 136.502,
              "median": 122.552,
              "min": 121.642,
              "n": 5,
              "p05": 121.7958,
              "p95": 133.906,
              "samples": 5,
              "stdev": 5.619991972
            },
            "status": "ok"
          },
          "logical_iterations": 1
        }
      },
      "timing_mode": "serial_latency",
      "variant": "two_stage",
      "workgroup_size": 256,
      "workgroup_specialization": "fixed"
    }
  ],
  "schema": "hipengine.micro.two_stage_reduction.v2",
  "schema_version": 2,
  "source": {
    "branch": "",
    "commit": "f2c3ad6d74c86e3641ce09ff9fd759eaa6cd75e0",
    "dirty": false,
    "repo": "/tmp/hipEngine-f2c",
    "source_hash": "sha256:434549c58262048626636385801b133dbde02f4a053b75bb766f076a1e023794"
  },
  "source_coverage": {
    "backend_hash_status": {
      "hip": "covered_by_combined_source_hash",
      "vulkan": "covered_by_combined_source_hash"
    },
    "backend_source_hashes": {
      "hip": [],
      "vulkan": []
    },
    "combined_hash_backends": [
      "hip",
      "vulkan"
    ],
    "combined_hash_files": [
      "benchmarks/micro/runners/two_stage_reduction.py",
      "benchmarks/micro/runners/hip_two_stage_reduction.hip",
      "benchmarks/micro/runners/vulkan_two_stage_reduction.cpp",
      "benchmarks/micro/kernels/vulkan/reduction_two_stage_partial.comp",
      "benchmarks/micro/kernels/vulkan/reduction_two_stage_final.comp",
      "benchmarks/micro/runners/micro_timing_hip.hpp",
      "benchmarks/micro/runners/micro_timing_vulkan.hpp",
      "benchmarks/micro/timing_contract.py",
      "benchmarks/micro/comparison_claim.py"
    ],
    "combined_source_hash": "sha256:434549c58262048626636385801b133dbde02f4a053b75bb766f076a1e023794",
    "scope": "single_joint_wrapper_invocation"
  },
  "sources": {
    "shared": {
      "branch": "",
      "commit": "f2c3ad6d74c86e3641ce09ff9fd759eaa6cd75e0",
      "dirty": false,
      "repo": "/tmp/hipEngine-f2c",
      "source_hash": "sha256:434549c58262048626636385801b133dbde02f4a053b75bb766f076a1e023794"
    }
  },
  "summary": {
    "all_correctness_pass": true,
    "host_wall_status": "not_comparable_direct_vs_command_buffer",
    "matched_rows": 0,
    "performance_claim": false,
    "primary_domain": "gpu_elapsed",
    "speedup_max": null,
    "speedup_median": null,
    "speedup_min": null
  },
  "wrapper": {
    "build_dir": "/home/kaden/ClaudeCode/autorocm/redline-pub/examples/hipengine-6409/results/gfx1201/2026-07-12/build/hip/two-stage-reduction",
    "command": [
      "python3",
      "/tmp/hipEngine-f2c/benchmarks/micro/runners/two_stage_reduction.py",
      "--backend",
      "hip",
      "--timing-mode",
      "serial_latency",
      "--independent-streams",
      "4",
      "--reps",
      "10",
      "--warmup",
      "3",
      "--samples",
      "5",
      "--environment-json",
      "/home/kaden/ClaudeCode/autorocm/redline-pub/examples/hipengine-6409/results/gfx1201/2026-07-12/environment.json",
      "--environment-ref",
      "/home/kaden/ClaudeCode/autorocm/redline-pub/examples/hipengine-6409/results/gfx1201/2026-07-12/environment.json",
      "--gfx-arch",
      "gfx1201",
      "--hardware-gpu",
      "AMD Radeon Graphics",
      "--build-dir",
      "/home/kaden/ClaudeCode/autorocm/redline-pub/examples/hipengine-6409/results/gfx1201/2026-07-12/build/hip/two-stage-reduction",
      "--k-list",
      "8192,32768",
      "--rows-list",
      "1,4",
      "--workgroups",
      "128,256",
      "--split-counts",
      "2,4",
      "--body-repeats",
      "16",
      "--out",
      "/home/kaden/ClaudeCode/autorocm/redline-pub/examples/hipengine-6409/results/gfx1201/2026-07-12/serial_latency/hip-two-stage-reduction.json",
      "--pretty"
    ],
    "cwd": "/tmp/hipEngine-f2c"
  }
}
