{
  "artifact_ref": "/home/kaden/ClaudeCode/autorocm/redline-pub/examples/hipengine-6409/results/gfx1201/2026-07-12/serial_latency/hip-dense-q8.json",
  "backend": "hip",
  "bench": "q8_0_dense_real_slice",
  "classification": "real_slice_probe",
  "command": [
    "python3",
    "/tmp/hipEngine-f2c/benchmarks/micro/runners/q8_0_dense_real_slice.py",
    "--backend",
    "hip",
    "--timing-mode",
    "serial_latency",
    "--independent-streams",
    "4",
    "--reps",
    "10",
    "--warmup",
    "3",
    "--samples",
    "5",
    "--environment-json",
    "/home/kaden/ClaudeCode/autorocm/redline-pub/examples/hipengine-6409/results/gfx1201/2026-07-12/environment.json",
    "--environment-ref",
    "/home/kaden/ClaudeCode/autorocm/redline-pub/examples/hipengine-6409/results/gfx1201/2026-07-12/environment.json",
    "--gfx-arch",
    "gfx1201",
    "--hardware-gpu",
    "AMD Radeon Graphics",
    "--build-dir",
    "/home/kaden/ClaudeCode/autorocm/redline-pub/examples/hipengine-6409/results/gfx1201/2026-07-12/build/hip/dense-q8",
    "--shapes",
    "768x2048,2048x2048",
    "--rows-list",
    "1,4",
    "--local-sizes",
    "32,64,128",
    "--row-tiles",
    "1,4",
    "--out",
    "/home/kaden/ClaudeCode/autorocm/redline-pub/examples/hipengine-6409/results/gfx1201/2026-07-12/serial_latency/hip-dense-q8.json",
    "--pretty"
  ],
  "correctness": {
    "all_pass": true,
    "oracle": "CPU q8_1 quantize plus raw GGUF Q8_0 dense dp4a",
    "rows": 20,
    "status": "pass"
  },
  "environment_ref": "/home/kaden/ClaudeCode/autorocm/redline-pub/examples/hipengine-6409/results/gfx1201/2026-07-12/environment.json",
  "hardware": {
    "gfx_arch": "gfx1201",
    "gpu_name": "AMD Radeon Graphics"
  },
  "kind": "hipengine_micro_result",
  "measurements": {
    "rows": [
      {
        "backend": "hip",
        "correctness": {
          "single_dispatch": {
            "oracle": "CPU Q8_0 dense q8_1+dp4a BF16 logits with KL <= 0.05 and top-1 >= 90%",
            "status": "pass"
          },
          "synchronization": {
            "barrier_count": 0,
            "method": "hip_stream_order",
            "status": "pass"
          },
          "timed_sequence": {
            "coverage": "chained_final_state",
            "logical_iterations": 10,
            "oracle": "CPU Q8_0 dense q8_1+dp4a BF16 logits with KL <= 0.05 and top-1 >= 90%",
            "status": "pass"
          }
        },
        "correctness_pass": true,
        "dependency_contract": {
          "inter_dispatch_ordering": "hip_stream_order",
          "output_partitioning": "chained_shared",
          "validation_status": "pass",
          "work_dependency": "chained"
        },
        "execution": {
          "actual_parallel_lanes": 1,
          "calibrated_timestamp_domain": false,
          "lane_assignment": "ordered_stream",
          "requested_parallel_lanes": 4,
          "submission_strategy": "direct"
        },
        "in_features": 768,
        "local_size": 32,
        "median_us": 5.223999917507172,
        "numeric_correctness": {
          "burst": {
            "expected_repetitions": [
              9
            ],
            "kl_divergence": 2.2535773514599988e-05,
            "max_abs": 0.015050888061523438,
            "mean_abs": 0.001746454043313861,
            "oracle": "CPU Q8_0 dense q8_1+dp4a BF16 logits with KL/top-1 gate",
            "outputs_checked": 1,
            "pass": true,
            "top1": 1.0
          },
          "single": {
            "expected_repetitions": [
              0
            ],
            "kl_divergence": 1.1279088939565726e-05,
            "max_abs": 0.015120506286621094,
            "mean_abs": 0.0016973668243736029,
            "oracle": "CPU Q8_0 dense q8_1+dp4a BF16 logits with KL/top-1 gate",
            "outputs_checked": 1,
            "pass": true,
            "top1": 1.0
          }
        },
        "operation": "q8_1_quantize",
        "out_features": 2048,
        "q8_0_weight_bytes": 1671168,
        "q8_blocks_per_row": 24,
        "row_tile": 0,
        "rows": 1,
        "sequence_validation": {
          "burst_expected_repetitions": [
            9
          ],
          "input_repetition_pattern": "distinct_deterministic_salt",
          "output_partitioning": "shared",
          "single_expected_repetitions": [
            0
          ],
          "xq_partitioning": "shared"
        },
        "submission": {
          "completion_in_host_wall": true,
          "queue_or_stream_count": 1,
          "recording_in_timed_region": false,
          "strategy": "direct",
          "submit_in_host_wall": true
        },
        "timing": {
          "burst": {
            "dispatches_per_iteration": 1,
            "gpu_elapsed": {
              "clock": "hip_event",
              "per_iteration_us": {
                "max": 7.224100083112717,
                "median": 5.223999917507172,
                "min": 5.187999829649925,
                "n": 5,
                "p05": 5.191199854016304,
                "p95": 6.824080049991608,
                "samples": 5,
                "stdev": 0.8057532660240154
              },
              "sequence_us": {
                "max": 72.24100083112717,
                "median": 52.239999175071716,
                "min": 51.87999829649925,
                "n": 5,
                "p05": 51.91199854016304,
                "p95": 68.24080049991608,
                "samples": 5,
                "stdev": 8.057532660240154
              },
              "status": "ok"
            },
            "host_wall": {
              "clock": "steady_clock",
              "per_iteration_us": {
                "max": 10.1171,
                "median": 7.815099999999999,
                "min": 7.437099999999999,
                "n": 5,
                "p05": 7.49212,
                "p95": 9.6887,
                "samples": 5,
                "stdev": 0.9688472498799802
              },
              "sequence_us": {
                "max": 101.171,
                "median": 78.151,
                "min": 74.371,
                "n": 5,
                "p05": 74.9212,
                "p95": 96.887,
                "samples": 5,
                "stdev": 9.6884724987998
              },
              "status": "ok"
            },
            "logical_iterations": 10
          },
          "single": {
            "dispatches_per_iteration": 1,
            "gpu_elapsed": {
              "clock": "hip_event",
              "per_iteration_us": {
                "max": 11.31999958306551,
                "median": 10.759999975562096,
                "min": 10.71999967098236,
                "n": 5,
                "p05": 10.71999967098236,
                "p95": 11.215999722480774,
                "samples": 5,
                "stdev": 0.22992162947194422
              },
              "sequence_us": {
                "max": 11.31999958306551,
                "median": 10.759999975562096,
                "min": 10.71999967098236,
                "n": 5,
                "p05": 10.71999967098236,
                "p95": 11.215999722480774,
                "samples": 5,
                "stdev": 0.22992162947194422
              },
              "status": "ok"
            },
            "host_wall": {
              "clock": "steady_clock",
              "per_iteration_us": {
                "max": 40.651,
                "median": 37.591,
                "min": 37.111,
                "n": 5,
                "p05": 37.1668,
                "p95": 40.051,
                "samples": 5,
                "stdev": 1.2998659007759237
              },
              "sequence_us": {
                "max": 40.651,
                "median": 37.591,
                "min": 37.111,
                "n": 5,
                "p05": 37.1668,
                "p95": 40.051,
                "samples": 5,
                "stdev": 1.2998659007759237
              },
              "status": "ok"
            },
            "logical_iterations": 1
          }
        },
        "timing_mode": "serial_latency",
        "variant": "quantize",
        "workgroup_match": "exact_hip_wave32"
      },
      {
        "backend": "hip",
        "correctness": {
          "single_dispatch": {
            "oracle": "CPU Q8_0 dense q8_1+dp4a BF16 logits with KL <= 0.05 and top-1 >= 90%",
            "status": "pass"
          },
          "synchronization": {
            "barrier_count": 0,
            "method": "hip_stream_order",
            "status": "pass"
          },
          "timed_sequence": {
            "coverage": "chained_final_state",
            "logical_iterations": 10,
            "oracle": "CPU Q8_0 dense q8_1+dp4a BF16 logits with KL <= 0.05 and top-1 >= 90%",
            "status": "pass"
          }
        },
        "correctness_pass": true,
        "dependency_contract": {
          "inter_dispatch_ordering": "hip_stream_order",
          "output_partitioning": "chained_shared",
          "validation_status": "pass",
          "work_dependency": "chained"
        },
        "execution": {
          "actual_parallel_lanes": 1,
          "calibrated_timestamp_domain": false,
          "lane_assignment": "ordered_stream",
          "requested_parallel_lanes": 4,
          "submission_strategy": "direct"
        },
        "in_features": 768,
        "local_size": 32,
        "median_us": 19.592100381851196,
        "numeric_correctness": {
          "burst": {
            "expected_repetitions": [
              9
            ],
            "kl_divergence": 2.2535773514599988e-05,
            "max_abs": 0.015050888061523438,
            "mean_abs": 0.001746454043313861,
            "oracle": "CPU Q8_0 dense q8_1+dp4a BF16 logits with KL/top-1 gate",
            "outputs_checked": 1,
            "pass": true,
            "top1": 1.0
          },
          "single": {
            "expected_repetitions": [
              0
            ],
            "kl_divergence": 1.1279088939565726e-05,
            "max_abs": 0.015120506286621094,
            "mean_abs": 0.0016973668243736029,
            "oracle": "CPU Q8_0 dense q8_1+dp4a BF16 logits with KL/top-1 gate",
            "outputs_checked": 1,
            "pass": true,
            "top1": 1.0
          }
        },
        "operation": "q8_0_dense_dp4a_dot_prequantized",
        "out_features": 2048,
        "q8_0_weight_bytes": 1671168,
        "q8_blocks_per_row": 24,
        "row_tile": 1,
        "rows": 1,
        "sequence_validation": {
          "burst_expected_repetitions": [
            9
          ],
          "input_repetition_pattern": "distinct_deterministic_salt",
          "output_partitioning": "shared",
          "single_expected_repetitions": [
            0
          ],
          "xq_partitioning": "shared"
        },
        "submission": {
          "completion_in_host_wall": true,
          "queue_or_stream_count": 1,
          "recording_in_timed_region": false,
          "strategy": "direct",
          "submit_in_host_wall": true
        },
        "timing": {
          "burst": {
            "dispatches_per_iteration": 1,
            "gpu_elapsed": {
              "clock": "hip_event",
              "per_iteration_us": {
                "max": 19.668099284172058,
                "median": 19.592100381851196,
                "min": 19.55610066652298,
                "n": 5,
                "p05": 19.562500417232513,
                "p95": 19.652899503707886,
                "samples": 5,
                "stdev": 0.03695577332210424
              },
              "sequence_us": {
                "max": 196.68099284172058,
                "median": 195.92100381851196,
                "min": 195.5610066652298,
                "n": 5,
                "p05": 195.62500417232513,
                "p95": 196.52899503707886,
                "samples": 5,
                "stdev": 0.3695577332210424
              },
              "status": "ok"
            },
            "host_wall": {
              "clock": "steady_clock",
              "per_iteration_us": {
                "max": 22.3354,
                "median": 21.982400000000002,
                "min": 21.7073,
                "n": 5,
                "p05": 21.716320000000003,
                "p95": 22.267000000000003,
                "samples": 5,
                "stdev": 0.2233061432204674
              },
              "sequence_us": {
                "max": 223.354,
                "median": 219.824,
                "min": 217.073,
                "n": 5,
                "p05": 217.16320000000002,
                "p95": 222.67000000000002,
                "samples": 5,
                "stdev": 2.2330614322046793
              },
              "status": "ok"
            },
            "logical_iterations": 10
          },
          "single": {
            "dispatches_per_iteration": 1,
            "gpu_elapsed": {
              "clock": "hip_event",
              "per_iteration_us": {
                "max": 25.960000231862068,
                "median": 25.800999253988266,
                "min": 25.599999353289604,
                "n": 5,
                "p05": 25.60799941420555,
                "p95": 25.936000049114227,
                "samples": 5,
                "stdev": 0.13247267443718141
              },
              "sequence_us": {
                "max": 25.960000231862068,
                "median": 25.800999253988266,
                "min": 25.599999353289604,
                "n": 5,
                "p05": 25.60799941420555,
                "p95": 25.936000049114227,
                "samples": 5,
                "stdev": 0.13247267443718141
              },
              "status": "ok"
            },
            "host_wall": {
              "clock": "steady_clock",
              "per_iteration_us": {
                "max": 61.621,
                "median": 51.95,
                "min": 46.691,
                "n": 5,
                "p05": 47.67100000000001,
                "p95": 60.0488,
                "samples": 5,
                "stdev": 4.852120138661037
              },
              "sequence_us": {
                "max": 61.621,
                "median": 51.95,
                "min": 46.691,
                "n": 5,
                "p05": 47.67100000000001,
                "p95": 60.0488,
                "samples": 5,
                "stdev": 4.852120138661037
              },
              "status": "ok"
            },
            "logical_iterations": 1
          }
        },
        "timing_mode": "serial_latency",
        "variant": "single",
        "workgroup_match": "exact_hip_wave32"
      },
      {
        "backend": "hip",
        "correctness": {
          "single_dispatch": {
            "oracle": "CPU Q8_0 dense q8_1+dp4a BF16 logits with KL <= 0.05 and top-1 >= 90%",
            "status": "pass"
          },
          "synchronization": {
            "barrier_count": 0,
            "method": "hip_stream_order",
            "status": "pass"
          },
          "timed_sequence": {
            "coverage": "chained_final_state",
            "logical_iterations": 10,
            "oracle": "CPU Q8_0 dense q8_1+dp4a BF16 logits with KL <= 0.05 and top-1 >= 90%",
            "status": "pass"
          }
        },
        "correctness_pass": true,
        "dependency_contract": {
          "inter_dispatch_ordering": "hip_stream_order",
          "output_partitioning": "chained_shared",
          "validation_status": "pass",
          "work_dependency": "chained"
        },
        "execution": {
          "actual_parallel_lanes": 1,
          "calibrated_timestamp_domain": false,
          "lane_assignment": "ordered_stream",
          "requested_parallel_lanes": 4,
          "submission_strategy": "direct"
        },
        "in_features": 768,
        "local_size": 32,
        "median_us": 24.04409945011139,
        "numeric_correctness": {
          "burst": {
            "expected_repetitions": [
              9
            ],
            "kl_divergence": 2.2535773514599988e-05,
            "max_abs": 0.015050888061523438,
            "mean_abs": 0.001746454043313861,
            "oracle": "CPU Q8_0 dense q8_1+dp4a BF16 logits with KL/top-1 gate",
            "outputs_checked": 1,
            "pass": true,
            "top1": 1.0
          },
          "single": {
            "expected_repetitions": [
              0
            ],
            "kl_divergence": 1.1279088939565726e-05,
            "max_abs": 0.015120506286621094,
            "mean_abs": 0.0016973668243736029,
            "oracle": "CPU Q8_0 dense q8_1+dp4a BF16 logits with KL/top-1 gate",
            "outputs_checked": 1,
            "pass": true,
            "top1": 1.0
          }
        },
        "operation": "q8_0_dense_dp4a_quantize_plus_dot",
        "out_features": 2048,
        "q8_0_weight_bytes": 1671168,
        "q8_blocks_per_row": 24,
        "row_tile": 1,
        "rows": 1,
        "sequence_validation": {
          "burst_expected_repetitions": [
            9
          ],
          "input_repetition_pattern": "distinct_deterministic_salt",
          "output_partitioning": "shared",
          "single_expected_repetitions": [
            0
          ],
          "xq_partitioning": "shared"
        },
        "submission": {
          "completion_in_host_wall": true,
          "queue_or_stream_count": 1,
          "recording_in_timed_region": false,
          "strategy": "direct",
          "submit_in_host_wall": true
        },
        "timing": {
          "burst": {
            "dispatches_per_iteration": 2,
            "gpu_elapsed": {
              "clock": "hip_event",
              "per_iteration_us": {
                "max": 24.104100465774536,
                "median": 24.04409945011139,
                "min": 24.000200629234314,
                "n": 5,
                "p05": 24.004180431365967,
                "p95": 24.09690022468567,
                "samples": 5,
                "stdev": 0.03640701580931597
              },
              "sequence_us": {
                "max": 241.04100465774536,
                "median": 240.4409945011139,
                "min": 240.00200629234314,
                "n": 5,
                "p05": 240.04180431365967,
                "p95": 240.9690022468567,
                "samples": 5,
                "stdev": 0.3640701580931597
              },
              "status": "ok"
            },
            "host_wall": {
              "clock": "steady_clock",
              "per_iteration_us": {
                "max": 27.3234,
                "median": 26.2584,
                "min": 26.173399999999997,
                "n": 5,
                "p05": 26.1864,
                "p95": 27.2018,
                "samples": 5,
                "stdev": 0.435688237160472
              },
              "sequence_us": {
                "max": 273.234,
                "median": 262.584,
                "min": 261.734,
                "n": 5,
                "p05": 261.86400000000003,
                "p95": 272.018,
                "samples": 5,
                "stdev": 4.356882371604717
              },
              "status": "ok"
            },
            "logical_iterations": 10
          },
          "single": {
            "dispatches_per_iteration": 2,
            "gpu_elapsed": {
              "clock": "hip_event",
              "per_iteration_us": {
                "max": 30.20000085234642,
                "median": 29.96000088751316,
                "min": 29.920000582933426,
                "n": 5,
                "p05": 29.928000643849373,
                "p95": 30.192000791430473,
                "samples": 5,
                "stdev": 0.11593099698246578
              },
              "sequence_us": {
                "max": 30.20000085234642,
                "median": 29.96000088751316,
                "min": 29.920000582933426,
                "n": 5,
                "p05": 29.928000643849373,
                "p95": 30.192000791430473,
                "samples": 5,
                "stdev": 0.11593099698246578
              },
              "status": "ok"
            },
            "host_wall": {
              "clock": "steady_clock",
              "per_iteration_us": {
                "max": 57.031,
                "median": 56.61,
                "min": 56.371,
                "n": 5,
                "p05": 56.385000000000005,
                "p95": 56.964999999999996,
                "samples": 5,
                "stdev": 0.23196585955696025
              },
              "sequence_us": {
                "max": 57.031,
                "median": 56.61,
                "min": 56.371,
                "n": 5,
                "p05": 56.385000000000005,
                "p95": 56.964999999999996,
                "samples": 5,
                "stdev": 0.23196585955696025
              },
              "status": "ok"
            },
            "logical_iterations": 1
          }
        },
        "timing_mode": "serial_latency",
        "variant": "single",
        "workgroup_match": "exact_hip_wave32"
      },
      {
        "backend": "hip",
        "correctness": {
          "single_dispatch": {
            "oracle": "CPU Q8_0 dense q8_1+dp4a BF16 logits with KL <= 0.05 and top-1 >= 90%",
            "status": "pass"
          },
          "synchronization": {
            "barrier_count": 0,
            "method": "hip_stream_order",
            "status": "pass"
          },
          "timed_sequence": {
            "coverage": "chained_final_state",
            "logical_iterations": 10,
            "oracle": "CPU Q8_0 dense q8_1+dp4a BF16 logits with KL <= 0.05 and top-1 >= 90%",
            "status": "pass"
          }
        },
        "correctness_pass": true,
        "dependency_contract": {
          "inter_dispatch_ordering": "hip_stream_order",
          "output_partitioning": "chained_shared",
          "validation_status": "pass",
          "work_dependency": "chained"
        },
        "execution": {
          "actual_parallel_lanes": 1,
          "calibrated_timestamp_domain": false,
          "lane_assignment": "ordered_stream",
          "requested_parallel_lanes": 4,
          "submission_strategy": "direct"
        },
        "in_features": 768,
        "local_size": 32,
        "median_us": 19.592100381851196,
        "numeric_correctness": {
          "burst": {
            "expected_repetitions": [
              9
            ],
            "kl_divergence": 2.2535773514599988e-05,
            "max_abs": 0.015050888061523438,
            "mean_abs": 0.001746454043313861,
            "oracle": "CPU Q8_0 dense q8_1+dp4a BF16 logits with KL/top-1 gate",
            "outputs_checked": 1,
            "pass": true,
            "top1": 1.0
          },
          "single": {
            "expected_repetitions": [
              0
            ],
            "kl_divergence": 1.1279088939565726e-05,
            "max_abs": 0.015120506286621094,
            "mean_abs": 0.0016973668243736029,
            "oracle": "CPU Q8_0 dense q8_1+dp4a BF16 logits with KL/top-1 gate",
            "outputs_checked": 1,
            "pass": true,
            "top1": 1.0
          }
        },
        "operation": "q8_0_dense_dp4a_dot_prequantized",
        "out_features": 2048,
        "q8_0_weight_bytes": 1671168,
        "q8_blocks_per_row": 24,
        "row_tile": 4,
        "rows": 1,
        "sequence_validation": {
          "burst_expected_repetitions": [
            9
          ],
          "input_repetition_pattern": "distinct_deterministic_salt",
          "output_partitioning": "shared",
          "single_expected_repetitions": [
            0
          ],
          "xq_partitioning": "shared"
        },
        "submission": {
          "completion_in_host_wall": true,
          "queue_or_stream_count": 1,
          "recording_in_timed_region": false,
          "strategy": "direct",
          "submit_in_host_wall": true
        },
        "timing": {
          "burst": {
            "dispatches_per_iteration": 1,
            "gpu_elapsed": {
              "clock": "hip_event",
              "per_iteration_us": {
                "max": 19.64010000228882,
                "median": 19.592100381851196,
                "min": 19.55610066652298,
                "n": 5,
                "p05": 19.55770045518875,
                "p95": 19.635300040245056,
                "samples": 5,
                "stdev": 0.03145530343230471
              },
              "sequence_us": {
                "max": 196.40100002288818,
                "median": 195.92100381851196,
                "min": 195.5610066652298,
                "n": 5,
                "p05": 195.5770045518875,
                "p95": 196.35300040245056,
                "samples": 5,
                "stdev": 0.3145530343230471
              },
              "status": "ok"
            },
            "host_wall": {
              "clock": "steady_clock",
              "per_iteration_us": {
                "max": 22.694300000000002,
                "median": 21.8254,
                "min": 21.6833,
                "n": 5,
                "p05": 21.686100000000003,
                "p95": 22.603300000000004,
                "samples": 5,
                "stdev": 0.389314959383788
              },
              "sequence_us": {
                "max": 226.943,
                "median": 218.254,
                "min": 216.833,
                "n": 5,
                "p05": 216.86100000000002,
                "p95": 226.03300000000002,
                "samples": 5,
                "stdev": 3.893149593837877
              },
              "status": "ok"
            },
            "logical_iterations": 10
          },
          "single": {
            "dispatches_per_iteration": 1,
            "gpu_elapsed": {
              "clock": "hip_event",
              "per_iteration_us": {
                "max": 25.919999927282333,
                "median": 25.839999318122864,
                "min": 25.48000030219555,
                "n": 5,
                "p05": 25.488000363111496,
                "p95": 25.911999866366386,
                "samples": 5,
                "stdev": 0.18829726622077084
              },
              "sequence_us": {
                "max": 25.919999927282333,
                "median": 25.839999318122864,
                "min": 25.48000030219555,
                "n": 5,
                "p05": 25.488000363111496,
                "p95": 25.911999866366386,
                "samples": 5,
                "stdev": 0.18829726622077084
              },
              "status": "ok"
            },
            "host_wall": {
              "clock": "steady_clock",
              "per_iteration_us": {
                "max": 54.191,
                "median": 52.021,
                "min": 51.641,
                "n": 5,
                "p05": 51.651,
                "p95": 53.777,
                "samples": 5,
                "stdev": 0.9471515190295592
              },
              "sequence_us": {
                "max": 54.191,
                "median": 52.021,
                "min": 51.641,
                "n": 5,
                "p05": 51.651,
                "p95": 53.777,
                "samples": 5,
                "stdev": 0.9471515190295592
              },
              "status": "ok"
            },
            "logical_iterations": 1
          }
        },
        "timing_mode": "serial_latency",
        "variant": "rowtile4",
        "workgroup_match": "exact_hip_wave32"
      },
      {
        "backend": "hip",
        "correctness": {
          "single_dispatch": {
            "oracle": "CPU Q8_0 dense q8_1+dp4a BF16 logits with KL <= 0.05 and top-1 >= 90%",
            "status": "pass"
          },
          "synchronization": {
            "barrier_count": 0,
            "method": "hip_stream_order",
            "status": "pass"
          },
          "timed_sequence": {
            "coverage": "chained_final_state",
            "logical_iterations": 10,
            "oracle": "CPU Q8_0 dense q8_1+dp4a BF16 logits with KL <= 0.05 and top-1 >= 90%",
            "status": "pass"
          }
        },
        "correctness_pass": true,
        "dependency_contract": {
          "inter_dispatch_ordering": "hip_stream_order",
          "output_partitioning": "chained_shared",
          "validation_status": "pass",
          "work_dependency": "chained"
        },
        "execution": {
          "actual_parallel_lanes": 1,
          "calibrated_timestamp_domain": false,
          "lane_assignment": "ordered_stream",
          "requested_parallel_lanes": 4,
          "submission_strategy": "direct"
        },
        "in_features": 768,
        "local_size": 32,
        "median_us": 24.088099598884583,
        "numeric_correctness": {
          "burst": {
            "expected_repetitions": [
              9
            ],
            "kl_divergence": 2.2535773514599988e-05,
            "max_abs": 0.015050888061523438,
            "mean_abs": 0.001746454043313861,
            "oracle": "CPU Q8_0 dense q8_1+dp4a BF16 logits with KL/top-1 gate",
            "outputs_checked": 1,
            "pass": true,
            "top1": 1.0
          },
          "single": {
            "expected_repetitions": [
              0
            ],
            "kl_divergence": 1.1279088939565726e-05,
            "max_abs": 0.015120506286621094,
            "mean_abs": 0.0016973668243736029,
            "oracle": "CPU Q8_0 dense q8_1+dp4a BF16 logits with KL/top-1 gate",
            "outputs_checked": 1,
            "pass": true,
            "top1": 1.0
          }
        },
        "operation": "q8_0_dense_dp4a_quantize_plus_dot",
        "out_features": 2048,
        "q8_0_weight_bytes": 1671168,
        "q8_blocks_per_row": 24,
        "row_tile": 4,
        "rows": 1,
        "sequence_validation": {
          "burst_expected_repetitions": [
            9
          ],
          "input_repetition_pattern": "distinct_deterministic_salt",
          "output_partitioning": "shared",
          "single_expected_repetitions": [
            0
          ],
          "xq_partitioning": "shared"
        },
        "submission": {
          "completion_in_host_wall": true,
          "queue_or_stream_count": 1,
          "recording_in_timed_region": false,
          "strategy": "direct",
          "submit_in_host_wall": true
        },
        "timing": {
          "burst": {
            "dispatches_per_iteration": 2,
            "gpu_elapsed": {
              "clock": "hip_event",
              "per_iteration_us": {
                "max": 24.164199829101562,
                "median": 24.088099598884583,
                "min": 24.044199287891388,
                "n": 5,
                "p05": 24.048179388046265,
                "p95": 24.151379764080048,
                "samples": 5,
                "stdev": 0.0408824237136352
              },
              "sequence_us": {
                "max": 241.64199829101562,
                "median": 240.88099598884583,
                "min": 240.44199287891388,
                "n": 5,
                "p05": 240.48179388046265,
                "p95": 241.51379764080048,
                "samples": 5,
                "stdev": 0.40882423713635196
              },
              "status": "ok"
            },
            "host_wall": {
              "clock": "steady_clock",
              "per_iteration_us": {
                "max": 27.1085,
                "median": 27.049400000000002,
                "min": 26.6154,
                "n": 5,
                "p05": 26.669800000000006,
                "p95": 27.1041,
                "samples": 5,
                "stdev": 0.18412452959885567
              },
              "sequence_us": {
                "max": 271.085,
                "median": 270.494,
                "min": 266.154,
                "n": 5,
                "p05": 266.69800000000004,
                "p95": 271.041,
                "samples": 5,
                "stdev": 1.8412452959885606
              },
              "status": "ok"
            },
            "logical_iterations": 10
          },
          "single": {
            "dispatches_per_iteration": 2,
            "gpu_elapsed": {
              "clock": "hip_event",
              "per_iteration_us": {
                "max": 30.400000512599945,
                "median": 30.27999959886074,
                "min": 30.03999963402748,
                "n": 5,
                "p05": 30.080199614167213,
                "p95": 30.392000451683998,
                "samples": 5,
                "stdev": 0.12543775515718242
              },
              "sequence_us": {
                "max": 30.400000512599945,
                "median": 30.27999959886074,
                "min": 30.03999963402748,
                "n": 5,
                "p05": 30.080199614167213,
                "p95": 30.392000451683998,
                "samples": 5,
                "stdev": 0.12543775515718242
              },
              "status": "ok"
            },
            "host_wall": {
              "clock": "steady_clock",
              "per_iteration_us": {
                "max": 56.631,
                "median": 56.511,
                "min": 55.761,
                "n": 5,
                "p05": 55.903000000000006,
                "p95": 56.617000000000004,
                "samples": 5,
                "stdev": 0.31752795152553004
              },
              "sequence_us": {
                "max": 56.631,
                "median": 56.511,
                "min": 55.761,
                "n": 5,
                "p05": 55.903000000000006,
                "p95": 56.617000000000004,
                "samples": 5,
                "stdev": 0.31752795152553004
              },
              "status": "ok"
            },
            "logical_iterations": 1
          }
        },
        "timing_mode": "serial_latency",
        "variant": "rowtile4",
        "workgroup_match": "exact_hip_wave32"
      },
      {
        "backend": "hip",
        "correctness": {
          "single_dispatch": {
            "oracle": "CPU Q8_0 dense q8_1+dp4a BF16 logits with KL <= 0.05 and top-1 >= 90%",
            "status": "pass"
          },
          "synchronization": {
            "barrier_count": 0,
            "method": "hip_stream_order",
            "status": "pass"
          },
          "timed_sequence": {
            "coverage": "chained_final_state",
            "logical_iterations": 10,
            "oracle": "CPU Q8_0 dense q8_1+dp4a BF16 logits with KL <= 0.05 and top-1 >= 90%",
            "status": "pass"
          }
        },
        "correctness_pass": true,
        "dependency_contract": {
          "inter_dispatch_ordering": "hip_stream_order",
          "output_partitioning": "chained_shared",
          "validation_status": "pass",
          "work_dependency": "chained"
        },
        "execution": {
          "actual_parallel_lanes": 1,
          "calibrated_timestamp_domain": false,
          "lane_assignment": "ordered_stream",
          "requested_parallel_lanes": 4,
          "submission_strategy": "direct"
        },
        "in_features": 768,
        "local_size": 32,
        "median_us": 4.371999949216843,
        "numeric_correctness": {
          "burst": {
            "expected_repetitions": [
              9
            ],
            "kl_divergence": 2.2535773514599988e-05,
            "max_abs": 0.015050888061523438,
            "mean_abs": 0.0016667910385876894,
            "oracle": "CPU Q8_0 dense q8_1+dp4a BF16 logits with KL/top-1 gate",
            "outputs_checked": 1,
            "pass": true,
            "top1": 1.0
          },
          "single": {
            "expected_repetitions": [
              0
            ],
            "kl_divergence": 1.1543760246709147e-05,
            "max_abs": 0.015120506286621094,
            "mean_abs": 0.0017210077494382858,
            "oracle": "CPU Q8_0 dense q8_1+dp4a BF16 logits with KL/top-1 gate",
            "outputs_checked": 1,
            "pass": true,
            "top1": 1.0
          }
        },
        "operation": "q8_1_quantize",
        "out_features": 2048,
        "q8_0_weight_bytes": 1671168,
        "q8_blocks_per_row": 24,
        "row_tile": 0,
        "rows": 4,
        "sequence_validation": {
          "burst_expected_repetitions": [
            9
          ],
          "input_repetition_pattern": "distinct_deterministic_salt",
          "output_partitioning": "shared",
          "single_expected_repetitions": [
            0
          ],
          "xq_partitioning": "shared"
        },
        "submission": {
          "completion_in_host_wall": true,
          "queue_or_stream_count": 1,
          "recording_in_timed_region": false,
          "strategy": "direct",
          "submit_in_host_wall": true
        },
        "timing": {
          "burst": {
            "dispatches_per_iteration": 1,
            "gpu_elapsed": {
              "clock": "hip_event",
              "per_iteration_us": {
                "max": 4.4759999960660934,
                "median": 4.371999949216843,
                "min": 4.264099895954132,
                "n": 5,
                "p05": 4.2768799513578415,
                "p95": 4.469600021839142,
                "samples": 5,
                "stdev": 0.07676232287013898
              },
              "sequence_us": {
                "max": 44.759999960660934,
                "median": 43.71999949216843,
                "min": 42.64099895954132,
                "n": 5,
                "p05": 42.768799513578415,
                "p95": 44.69600021839142,
                "samples": 5,
                "stdev": 0.7676232287013899
              },
              "status": "ok"
            },
            "host_wall": {
              "clock": "steady_clock",
              "per_iteration_us": {
                "max": 7.367100000000001,
                "median": 7.142100000000001,
                "min": 6.812099999999999,
                "n": 5,
                "p05": 6.8305,
                "p95": 7.3385,
                "samples": 5,
                "stdev": 0.2045819151342567
              },
              "sequence_us": {
                "max": 73.671,
                "median": 71.421,
                "min": 68.121,
                "n": 5,
                "p05": 68.305,
                "p95": 73.385,
                "samples": 5,
                "stdev": 2.045819151342566
              },
              "status": "ok"
            },
            "logical_iterations": 10
          },
          "single": {
            "dispatches_per_iteration": 1,
            "gpu_elapsed": {
              "clock": "hip_event",
              "per_iteration_us": {
                "max": 12.360000051558018,
                "median": 12.199999764561653,
                "min": 9.639999829232693,
                "n": 5,
                "p05": 10.143999941647053,
                "p95": 12.360000051558018,
                "samples": 5,
                "stdev": 1.055151264651054
              },
              "sequence_us": {
                "max": 12.360000051558018,
                "median": 12.199999764561653,
                "min": 9.639999829232693,
                "n": 5,
                "p05": 10.143999941647053,
                "p95": 12.360000051558018,
                "samples": 5,
                "stdev": 1.055151264651054
              },
              "status": "ok"
            },
            "host_wall": {
              "clock": "steady_clock",
              "per_iteration_us": {
                "max": 44.851,
                "median": 42.5,
                "min": 36.441,
                "n": 5,
                "p05": 37.563,
                "p95": 44.471000000000004,
                "samples": 5,
                "stdev": 2.8247759840383795
              },
              "sequence_us": {
                "max": 44.851,
                "median": 42.5,
                "min": 36.441,
                "n": 5,
                "p05": 37.563,
                "p95": 44.471000000000004,
                "samples": 5,
                "stdev": 2.8247759840383795
              },
              "status": "ok"
            },
            "logical_iterations": 1
          }
        },
        "timing_mode": "serial_latency",
        "variant": "quantize",
        "workgroup_match": "exact_hip_wave32"
      },
      {
        "backend": "hip",
        "correctness": {
          "single_dispatch": {
            "oracle": "CPU Q8_0 dense q8_1+dp4a BF16 logits with KL <= 0.05 and top-1 >= 90%",
            "status": "pass"
          },
          "synchronization": {
            "barrier_count": 0,
            "method": "hip_stream_order",
            "status": "pass"
          },
          "timed_sequence": {
            "coverage": "chained_final_state",
            "logical_iterations": 10,
            "oracle": "CPU Q8_0 dense q8_1+dp4a BF16 logits with KL <= 0.05 and top-1 >= 90%",
            "status": "pass"
          }
        },
        "correctness_pass": true,
        "dependency_contract": {
          "inter_dispatch_ordering": "hip_stream_order",
          "output_partitioning": "chained_shared",
          "validation_status": "pass",
          "work_dependency": "chained"
        },
        "execution": {
          "actual_parallel_lanes": 1,
          "calibrated_timestamp_domain": false,
          "lane_assignment": "ordered_stream",
          "requested_parallel_lanes": 4,
          "submission_strategy": "direct"
        },
        "in_features": 768,
        "local_size": 32,
        "median_us": 8.168099820613861,
        "numeric_correctness": {
          "burst": {
            "expected_repetitions": [
              9
            ],
            "kl_divergence": 2.2535773514599988e-05,
            "max_abs": 0.015050888061523438,
            "mean_abs": 0.0016667910385876894,
            "oracle": "CPU Q8_0 dense q8_1+dp4a BF16 logits with KL/top-1 gate",
            "outputs_checked": 1,
            "pass": true,
            "top1": 1.0
          },
          "single": {
            "expected_repetitions": [
              0
            ],
            "kl_divergence": 1.1543760246709147e-05,
            "max_abs": 0.015120506286621094,
            "mean_abs": 0.0017210077494382858,
            "oracle": "CPU Q8_0 dense q8_1+dp4a BF16 logits with KL/top-1 gate",
            "outputs_checked": 1,
            "pass": true,
            "top1": 1.0
          }
        },
        "operation": "q8_0_dense_dp4a_dot_prequantized",
        "out_features": 2048,
        "q8_0_weight_bytes": 1671168,
        "q8_blocks_per_row": 24,
        "row_tile": 1,
        "rows": 4,
        "sequence_validation": {
          "burst_expected_repetitions": [
            9
          ],
          "input_repetition_pattern": "distinct_deterministic_salt",
          "output_partitioning": "shared",
          "single_expected_repetitions": [
            0
          ],
          "xq_partitioning": "shared"
        },
        "submission": {
          "completion_in_host_wall": true,
          "queue_or_stream_count": 1,
          "recording_in_timed_region": false,
          "strategy": "direct",
          "submit_in_host_wall": true
        },
        "timing": {
          "burst": {
            "dispatches_per_iteration": 1,
            "gpu_elapsed": {
              "clock": "hip_event",
              "per_iteration_us": {
                "max": 11.46010011434555,
                "median": 8.168099820613861,
                "min": 8.079999685287476,
                "n": 5,
                "p05": 8.08719977736473,
                "p95": 10.92968001961708,
                "samples": 5,
                "stdev": 1.2947444137943351
              },
              "sequence_us": {
                "max": 114.6010011434555,
                "median": 81.68099820613861,
                "min": 80.79999685287476,
                "n": 5,
                "p05": 80.87199777364731,
                "p95": 109.2968001961708,
                "samples": 5,
                "stdev": 12.94744413794335
              },
              "status": "ok"
            },
            "host_wall": {
              "clock": "steady_clock",
              "per_iteration_us": {
                "max": 14.4422,
                "median": 11.4471,
                "min": 10.8162,
                "n": 5,
                "p05": 10.8594,
                "p95": 14.0148,
                "samples": 5,
                "stdev": 1.319154084100868
              },
              "sequence_us": {
                "max": 144.422,
                "median": 114.471,
                "min": 108.162,
                "n": 5,
                "p05": 108.59400000000002,
                "p95": 140.148,
                "samples": 5,
                "stdev": 13.191540841008678
              },
              "status": "ok"
            },
            "logical_iterations": 10
          },
          "single": {
            "dispatches_per_iteration": 1,
            "gpu_elapsed": {
              "clock": "hip_event",
              "per_iteration_us": {
                "max": 18.480999395251274,
                "median": 18.239999189972878,
                "min": 17.920000478625298,
                "n": 5,
                "p05": 17.960000410676003,
                "p95": 18.44079941511154,
                "samples": 5,
                "stdev": 0.18516157569672267
              },
              "sequence_us": {
                "max": 18.480999395251274,
                "median": 18.239999189972878,
                "min": 17.920000478625298,
                "n": 5,
                "p05": 17.960000410676003,
                "p95": 18.44079941511154,
                "samples": 5,
                "stdev": 0.18516157569672267
              },
              "status": "ok"
            },
            "host_wall": {
              "clock": "steady_clock",
              "per_iteration_us": {
                "max": 49.101,
                "median": 48.471,
                "min": 48.06,
                "n": 5,
                "p05": 48.09420000000001,
                "p95": 49.039,
                "samples": 5,
                "stdev": 0.3762820218931525
              },
              "sequence_us": {
                "max": 49.101,
                "median": 48.471,
                "min": 48.06,
                "n": 5,
                "p05": 48.09420000000001,
                "p95": 49.039,
                "samples": 5,
                "stdev": 0.3762820218931525
              },
              "status": "ok"
            },
            "logical_iterations": 1
          }
        },
        "timing_mode": "serial_latency",
        "variant": "single",
        "workgroup_match": "exact_hip_wave32"
      },
      {
        "backend": "hip",
        "correctness": {
          "single_dispatch": {
            "oracle": "CPU Q8_0 dense q8_1+dp4a BF16 logits with KL <= 0.05 and top-1 >= 90%",
            "status": "pass"
          },
          "synchronization": {
            "barrier_count": 0,
            "method": "hip_stream_order",
            "status": "pass"
          },
          "timed_sequence": {
            "coverage": "chained_final_state",
            "logical_iterations": 10,
            "oracle": "CPU Q8_0 dense q8_1+dp4a BF16 logits with KL <= 0.05 and top-1 >= 90%",
            "status": "pass"
          }
        },
        "correctness_pass": true,
        "dependency_contract": {
          "inter_dispatch_ordering": "hip_stream_order",
          "output_partitioning": "chained_shared",
          "validation_status": "pass",
          "work_dependency": "chained"
        },
        "execution": {
          "actual_parallel_lanes": 1,
          "calibrated_timestamp_domain": false,
          "lane_assignment": "ordered_stream",
          "requested_parallel_lanes": 4,
          "submission_strategy": "direct"
        },
        "in_features": 768,
        "local_size": 32,
        "median_us": 11.004000157117844,
        "numeric_correctness": {
          "burst": {
            "expected_repetitions": [
              9
            ],
            "kl_divergence": 2.2535773514599988e-05,
            "max_abs": 0.015050888061523438,
            "mean_abs": 0.0016667910385876894,
            "oracle": "CPU Q8_0 dense q8_1+dp4a BF16 logits with KL/top-1 gate",
            "outputs_checked": 1,
            "pass": true,
            "top1": 1.0
          },
          "single": {
            "expected_repetitions": [
              0
            ],
            "kl_divergence": 1.1543760246709147e-05,
            "max_abs": 0.015120506286621094,
            "mean_abs": 0.0017210077494382858,
            "oracle": "CPU Q8_0 dense q8_1+dp4a BF16 logits with KL/top-1 gate",
            "outputs_checked": 1,
            "pass": true,
            "top1": 1.0
          }
        },
        "operation": "q8_0_dense_dp4a_quantize_plus_dot",
        "out_features": 2048,
        "q8_0_weight_bytes": 1671168,
        "q8_blocks_per_row": 24,
        "row_tile": 1,
        "rows": 4,
        "sequence_validation": {
          "burst_expected_repetitions": [
            9
          ],
          "input_repetition_pattern": "distinct_deterministic_salt",
          "output_partitioning": "shared",
          "single_expected_repetitions": [
            0
          ],
          "xq_partitioning": "shared"
        },
        "submission": {
          "completion_in_host_wall": true,
          "queue_or_stream_count": 1,
          "recording_in_timed_region": false,
          "strategy": "direct",
          "submit_in_host_wall": true
        },
        "timing": {
          "burst": {
            "dispatches_per_iteration": 2,
            "gpu_elapsed": {
              "clock": "hip_event",
              "per_iteration_us": {
                "max": 11.08810007572174,
                "median": 11.004000157117844,
                "min": 10.927999764680862,
                "n": 5,
                "p05": 10.932019799947739,
                "p95": 11.080900132656097,
                "samples": 5,
                "stdev": 0.0604769406196912
              },
              "sequence_us": {
                "max": 110.88100075721741,
                "median": 110.04000157117844,
                "min": 109.27999764680862,
                "n": 5,
                "p05": 109.32019799947739,
                "p95": 110.80900132656097,
                "samples": 5,
                "stdev": 0.604769406196912
              },
              "status": "ok"
            },
            "host_wall": {
              "clock": "steady_clock",
              "per_iteration_us": {
                "max": 13.9342,
                "median": 13.8593,
                "min": 13.2052,
                "n": 5,
                "p05": 13.270600000000002,
                "p95": 13.924199999999999,
                "samples": 5,
                "stdev": 0.2777401836249127
              },
              "sequence_us": {
                "max": 139.342,
                "median": 138.593,
                "min": 132.052,
                "n": 5,
                "p05": 132.706,
                "p95": 139.24200000000002,
                "samples": 5,
                "stdev": 2.777401836249128
              },
              "status": "ok"
            },
            "logical_iterations": 10
          },
          "single": {
            "dispatches_per_iteration": 2,
            "gpu_elapsed": {
              "clock": "hip_event",
              "per_iteration_us": {
                "max": 21.640000864863396,
                "median": 21.400000900030136,
                "min": 16.720000654459,
                "n": 5,
                "p05": 17.608000338077545,
                "p95": 21.616000682115555,
                "samples": 5,
                "stdev": 1.8906759296574067
              },
              "sequence_us": {
                "max": 21.640000864863396,
                "median": 21.400000900030136,
                "min": 16.720000654459,
                "n": 5,
                "p05": 17.608000338077545,
                "p95": 21.616000682115555,
                "samples": 5,
                "stdev": 1.8906759296574067
              },
              "status": "ok"
            },
            "host_wall": {
              "clock": "steady_clock",
              "per_iteration_us": {
                "max": 49.411,
                "median": 48.591,
                "min": 41.581,
                "n": 5,
                "p05": 42.8628,
                "p95": 49.297,
                "samples": 5,
                "stdev": 2.8871877251055214
              },
              "sequence_us": {
                "max": 49.411,
                "median": 48.591,
                "min": 41.581,
                "n": 5,
                "p05": 42.8628,
                "p95": 49.297,
                "samples": 5,
                "stdev": 2.8871877251055214
              },
              "status": "ok"
            },
            "logical_iterations": 1
          }
        },
        "timing_mode": "serial_latency",
        "variant": "single",
        "workgroup_match": "exact_hip_wave32"
      },
      {
        "backend": "hip",
        "correctness": {
          "single_dispatch": {
            "oracle": "CPU Q8_0 dense q8_1+dp4a BF16 logits with KL <= 0.05 and top-1 >= 90%",
            "status": "pass"
          },
          "synchronization": {
            "barrier_count": 0,
            "method": "hip_stream_order",
            "status": "pass"
          },
          "timed_sequence": {
            "coverage": "chained_final_state",
            "logical_iterations": 10,
            "oracle": "CPU Q8_0 dense q8_1+dp4a BF16 logits with KL <= 0.05 and top-1 >= 90%",
            "status": "pass"
          }
        },
        "correctness_pass": true,
        "dependency_contract": {
          "inter_dispatch_ordering": "hip_stream_order",
          "output_partitioning": "chained_shared",
          "validation_status": "pass",
          "work_dependency": "chained"
        },
        "execution": {
          "actual_parallel_lanes": 1,
          "calibrated_timestamp_domain": false,
          "lane_assignment": "ordered_stream",
          "requested_parallel_lanes": 4,
          "submission_strategy": "direct"
        },
        "in_features": 768,
        "local_size": 32,
        "median_us": 20.104099810123444,
        "numeric_correctness": {
          "burst": {
            "expected_repetitions": [
              9
            ],
            "kl_divergence": 2.2535773514599988e-05,
            "max_abs": 0.015050888061523438,
            "mean_abs": 0.0016667910385876894,
            "oracle": "CPU Q8_0 dense q8_1+dp4a BF16 logits with KL/top-1 gate",
            "outputs_checked": 1,
            "pass": true,
            "top1": 1.0
          },
          "single": {
            "expected_repetitions": [
              0
            ],
            "kl_divergence": 1.1543760246709147e-05,
            "max_abs": 0.015120506286621094,
            "mean_abs": 0.0017210077494382858,
            "oracle": "CPU Q8_0 dense q8_1+dp4a BF16 logits with KL/top-1 gate",
            "outputs_checked": 1,
            "pass": true,
            "top1": 1.0
          }
        },
        "operation": "q8_0_dense_dp4a_dot_prequantized",
        "out_features": 2048,
        "q8_0_weight_bytes": 1671168,
        "q8_blocks_per_row": 24,
        "row_tile": 4,
        "rows": 4,
        "sequence_validation": {
          "burst_expected_repetitions": [
            9
          ],
          "input_repetition_pattern": "distinct_deterministic_salt",
          "output_partitioning": "shared",
          "single_expected_repetitions": [
            0
          ],
          "xq_partitioning": "shared"
        },
        "submission": {
          "completion_in_host_wall": true,
          "queue_or_stream_count": 1,
          "recording_in_timed_region": false,
          "strategy": "direct",
          "submit_in_host_wall": true
        },
        "timing": {
          "burst": {
            "dispatches_per_iteration": 1,
            "gpu_elapsed": {
              "clock": "hip_event",
              "per_iteration_us": {
                "max": 23.044100403785706,
                "median": 20.104099810123444,
                "min": 17.48410016298294,
                "n": 5,
                "p05": 17.4905002117157,
                "p95": 22.458500266075134,
                "samples": 5,
                "stdev": 2.058542234625437
              },
              "sequence_us": {
                "max": 230.44100403785706,
                "median": 201.04099810123444,
                "min": 174.8410016298294,
                "n": 5,
                "p05": 174.90500211715698,
                "p95": 224.58500266075134,
                "samples": 5,
                "stdev": 20.58542234625437
              },
              "status": "ok"
            },
            "host_wall": {
              "clock": "steady_clock",
              "per_iteration_us": {
                "max": 26.024400000000004,
                "median": 22.601300000000002,
                "min": 19.6603,
                "n": 5,
                "p05": 19.72332,
                "p95": 25.41438,
                "samples": 5,
                "stdev": 2.314062570113437
              },
              "sequence_us": {
                "max": 260.244,
                "median": 226.013,
                "min": 196.603,
                "n": 5,
                "p05": 197.2332,
                "p95": 254.1438,
                "samples": 5,
                "stdev": 23.14062570113437
              },
              "status": "ok"
            },
            "logical_iterations": 10
          },
          "single": {
            "dispatches_per_iteration": 1,
            "gpu_elapsed": {
              "clock": "hip_event",
              "per_iteration_us": {
                "max": 32.71999955177307,
                "median": 32.32099860906601,
                "min": 25.63999965786934,
                "n": 5,
                "p05": 25.880199670791626,
                "p95": 32.68799930810928,
                "samples": 5,
                "stdev": 3.10890863951562
              },
              "sequence_us": {
                "max": 32.71999955177307,
                "median": 32.32099860906601,
                "min": 25.63999965786934,
                "n": 5,
                "p05": 25.880199670791626,
                "p95": 32.68799930810928,
                "samples": 5,
                "stdev": 3.10890863951562
              },
              "status": "ok"
            },
            "host_wall": {
              "clock": "steady_clock",
              "per_iteration_us": {
                "max": 63.201,
                "median": 62.061,
                "min": 52.691,
                "n": 5,
                "p05": 52.74900000000001,
                "p95": 63.138999999999996,
                "samples": 5,
                "stdev": 4.856206750129157
              },
              "sequence_us": {
                "max": 63.201,
                "median": 62.061,
                "min": 52.691,
                "n": 5,
                "p05": 52.74900000000001,
                "p95": 63.138999999999996,
                "samples": 5,
                "stdev": 4.856206750129157
              },
              "status": "ok"
            },
            "logical_iterations": 1
          }
        },
        "timing_mode": "serial_latency",
        "variant": "rowtile4",
        "workgroup_match": "exact_hip_wave32"
      },
      {
        "backend": "hip",
        "correctness": {
          "single_dispatch": {
            "oracle": "CPU Q8_0 dense q8_1+dp4a BF16 logits with KL <= 0.05 and top-1 >= 90%",
            "status": "pass"
          },
          "synchronization": {
            "barrier_count": 0,
            "method": "hip_stream_order",
            "status": "pass"
          },
          "timed_sequence": {
            "coverage": "chained_final_state",
            "logical_iterations": 10,
            "oracle": "CPU Q8_0 dense q8_1+dp4a BF16 logits with KL <= 0.05 and top-1 >= 90%",
            "status": "pass"
          }
        },
        "correctness_pass": true,
        "dependency_contract": {
          "inter_dispatch_ordering": "hip_stream_order",
          "output_partitioning": "chained_shared",
          "validation_status": "pass",
          "work_dependency": "chained"
        },
        "execution": {
          "actual_parallel_lanes": 1,
          "calibrated_timestamp_domain": false,
          "lane_assignment": "ordered_stream",
          "requested_parallel_lanes": 4,
          "submission_strategy": "direct"
        },
        "in_features": 768,
        "local_size": 32,
        "median_us": 23.076100647449493,
        "numeric_correctness": {
          "burst": {
            "expected_repetitions": [
              9
            ],
            "kl_divergence": 2.2535773514599988e-05,
            "max_abs": 0.015050888061523438,
            "mean_abs": 0.0016667910385876894,
            "oracle": "CPU Q8_0 dense q8_1+dp4a BF16 logits with KL/top-1 gate",
            "outputs_checked": 1,
            "pass": true,
            "top1": 1.0
          },
          "single": {
            "expected_repetitions": [
              0
            ],
            "kl_divergence": 1.1543760246709147e-05,
            "max_abs": 0.015120506286621094,
            "mean_abs": 0.0017210077494382858,
            "oracle": "CPU Q8_0 dense q8_1+dp4a BF16 logits with KL/top-1 gate",
            "outputs_checked": 1,
            "pass": true,
            "top1": 1.0
          }
        },
        "operation": "q8_0_dense_dp4a_quantize_plus_dot",
        "out_features": 2048,
        "q8_0_weight_bytes": 1671168,
        "q8_blocks_per_row": 24,
        "row_tile": 4,
        "rows": 4,
        "sequence_validation": {
          "burst_expected_repetitions": [
            9
          ],
          "input_repetition_pattern": "distinct_deterministic_salt",
          "output_partitioning": "shared",
          "single_expected_repetitions": [
            0
          ],
          "xq_partitioning": "shared"
        },
        "submission": {
          "completion_in_host_wall": true,
          "queue_or_stream_count": 1,
          "recording_in_timed_region": false,
          "strategy": "direct",
          "submit_in_host_wall": true
        },
        "timing": {
          "burst": {
            "dispatches_per_iteration": 2,
            "gpu_elapsed": {
              "clock": "hip_event",
              "per_iteration_us": {
                "max": 25.408101081848145,
                "median": 23.076100647449493,
                "min": 20.792099833488464,
                "n": 5,
                "p05": 20.8160999417305,
                "p95": 25.13130098581314,
                "samples": 5,
                "stdev": 1.7868207359293973
              },
              "sequence_us": {
                "max": 254.08101081848145,
                "median": 230.76100647449493,
                "min": 207.92099833488464,
                "n": 5,
                "p05": 208.160999417305,
                "p95": 251.3130098581314,
                "samples": 5,
                "stdev": 17.868207359293972
              },
              "status": "ok"
            },
            "host_wall": {
              "clock": "steady_clock",
              "per_iteration_us": {
                "max": 28.423399999999997,
                "median": 25.742399999999996,
                "min": 23.5933,
                "n": 5,
                "p05": 23.6123,
                "p95": 28.057599999999997,
                "samples": 5,
                "stdev": 1.8254746786521023
              },
              "sequence_us": {
                "max": 284.234,
                "median": 257.424,
                "min": 235.933,
                "n": 5,
                "p05": 236.123,
                "p95": 280.57599999999996,
                "samples": 5,
                "stdev": 18.25474678652103
              },
              "status": "ok"
            },
            "logical_iterations": 10
          },
          "single": {
            "dispatches_per_iteration": 2,
            "gpu_elapsed": {
              "clock": "hip_event",
              "per_iteration_us": {
                "max": 36.400001496076584,
                "median": 34.00000184774399,
                "min": 33.67999941110611,
                "n": 5,
                "p05": 33.67999941110611,
                "p95": 36.00800111889839,
                "samples": 5,
                "stdev": 1.0188627021192593
              },
              "sequence_us": {
                "max": 36.400001496076584,
                "median": 34.00000184774399,
                "min": 33.67999941110611,
                "n": 5,
                "p05": 33.67999941110611,
                "p95": 36.00800111889839,
                "samples": 5,
                "stdev": 1.0188627021192593
              },
              "status": "ok"
            },
            "host_wall": {
              "clock": "steady_clock",
              "per_iteration_us": {
                "max": 63.771,
                "median": 61.151,
                "min": 60.691,
                "n": 5,
                "p05": 60.781000000000006,
                "p95": 63.475,
                "samples": 5,
                "stdev": 1.114529497142179
              },
              "sequence_us": {
                "max": 63.771,
                "median": 61.151,
                "min": 60.691,
                "n": 5,
                "p05": 60.781000000000006,
                "p95": 63.475,
                "samples": 5,
                "stdev": 1.114529497142179
              },
              "status": "ok"
            },
            "logical_iterations": 1
          }
        },
        "timing_mode": "serial_latency",
        "variant": "rowtile4",
        "workgroup_match": "exact_hip_wave32"
      },
      {
        "backend": "hip",
        "correctness": {
          "single_dispatch": {
            "oracle": "CPU Q8_0 dense q8_1+dp4a BF16 logits with KL <= 0.05 and top-1 >= 90%",
            "status": "pass"
          },
          "synchronization": {
            "barrier_count": 0,
            "method": "hip_stream_order",
            "status": "pass"
          },
          "timed_sequence": {
            "coverage": "chained_final_state",
            "logical_iterations": 10,
            "oracle": "CPU Q8_0 dense q8_1+dp4a BF16 logits with KL <= 0.05 and top-1 >= 90%",
            "status": "pass"
          }
        },
        "correctness_pass": true,
        "dependency_contract": {
          "inter_dispatch_ordering": "hip_stream_order",
          "output_partitioning": "chained_shared",
          "validation_status": "pass",
          "work_dependency": "chained"
        },
        "execution": {
          "actual_parallel_lanes": 1,
          "calibrated_timestamp_domain": false,
          "lane_assignment": "ordered_stream",
          "requested_parallel_lanes": 4,
          "submission_strategy": "direct"
        },
        "in_features": 2048,
        "local_size": 32,
        "median_us": 4.1200000792741776,
        "numeric_correctness": {
          "burst": {
            "expected_repetitions": [
              9
            ],
            "kl_divergence": 3.700663128005921e-05,
            "max_abs": 0.02789306640625,
            "mean_abs": 0.0034960899502038956,
            "oracle": "CPU Q8_0 dense q8_1+dp4a BF16 logits with KL/top-1 gate",
            "outputs_checked": 1,
            "pass": true,
            "top1": 1.0
          },
          "single": {
            "expected_repetitions": [
              0
            ],
            "kl_divergence": 2.433502797593441e-05,
            "max_abs": 0.015345096588134766,
            "mean_abs": 0.0030660531483590603,
            "oracle": "CPU Q8_0 dense q8_1+dp4a BF16 logits with KL/top-1 gate",
            "outputs_checked": 1,
            "pass": true,
            "top1": 1.0
          }
        },
        "operation": "q8_1_quantize",
        "out_features": 2048,
        "q8_0_weight_bytes": 4456448,
        "q8_blocks_per_row": 64,
        "row_tile": 0,
        "rows": 1,
        "sequence_validation": {
          "burst_expected_repetitions": [
            9
          ],
          "input_repetition_pattern": "distinct_deterministic_salt",
          "output_partitioning": "shared",
          "single_expected_repetitions": [
            0
          ],
          "xq_partitioning": "shared"
        },
        "submission": {
          "completion_in_host_wall": true,
          "queue_or_stream_count": 1,
          "recording_in_timed_region": false,
          "strategy": "direct",
          "submit_in_host_wall": true
        },
        "timing": {
          "burst": {
            "dispatches_per_iteration": 1,
            "gpu_elapsed": {
              "clock": "hip_event",
              "per_iteration_us": {
                "max": 4.51200008392334,
                "median": 4.1200000792741776,
                "min": 3.9880000054836273,
                "n": 5,
                "p05": 3.9952000230550766,
                "p95": 4.511220082640648,
                "samples": 5,
                "stdev": 0.23236297450657775
              },
              "sequence_us": {
                "max": 45.1200008392334,
                "median": 41.200000792741776,
                "min": 39.88000005483627,
                "n": 5,
                "p05": 39.952000230550766,
                "p95": 45.11220082640648,
                "samples": 5,
                "stdev": 2.3236297450657775
              },
              "status": "ok"
            },
            "host_wall": {
              "clock": "steady_clock",
              "per_iteration_us": {
                "max": 7.1731,
                "median": 6.895099999999999,
                "min": 6.692100000000001,
                "n": 5,
                "p05": 6.705100000000001,
                "p95": 7.151299999999999,
                "samples": 5,
                "stdev": 0.18102530209890547
              },
              "sequence_us": {
                "max": 71.731,
                "median": 68.951,
                "min": 66.921,
                "n": 5,
                "p05": 67.051,
                "p95": 71.513,
                "samples": 5,
                "stdev": 1.8102530209890533
              },
              "status": "ok"
            },
            "logical_iterations": 10
          },
          "single": {
            "dispatches_per_iteration": 1,
            "gpu_elapsed": {
              "clock": "hip_event",
              "per_iteration_us": {
                "max": 9.920000098645687,
                "median": 9.879999794065952,
                "min": 9.759999811649323,
                "n": 5,
                "p05": 9.775999933481216,
                "p95": 9.920000098645687,
                "samples": 5,
                "stdev": 0.05986657579171818
              },
              "sequence_us": {
                "max": 9.920000098645687,
                "median": 9.879999794065952,
                "min": 9.759999811649323,
                "n": 5,
                "p05": 9.775999933481216,
                "p95": 9.920000098645687,
                "samples": 5,
                "stdev": 0.05986657579171818
              },
              "status": "ok"
            },
            "host_wall": {
              "clock": "steady_clock",
              "per_iteration_us": {
                "max": 38.621,
                "median": 36.431,
                "min": 36.111,
                "n": 5,
                "p05": 36.1708,
                "p95": 38.220800000000004,
                "samples": 5,
                "stdev": 0.9059771741053986
              },
              "sequence_us": {
                "max": 38.621,
                "median": 36.431,
                "min": 36.111,
                "n": 5,
                "p05": 36.1708,
                "p95": 38.220800000000004,
                "samples": 5,
                "stdev": 0.9059771741053986
              },
              "status": "ok"
            },
            "logical_iterations": 1
          }
        },
        "timing_mode": "serial_latency",
        "variant": "quantize",
        "workgroup_match": "exact_hip_wave32"
      },
      {
        "backend": "hip",
        "correctness": {
          "single_dispatch": {
            "oracle": "CPU Q8_0 dense q8_1+dp4a BF16 logits with KL <= 0.05 and top-1 >= 90%",
            "status": "pass"
          },
          "synchronization": {
            "barrier_count": 0,
            "method": "hip_stream_order",
            "status": "pass"
          },
          "timed_sequence": {
            "coverage": "chained_final_state",
            "logical_iterations": 10,
            "oracle": "CPU Q8_0 dense q8_1+dp4a BF16 logits with KL <= 0.05 and top-1 >= 90%",
            "status": "pass"
          }
        },
        "correctness_pass": true,
        "dependency_contract": {
          "inter_dispatch_ordering": "hip_stream_order",
          "output_partitioning": "chained_shared",
          "validation_status": "pass",
          "work_dependency": "chained"
        },
        "execution": {
          "actual_parallel_lanes": 1,
          "calibrated_timestamp_domain": false,
          "lane_assignment": "ordered_stream",
          "requested_parallel_lanes": 4,
          "submission_strategy": "direct"
        },
        "in_features": 2048,
        "local_size": 32,
        "median_us": 17.504100501537323,
        "numeric_correctness": {
          "burst": {
            "expected_repetitions": [
              9
            ],
            "kl_divergence": 3.700663128005921e-05,
            "max_abs": 0.02789306640625,
            "mean_abs": 0.0034960899502038956,
            "oracle": "CPU Q8_0 dense q8_1+dp4a BF16 logits with KL/top-1 gate",
            "outputs_checked": 1,
            "pass": true,
            "top1": 1.0
          },
          "single": {
            "expected_repetitions": [
              0
            ],
            "kl_divergence": 2.433502797593441e-05,
            "max_abs": 0.015345096588134766,
            "mean_abs": 0.0030660531483590603,
            "oracle": "CPU Q8_0 dense q8_1+dp4a BF16 logits with KL/top-1 gate",
            "outputs_checked": 1,
            "pass": true,
            "top1": 1.0
          }
        },
        "operation": "q8_0_dense_dp4a_dot_prequantized",
        "out_features": 2048,
        "q8_0_weight_bytes": 4456448,
        "q8_blocks_per_row": 64,
        "row_tile": 1,
        "rows": 1,
        "sequence_validation": {
          "burst_expected_repetitions": [
            9
          ],
          "input_repetition_pattern": "distinct_deterministic_salt",
          "output_partitioning": "shared",
          "single_expected_repetitions": [
            0
          ],
          "xq_partitioning": "shared"
        },
        "submission": {
          "completion_in_host_wall": true,
          "queue_or_stream_count": 1,
          "recording_in_timed_region": false,
          "strategy": "direct",
          "submit_in_host_wall": true
        },
        "timing": {
          "burst": {
            "dispatches_per_iteration": 1,
            "gpu_elapsed": {
              "clock": "hip_event",
              "per_iteration_us": {
                "max": 19.192099571228027,
                "median": 17.504100501537323,
                "min": 17.41199940443039,
                "n": 5,
                "p05": 17.427219450473785,
                "p95": 18.937699794769287,
                "samples": 5,
                "stdev": 0.6684929998297818
              },
              "sequence_us": {
                "max": 191.92099571228027,
                "median": 175.04100501537323,
                "min": 174.1199940443039,
                "n": 5,
                "p05": 174.27219450473785,
                "p95": 189.37699794769287,
                "samples": 5,
                "stdev": 6.684929998297818
              },
              "status": "ok"
            },
            "host_wall": {
              "clock": "steady_clock",
              "per_iteration_us": {
                "max": 21.653299999999998,
                "median": 20.4294,
                "min": 19.9263,
                "n": 5,
                "p05": 19.9795,
                "p95": 21.5215,
                "samples": 5,
                "stdev": 0.617487950975563
              },
              "sequence_us": {
                "max": 216.533,
                "median": 204.294,
                "min": 199.263,
                "n": 5,
                "p05": 199.79500000000002,
                "p95": 215.215,
                "samples": 5,
                "stdev": 6.17487950975563
              },
              "status": "ok"
            },
            "logical_iterations": 10
          },
          "single": {
            "dispatches_per_iteration": 1,
            "gpu_elapsed": {
              "clock": "hip_event",
              "per_iteration_us": {
                "max": 24.76000040769577,
                "median": 22.39999920129776,
                "min": 22.040000185370445,
                "n": 5,
                "p05": 22.080200165510178,
                "p95": 24.288000166416168,
                "samples": 5,
                "stdev": 1.0046519038654196
              },
              "sequence_us": {
                "max": 24.76000040769577,
                "median": 22.39999920129776,
                "min": 22.040000185370445,
                "n": 5,
                "p05": 22.080200165510178,
                "p95": 24.288000166416168,
                "samples": 5,
                "stdev": 1.0046519038654196
              },
              "status": "ok"
            },
            "host_wall": {
              "clock": "steady_clock",
              "per_iteration_us": {
                "max": 48.431,
                "median": 45.18,
                "min": 44.761,
                "n": 5,
                "p05": 44.793000000000006,
                "p95": 47.9328,
                "samples": 5,
                "stdev": 1.3540653750834915
              },
              "sequence_us": {
                "max": 48.431,
                "median": 45.18,
                "min": 44.761,
                "n": 5,
                "p05": 44.793000000000006,
                "p95": 47.9328,
                "samples": 5,
                "stdev": 1.3540653750834915
              },
              "status": "ok"
            },
            "logical_iterations": 1
          }
        },
        "timing_mode": "serial_latency",
        "variant": "single",
        "workgroup_match": "exact_hip_wave32"
      },
      {
        "backend": "hip",
        "correctness": {
          "single_dispatch": {
            "oracle": "CPU Q8_0 dense q8_1+dp4a BF16 logits with KL <= 0.05 and top-1 >= 90%",
            "status": "pass"
          },
          "synchronization": {
            "barrier_count": 0,
            "method": "hip_stream_order",
            "status": "pass"
          },
          "timed_sequence": {
            "coverage": "chained_final_state",
            "logical_iterations": 10,
            "oracle": "CPU Q8_0 dense q8_1+dp4a BF16 logits with KL <= 0.05 and top-1 >= 90%",
            "status": "pass"
          }
        },
        "correctness_pass": true,
        "dependency_contract": {
          "inter_dispatch_ordering": "hip_stream_order",
          "output_partitioning": "chained_shared",
          "validation_status": "pass",
          "work_dependency": "chained"
        },
        "execution": {
          "actual_parallel_lanes": 1,
          "calibrated_timestamp_domain": false,
          "lane_assignment": "ordered_stream",
          "requested_parallel_lanes": 4,
          "submission_strategy": "direct"
        },
        "in_features": 2048,
        "local_size": 32,
        "median_us": 20.85220068693161,
        "numeric_correctness": {
          "burst": {
            "expected_repetitions": [
              9
            ],
            "kl_divergence": 3.700663128005921e-05,
            "max_abs": 0.02789306640625,
            "mean_abs": 0.0034960899502038956,
            "oracle": "CPU Q8_0 dense q8_1+dp4a BF16 logits with KL/top-1 gate",
            "outputs_checked": 1,
            "pass": true,
            "top1": 1.0
          },
          "single": {
            "expected_repetitions": [
              0
            ],
            "kl_divergence": 2.433502797593441e-05,
            "max_abs": 0.015345096588134766,
            "mean_abs": 0.0030660531483590603,
            "oracle": "CPU Q8_0 dense q8_1+dp4a BF16 logits with KL/top-1 gate",
            "outputs_checked": 1,
            "pass": true,
            "top1": 1.0
          }
        },
        "operation": "q8_0_dense_dp4a_quantize_plus_dot",
        "out_features": 2048,
        "q8_0_weight_bytes": 4456448,
        "q8_blocks_per_row": 64,
        "row_tile": 1,
        "rows": 1,
        "sequence_validation": {
          "burst_expected_repetitions": [
            9
          ],
          "input_repetition_pattern": "distinct_deterministic_salt",
          "output_partitioning": "shared",
          "single_expected_repetitions": [
            0
          ],
          "xq_partitioning": "shared"
        },
        "submission": {
          "completion_in_host_wall": true,
          "queue_or_stream_count": 1,
          "recording_in_timed_region": false,
          "strategy": "direct",
          "submit_in_host_wall": true
        },
        "timing": {
          "burst": {
            "dispatches_per_iteration": 2,
            "gpu_elapsed": {
              "clock": "hip_event",
              "per_iteration_us": {
                "max": 22.04809933900833,
                "median": 20.85220068693161,
                "min": 20.820100605487823,
                "n": 5,
                "p05": 20.82330048084259,
                "p95": 21.817699372768402,
                "samples": 5,
                "stdev": 0.4794600729185367
              },
              "sequence_us": {
                "max": 220.4809933900833,
                "median": 208.5220068693161,
                "min": 208.20100605487823,
                "n": 5,
                "p05": 208.2330048084259,
                "p95": 218.17699372768402,
                "samples": 5,
                "stdev": 4.794600729185367
              },
              "status": "ok"
            },
            "host_wall": {
              "clock": "steady_clock",
              "per_iteration_us": {
                "max": 24.529400000000003,
                "median": 23.3324,
                "min": 23.1404,
                "n": 5,
                "p05": 23.1756,
                "p95": 24.395400000000002,
                "samples": 5,
                "stdev": 0.5075444414039044
              },
              "sequence_us": {
                "max": 245.294,
                "median": 233.324,
                "min": 231.404,
                "n": 5,
                "p05": 231.756,
                "p95": 243.954,
                "samples": 5,
                "stdev": 5.075444414039035
              },
              "status": "ok"
            },
            "logical_iterations": 10
          },
          "single": {
            "dispatches_per_iteration": 2,
            "gpu_elapsed": {
              "clock": "hip_event",
              "per_iteration_us": {
                "max": 28.759999200701714,
                "median": 25.919999927282333,
                "min": 25.72000026702881,
                "n": 5,
                "p05": 25.736000388860703,
                "p95": 28.71999926865101,
                "samples": 5,
                "stdev": 1.3974600606252006
              },
              "sequence_us": {
                "max": 28.759999200701714,
                "median": 25.919999927282333,
                "min": 25.72000026702881,
                "n": 5,
                "p05": 25.736000388860703,
                "p95": 28.71999926865101,
                "samples": 5,
                "stdev": 1.3974600606252006
              },
              "status": "ok"
            },
            "host_wall": {
              "clock": "steady_clock",
              "per_iteration_us": {
                "max": 53.461,
                "median": 50.071,
                "min": 48.62,
                "n": 5,
                "p05": 48.6602,
                "p95": 53.311,
                "samples": 5,
                "stdev": 1.9956529157145542
              },
              "sequence_us": {
                "max": 53.461,
                "median": 50.071,
                "min": 48.62,
                "n": 5,
                "p05": 48.6602,
                "p95": 53.311,
                "samples": 5,
                "stdev": 1.9956529157145542
              },
              "status": "ok"
            },
            "logical_iterations": 1
          }
        },
        "timing_mode": "serial_latency",
        "variant": "single",
        "workgroup_match": "exact_hip_wave32"
      },
      {
        "backend": "hip",
        "correctness": {
          "single_dispatch": {
            "oracle": "CPU Q8_0 dense q8_1+dp4a BF16 logits with KL <= 0.05 and top-1 >= 90%",
            "status": "pass"
          },
          "synchronization": {
            "barrier_count": 0,
            "method": "hip_stream_order",
            "status": "pass"
          },
          "timed_sequence": {
            "coverage": "chained_final_state",
            "logical_iterations": 10,
            "oracle": "CPU Q8_0 dense q8_1+dp4a BF16 logits with KL <= 0.05 and top-1 >= 90%",
            "status": "pass"
          }
        },
        "correctness_pass": true,
        "dependency_contract": {
          "inter_dispatch_ordering": "hip_stream_order",
          "output_partitioning": "chained_shared",
          "validation_status": "pass",
          "work_dependency": "chained"
        },
        "execution": {
          "actual_parallel_lanes": 1,
          "calibrated_timestamp_domain": false,
          "lane_assignment": "ordered_stream",
          "requested_parallel_lanes": 4,
          "submission_strategy": "direct"
        },
        "in_features": 2048,
        "local_size": 32,
        "median_us": 20.11210024356842,
        "numeric_correctness": {
          "burst": {
            "expected_repetitions": [
              9
            ],
            "kl_divergence": 3.700663128005921e-05,
            "max_abs": 0.02789306640625,
            "mean_abs": 0.0034960899502038956,
            "oracle": "CPU Q8_0 dense q8_1+dp4a BF16 logits with KL/top-1 gate",
            "outputs_checked": 1,
            "pass": true,
            "top1": 1.0
          },
          "single": {
            "expected_repetitions": [
              0
            ],
            "kl_divergence": 2.433502797593441e-05,
            "max_abs": 0.015345096588134766,
            "mean_abs": 0.0030660531483590603,
            "oracle": "CPU Q8_0 dense q8_1+dp4a BF16 logits with KL/top-1 gate",
            "outputs_checked": 1,
            "pass": true,
            "top1": 1.0
          }
        },
        "operation": "q8_0_dense_dp4a_dot_prequantized",
        "out_features": 2048,
        "q8_0_weight_bytes": 4456448,
        "q8_blocks_per_row": 64,
        "row_tile": 4,
        "rows": 1,
        "sequence_validation": {
          "burst_expected_repetitions": [
            9
          ],
          "input_repetition_pattern": "distinct_deterministic_salt",
          "output_partitioning": "shared",
          "single_expected_repetitions": [
            0
          ],
          "xq_partitioning": "shared"
        },
        "submission": {
          "completion_in_host_wall": true,
          "queue_or_stream_count": 1,
          "recording_in_timed_region": false,
          "strategy": "direct",
          "submit_in_host_wall": true
        },
        "timing": {
          "burst": {
            "dispatches_per_iteration": 1,
            "gpu_elapsed": {
              "clock": "hip_event",
              "per_iteration_us": {
                "max": 21.236099302768707,
                "median": 20.11210024356842,
                "min": 17.420099675655365,
                "n": 5,
                "p05": 17.803299725055695,
                "p95": 21.023299396038055,
                "samples": 5,
                "stdev": 1.2706442522470145
              },
              "sequence_us": {
                "max": 212.36099302768707,
                "median": 201.1210024356842,
                "min": 174.20099675655365,
                "n": 5,
                "p05": 178.03299725055695,
                "p95": 210.23299396038055,
                "samples": 5,
                "stdev": 12.706442522470146
              },
              "status": "ok"
            },
            "host_wall": {
              "clock": "steady_clock",
              "per_iteration_us": {
                "max": 24.2114,
                "median": 22.7034,
                "min": 20.0793,
                "n": 5,
                "p05": 20.48432,
                "p95": 24.031,
                "samples": 5,
                "stdev": 1.3885230461177087
              },
              "sequence_us": {
                "max": 242.114,
                "median": 227.034,
                "min": 200.793,
                "n": 5,
                "p05": 204.84320000000002,
                "p95": 240.31,
                "samples": 5,
                "stdev": 13.885230461177082
              },
              "status": "ok"
            },
            "logical_iterations": 10
          },
          "single": {
            "dispatches_per_iteration": 1,
            "gpu_elapsed": {
              "clock": "hip_event",
              "per_iteration_us": {
                "max": 32.51999989151955,
                "median": 32.44100138545036,
                "min": 32.280001789331436,
                "n": 5,
                "p05": 32.28820115327835,
                "p95": 32.51999989151955,
                "samples": 5,
                "stdev": 0.09977675127707449
              },
              "sequence_us": {
                "max": 32.51999989151955,
                "median": 32.44100138545036,
                "min": 32.280001789331436,
                "n": 5,
                "p05": 32.28820115327835,
                "p95": 32.51999989151955,
                "samples": 5,
                "stdev": 0.09977675127707449
              },
              "status": "ok"
            },
            "host_wall": {
              "clock": "steady_clock",
              "per_iteration_us": {
                "max": 63.711,
                "median": 62.811,
                "min": 62.391,
                "n": 5,
                "p05": 62.431000000000004,
                "p95": 63.541,
                "samples": 5,
                "stdev": 0.4512382962471157
              },
              "sequence_us": {
                "max": 63.711,
                "median": 62.811,
                "min": 62.391,
                "n": 5,
                "p05": 62.431000000000004,
                "p95": 63.541,
                "samples": 5,
                "stdev": 0.4512382962471157
              },
              "status": "ok"
            },
            "logical_iterations": 1
          }
        },
        "timing_mode": "serial_latency",
        "variant": "rowtile4",
        "workgroup_match": "exact_hip_wave32"
      },
      {
        "backend": "hip",
        "correctness": {
          "single_dispatch": {
            "oracle": "CPU Q8_0 dense q8_1+dp4a BF16 logits with KL <= 0.05 and top-1 >= 90%",
            "status": "pass"
          },
          "synchronization": {
            "barrier_count": 0,
            "method": "hip_stream_order",
            "status": "pass"
          },
          "timed_sequence": {
            "coverage": "chained_final_state",
            "logical_iterations": 10,
            "oracle": "CPU Q8_0 dense q8_1+dp4a BF16 logits with KL <= 0.05 and top-1 >= 90%",
            "status": "pass"
          }
        },
        "correctness_pass": true,
        "dependency_contract": {
          "inter_dispatch_ordering": "hip_stream_order",
          "output_partitioning": "chained_shared",
          "validation_status": "pass",
          "work_dependency": "chained"
        },
        "execution": {
          "actual_parallel_lanes": 1,
          "calibrated_timestamp_domain": false,
          "lane_assignment": "ordered_stream",
          "requested_parallel_lanes": 4,
          "submission_strategy": "direct"
        },
        "in_features": 2048,
        "local_size": 32,
        "median_us": 20.840099453926086,
        "numeric_correctness": {
          "burst": {
            "expected_repetitions": [
              9
            ],
            "kl_divergence": 3.700663128005921e-05,
            "max_abs": 0.02789306640625,
            "mean_abs": 0.0034960899502038956,
            "oracle": "CPU Q8_0 dense q8_1+dp4a BF16 logits with KL/top-1 gate",
            "outputs_checked": 1,
            "pass": true,
            "top1": 1.0
          },
          "single": {
            "expected_repetitions": [
              0
            ],
            "kl_divergence": 2.433502797593441e-05,
            "max_abs": 0.015345096588134766,
            "mean_abs": 0.0030660531483590603,
            "oracle": "CPU Q8_0 dense q8_1+dp4a BF16 logits with KL/top-1 gate",
            "outputs_checked": 1,
            "pass": true,
            "top1": 1.0
          }
        },
        "operation": "q8_0_dense_dp4a_quantize_plus_dot",
        "out_features": 2048,
        "q8_0_weight_bytes": 4456448,
        "q8_blocks_per_row": 64,
        "row_tile": 4,
        "rows": 1,
        "sequence_validation": {
          "burst_expected_repetitions": [
            9
          ],
          "input_repetition_pattern": "distinct_deterministic_salt",
          "output_partitioning": "shared",
          "single_expected_repetitions": [
            0
          ],
          "xq_partitioning": "shared"
        },
        "submission": {
          "completion_in_host_wall": true,
          "queue_or_stream_count": 1,
          "recording_in_timed_region": false,
          "strategy": "direct",
          "submit_in_host_wall": true
        },
        "timing": {
          "burst": {
            "dispatches_per_iteration": 2,
            "gpu_elapsed": {
              "clock": "hip_event",
              "per_iteration_us": {
                "max": 20.944100618362427,
                "median": 20.840099453926086,
                "min": 20.78009992837906,
                "n": 5,
                "p05": 20.78009992837906,
                "p95": 20.930500626564026,
                "samples": 5,
                "stdev": 0.06201965587908559
              },
              "sequence_us": {
                "max": 209.44100618362427,
                "median": 208.40099453926086,
                "min": 207.8009992837906,
                "n": 5,
                "p05": 207.8009992837906,
                "p95": 209.30500626564026,
                "samples": 5,
                "stdev": 0.6201965587908559
              },
              "status": "ok"
            },
            "host_wall": {
              "clock": "steady_clock",
              "per_iteration_us": {
                "max": 23.735400000000002,
                "median": 23.5893,
                "min": 23.313399999999998,
                "n": 5,
                "p05": 23.32698,
                "p95": 23.708380000000002,
                "samples": 5,
                "stdev": 0.15459066724741286
              },
              "sequence_us": {
                "max": 237.354,
                "median": 235.893,
                "min": 233.134,
                "n": 5,
                "p05": 233.2698,
                "p95": 237.0838,
                "samples": 5,
                "stdev": 1.5459066724741264
              },
              "status": "ok"
            },
            "logical_iterations": 10
          },
          "single": {
            "dispatches_per_iteration": 2,
            "gpu_elapsed": {
              "clock": "hip_event",
              "per_iteration_us": {
                "max": 33.76099839806557,
                "median": 33.440001308918,
                "min": 25.520000606775284,
                "n": 5,
                "p05": 26.952000707387924,
                "p95": 33.76079872250557,
                "samples": 5,
                "stdev": 3.1807020963662764
              },
              "sequence_us": {
                "max": 33.76099839806557,
                "median": 33.440001308918,
                "min": 25.520000606775284,
                "n": 5,
                "p05": 26.952000707387924,
                "p95": 33.76079872250557,
                "samples": 5,
                "stdev": 3.1807020963662764
              },
              "status": "ok"
            },
            "host_wall": {
              "clock": "steady_clock",
              "per_iteration_us": {
                "max": 61.131,
                "median": 60.541,
                "min": 49.111,
                "n": 5,
                "p05": 50.779,
                "p95": 61.092999999999996,
                "samples": 5,
                "stdev": 4.5626509838031675
              },
              "sequence_us": {
                "max": 61.131,
                "median": 60.541,
                "min": 49.111,
                "n": 5,
                "p05": 50.779,
                "p95": 61.092999999999996,
                "samples": 5,
                "stdev": 4.5626509838031675
              },
              "status": "ok"
            },
            "logical_iterations": 1
          }
        },
        "timing_mode": "serial_latency",
        "variant": "rowtile4",
        "workgroup_match": "exact_hip_wave32"
      },
      {
        "backend": "hip",
        "correctness": {
          "single_dispatch": {
            "oracle": "CPU Q8_0 dense q8_1+dp4a BF16 logits with KL <= 0.05 and top-1 >= 90%",
            "status": "pass"
          },
          "synchronization": {
            "barrier_count": 0,
            "method": "hip_stream_order",
            "status": "pass"
          },
          "timed_sequence": {
            "coverage": "chained_final_state",
            "logical_iterations": 10,
            "oracle": "CPU Q8_0 dense q8_1+dp4a BF16 logits with KL <= 0.05 and top-1 >= 90%",
            "status": "pass"
          }
        },
        "correctness_pass": true,
        "dependency_contract": {
          "inter_dispatch_ordering": "hip_stream_order",
          "output_partitioning": "chained_shared",
          "validation_status": "pass",
          "work_dependency": "chained"
        },
        "execution": {
          "actual_parallel_lanes": 1,
          "calibrated_timestamp_domain": false,
          "lane_assignment": "ordered_stream",
          "requested_parallel_lanes": 4,
          "submission_strategy": "direct"
        },
        "in_features": 2048,
        "local_size": 32,
        "median_us": 4.360099881887436,
        "numeric_correctness": {
          "burst": {
            "expected_repetitions": [
              9
            ],
            "kl_divergence": 5.4467423134534185e-05,
            "max_abs": 0.02789306640625,
            "mean_abs": 0.002122038509696722,
            "oracle": "CPU Q8_0 dense q8_1+dp4a BF16 logits with KL/top-1 gate",
            "outputs_checked": 1,
            "pass": true,
            "top1": 1.0
          },
          "single": {
            "expected_repetitions": [
              0
            ],
            "kl_divergence": 4.218463729143969e-05,
            "max_abs": 0.022086143493652344,
            "mean_abs": 0.0026487447321414948,
            "oracle": "CPU Q8_0 dense q8_1+dp4a BF16 logits with KL/top-1 gate",
            "outputs_checked": 1,
            "pass": true,
            "top1": 1.0
          }
        },
        "operation": "q8_1_quantize",
        "out_features": 2048,
        "q8_0_weight_bytes": 4456448,
        "q8_blocks_per_row": 64,
        "row_tile": 0,
        "rows": 4,
        "sequence_validation": {
          "burst_expected_repetitions": [
            9
          ],
          "input_repetition_pattern": "distinct_deterministic_salt",
          "output_partitioning": "shared",
          "single_expected_repetitions": [
            0
          ],
          "xq_partitioning": "shared"
        },
        "submission": {
          "completion_in_host_wall": true,
          "queue_or_stream_count": 1,
          "recording_in_timed_region": false,
          "strategy": "direct",
          "submit_in_host_wall": true
        },
        "timing": {
          "burst": {
            "dispatches_per_iteration": 1,
            "gpu_elapsed": {
              "clock": "hip_event",
              "per_iteration_us": {
                "max": 4.368099942803383,
                "median": 4.360099881887436,
                "min": 3.872000053524971,
                "n": 5,
                "p05": 3.880000039935112,
                "p95": 4.368079975247383,
                "samples": 5,
                "stdev": 0.2322805036762146
              },
              "sequence_us": {
                "max": 43.68099942803383,
                "median": 43.60099881887436,
                "min": 38.72000053524971,
                "n": 5,
                "p05": 38.80000039935112,
                "p95": 43.68079975247383,
                "samples": 5,
                "stdev": 2.322805036762146
              },
              "status": "ok"
            },
            "host_wall": {
              "clock": "steady_clock",
              "per_iteration_us": {
                "max": 7.3531,
                "median": 6.942100000000001,
                "min": 6.0271,
                "n": 5,
                "p05": 6.0947000000000005,
                "p95": 7.278700000000001,
                "samples": 5,
                "stdev": 0.47401333314580957
              },
              "sequence_us": {
                "max": 73.531,
                "median": 69.421,
                "min": 60.271,
                "n": 5,
                "p05": 60.94700000000001,
                "p95": 72.787,
                "samples": 5,
                "stdev": 4.740133331458095
              },
              "status": "ok"
            },
            "logical_iterations": 10
          },
          "single": {
            "dispatches_per_iteration": 1,
            "gpu_elapsed": {
              "clock": "hip_event",
              "per_iteration_us": {
                "max": 9.039999917149544,
                "median": 8.87999963015318,
                "min": 8.840000256896019,
                "n": 5,
                "p05": 8.848000131547451,
                "p95": 9.00799985975027,
                "samples": 5,
                "stdev": 0.0697423799998765
              },
              "sequence_us": {
                "max": 9.039999917149544,
                "median": 8.87999963015318,
                "min": 8.840000256896019,
                "n": 5,
                "p05": 8.848000131547451,
                "p95": 9.00799985975027,
                "samples": 5,
                "stdev": 0.0697423799998765
              },
              "status": "ok"
            },
            "host_wall": {
              "clock": "steady_clock",
              "per_iteration_us": {
                "max": 54.461,
                "median": 34.1,
                "min": 33.56,
                "n": 5,
                "p05": 33.6182,
                "p95": 50.7328,
                "samples": 5,
                "stdev": 8.089653505558813
              },
              "sequence_us": {
                "max": 54.461,
                "median": 34.1,
                "min": 33.56,
                "n": 5,
                "p05": 33.6182,
                "p95": 50.7328,
                "samples": 5,
                "stdev": 8.089653505558813
              },
              "status": "ok"
            },
            "logical_iterations": 1
          }
        },
        "timing_mode": "serial_latency",
        "variant": "quantize",
        "workgroup_match": "exact_hip_wave32"
      },
      {
        "backend": "hip",
        "correctness": {
          "single_dispatch": {
            "oracle": "CPU Q8_0 dense q8_1+dp4a BF16 logits with KL <= 0.05 and top-1 >= 90%",
            "status": "pass"
          },
          "synchronization": {
            "barrier_count": 0,
            "method": "hip_stream_order",
            "status": "pass"
          },
          "timed_sequence": {
            "coverage": "chained_final_state",
            "logical_iterations": 10,
            "oracle": "CPU Q8_0 dense q8_1+dp4a BF16 logits with KL <= 0.05 and top-1 >= 90%",
            "status": "pass"
          }
        },
        "correctness_pass": true,
        "dependency_contract": {
          "inter_dispatch_ordering": "hip_stream_order",
          "output_partitioning": "chained_shared",
          "validation_status": "pass",
          "work_dependency": "chained"
        },
        "execution": {
          "actual_parallel_lanes": 1,
          "calibrated_timestamp_domain": false,
          "lane_assignment": "ordered_stream",
          "requested_parallel_lanes": 4,
          "submission_strategy": "direct"
        },
        "in_features": 2048,
        "local_size": 32,
        "median_us": 11.795999854803085,
        "numeric_correctness": {
          "burst": {
            "expected_repetitions": [
              9
            ],
            "kl_divergence": 5.4467423134534185e-05,
            "max_abs": 0.02789306640625,
            "mean_abs": 0.002122038509696722,
            "oracle": "CPU Q8_0 dense q8_1+dp4a BF16 logits with KL/top-1 gate",
            "outputs_checked": 1,
            "pass": true,
            "top1": 1.0
          },
          "single": {
            "expected_repetitions": [
              0
            ],
            "kl_divergence": 4.218463729143969e-05,
            "max_abs": 0.022086143493652344,
            "mean_abs": 0.0026487447321414948,
            "oracle": "CPU Q8_0 dense q8_1+dp4a BF16 logits with KL/top-1 gate",
            "outputs_checked": 1,
            "pass": true,
            "top1": 1.0
          }
        },
        "operation": "q8_0_dense_dp4a_dot_prequantized",
        "out_features": 2048,
        "q8_0_weight_bytes": 4456448,
        "q8_blocks_per_row": 64,
        "row_tile": 1,
        "rows": 4,
        "sequence_validation": {
          "burst_expected_repetitions": [
            9
          ],
          "input_repetition_pattern": "distinct_deterministic_salt",
          "output_partitioning": "shared",
          "single_expected_repetitions": [
            0
          ],
          "xq_partitioning": "shared"
        },
        "submission": {
          "completion_in_host_wall": true,
          "queue_or_stream_count": 1,
          "recording_in_timed_region": false,
          "strategy": "direct",
          "submit_in_host_wall": true
        },
        "timing": {
          "burst": {
            "dispatches_per_iteration": 1,
            "gpu_elapsed": {
              "clock": "hip_event",
              "per_iteration_us": {
                "max": 14.460000395774841,
                "median": 11.795999854803085,
                "min": 11.772000044584274,
                "n": 5,
                "p05": 11.774400025606155,
                "p95": 14.447220265865326,
                "samples": 5,
                "stdev": 1.2954945692463717
              },
              "sequence_us": {
                "max": 144.6000039577484,
                "median": 117.95999854803085,
                "min": 117.72000044584274,
                "n": 5,
                "p05": 117.74400025606155,
                "p95": 144.47220265865326,
                "samples": 5,
                "stdev": 12.954945692463717
              },
              "status": "ok"
            },
            "host_wall": {
              "clock": "steady_clock",
              "per_iteration_us": {
                "max": 17.0113,
                "median": 14.540199999999999,
                "min": 14.3442,
                "n": 5,
                "p05": 14.357020000000002,
                "p95": 16.9743,
                "samples": 5,
                "stdev": 1.2218561561820602
              },
              "sequence_us": {
                "max": 170.113,
                "median": 145.402,
                "min": 143.442,
                "n": 5,
                "p05": 143.5702,
                "p95": 169.743,
                "samples": 5,
                "stdev": 12.218561561820607
              },
              "status": "ok"
            },
            "logical_iterations": 10
          },
          "single": {
            "dispatches_per_iteration": 1,
            "gpu_elapsed": {
              "clock": "hip_event",
              "per_iteration_us": {
                "max": 19.23999935388565,
                "median": 16.359999775886536,
                "min": 16.24000072479248,
                "n": 5,
                "p05": 16.240200400352478,
                "p95": 18.68799962103367,
                "samples": 5,
                "stdev": 1.1672817717774542
              },
              "sequence_us": {
                "max": 19.23999935388565,
                "median": 16.359999775886536,
                "min": 16.24000072479248,
                "n": 5,
                "p05": 16.240200400352478,
                "p95": 18.68799962103367,
                "samples": 5,
                "stdev": 1.1672817717774542
              },
              "status": "ok"
            },
            "host_wall": {
              "clock": "steady_clock",
              "per_iteration_us": {
                "max": 45.39,
                "median": 38.931,
                "min": 38.771,
                "n": 5,
                "p05": 38.784800000000004,
                "p95": 44.8182,
                "samples": 5,
                "stdev": 2.6635761374513023
              },
              "sequence_us": {
                "max": 45.39,
                "median": 38.931,
                "min": 38.771,
                "n": 5,
                "p05": 38.784800000000004,
                "p95": 44.8182,
                "samples": 5,
                "stdev": 2.6635761374513023
              },
              "status": "ok"
            },
            "logical_iterations": 1
          }
        },
        "timing_mode": "serial_latency",
        "variant": "single",
        "workgroup_match": "exact_hip_wave32"
      },
      {
        "backend": "hip",
        "correctness": {
          "single_dispatch": {
            "oracle": "CPU Q8_0 dense q8_1+dp4a BF16 logits with KL <= 0.05 and top-1 >= 90%",
            "status": "pass"
          },
          "synchronization": {
            "barrier_count": 0,
            "method": "hip_stream_order",
            "status": "pass"
          },
          "timed_sequence": {
            "coverage": "chained_final_state",
            "logical_iterations": 10,
            "oracle": "CPU Q8_0 dense q8_1+dp4a BF16 logits with KL <= 0.05 and top-1 >= 90%",
            "status": "pass"
          }
        },
        "correctness_pass": true,
        "dependency_contract": {
          "inter_dispatch_ordering": "hip_stream_order",
          "output_partitioning": "chained_shared",
          "validation_status": "pass",
          "work_dependency": "chained"
        },
        "execution": {
          "actual_parallel_lanes": 1,
          "calibrated_timestamp_domain": false,
          "lane_assignment": "ordered_stream",
          "requested_parallel_lanes": 4,
          "submission_strategy": "direct"
        },
        "in_features": 2048,
        "local_size": 32,
        "median_us": 15.252000093460083,
        "numeric_correctness": {
          "burst": {
            "expected_repetitions": [
              9
            ],
            "kl_divergence": 5.4467423134534185e-05,
            "max_abs": 0.02789306640625,
            "mean_abs": 0.002122038509696722,
            "oracle": "CPU Q8_0 dense q8_1+dp4a BF16 logits with KL/top-1 gate",
            "outputs_checked": 1,
            "pass": true,
            "top1": 1.0
          },
          "single": {
            "expected_repetitions": [
              0
            ],
            "kl_divergence": 4.218463729143969e-05,
            "max_abs": 0.022086143493652344,
            "mean_abs": 0.0026487447321414948,
            "oracle": "CPU Q8_0 dense q8_1+dp4a BF16 logits with KL/top-1 gate",
            "outputs_checked": 1,
            "pass": true,
            "top1": 1.0
          }
        },
        "operation": "q8_0_dense_dp4a_quantize_plus_dot",
        "out_features": 2048,
        "q8_0_weight_bytes": 4456448,
        "q8_blocks_per_row": 64,
        "row_tile": 1,
        "rows": 4,
        "sequence_validation": {
          "burst_expected_repetitions": [
            9
          ],
          "input_repetition_pattern": "distinct_deterministic_salt",
          "output_partitioning": "shared",
          "single_expected_repetitions": [
            0
          ],
          "xq_partitioning": "shared"
        },
        "submission": {
          "completion_in_host_wall": true,
          "queue_or_stream_count": 1,
          "recording_in_timed_region": false,
          "strategy": "direct",
          "submit_in_host_wall": true
        },
        "timing": {
          "burst": {
            "dispatches_per_iteration": 2,
            "gpu_elapsed": {
              "clock": "hip_event",
              "per_iteration_us": {
                "max": 17.93610006570816,
                "median": 15.252000093460083,
                "min": 15.136000514030457,
                "n": 5,
                "p05": 15.14000028371811,
                "p95": 17.751300036907196,
                "samples": 5,
                "stdev": 1.1612677214520741
              },
              "sequence_us": {
                "max": 179.3610006570816,
                "median": 152.52000093460083,
                "min": 151.36000514030457,
                "n": 5,
                "p05": 151.4000028371811,
                "p95": 177.51300036907196,
                "samples": 5,
                "stdev": 11.61267721452074
              },
              "status": "ok"
            },
            "host_wall": {
              "clock": "steady_clock",
              "per_iteration_us": {
                "max": 20.8383,
                "median": 17.8403,
                "min": 17.3823,
                "n": 5,
                "p05": 17.4171,
                "p95": 20.5627,
                "samples": 5,
                "stdev": 1.334027645890444
              },
              "sequence_us": {
                "max": 208.383,
                "median": 178.403,
                "min": 173.823,
                "n": 5,
                "p05": 174.171,
                "p95": 205.627,
                "samples": 5,
                "stdev": 13.340276458904446
              },
              "status": "ok"
            },
            "logical_iterations": 10
          },
          "single": {
            "dispatches_per_iteration": 2,
            "gpu_elapsed": {
              "clock": "hip_event",
              "per_iteration_us": {
                "max": 23.19999970495701,
                "median": 19.759999588131905,
                "min": 19.55999992787838,
                "n": 5,
                "p05": 19.567999988794327,
                "p95": 23.19199964404106,
                "samples": 5,
                "stdev": 1.735575801748549
              },
              "sequence_us": {
                "max": 23.19999970495701,
                "median": 19.759999588131905,
                "min": 19.55999992787838,
                "n": 5,
                "p05": 19.567999988794327,
                "p95": 23.19199964404106,
                "samples": 5,
                "stdev": 1.735575801748549
              },
              "status": "ok"
            },
            "host_wall": {
              "clock": "steady_clock",
              "per_iteration_us": {
                "max": 47.511,
                "median": 43.071,
                "min": 42.29,
                "n": 5,
                "p05": 42.316,
                "p95": 47.499,
                "samples": 5,
                "stdev": 2.4089521871552377
              },
              "sequence_us": {
                "max": 47.511,
                "median": 43.071,
                "min": 42.29,
                "n": 5,
                "p05": 42.316,
                "p95": 47.499,
                "samples": 5,
                "stdev": 2.4089521871552377
              },
              "status": "ok"
            },
            "logical_iterations": 1
          }
        },
        "timing_mode": "serial_latency",
        "variant": "single",
        "workgroup_match": "exact_hip_wave32"
      },
      {
        "backend": "hip",
        "correctness": {
          "single_dispatch": {
            "oracle": "CPU Q8_0 dense q8_1+dp4a BF16 logits with KL <= 0.05 and top-1 >= 90%",
            "status": "pass"
          },
          "synchronization": {
            "barrier_count": 0,
            "method": "hip_stream_order",
            "status": "pass"
          },
          "timed_sequence": {
            "coverage": "chained_final_state",
            "logical_iterations": 10,
            "oracle": "CPU Q8_0 dense q8_1+dp4a BF16 logits with KL <= 0.05 and top-1 >= 90%",
            "status": "pass"
          }
        },
        "correctness_pass": true,
        "dependency_contract": {
          "inter_dispatch_ordering": "hip_stream_order",
          "output_partitioning": "chained_shared",
          "validation_status": "pass",
          "work_dependency": "chained"
        },
        "execution": {
          "actual_parallel_lanes": 1,
          "calibrated_timestamp_domain": false,
          "lane_assignment": "ordered_stream",
          "requested_parallel_lanes": 4,
          "submission_strategy": "direct"
        },
        "in_features": 2048,
        "local_size": 32,
        "median_us": 17.46010035276413,
        "numeric_correctness": {
          "burst": {
            "expected_repetitions": [
              9
            ],
            "kl_divergence": 5.4467423134534185e-05,
            "max_abs": 0.02789306640625,
            "mean_abs": 0.002122038509696722,
            "oracle": "CPU Q8_0 dense q8_1+dp4a BF16 logits with KL/top-1 gate",
            "outputs_checked": 1,
            "pass": true,
            "top1": 1.0
          },
          "single": {
            "expected_repetitions": [
              0
            ],
            "kl_divergence": 4.218463729143969e-05,
            "max_abs": 0.022086143493652344,
            "mean_abs": 0.0026487447321414948,
            "oracle": "CPU Q8_0 dense q8_1+dp4a BF16 logits with KL/top-1 gate",
            "outputs_checked": 1,
            "pass": true,
            "top1": 1.0
          }
        },
        "operation": "q8_0_dense_dp4a_dot_prequantized",
        "out_features": 2048,
        "q8_0_weight_bytes": 4456448,
        "q8_blocks_per_row": 64,
        "row_tile": 4,
        "rows": 4,
        "sequence_validation": {
          "burst_expected_repetitions": [
            9
          ],
          "input_repetition_pattern": "distinct_deterministic_salt",
          "output_partitioning": "shared",
          "single_expected_repetitions": [
            0
          ],
          "xq_partitioning": "shared"
        },
        "submission": {
          "completion_in_host_wall": true,
          "queue_or_stream_count": 1,
          "recording_in_timed_region": false,
          "strategy": "direct",
          "submit_in_host_wall": true
        },
        "timing": {
          "burst": {
            "dispatches_per_iteration": 1,
            "gpu_elapsed": {
              "clock": "hip_event",
              "per_iteration_us": {
                "max": 21.196100115776062,
                "median": 17.46010035276413,
                "min": 17.396099865436554,
                "n": 5,
                "p05": 17.39769995212555,
                "p95": 20.57208001613617,
                "samples": 5,
                "stdev": 1.4671377059998982
              },
              "sequence_us": {
                "max": 211.96100115776062,
                "median": 174.6010035276413,
                "min": 173.96099865436554,
                "n": 5,
                "p05": 173.9769995212555,
                "p95": 205.7208001613617,
                "samples": 5,
                "stdev": 14.671377059998981
              },
              "status": "ok"
            },
            "host_wall": {
              "clock": "steady_clock",
              "per_iteration_us": {
                "max": 24.148400000000002,
                "median": 20.1813,
                "min": 19.5363,
                "n": 5,
                "p05": 19.664900000000003,
                "p95": 23.410380000000004,
                "samples": 5,
                "stdev": 1.6518362344978397
              },
              "sequence_us": {
                "max": 241.484,
                "median": 201.813,
                "min": 195.363,
                "n": 5,
                "p05": 196.649,
                "p95": 234.1038,
                "samples": 5,
                "stdev": 16.518362344978396
              },
              "status": "ok"
            },
            "logical_iterations": 10
          },
          "single": {
            "dispatches_per_iteration": 1,
            "gpu_elapsed": {
              "clock": "hip_event",
              "per_iteration_us": {
                "max": 32.32000023126602,
                "median": 31.879998743534088,
                "min": 25.56000091135502,
                "n": 5,
                "p05": 25.64000077545643,
                "p95": 32.27199986577034,
                "samples": 5,
                "stdev": 3.1083879565277486
              },
              "sequence_us": {
                "max": 32.32000023126602,
                "median": 31.879998743534088,
                "min": 25.56000091135502,
                "n": 5,
                "p05": 25.64000077545643,
                "p95": 32.27199986577034,
                "samples": 5,
                "stdev": 3.1083879565277486
              },
              "status": "ok"
            },
            "host_wall": {
              "clock": "steady_clock",
              "per_iteration_us": {
                "max": 62.741,
                "median": 61.321,
                "min": 51.711,
                "n": 5,
                "p05": 52.053,
                "p95": 62.519000000000005,
                "samples": 5,
                "stdev": 4.627589437277253
              },
              "sequence_us": {
                "max": 62.741,
                "median": 61.321,
                "min": 51.711,
                "n": 5,
                "p05": 52.053,
                "p95": 62.519000000000005,
                "samples": 5,
                "stdev": 4.627589437277253
              },
              "status": "ok"
            },
            "logical_iterations": 1
          }
        },
        "timing_mode": "serial_latency",
        "variant": "rowtile4",
        "workgroup_match": "exact_hip_wave32"
      },
      {
        "backend": "hip",
        "correctness": {
          "single_dispatch": {
            "oracle": "CPU Q8_0 dense q8_1+dp4a BF16 logits with KL <= 0.05 and top-1 >= 90%",
            "status": "pass"
          },
          "synchronization": {
            "barrier_count": 0,
            "method": "hip_stream_order",
            "status": "pass"
          },
          "timed_sequence": {
            "coverage": "chained_final_state",
            "logical_iterations": 10,
            "oracle": "CPU Q8_0 dense q8_1+dp4a BF16 logits with KL <= 0.05 and top-1 >= 90%",
            "status": "pass"
          }
        },
        "correctness_pass": true,
        "dependency_contract": {
          "inter_dispatch_ordering": "hip_stream_order",
          "output_partitioning": "chained_shared",
          "validation_status": "pass",
          "work_dependency": "chained"
        },
        "execution": {
          "actual_parallel_lanes": 1,
          "calibrated_timestamp_domain": false,
          "lane_assignment": "ordered_stream",
          "requested_parallel_lanes": 4,
          "submission_strategy": "direct"
        },
        "in_features": 2048,
        "local_size": 32,
        "median_us": 20.69610059261322,
        "numeric_correctness": {
          "burst": {
            "expected_repetitions": [
              9
            ],
            "kl_divergence": 5.4467423134534185e-05,
            "max_abs": 0.02789306640625,
            "mean_abs": 0.002122038509696722,
            "oracle": "CPU Q8_0 dense q8_1+dp4a BF16 logits with KL/top-1 gate",
            "outputs_checked": 1,
            "pass": true,
            "top1": 1.0
          },
          "single": {
            "expected_repetitions": [
              0
            ],
            "kl_divergence": 4.218463729143969e-05,
            "max_abs": 0.022086143493652344,
            "mean_abs": 0.0026487447321414948,
            "oracle": "CPU Q8_0 dense q8_1+dp4a BF16 logits with KL/top-1 gate",
            "outputs_checked": 1,
            "pass": true,
            "top1": 1.0
          }
        },
        "operation": "q8_0_dense_dp4a_quantize_plus_dot",
        "out_features": 2048,
        "q8_0_weight_bytes": 4456448,
        "q8_blocks_per_row": 64,
        "row_tile": 4,
        "rows": 4,
        "sequence_validation": {
          "burst_expected_repetitions": [
            9
          ],
          "input_repetition_pattern": "distinct_deterministic_salt",
          "output_partitioning": "shared",
          "single_expected_repetitions": [
            0
          ],
          "xq_partitioning": "shared"
        },
        "submission": {
          "completion_in_host_wall": true,
          "queue_or_stream_count": 1,
          "recording_in_timed_region": false,
          "strategy": "direct",
          "submit_in_host_wall": true
        },
        "timing": {
          "burst": {
            "dispatches_per_iteration": 2,
            "gpu_elapsed": {
              "clock": "hip_event",
              "per_iteration_us": {
                "max": 20.788100361824036,
                "median": 20.69610059261322,
                "min": 20.64809948205948,
                "n": 5,
                "p05": 20.655299723148346,
                "p95": 20.773700177669525,
                "samples": 5,
                "stdev": 0.04641393258121896
              },
              "sequence_us": {
                "max": 207.88100361824036,
                "median": 206.9610059261322,
                "min": 206.4809948205948,
                "n": 5,
                "p05": 206.55299723148346,
                "p95": 207.73700177669525,
                "samples": 5,
                "stdev": 0.4641393258121896
              },
              "status": "ok"
            },
            "host_wall": {
              "clock": "steady_clock",
              "per_iteration_us": {
                "max": 23.3564,
                "median": 23.1404,
                "min": 22.9674,
                "n": 5,
                "p05": 22.9936,
                "p95": 23.3426,
                "samples": 5,
                "stdev": 0.13825859828596487
              },
              "sequence_us": {
                "max": 233.564,
                "median": 231.404,
                "min": 229.674,
                "n": 5,
                "p05": 229.936,
                "p95": 233.426,
                "samples": 5,
                "stdev": 1.3825859828596503
              },
              "status": "ok"
            },
            "logical_iterations": 10
          },
          "single": {
            "dispatches_per_iteration": 2,
            "gpu_elapsed": {
              "clock": "hip_event",
              "per_iteration_us": {
                "max": 33.399999141693115,
                "median": 33.00099819898605,
                "min": 28.16000021994114,
                "n": 5,
                "p05": 28.232000023126602,
                "p95": 33.38399901986122,
                "samples": 5,
                "stdev": 2.407065758215604
              },
              "sequence_us": {
                "max": 33.399999141693115,
                "median": 33.00099819898605,
                "min": 28.16000021994114,
                "n": 5,
                "p05": 28.232000023126602,
                "p95": 33.38399901986122,
                "samples": 5,
                "stdev": 2.407065758215604
              },
              "status": "ok"
            },
            "host_wall": {
              "clock": "steady_clock",
              "per_iteration_us": {
                "max": 61.091,
                "median": 59.871,
                "min": 52.341,
                "n": 5,
                "p05": 52.775000000000006,
                "p95": 60.931,
                "samples": 5,
                "stdev": 3.5151898952972647
              },
              "sequence_us": {
                "max": 61.091,
                "median": 59.871,
                "min": 52.341,
                "n": 5,
                "p05": 52.775000000000006,
                "p95": 60.931,
                "samples": 5,
                "stdev": 3.5151898952972647
              },
              "status": "ok"
            },
            "logical_iterations": 1
          }
        },
        "timing_mode": "serial_latency",
        "variant": "rowtile4",
        "workgroup_match": "exact_hip_wave32"
      }
    ]
  },
  "notes": "HIP raw GGUF Q8_0 dense q8_1+dp4a production-shaped probe using single-row and rowtile4 kernels.",
  "parameters": {
    "actual_parallel_lanes": 1,
    "exact_local_size": 32,
    "independent_streams": 4,
    "input_scale": 0.1,
    "repetitions": 10,
    "row_tiles": "1,4",
    "rows_list": "1,4",
    "samples": 5,
    "shapes": "768x2048,2048x2048",
    "timing_mode": "serial_latency",
    "warmup_sequences": 3
  },
  "schema_version": 2,
  "source": {
    "branch": "",
    "commit": "f2c3ad6d74c86e3641ce09ff9fd759eaa6cd75e0",
    "dirty": false,
    "repo": "/tmp/hipEngine-f2c",
    "source_hash": "sha256:214f6025d39d0db222fdb915dba10e2000c598c23589a925a6147e97013926c6"
  },
  "timing_config": {
    "actual_parallel_lanes": 1,
    "independent_streams": 4,
    "method": "HIP events plus host wall for one-dispatch and exact repeated sequences",
    "reps": 10,
    "samples": 5,
    "timing_mode": "serial_latency",
    "warmup": 3
  },
  "wrapper": {
    "build_dir": "/home/kaden/ClaudeCode/autorocm/redline-pub/examples/hipengine-6409/results/gfx1201/2026-07-12/build/hip/dense-q8",
    "command": [
      "python3",
      "/tmp/hipEngine-f2c/benchmarks/micro/runners/q8_0_dense_real_slice.py",
      "--backend",
      "hip",
      "--timing-mode",
      "serial_latency",
      "--independent-streams",
      "4",
      "--reps",
      "10",
      "--warmup",
      "3",
      "--samples",
      "5",
      "--environment-json",
      "/home/kaden/ClaudeCode/autorocm/redline-pub/examples/hipengine-6409/results/gfx1201/2026-07-12/environment.json",
      "--environment-ref",
      "/home/kaden/ClaudeCode/autorocm/redline-pub/examples/hipengine-6409/results/gfx1201/2026-07-12/environment.json",
      "--gfx-arch",
      "gfx1201",
      "--hardware-gpu",
      "AMD Radeon Graphics",
      "--build-dir",
      "/home/kaden/ClaudeCode/autorocm/redline-pub/examples/hipengine-6409/results/gfx1201/2026-07-12/build/hip/dense-q8",
      "--shapes",
      "768x2048,2048x2048",
      "--rows-list",
      "1,4",
      "--local-sizes",
      "32,64,128",
      "--row-tiles",
      "1,4",
      "--out",
      "/home/kaden/ClaudeCode/autorocm/redline-pub/examples/hipengine-6409/results/gfx1201/2026-07-12/serial_latency/hip-dense-q8.json",
      "--pretty"
    ],
    "commands": [],
    "cwd": "/tmp/hipEngine-f2c",
    "schema": "hipengine.micro.q8_0_dense_real_slice_runner.v2"
  }
}

