WARNING: radv is not a conformant Vulkan implementation, testing use only.
WARNING: radv is not a conformant Vulkan implementation, testing use only.
WARNING: radv is not a conformant Vulkan implementation, testing use only.
WARNING: radv is not a conformant Vulkan implementation, testing use only.
WARNING: radv is not a conformant Vulkan implementation, testing use only.
WARNING: radv is not a conformant Vulkan implementation, testing use only.
WARNING: radv is not a conformant Vulkan implementation, testing use only.
WARNING: radv is not a conformant Vulkan implementation, testing use only.
WARNING: radv is not a conformant Vulkan implementation, testing use only.
WARNING: radv is not a conformant Vulkan implementation, testing use only.
WARNING: radv is not a conformant Vulkan implementation, testing use only.
WARNING: radv is not a conformant Vulkan implementation, testing use only.
WARNING: radv is not a conformant Vulkan implementation, testing use only.
WARNING: radv is not a conformant Vulkan implementation, testing use only.
WARNING: radv is not a conformant Vulkan implementation, testing use only.
WARNING: radv is not a conformant Vulkan implementation, testing use only.
WARNING: radv is not a conformant Vulkan implementation, testing use only.
WARNING: radv is not a conformant Vulkan implementation, testing use only.
WARNING: radv is not a conformant Vulkan implementation, testing use only.
WARNING: radv is not a conformant Vulkan implementation, testing use only.
WARNING: radv is not a conformant Vulkan implementation, testing use only.
WARNING: radv is not a conformant Vulkan implementation, testing use only.
WARNING: radv is not a conformant Vulkan implementation, testing use only.
WARNING: radv is not a conformant Vulkan implementation, testing use only.
[vulkan-q8_0-dense] mode=serial_latency quantize=0.002148 ms dot=0.006676 ms combined=0.011204 ms correctness=pass
[vulkan-q8_0-dense] mode=serial_latency quantize=0.002492 ms dot=0.02422 ms combined=0.0307 ms correctness=pass
[vulkan-q8_0-dense] mode=serial_latency quantize=0.002576 ms dot=0.019748 ms combined=0.025232 ms correctness=pass
[vulkan-q8_0-dense] mode=serial_latency quantize=0.00264 ms dot=0.057904 ms combined=0.06372 ms correctness=pass
[vulkan-q8_0-dense] mode=serial_latency quantize=0.002096 ms dot=0.007492 ms combined=0.011992 ms correctness=pass
[vulkan-q8_0-dense] mode=serial_latency quantize=0.0026 ms dot=0.015204 ms combined=0.0226 ms correctness=pass
[vulkan-q8_0-dense] mode=serial_latency quantize=0.002588 ms dot=0.020656 ms combined=0.026516 ms correctness=pass
[vulkan-q8_0-dense] mode=serial_latency quantize=0.002716 ms dot=0.033816 ms combined=0.040092 ms correctness=pass
[vulkan-q8_0-dense] mode=serial_latency quantize=0.002692 ms dot=0.007972 ms combined=0.013924 ms correctness=pass
[vulkan-q8_0-dense] mode=serial_latency quantize=0.002496 ms dot=0.022852 ms combined=0.02904 ms correctness=pass
[vulkan-q8_0-dense] mode=serial_latency quantize=0.0026 ms dot=0.01674 ms combined=0.022472 ms correctness=pass
[vulkan-q8_0-dense] mode=serial_latency quantize=0.002624 ms dot=0.053724 ms combined=0.05952 ms correctness=pass
[vulkan-q8_0-dense] mode=serial_latency quantize=0.002124 ms dot=0.006812 ms combined=0.011176 ms correctness=pass
[vulkan-q8_0-dense] mode=serial_latency quantize=0.002604 ms dot=0.013104 ms combined=0.018968 ms correctness=pass
[vulkan-q8_0-dense] mode=serial_latency quantize=0.002596 ms dot=0.017936 ms combined=0.02368 ms correctness=pass
[vulkan-q8_0-dense] mode=serial_latency quantize=0.002724 ms dot=0.027524 ms combined=0.033388 ms correctness=pass
[vulkan-q8_0-dense] mode=serial_latency quantize=0.00268 ms dot=0.009592 ms combined=0.016944 ms correctness=pass
[vulkan-q8_0-dense] mode=serial_latency quantize=0.002492 ms dot=0.03042 ms combined=0.038004 ms correctness=pass
[vulkan-q8_0-dense] mode=serial_latency quantize=0.002564 ms dot=0.016184 ms combined=0.021932 ms correctness=pass
[vulkan-q8_0-dense] mode=serial_latency quantize=0.002632 ms dot=0.055412 ms combined=0.061156 ms correctness=pass
[vulkan-q8_0-dense] mode=serial_latency quantize=0.002088 ms dot=0.008872 ms combined=0.01406 ms correctness=pass
[vulkan-q8_0-dense] mode=serial_latency quantize=0.001952 ms dot=0.012712 ms combined=0.017252 ms correctness=pass
[vulkan-q8_0-dense] mode=serial_latency quantize=0.002568 ms dot=0.018608 ms combined=0.024268 ms correctness=pass
[vulkan-q8_0-dense] mode=serial_latency quantize=0.002616 ms dot=0.027652 ms combined=0.033572 ms correctness=pass
{
  "artifact_ref": "/home/kaden/ClaudeCode/autorocm/redline-pub/examples/hipengine-6409/results/gfx1201/2026-07-12/serial_latency/vulkan-dense-q8.json",
  "backend": "vulkan",
  "bench": "q8_0_dense_real_slice",
  "classification": "real_slice_probe",
  "command": [
    "python3",
    "/tmp/hipEngine-f2c/benchmarks/micro/runners/q8_0_dense_real_slice.py",
    "--backend",
    "vulkan",
    "--timing-mode",
    "serial_latency",
    "--independent-streams",
    "4",
    "--reps",
    "10",
    "--warmup",
    "3",
    "--samples",
    "5",
    "--environment-json",
    "/home/kaden/ClaudeCode/autorocm/redline-pub/examples/hipengine-6409/results/gfx1201/2026-07-12/environment.json",
    "--environment-ref",
    "/home/kaden/ClaudeCode/autorocm/redline-pub/examples/hipengine-6409/results/gfx1201/2026-07-12/environment.json",
    "--gfx-arch",
    "gfx1201",
    "--hardware-gpu",
    "AMD Radeon Graphics",
    "--build-dir",
    "/home/kaden/ClaudeCode/autorocm/redline-pub/examples/hipengine-6409/results/gfx1201/2026-07-12/build/vulkan/dense-q8",
    "--shapes",
    "768x2048,2048x2048",
    "--rows-list",
    "1,4",
    "--local-sizes",
    "32,64,128",
    "--row-tiles",
    "1,4",
    "--out",
    "/home/kaden/ClaudeCode/autorocm/redline-pub/examples/hipengine-6409/results/gfx1201/2026-07-12/serial_latency/vulkan-dense-q8.json",
    "--pretty"
  ],
  "correctness": {
    "all_pass": true,
    "oracle": "CPU q8_1 quantize plus raw GGUF Q8_0 dense dp4a",
    "rows": 52,
    "status": "pass"
  },
  "environment_ref": "/home/kaden/ClaudeCode/autorocm/redline-pub/examples/hipengine-6409/results/gfx1201/2026-07-12/environment.json",
  "hardware": {
    "device": {
      "actual_independent_lanes": 1,
      "api_version": "1.4.318",
      "calibrated_timestamp_extension": "",
      "device_id": 30032,
      "device_name": "AMD Radeon Graphics (RADV GFX1201)",
      "device_type": 2,
      "driver_version_raw": 104865800,
      "queue_family": 1,
      "queue_flags": 14,
      "queue_timestamp_valid_bits": 64,
      "requested_api_version": "1.2",
      "requested_independent_lanes": 4,
      "shader_integer_dot_product": true,
      "storage_buffer_16bit": true,
      "timeline_semaphore": true,
      "vendor_id": 4098
    },
    "gfx_arch": "gfx1201",
    "gpu_name": "AMD Radeon Graphics"
  },
  "kind": "hipengine_micro_result",
  "measurements": {
    "rows": [
      {
        "backend": "vulkan",
        "correctness": {
          "single_dispatch": {
            "oracle": "CPU Q8_0 dense q8_1+dp4a BF16 logits with KL <= 0.05 and top-1 >= 90%",
            "status": "pass"
          },
          "synchronization": {
            "barrier_count": 9,
            "method": "vulkan_compute_barrier",
            "status": "pass"
          },
          "timed_sequence": {
            "coverage": "chained_final_state",
            "logical_iterations": 10,
            "oracle": "CPU Q8_0 dense q8_1+dp4a BF16 logits with KL <= 0.05 and top-1 >= 90%",
            "status": "pass"
          }
        },
        "correctness_pass": true,
        "dependency_contract": {
          "inter_dispatch_ordering": "vulkan_compute_barrier",
          "output_partitioning": "chained_shared",
          "validation_status": "pass",
          "work_dependency": "chained"
        },
        "execution": {
          "actual_parallel_lanes": 1,
          "burst_lane_gpu_samples_us": [],
          "calibrated_timestamp_domain": false,
          "calibrated_timestamp_extension": "",
          "lane_assignment": "single_command_buffer",
          "requested_parallel_lanes": 4,
          "single_lane_gpu_samples_us": [],
          "submission_strategy": "vulkan_command_buffer"
        },
        "hardware": {
          "actual_independent_lanes": 1,
          "api_version": "1.4.318",
          "calibrated_timestamp_extension": "",
          "device_id": 30032,
          "device_name": "AMD Radeon Graphics (RADV GFX1201)",
          "device_type": 2,
          "driver_version_raw": 104865800,
          "queue_family": 1,
          "queue_flags": 14,
          "queue_timestamp_valid_bits": 64,
          "requested_api_version": "1.2",
          "requested_independent_lanes": 4,
          "shader_integer_dot_product": true,
          "storage_buffer_16bit": true,
          "timeline_semaphore": true,
          "vendor_id": 4098
        },
        "in_features": 768,
        "local_size": 32,
        "median_us": 2.148,
        "numeric_correctness": {
          "burst": {
            "exact_bf16_mismatches": 249,
            "expected_repetitions": [
              9
            ],
            "kl_divergence": 2.913779618e-07,
            "max_abs": 0.03125,
            "mean_abs": 0.0008402764797,
            "outputs_checked": 1,
            "pass": true,
            "top1": 1
          },
          "single": {
            "exact_bf16_mismatches": 251,
            "expected_repetitions": [
              0
            ],
            "kl_divergence": 3.301283582e-07,
            "max_abs": 0.015625,
            "mean_abs": 0.0002901772968,
            "outputs_checked": 1,
            "pass": true,
            "top1": 1
          }
        },
        "operation": "q8_1_quantize",
        "out_features": 2048,
        "q8_0_weight_bytes": 1671168,
        "q8_blocks_per_row": 24,
        "row_tile": 0,
        "rows": 1,
        "sequence_validation": {
          "burst_expected_repetitions": [
            9
          ],
          "input_repetition_pattern": "distinct_deterministic_salt",
          "output_partitioning": "shared",
          "single_expected_repetitions": [
            0
          ],
          "xq_partitioning": "shared"
        },
        "submission": {
          "completion_in_host_wall": true,
          "queue_or_stream_count": 1,
          "recording_in_timed_region": false,
          "strategy": "vulkan_command_buffer",
          "submit_in_host_wall": true
        },
        "timing": {
          "burst": {
            "dispatches_per_iteration": 1,
            "gpu_elapsed": {
              "clock": "vulkan_timestamp",
              "per_iteration_us": {
                "max": 2.152,
                "median": 2.148,
                "min": 2.092,
                "n": 5,
                "p05": 2.092,
                "p95": 2.152,
                "samples": 5,
                "stdev": 0.028777769197767943
              },
              "sequence_us": {
                "max": 21.52,
                "median": 21.48,
                "min": 20.92,
                "n": 5,
                "p05": 20.92,
                "p95": 21.520000000000003,
                "samples": 5,
                "stdev": 0.2877776919776783
              },
              "status": "ok"
            },
            "host_wall": {
              "clock": "steady_clock",
              "per_iteration_us": {
                "max": 7.6681,
                "median": 7.6191,
                "min": 7.4771,
                "n": 5,
                "p05": 7.504100000000001,
                "p95": 7.6647,
                "samples": 5,
                "stdev": 0.06739910978640584
              },
              "sequence_us": {
                "max": 76.681,
                "median": 76.191,
                "min": 74.771,
                "n": 5,
                "p05": 75.041,
                "p95": 76.64699999999999,
                "samples": 5,
                "stdev": 0.673991097864058
              },
              "status": "ok"
            },
            "logical_iterations": 10
          },
          "single": {
            "dispatches_per_iteration": 1,
            "gpu_elapsed": {
              "clock": "vulkan_timestamp",
              "per_iteration_us": {
                "max": 7.64,
                "median": 7.48,
                "min": 7.32,
                "n": 5,
                "p05": 7.344000000000001,
                "p95": 7.616,
                "samples": 5,
                "stdev": 0.10430723848324214
              },
              "sequence_us": {
                "max": 7.64,
                "median": 7.48,
                "min": 7.32,
                "n": 5,
                "p05": 7.344000000000001,
                "p95": 7.616,
                "samples": 5,
                "stdev": 0.10430723848324214
              },
              "status": "ok"
            },
            "host_wall": {
              "clock": "steady_clock",
              "per_iteration_us": {
                "max": 63.311,
                "median": 62.681,
                "min": 62.161,
                "n": 5,
                "p05": 62.19100000000001,
                "p95": 63.206999999999994,
                "samples": 5,
                "stdev": 0.40293920136913897
              },
              "sequence_us": {
                "max": 63.311,
                "median": 62.681,
                "min": 62.161,
                "n": 5,
                "p05": 62.19100000000001,
                "p95": 63.206999999999994,
                "samples": 5,
                "stdev": 0.40293920136913897
              },
              "status": "ok"
            },
            "logical_iterations": 1
          }
        },
        "timing_mode": "serial_latency",
        "variant": "quantize",
        "workgroup_match": "exact_hip_wave32"
      },
      {
        "backend": "vulkan",
        "correctness": {
          "single_dispatch": {
            "oracle": "CPU Q8_0 dense q8_1+dp4a BF16 logits with KL <= 0.05 and top-1 >= 90%",
            "status": "pass"
          },
          "synchronization": {
            "barrier_count": 9,
            "method": "vulkan_compute_barrier",
            "status": "pass"
          },
          "timed_sequence": {
            "coverage": "chained_final_state",
            "logical_iterations": 10,
            "oracle": "CPU Q8_0 dense q8_1+dp4a BF16 logits with KL <= 0.05 and top-1 >= 90%",
            "status": "pass"
          }
        },
        "correctness_pass": true,
        "dependency_contract": {
          "inter_dispatch_ordering": "vulkan_compute_barrier",
          "output_partitioning": "chained_shared",
          "validation_status": "pass",
          "work_dependency": "chained"
        },
        "execution": {
          "actual_parallel_lanes": 1,
          "burst_lane_gpu_samples_us": [],
          "calibrated_timestamp_domain": false,
          "calibrated_timestamp_extension": "",
          "lane_assignment": "single_command_buffer",
          "requested_parallel_lanes": 4,
          "single_lane_gpu_samples_us": [],
          "submission_strategy": "vulkan_command_buffer"
        },
        "hardware": {
          "actual_independent_lanes": 1,
          "api_version": "1.4.318",
          "calibrated_timestamp_extension": "",
          "device_id": 30032,
          "device_name": "AMD Radeon Graphics (RADV GFX1201)",
          "device_type": 2,
          "driver_version_raw": 104865800,
          "queue_family": 1,
          "queue_flags": 14,
          "queue_timestamp_valid_bits": 64,
          "requested_api_version": "1.2",
          "requested_independent_lanes": 4,
          "shader_integer_dot_product": true,
          "storage_buffer_16bit": true,
          "timeline_semaphore": true,
          "vendor_id": 4098
        },
        "in_features": 768,
        "local_size": 32,
        "median_us": 6.676,
        "numeric_correctness": {
          "burst": {
            "exact_bf16_mismatches": 249,
            "expected_repetitions": [
              9
            ],
            "kl_divergence": 2.913779618e-07,
            "max_abs": 0.03125,
            "mean_abs": 0.0008402764797,
            "outputs_checked": 1,
            "pass": true,
            "top1": 1
          },
          "single": {
            "exact_bf16_mismatches": 251,
            "expected_repetitions": [
              0
            ],
            "kl_divergence": 3.301283582e-07,
            "max_abs": 0.015625,
            "mean_abs": 0.0002901772968,
            "outputs_checked": 1,
            "pass": true,
            "top1": 1
          }
        },
        "operation": "q8_0_dense_dp4a_dot_prequantized",
        "out_features": 2048,
        "q8_0_weight_bytes": 1671168,
        "q8_blocks_per_row": 24,
        "row_tile": 1,
        "rows": 1,
        "sequence_validation": {
          "burst_expected_repetitions": [
            9
          ],
          "input_repetition_pattern": "distinct_deterministic_salt",
          "output_partitioning": "shared",
          "single_expected_repetitions": [
            0
          ],
          "xq_partitioning": "shared"
        },
        "submission": {
          "completion_in_host_wall": true,
          "queue_or_stream_count": 1,
          "recording_in_timed_region": false,
          "strategy": "vulkan_command_buffer",
          "submit_in_host_wall": true
        },
        "timing": {
          "burst": {
            "dispatches_per_iteration": 1,
            "gpu_elapsed": {
              "clock": "vulkan_timestamp",
              "per_iteration_us": {
                "max": 6.696,
                "median": 6.676,
                "min": 6.628,
                "n": 5,
                "p05": 6.632000000000001,
                "p95": 6.6944,
                "samples": 5,
                "stdev": 0.025474693324944835
              },
              "sequence_us": {
                "max": 66.96,
                "median": 66.76,
                "min": 66.28,
                "n": 5,
                "p05": 66.32000000000001,
                "p95": 66.94399999999999,
                "samples": 5,
                "stdev": 0.25474693324944775
              },
              "status": "ok"
            },
            "host_wall": {
              "clock": "steady_clock",
              "per_iteration_us": {
                "max": 12.6002,
                "median": 12.241200000000001,
                "min": 12.1822,
                "n": 5,
                "p05": 12.192400000000001,
                "p95": 12.5322,
                "samples": 5,
                "stdev": 0.15062722197531184
              },
              "sequence_us": {
                "max": 126.002,
                "median": 122.412,
                "min": 121.822,
                "n": 5,
                "p05": 121.924,
                "p95": 125.322,
                "samples": 5,
                "stdev": 1.5062722197531204
              },
              "status": "ok"
            },
            "logical_iterations": 10
          },
          "single": {
            "dispatches_per_iteration": 1,
            "gpu_elapsed": {
              "clock": "vulkan_timestamp",
              "per_iteration_us": {
                "max": 25.72,
                "median": 12.68,
                "min": 12.48,
                "n": 5,
                "p05": 12.496000000000002,
                "p95": 23.271999999999995,
                "samples": 5,
                "stdev": 5.1803073267905635
              },
              "sequence_us": {
                "max": 25.72,
                "median": 12.68,
                "min": 12.48,
                "n": 5,
                "p05": 12.496000000000002,
                "p95": 23.271999999999995,
                "samples": 5,
                "stdev": 5.1803073267905635
              },
              "status": "ok"
            },
            "host_wall": {
              "clock": "steady_clock",
              "per_iteration_us": {
                "max": 89.291,
                "median": 73.611,
                "min": 70.841,
                "n": 5,
                "p05": 70.923,
                "p95": 86.473,
                "samples": 5,
                "stdev": 6.814060169972084
              },
              "sequence_us": {
                "max": 89.291,
                "median": 73.611,
                "min": 70.841,
                "n": 5,
                "p05": 70.923,
                "p95": 86.473,
                "samples": 5,
                "stdev": 6.814060169972084
              },
              "status": "ok"
            },
            "logical_iterations": 1
          }
        },
        "timing_mode": "serial_latency",
        "variant": "single",
        "workgroup_match": "exact_hip_wave32"
      },
      {
        "backend": "vulkan",
        "correctness": {
          "single_dispatch": {
            "oracle": "CPU Q8_0 dense q8_1+dp4a BF16 logits with KL <= 0.05 and top-1 >= 90%",
            "status": "pass"
          },
          "synchronization": {
            "barrier_count": 28,
            "method": "vulkan_compute_barrier",
            "status": "pass"
          },
          "timed_sequence": {
            "coverage": "chained_final_state",
            "logical_iterations": 10,
            "oracle": "CPU Q8_0 dense q8_1+dp4a BF16 logits with KL <= 0.05 and top-1 >= 90%",
            "status": "pass"
          }
        },
        "correctness_pass": true,
        "dependency_contract": {
          "inter_dispatch_ordering": "vulkan_compute_barrier",
          "output_partitioning": "chained_shared",
          "validation_status": "pass",
          "work_dependency": "chained"
        },
        "execution": {
          "actual_parallel_lanes": 1,
          "burst_lane_gpu_samples_us": [],
          "calibrated_timestamp_domain": false,
          "calibrated_timestamp_extension": "",
          "lane_assignment": "single_command_buffer",
          "requested_parallel_lanes": 4,
          "single_lane_gpu_samples_us": [],
          "submission_strategy": "vulkan_command_buffer"
        },
        "hardware": {
          "actual_independent_lanes": 1,
          "api_version": "1.4.318",
          "calibrated_timestamp_extension": "",
          "device_id": 30032,
          "device_name": "AMD Radeon Graphics (RADV GFX1201)",
          "device_type": 2,
          "driver_version_raw": 104865800,
          "queue_family": 1,
          "queue_flags": 14,
          "queue_timestamp_valid_bits": 64,
          "requested_api_version": "1.2",
          "requested_independent_lanes": 4,
          "shader_integer_dot_product": true,
          "storage_buffer_16bit": true,
          "timeline_semaphore": true,
          "vendor_id": 4098
        },
        "in_features": 768,
        "local_size": 32,
        "median_us": 11.204,
        "numeric_correctness": {
          "burst": {
            "exact_bf16_mismatches": 249,
            "expected_repetitions": [
              9
            ],
            "kl_divergence": 2.913779618e-07,
            "max_abs": 0.03125,
            "mean_abs": 0.0008402764797,
            "outputs_checked": 1,
            "pass": true,
            "top1": 1
          },
          "single": {
            "exact_bf16_mismatches": 251,
            "expected_repetitions": [
              0
            ],
            "kl_divergence": 3.301283582e-07,
            "max_abs": 0.015625,
            "mean_abs": 0.0002901772968,
            "outputs_checked": 1,
            "pass": true,
            "top1": 1
          }
        },
        "operation": "q8_0_dense_dp4a_quantize_plus_dot",
        "out_features": 2048,
        "q8_0_weight_bytes": 1671168,
        "q8_blocks_per_row": 24,
        "row_tile": 1,
        "rows": 1,
        "sequence_validation": {
          "burst_expected_repetitions": [
            9
          ],
          "input_repetition_pattern": "distinct_deterministic_salt",
          "output_partitioning": "shared",
          "single_expected_repetitions": [
            0
          ],
          "xq_partitioning": "shared"
        },
        "submission": {
          "completion_in_host_wall": true,
          "queue_or_stream_count": 1,
          "recording_in_timed_region": false,
          "strategy": "vulkan_command_buffer",
          "submit_in_host_wall": true
        },
        "timing": {
          "burst": {
            "dispatches_per_iteration": 2,
            "gpu_elapsed": {
              "clock": "vulkan_timestamp",
              "per_iteration_us": {
                "max": 11.22,
                "median": 11.204,
                "min": 10.984,
                "n": 5,
                "p05": 11.0,
                "p95": 11.217600000000001,
                "samples": 5,
                "stdev": 0.09502841680255461
              },
              "sequence_us": {
                "max": 112.2,
                "median": 112.04,
                "min": 109.84,
                "n": 5,
                "p05": 110.00000000000001,
                "p95": 112.17599999999999,
                "samples": 5,
                "stdev": 0.9502841680255438
              },
              "status": "ok"
            },
            "host_wall": {
              "clock": "steady_clock",
              "per_iteration_us": {
                "max": 17.0502,
                "median": 16.7573,
                "min": 16.5642,
                "n": 5,
                "p05": 16.5882,
                "p95": 17.009819999999998,
                "samples": 5,
                "stdev": 0.16366549544726916
              },
              "sequence_us": {
                "max": 170.502,
                "median": 167.573,
                "min": 165.642,
                "n": 5,
                "p05": 165.882,
                "p95": 170.09820000000002,
                "samples": 5,
                "stdev": 1.6366549544726918
              },
              "status": "ok"
            },
            "logical_iterations": 10
          },
          "single": {
            "dispatches_per_iteration": 2,
            "gpu_elapsed": {
              "clock": "vulkan_timestamp",
              "per_iteration_us": {
                "max": 14.12,
                "median": 13.88,
                "min": 13.72,
                "n": 5,
                "p05": 13.728000000000002,
                "p95": 14.088000000000001,
                "samples": 5,
                "stdev": 0.1439999999999997
              },
              "sequence_us": {
                "max": 14.12,
                "median": 13.88,
                "min": 13.72,
                "n": 5,
                "p05": 13.728000000000002,
                "p95": 14.088000000000001,
                "samples": 5,
                "stdev": 0.1439999999999997
              },
              "status": "ok"
            },
            "host_wall": {
              "clock": "steady_clock",
              "per_iteration_us": {
                "max": 70.931,
                "median": 69.401,
                "min": 68.851,
                "n": 5,
                "p05": 68.92500000000001,
                "p95": 70.63499999999999,
                "samples": 5,
                "stdev": 0.7118707747899186
              },
              "sequence_us": {
                "max": 70.931,
                "median": 69.401,
                "min": 68.851,
                "n": 5,
                "p05": 68.92500000000001,
                "p95": 70.63499999999999,
                "samples": 5,
                "stdev": 0.7118707747899186
              },
              "status": "ok"
            },
            "logical_iterations": 1
          }
        },
        "timing_mode": "serial_latency",
        "variant": "single",
        "workgroup_match": "exact_hip_wave32"
      },
      {
        "backend": "vulkan",
        "correctness": {
          "single_dispatch": {
            "oracle": "CPU Q8_0 dense q8_1+dp4a BF16 logits with KL <= 0.05 and top-1 >= 90%",
            "status": "pass"
          },
          "synchronization": {
            "barrier_count": 9,
            "method": "vulkan_compute_barrier",
            "status": "pass"
          },
          "timed_sequence": {
            "coverage": "chained_final_state",
            "logical_iterations": 10,
            "oracle": "CPU Q8_0 dense q8_1+dp4a BF16 logits with KL <= 0.05 and top-1 >= 90%",
            "status": "pass"
          }
        },
        "correctness_pass": true,
        "dependency_contract": {
          "inter_dispatch_ordering": "vulkan_compute_barrier",
          "output_partitioning": "chained_shared",
          "validation_status": "pass",
          "work_dependency": "chained"
        },
        "execution": {
          "actual_parallel_lanes": 1,
          "burst_lane_gpu_samples_us": [],
          "calibrated_timestamp_domain": false,
          "calibrated_timestamp_extension": "",
          "lane_assignment": "single_command_buffer",
          "requested_parallel_lanes": 4,
          "single_lane_gpu_samples_us": [],
          "submission_strategy": "vulkan_command_buffer"
        },
        "hardware": {
          "actual_independent_lanes": 1,
          "api_version": "1.4.318",
          "calibrated_timestamp_extension": "",
          "device_id": 30032,
          "device_name": "AMD Radeon Graphics (RADV GFX1201)",
          "device_type": 2,
          "driver_version_raw": 104865800,
          "queue_family": 1,
          "queue_flags": 14,
          "queue_timestamp_valid_bits": 64,
          "requested_api_version": "1.2",
          "requested_independent_lanes": 4,
          "shader_integer_dot_product": true,
          "storage_buffer_16bit": true,
          "timeline_semaphore": true,
          "vendor_id": 4098
        },
        "in_features": 768,
        "local_size": 32,
        "median_us": 2.492,
        "numeric_correctness": {
          "burst": {
            "exact_bf16_mismatches": 999,
            "expected_repetitions": [
              9
            ],
            "kl_divergence": 6.102724291e-06,
            "max_abs": 0.03125,
            "mean_abs": 0.0004975199699,
            "outputs_checked": 1,
            "pass": true,
            "top1": 1
          },
          "single": {
            "exact_bf16_mismatches": 1232,
            "expected_repetitions": [
              0
            ],
            "kl_divergence": 3.999396507e-05,
            "max_abs": 0.03125,
            "mean_abs": 0.0005773062585,
            "outputs_checked": 1,
            "pass": true,
            "top1": 1
          }
        },
        "operation": "q8_1_quantize",
        "out_features": 2048,
        "q8_0_weight_bytes": 1671168,
        "q8_blocks_per_row": 24,
        "row_tile": 0,
        "rows": 4,
        "sequence_validation": {
          "burst_expected_repetitions": [
            9
          ],
          "input_repetition_pattern": "distinct_deterministic_salt",
          "output_partitioning": "shared",
          "single_expected_repetitions": [
            0
          ],
          "xq_partitioning": "shared"
        },
        "submission": {
          "completion_in_host_wall": true,
          "queue_or_stream_count": 1,
          "recording_in_timed_region": false,
          "strategy": "vulkan_command_buffer",
          "submit_in_host_wall": true
        },
        "timing": {
          "burst": {
            "dispatches_per_iteration": 1,
            "gpu_elapsed": {
              "clock": "vulkan_timestamp",
              "per_iteration_us": {
                "max": 2.516,
                "median": 2.492,
                "min": 2.488,
                "n": 5,
                "p05": 2.4888000000000003,
                "p95": 2.516,
                "samples": 5,
                "stdev": 0.012496399481450659
              },
              "sequence_us": {
                "max": 25.16,
                "median": 24.92,
                "min": 24.88,
                "n": 5,
                "p05": 24.888,
                "p95": 25.16,
                "samples": 5,
                "stdev": 0.12496399481450626
              },
              "status": "ok"
            },
            "host_wall": {
              "clock": "steady_clock",
              "per_iteration_us": {
                "max": 9.1941,
                "median": 8.978100000000001,
                "min": 8.7462,
                "n": 5,
                "p05": 8.791,
                "p95": 9.1697,
                "samples": 5,
                "stdev": 0.14720489937498707
              },
              "sequence_us": {
                "max": 91.941,
                "median": 89.781,
                "min": 87.462,
                "n": 5,
                "p05": 87.91,
                "p95": 91.697,
                "samples": 5,
                "stdev": 1.4720489937498682
              },
              "status": "ok"
            },
            "logical_iterations": 10
          },
          "single": {
            "dispatches_per_iteration": 1,
            "gpu_elapsed": {
              "clock": "vulkan_timestamp",
              "per_iteration_us": {
                "max": 13.32,
                "median": 12.76,
                "min": 9.8,
                "n": 5,
                "p05": 9.84,
                "p95": 13.303999999999998,
                "samples": 5,
                "stdev": 1.5838383755926613
              },
              "sequence_us": {
                "max": 13.32,
                "median": 12.76,
                "min": 9.8,
                "n": 5,
                "p05": 9.84,
                "p95": 13.303999999999998,
                "samples": 5,
                "stdev": 1.5838383755926613
              },
              "status": "ok"
            },
            "host_wall": {
              "clock": "steady_clock",
              "per_iteration_us": {
                "max": 86.121,
                "median": 83.952,
                "min": 74.691,
                "n": 5,
                "p05": 75.22720000000001,
                "p95": 85.861,
                "samples": 5,
                "stdev": 4.510850944112428
              },
              "sequence_us": {
                "max": 86.121,
                "median": 83.952,
                "min": 74.691,
                "n": 5,
                "p05": 75.22720000000001,
                "p95": 85.861,
                "samples": 5,
                "stdev": 4.510850944112428
              },
              "status": "ok"
            },
            "logical_iterations": 1
          }
        },
        "timing_mode": "serial_latency",
        "variant": "quantize",
        "workgroup_match": "exact_hip_wave32"
      },
      {
        "backend": "vulkan",
        "correctness": {
          "single_dispatch": {
            "oracle": "CPU Q8_0 dense q8_1+dp4a BF16 logits with KL <= 0.05 and top-1 >= 90%",
            "status": "pass"
          },
          "synchronization": {
            "barrier_count": 9,
            "method": "vulkan_compute_barrier",
            "status": "pass"
          },
          "timed_sequence": {
            "coverage": "chained_final_state",
            "logical_iterations": 10,
            "oracle": "CPU Q8_0 dense q8_1+dp4a BF16 logits with KL <= 0.05 and top-1 >= 90%",
            "status": "pass"
          }
        },
        "correctness_pass": true,
        "dependency_contract": {
          "inter_dispatch_ordering": "vulkan_compute_barrier",
          "output_partitioning": "chained_shared",
          "validation_status": "pass",
          "work_dependency": "chained"
        },
        "execution": {
          "actual_parallel_lanes": 1,
          "burst_lane_gpu_samples_us": [],
          "calibrated_timestamp_domain": false,
          "calibrated_timestamp_extension": "",
          "lane_assignment": "single_command_buffer",
          "requested_parallel_lanes": 4,
          "single_lane_gpu_samples_us": [],
          "submission_strategy": "vulkan_command_buffer"
        },
        "hardware": {
          "actual_independent_lanes": 1,
          "api_version": "1.4.318",
          "calibrated_timestamp_extension": "",
          "device_id": 30032,
          "device_name": "AMD Radeon Graphics (RADV GFX1201)",
          "device_type": 2,
          "driver_version_raw": 104865800,
          "queue_family": 1,
          "queue_flags": 14,
          "queue_timestamp_valid_bits": 64,
          "requested_api_version": "1.2",
          "requested_independent_lanes": 4,
          "shader_integer_dot_product": true,
          "storage_buffer_16bit": true,
          "timeline_semaphore": true,
          "vendor_id": 4098
        },
        "in_features": 768,
        "local_size": 32,
        "median_us": 24.22,
        "numeric_correctness": {
          "burst": {
            "exact_bf16_mismatches": 999,
            "expected_repetitions": [
              9
            ],
            "kl_divergence": 6.102724291e-06,
            "max_abs": 0.03125,
            "mean_abs": 0.0004975199699,
            "outputs_checked": 1,
            "pass": true,
            "top1": 1
          },
          "single": {
            "exact_bf16_mismatches": 1232,
            "expected_repetitions": [
              0
            ],
            "kl_divergence": 3.999396507e-05,
            "max_abs": 0.03125,
            "mean_abs": 0.0005773062585,
            "outputs_checked": 1,
            "pass": true,
            "top1": 1
          }
        },
        "operation": "q8_0_dense_dp4a_dot_prequantized",
        "out_features": 2048,
        "q8_0_weight_bytes": 1671168,
        "q8_blocks_per_row": 24,
        "row_tile": 1,
        "rows": 4,
        "sequence_validation": {
          "burst_expected_repetitions": [
            9
          ],
          "input_repetition_pattern": "distinct_deterministic_salt",
          "output_partitioning": "shared",
          "single_expected_repetitions": [
            0
          ],
          "xq_partitioning": "shared"
        },
        "submission": {
          "completion_in_host_wall": true,
          "queue_or_stream_count": 1,
          "recording_in_timed_region": false,
          "strategy": "vulkan_command_buffer",
          "submit_in_host_wall": true
        },
        "timing": {
          "burst": {
            "dispatches_per_iteration": 1,
            "gpu_elapsed": {
              "clock": "vulkan_timestamp",
              "per_iteration_us": {
                "max": 24.312,
                "median": 24.22,
                "min": 24.192,
                "n": 5,
                "p05": 24.1944,
                "p95": 24.3072,
                "samples": 5,
                "stdev": 0.04782635256843275
              },
              "sequence_us": {
                "max": 243.12,
                "median": 242.2,
                "min": 241.92,
                "n": 5,
                "p05": 241.94400000000002,
                "p95": 243.072,
                "samples": 5,
                "stdev": 0.4782635256843295
              },
              "status": "ok"
            },
            "host_wall": {
              "clock": "steady_clock",
              "per_iteration_us": {
                "max": 30.6005,
                "median": 30.5614,
                "min": 30.4615,
                "n": 5,
                "p05": 30.469280000000005,
                "p95": 30.598080000000003,
                "samples": 5,
                "stdev": 0.05321919202693635
              },
              "sequence_us": {
                "max": 306.005,
                "median": 305.614,
                "min": 304.615,
                "n": 5,
                "p05": 304.69280000000003,
                "p95": 305.9808,
                "samples": 5,
                "stdev": 0.5321919202693645
              },
              "status": "ok"
            },
            "logical_iterations": 10
          },
          "single": {
            "dispatches_per_iteration": 1,
            "gpu_elapsed": {
              "clock": "vulkan_timestamp",
              "per_iteration_us": {
                "max": 32.16,
                "median": 31.32,
                "min": 31.04,
                "n": 5,
                "p05": 31.088,
                "p95": 31.991999999999997,
                "samples": 5,
                "stdev": 0.3824970588122202
              },
              "sequence_us": {
                "max": 32.16,
                "median": 31.32,
                "min": 31.04,
                "n": 5,
                "p05": 31.088,
                "p95": 31.991999999999997,
                "samples": 5,
                "stdev": 0.3824970588122202
              },
              "status": "ok"
            },
            "host_wall": {
              "clock": "steady_clock",
              "per_iteration_us": {
                "max": 99.101,
                "median": 93.672,
                "min": 84.442,
                "n": 5,
                "p05": 86.208,
                "p95": 98.399,
                "samples": 5,
                "stdev": 4.847019645101515
              },
              "sequence_us": {
                "max": 99.101,
                "median": 93.672,
                "min": 84.442,
                "n": 5,
                "p05": 86.208,
                "p95": 98.399,
                "samples": 5,
                "stdev": 4.847019645101515
              },
              "status": "ok"
            },
            "logical_iterations": 1
          }
        },
        "timing_mode": "serial_latency",
        "variant": "single",
        "workgroup_match": "exact_hip_wave32"
      },
      {
        "backend": "vulkan",
        "correctness": {
          "single_dispatch": {
            "oracle": "CPU Q8_0 dense q8_1+dp4a BF16 logits with KL <= 0.05 and top-1 >= 90%",
            "status": "pass"
          },
          "synchronization": {
            "barrier_count": 28,
            "method": "vulkan_compute_barrier",
            "status": "pass"
          },
          "timed_sequence": {
            "coverage": "chained_final_state",
            "logical_iterations": 10,
            "oracle": "CPU Q8_0 dense q8_1+dp4a BF16 logits with KL <= 0.05 and top-1 >= 90%",
            "status": "pass"
          }
        },
        "correctness_pass": true,
        "dependency_contract": {
          "inter_dispatch_ordering": "vulkan_compute_barrier",
          "output_partitioning": "chained_shared",
          "validation_status": "pass",
          "work_dependency": "chained"
        },
        "execution": {
          "actual_parallel_lanes": 1,
          "burst_lane_gpu_samples_us": [],
          "calibrated_timestamp_domain": false,
          "calibrated_timestamp_extension": "",
          "lane_assignment": "single_command_buffer",
          "requested_parallel_lanes": 4,
          "single_lane_gpu_samples_us": [],
          "submission_strategy": "vulkan_command_buffer"
        },
        "hardware": {
          "actual_independent_lanes": 1,
          "api_version": "1.4.318",
          "calibrated_timestamp_extension": "",
          "device_id": 30032,
          "device_name": "AMD Radeon Graphics (RADV GFX1201)",
          "device_type": 2,
          "driver_version_raw": 104865800,
          "queue_family": 1,
          "queue_flags": 14,
          "queue_timestamp_valid_bits": 64,
          "requested_api_version": "1.2",
          "requested_independent_lanes": 4,
          "shader_integer_dot_product": true,
          "storage_buffer_16bit": true,
          "timeline_semaphore": true,
          "vendor_id": 4098
        },
        "in_features": 768,
        "local_size": 32,
        "median_us": 30.7,
        "numeric_correctness": {
          "burst": {
            "exact_bf16_mismatches": 999,
            "expected_repetitions": [
              9
            ],
            "kl_divergence": 6.102724291e-06,
            "max_abs": 0.03125,
            "mean_abs": 0.0004975199699,
            "outputs_checked": 1,
            "pass": true,
            "top1": 1
          },
          "single": {
            "exact_bf16_mismatches": 1232,
            "expected_repetitions": [
              0
            ],
            "kl_divergence": 3.999396507e-05,
            "max_abs": 0.03125,
            "mean_abs": 0.0005773062585,
            "outputs_checked": 1,
            "pass": true,
            "top1": 1
          }
        },
        "operation": "q8_0_dense_dp4a_quantize_plus_dot",
        "out_features": 2048,
        "q8_0_weight_bytes": 1671168,
        "q8_blocks_per_row": 24,
        "row_tile": 1,
        "rows": 4,
        "sequence_validation": {
          "burst_expected_repetitions": [
            9
          ],
          "input_repetition_pattern": "distinct_deterministic_salt",
          "output_partitioning": "shared",
          "single_expected_repetitions": [
            0
          ],
          "xq_partitioning": "shared"
        },
        "submission": {
          "completion_in_host_wall": true,
          "queue_or_stream_count": 1,
          "recording_in_timed_region": false,
          "strategy": "vulkan_command_buffer",
          "submit_in_host_wall": true
        },
        "timing": {
          "burst": {
            "dispatches_per_iteration": 2,
            "gpu_elapsed": {
              "clock": "vulkan_timestamp",
              "per_iteration_us": {
                "max": 30.727999999999998,
                "median": 30.7,
                "min": 30.416000000000004,
                "n": 5,
                "p05": 30.419200000000007,
                "p95": 30.727999999999998,
                "samples": 5,
                "stdev": 0.1448066296824823
              },
              "sequence_us": {
                "max": 307.28,
                "median": 307.0,
                "min": 304.16,
                "n": 5,
                "p05": 304.192,
                "p95": 307.28,
                "samples": 5,
                "stdev": 1.4480662968248237
              },
              "status": "ok"
            },
            "host_wall": {
              "clock": "steady_clock",
              "per_iteration_us": {
                "max": 38.2416,
                "median": 37.107600000000005,
                "min": 36.8405,
                "n": 5,
                "p05": 36.843920000000004,
                "p95": 38.0308,
                "samples": 5,
                "stdev": 0.515570458424451
              },
              "sequence_us": {
                "max": 382.416,
                "median": 371.076,
                "min": 368.405,
                "n": 5,
                "p05": 368.4392,
                "p95": 380.308,
                "samples": 5,
                "stdev": 5.155704584244523
              },
              "status": "ok"
            },
            "logical_iterations": 10
          },
          "single": {
            "dispatches_per_iteration": 2,
            "gpu_elapsed": {
              "clock": "vulkan_timestamp",
              "per_iteration_us": {
                "max": 41.32,
                "median": 37.44,
                "min": 33.32,
                "n": 5,
                "p05": 33.512,
                "p95": 41.176,
                "samples": 5,
                "stdev": 3.224545859497117
              },
              "sequence_us": {
                "max": 41.32,
                "median": 37.44,
                "min": 33.32,
                "n": 5,
                "p05": 33.512,
                "p95": 41.176,
                "samples": 5,
                "stdev": 3.224545859497117
              },
              "status": "ok"
            },
            "host_wall": {
              "clock": "steady_clock",
              "per_iteration_us": {
                "max": 113.232,
                "median": 105.932,
                "min": 96.471,
                "n": 5,
                "p05": 96.70120000000001,
                "p95": 112.96780000000001,
                "samples": 5,
                "stdev": 6.979533640580866
              },
              "sequence_us": {
                "max": 113.232,
                "median": 105.932,
                "min": 96.471,
                "n": 5,
                "p05": 96.70120000000001,
                "p95": 112.96780000000001,
                "samples": 5,
                "stdev": 6.979533640580866
              },
              "status": "ok"
            },
            "logical_iterations": 1
          }
        },
        "timing_mode": "serial_latency",
        "variant": "single",
        "workgroup_match": "exact_hip_wave32"
      },
      {
        "backend": "vulkan",
        "correctness": {
          "single_dispatch": {
            "oracle": "CPU Q8_0 dense q8_1+dp4a BF16 logits with KL <= 0.05 and top-1 >= 90%",
            "status": "pass"
          },
          "synchronization": {
            "barrier_count": 9,
            "method": "vulkan_compute_barrier",
            "status": "pass"
          },
          "timed_sequence": {
            "coverage": "chained_final_state",
            "logical_iterations": 10,
            "oracle": "CPU Q8_0 dense q8_1+dp4a BF16 logits with KL <= 0.05 and top-1 >= 90%",
            "status": "pass"
          }
        },
        "correctness_pass": true,
        "dependency_contract": {
          "inter_dispatch_ordering": "vulkan_compute_barrier",
          "output_partitioning": "chained_shared",
          "validation_status": "pass",
          "work_dependency": "chained"
        },
        "execution": {
          "actual_parallel_lanes": 1,
          "burst_lane_gpu_samples_us": [],
          "calibrated_timestamp_domain": false,
          "calibrated_timestamp_extension": "",
          "lane_assignment": "single_command_buffer",
          "requested_parallel_lanes": 4,
          "single_lane_gpu_samples_us": [],
          "submission_strategy": "vulkan_command_buffer"
        },
        "hardware": {
          "actual_independent_lanes": 1,
          "api_version": "1.4.318",
          "calibrated_timestamp_extension": "",
          "device_id": 30032,
          "device_name": "AMD Radeon Graphics (RADV GFX1201)",
          "device_type": 2,
          "driver_version_raw": 104865800,
          "queue_family": 1,
          "queue_flags": 14,
          "queue_timestamp_valid_bits": 64,
          "requested_api_version": "1.2",
          "requested_independent_lanes": 4,
          "shader_integer_dot_product": true,
          "storage_buffer_16bit": true,
          "timeline_semaphore": true,
          "vendor_id": 4098
        },
        "in_features": 2048,
        "local_size": 32,
        "median_us": 2.576,
        "numeric_correctness": {
          "burst": {
            "exact_bf16_mismatches": 158,
            "expected_repetitions": [
              9
            ],
            "kl_divergence": 5.842777039e-07,
            "max_abs": 0.0625,
            "mean_abs": 0.0008268356323,
            "outputs_checked": 1,
            "pass": true,
            "top1": 1
          },
          "single": {
            "exact_bf16_mismatches": 41,
            "expected_repetitions": [
              0
            ],
            "kl_divergence": 2.576833846e-09,
            "max_abs": 0.03125,
            "mean_abs": 0.0005187988281,
            "outputs_checked": 1,
            "pass": true,
            "top1": 1
          }
        },
        "operation": "q8_1_quantize",
        "out_features": 2048,
        "q8_0_weight_bytes": 4456448,
        "q8_blocks_per_row": 64,
        "row_tile": 0,
        "rows": 1,
        "sequence_validation": {
          "burst_expected_repetitions": [
            9
          ],
          "input_repetition_pattern": "distinct_deterministic_salt",
          "output_partitioning": "shared",
          "single_expected_repetitions": [
            0
          ],
          "xq_partitioning": "shared"
        },
        "submission": {
          "completion_in_host_wall": true,
          "queue_or_stream_count": 1,
          "recording_in_timed_region": false,
          "strategy": "vulkan_command_buffer",
          "submit_in_host_wall": true
        },
        "timing": {
          "burst": {
            "dispatches_per_iteration": 1,
            "gpu_elapsed": {
              "clock": "vulkan_timestamp",
              "per_iteration_us": {
                "max": 2.612,
                "median": 2.576,
                "min": 2.576,
                "n": 5,
                "p05": 2.576,
                "p95": 2.6071999999999997,
                "samples": 5,
                "stdev": 0.013994284547628733
              },
              "sequence_us": {
                "max": 26.12,
                "median": 25.76,
                "min": 25.76,
                "n": 5,
                "p05": 25.760000000000005,
                "p95": 26.072000000000003,
                "samples": 5,
                "stdev": 0.1399428454762869
              },
              "status": "ok"
            },
            "host_wall": {
              "clock": "steady_clock",
              "per_iteration_us": {
                "max": 9.4071,
                "median": 8.8901,
                "min": 8.8422,
                "n": 5,
                "p05": 8.84858,
                "p95": 9.31492,
                "samples": 5,
                "stdev": 0.21029963956222064
              },
              "sequence_us": {
                "max": 94.071,
                "median": 88.901,
                "min": 88.422,
                "n": 5,
                "p05": 88.4858,
                "p95": 93.14920000000001,
                "samples": 5,
                "stdev": 2.1029963956222084
              },
              "status": "ok"
            },
            "logical_iterations": 10
          },
          "single": {
            "dispatches_per_iteration": 1,
            "gpu_elapsed": {
              "clock": "vulkan_timestamp",
              "per_iteration_us": {
                "max": 13.16,
                "median": 13.12,
                "min": 12.68,
                "n": 5,
                "p05": 12.68,
                "p95": 13.152,
                "samples": 5,
                "stdev": 0.22256684389189682
              },
              "sequence_us": {
                "max": 13.16,
                "median": 13.12,
                "min": 12.68,
                "n": 5,
                "p05": 12.68,
                "p95": 13.152,
                "samples": 5,
                "stdev": 0.22256684389189682
              },
              "status": "ok"
            },
            "host_wall": {
              "clock": "steady_clock",
              "per_iteration_us": {
                "max": 82.951,
                "median": 82.621,
                "min": 80.802,
                "n": 5,
                "p05": 80.8298,
                "p95": 82.9312,
                "samples": 5,
                "stdev": 0.9557251906275116
              },
              "sequence_us": {
                "max": 82.951,
                "median": 82.621,
                "min": 80.802,
                "n": 5,
                "p05": 80.8298,
                "p95": 82.9312,
                "samples": 5,
                "stdev": 0.9557251906275116
              },
              "status": "ok"
            },
            "logical_iterations": 1
          }
        },
        "timing_mode": "serial_latency",
        "variant": "quantize",
        "workgroup_match": "exact_hip_wave32"
      },
      {
        "backend": "vulkan",
        "correctness": {
          "single_dispatch": {
            "oracle": "CPU Q8_0 dense q8_1+dp4a BF16 logits with KL <= 0.05 and top-1 >= 90%",
            "status": "pass"
          },
          "synchronization": {
            "barrier_count": 9,
            "method": "vulkan_compute_barrier",
            "status": "pass"
          },
          "timed_sequence": {
            "coverage": "chained_final_state",
            "logical_iterations": 10,
            "oracle": "CPU Q8_0 dense q8_1+dp4a BF16 logits with KL <= 0.05 and top-1 >= 90%",
            "status": "pass"
          }
        },
        "correctness_pass": true,
        "dependency_contract": {
          "inter_dispatch_ordering": "vulkan_compute_barrier",
          "output_partitioning": "chained_shared",
          "validation_status": "pass",
          "work_dependency": "chained"
        },
        "execution": {
          "actual_parallel_lanes": 1,
          "burst_lane_gpu_samples_us": [],
          "calibrated_timestamp_domain": false,
          "calibrated_timestamp_extension": "",
          "lane_assignment": "single_command_buffer",
          "requested_parallel_lanes": 4,
          "single_lane_gpu_samples_us": [],
          "submission_strategy": "vulkan_command_buffer"
        },
        "hardware": {
          "actual_independent_lanes": 1,
          "api_version": "1.4.318",
          "calibrated_timestamp_extension": "",
          "device_id": 30032,
          "device_name": "AMD Radeon Graphics (RADV GFX1201)",
          "device_type": 2,
          "driver_version_raw": 104865800,
          "queue_family": 1,
          "queue_flags": 14,
          "queue_timestamp_valid_bits": 64,
          "requested_api_version": "1.2",
          "requested_independent_lanes": 4,
          "shader_integer_dot_product": true,
          "storage_buffer_16bit": true,
          "timeline_semaphore": true,
          "vendor_id": 4098
        },
        "in_features": 2048,
        "local_size": 32,
        "median_us": 19.747999999999998,
        "numeric_correctness": {
          "burst": {
            "exact_bf16_mismatches": 158,
            "expected_repetitions": [
              9
            ],
            "kl_divergence": 5.842777039e-07,
            "max_abs": 0.0625,
            "mean_abs": 0.0008268356323,
            "outputs_checked": 1,
            "pass": true,
            "top1": 1
          },
          "single": {
            "exact_bf16_mismatches": 41,
            "expected_repetitions": [
              0
            ],
            "kl_divergence": 2.576833846e-09,
            "max_abs": 0.03125,
            "mean_abs": 0.0005187988281,
            "outputs_checked": 1,
            "pass": true,
            "top1": 1
          }
        },
        "operation": "q8_0_dense_dp4a_dot_prequantized",
        "out_features": 2048,
        "q8_0_weight_bytes": 4456448,
        "q8_blocks_per_row": 64,
        "row_tile": 1,
        "rows": 1,
        "sequence_validation": {
          "burst_expected_repetitions": [
            9
          ],
          "input_repetition_pattern": "distinct_deterministic_salt",
          "output_partitioning": "shared",
          "single_expected_repetitions": [
            0
          ],
          "xq_partitioning": "shared"
        },
        "submission": {
          "completion_in_host_wall": true,
          "queue_or_stream_count": 1,
          "recording_in_timed_region": false,
          "strategy": "vulkan_command_buffer",
          "submit_in_host_wall": true
        },
        "timing": {
          "burst": {
            "dispatches_per_iteration": 1,
            "gpu_elapsed": {
              "clock": "vulkan_timestamp",
              "per_iteration_us": {
                "max": 19.832,
                "median": 19.747999999999998,
                "min": 19.684,
                "n": 5,
                "p05": 19.686400000000003,
                "p95": 19.8272,
                "samples": 5,
                "stdev": 0.058820404622885424
              },
              "sequence_us": {
                "max": 198.32,
                "median": 197.48,
                "min": 196.84,
                "n": 5,
                "p05": 196.864,
                "p95": 198.272,
                "samples": 5,
                "stdev": 0.5882040462288559
              },
              "status": "ok"
            },
            "host_wall": {
              "clock": "steady_clock",
              "per_iteration_us": {
                "max": 26.1324,
                "median": 26.0554,
                "min": 25.908300000000004,
                "n": 5,
                "p05": 25.929100000000005,
                "p95": 26.12598,
                "samples": 5,
                "stdev": 0.07811280560829786
              },
              "sequence_us": {
                "max": 261.324,
                "median": 260.554,
                "min": 259.083,
                "n": 5,
                "p05": 259.29100000000005,
                "p95": 261.25980000000004,
                "samples": 5,
                "stdev": 0.7811280560829873
              },
              "status": "ok"
            },
            "logical_iterations": 10
          },
          "single": {
            "dispatches_per_iteration": 1,
            "gpu_elapsed": {
              "clock": "vulkan_timestamp",
              "per_iteration_us": {
                "max": 26.24,
                "median": 26.04,
                "min": 25.92,
                "n": 5,
                "p05": 25.928000000000004,
                "p95": 26.223999999999997,
                "samples": 5,
                "stdev": 0.12026637102698232
              },
              "sequence_us": {
                "max": 26.24,
                "median": 26.04,
                "min": 25.92,
                "n": 5,
                "p05": 25.928000000000004,
                "p95": 26.223999999999997,
                "samples": 5,
                "stdev": 0.12026637102698232
              },
              "status": "ok"
            },
            "host_wall": {
              "clock": "steady_clock",
              "per_iteration_us": {
                "max": 91.101,
                "median": 88.842,
                "min": 79.711,
                "n": 5,
                "p05": 81.2932,
                "p95": 90.77499999999999,
                "samples": 5,
                "stdev": 3.9805278343455917
              },
              "sequence_us": {
                "max": 91.101,
                "median": 88.842,
                "min": 79.711,
                "n": 5,
                "p05": 81.2932,
                "p95": 90.77499999999999,
                "samples": 5,
                "stdev": 3.9805278343455917
              },
              "status": "ok"
            },
            "logical_iterations": 1
          }
        },
        "timing_mode": "serial_latency",
        "variant": "single",
        "workgroup_match": "exact_hip_wave32"
      },
      {
        "backend": "vulkan",
        "correctness": {
          "single_dispatch": {
            "oracle": "CPU Q8_0 dense q8_1+dp4a BF16 logits with KL <= 0.05 and top-1 >= 90%",
            "status": "pass"
          },
          "synchronization": {
            "barrier_count": 28,
            "method": "vulkan_compute_barrier",
            "status": "pass"
          },
          "timed_sequence": {
            "coverage": "chained_final_state",
            "logical_iterations": 10,
            "oracle": "CPU Q8_0 dense q8_1+dp4a BF16 logits with KL <= 0.05 and top-1 >= 90%",
            "status": "pass"
          }
        },
        "correctness_pass": true,
        "dependency_contract": {
          "inter_dispatch_ordering": "vulkan_compute_barrier",
          "output_partitioning": "chained_shared",
          "validation_status": "pass",
          "work_dependency": "chained"
        },
        "execution": {
          "actual_parallel_lanes": 1,
          "burst_lane_gpu_samples_us": [],
          "calibrated_timestamp_domain": false,
          "calibrated_timestamp_extension": "",
          "lane_assignment": "single_command_buffer",
          "requested_parallel_lanes": 4,
          "single_lane_gpu_samples_us": [],
          "submission_strategy": "vulkan_command_buffer"
        },
        "hardware": {
          "actual_independent_lanes": 1,
          "api_version": "1.4.318",
          "calibrated_timestamp_extension": "",
          "device_id": 30032,
          "device_name": "AMD Radeon Graphics (RADV GFX1201)",
          "device_type": 2,
          "driver_version_raw": 104865800,
          "queue_family": 1,
          "queue_flags": 14,
          "queue_timestamp_valid_bits": 64,
          "requested_api_version": "1.2",
          "requested_independent_lanes": 4,
          "shader_integer_dot_product": true,
          "storage_buffer_16bit": true,
          "timeline_semaphore": true,
          "vendor_id": 4098
        },
        "in_features": 2048,
        "local_size": 32,
        "median_us": 25.232,
        "numeric_correctness": {
          "burst": {
            "exact_bf16_mismatches": 158,
            "expected_repetitions": [
              9
            ],
            "kl_divergence": 5.842777039e-07,
            "max_abs": 0.0625,
            "mean_abs": 0.0008268356323,
            "outputs_checked": 1,
            "pass": true,
            "top1": 1
          },
          "single": {
            "exact_bf16_mismatches": 41,
            "expected_repetitions": [
              0
            ],
            "kl_divergence": 2.576833846e-09,
            "max_abs": 0.03125,
            "mean_abs": 0.0005187988281,
            "outputs_checked": 1,
            "pass": true,
            "top1": 1
          }
        },
        "operation": "q8_0_dense_dp4a_quantize_plus_dot",
        "out_features": 2048,
        "q8_0_weight_bytes": 4456448,
        "q8_blocks_per_row": 64,
        "row_tile": 1,
        "rows": 1,
        "sequence_validation": {
          "burst_expected_repetitions": [
            9
          ],
          "input_repetition_pattern": "distinct_deterministic_salt",
          "output_partitioning": "shared",
          "single_expected_repetitions": [
            0
          ],
          "xq_partitioning": "shared"
        },
        "submission": {
          "completion_in_host_wall": true,
          "queue_or_stream_count": 1,
          "recording_in_timed_region": false,
          "strategy": "vulkan_command_buffer",
          "submit_in_host_wall": true
        },
        "timing": {
          "burst": {
            "dispatches_per_iteration": 2,
            "gpu_elapsed": {
              "clock": "vulkan_timestamp",
              "per_iteration_us": {
                "max": 25.32,
                "median": 25.232,
                "min": 25.012,
                "n": 5,
                "p05": 25.016800000000003,
                "p95": 25.304000000000002,
                "samples": 5,
                "stdev": 0.12177356034870605
              },
              "sequence_us": {
                "max": 253.2,
                "median": 252.32,
                "min": 250.12,
                "n": 5,
                "p05": 250.168,
                "p95": 253.04,
                "samples": 5,
                "stdev": 1.2177356034870555
              },
              "status": "ok"
            },
            "host_wall": {
              "clock": "steady_clock",
              "per_iteration_us": {
                "max": 31.6555,
                "median": 31.5925,
                "min": 31.3425,
                "n": 5,
                "p05": 31.348300000000002,
                "p95": 31.653480000000002,
                "samples": 5,
                "stdev": 0.13630055612505845
              },
              "sequence_us": {
                "max": 316.555,
                "median": 315.925,
                "min": 313.425,
                "n": 5,
                "p05": 313.483,
                "p95": 316.5348,
                "samples": 5,
                "stdev": 1.3630055612505834
              },
              "status": "ok"
            },
            "logical_iterations": 10
          },
          "single": {
            "dispatches_per_iteration": 2,
            "gpu_elapsed": {
              "clock": "vulkan_timestamp",
              "per_iteration_us": {
                "max": 28.6,
                "median": 28.28,
                "min": 28.12,
                "n": 5,
                "p05": 28.128000000000004,
                "p95": 28.592,
                "samples": 5,
                "stdev": 0.20015993605114862
              },
              "sequence_us": {
                "max": 28.6,
                "median": 28.28,
                "min": 28.12,
                "n": 5,
                "p05": 28.128000000000004,
                "p95": 28.592,
                "samples": 5,
                "stdev": 0.20015993605114862
              },
              "status": "ok"
            },
            "host_wall": {
              "clock": "steady_clock",
              "per_iteration_us": {
                "max": 91.631,
                "median": 90.882,
                "min": 89.922,
                "n": 5,
                "p05": 90.0958,
                "p95": 91.513,
                "samples": 5,
                "stdev": 0.5499223945249012
              },
              "sequence_us": {
                "max": 91.631,
                "median": 90.882,
                "min": 89.922,
                "n": 5,
                "p05": 90.0958,
                "p95": 91.513,
                "samples": 5,
                "stdev": 0.5499223945249012
              },
              "status": "ok"
            },
            "logical_iterations": 1
          }
        },
        "timing_mode": "serial_latency",
        "variant": "single",
        "workgroup_match": "exact_hip_wave32"
      },
      {
        "backend": "vulkan",
        "correctness": {
          "single_dispatch": {
            "oracle": "CPU Q8_0 dense q8_1+dp4a BF16 logits with KL <= 0.05 and top-1 >= 90%",
            "status": "pass"
          },
          "synchronization": {
            "barrier_count": 9,
            "method": "vulkan_compute_barrier",
            "status": "pass"
          },
          "timed_sequence": {
            "coverage": "chained_final_state",
            "logical_iterations": 10,
            "oracle": "CPU Q8_0 dense q8_1+dp4a BF16 logits with KL <= 0.05 and top-1 >= 90%",
            "status": "pass"
          }
        },
        "correctness_pass": true,
        "dependency_contract": {
          "inter_dispatch_ordering": "vulkan_compute_barrier",
          "output_partitioning": "chained_shared",
          "validation_status": "pass",
          "work_dependency": "chained"
        },
        "execution": {
          "actual_parallel_lanes": 1,
          "burst_lane_gpu_samples_us": [],
          "calibrated_timestamp_domain": false,
          "calibrated_timestamp_extension": "",
          "lane_assignment": "single_command_buffer",
          "requested_parallel_lanes": 4,
          "single_lane_gpu_samples_us": [],
          "submission_strategy": "vulkan_command_buffer"
        },
        "hardware": {
          "actual_independent_lanes": 1,
          "api_version": "1.4.318",
          "calibrated_timestamp_extension": "",
          "device_id": 30032,
          "device_name": "AMD Radeon Graphics (RADV GFX1201)",
          "device_type": 2,
          "driver_version_raw": 104865800,
          "queue_family": 1,
          "queue_flags": 14,
          "queue_timestamp_valid_bits": 64,
          "requested_api_version": "1.2",
          "requested_independent_lanes": 4,
          "shader_integer_dot_product": true,
          "storage_buffer_16bit": true,
          "timeline_semaphore": true,
          "vendor_id": 4098
        },
        "in_features": 2048,
        "local_size": 32,
        "median_us": 2.6399999999999997,
        "numeric_correctness": {
          "burst": {
            "exact_bf16_mismatches": 1534,
            "expected_repetitions": [
              9
            ],
            "kl_divergence": 0.0001183141109,
            "max_abs": 0.0625,
            "mean_abs": 0.0008707661182,
            "outputs_checked": 1,
            "pass": true,
            "top1": 1
          },
          "single": {
            "exact_bf16_mismatches": 1017,
            "expected_repetitions": [
              0
            ],
            "kl_divergence": 4.436209871e-06,
            "max_abs": 0.03125,
            "mean_abs": 0.000759601593,
            "outputs_checked": 1,
            "pass": true,
            "top1": 1
          }
        },
        "operation": "q8_1_quantize",
        "out_features": 2048,
        "q8_0_weight_bytes": 4456448,
        "q8_blocks_per_row": 64,
        "row_tile": 0,
        "rows": 4,
        "sequence_validation": {
          "burst_expected_repetitions": [
            9
          ],
          "input_repetition_pattern": "distinct_deterministic_salt",
          "output_partitioning": "shared",
          "single_expected_repetitions": [
            0
          ],
          "xq_partitioning": "shared"
        },
        "submission": {
          "completion_in_host_wall": true,
          "queue_or_stream_count": 1,
          "recording_in_timed_region": false,
          "strategy": "vulkan_command_buffer",
          "submit_in_host_wall": true
        },
        "timing": {
          "burst": {
            "dispatches_per_iteration": 1,
            "gpu_elapsed": {
              "clock": "vulkan_timestamp",
              "per_iteration_us": {
                "max": 2.66,
                "median": 2.6399999999999997,
                "min": 2.636,
                "n": 5,
                "p05": 2.6368,
                "p95": 2.66,
                "samples": 5,
                "stdev": 0.010552724766618466
              },
              "sequence_us": {
                "max": 26.6,
                "median": 26.4,
                "min": 26.36,
                "n": 5,
                "p05": 26.368000000000002,
                "p95": 26.6,
                "samples": 5,
                "stdev": 0.10552724766618456
              },
              "status": "ok"
            },
            "host_wall": {
              "clock": "steady_clock",
              "per_iteration_us": {
                "max": 9.347100000000001,
                "median": 9.2141,
                "min": 9.1892,
                "n": 5,
                "p05": 9.1938,
                "p95": 9.32432,
                "samples": 5,
                "stdev": 0.05574479706663269
              },
              "sequence_us": {
                "max": 93.471,
                "median": 92.141,
                "min": 91.892,
                "n": 5,
                "p05": 91.938,
                "p95": 93.2432,
                "samples": 5,
                "stdev": 0.5574479706663232
              },
              "status": "ok"
            },
            "logical_iterations": 10
          },
          "single": {
            "dispatches_per_iteration": 1,
            "gpu_elapsed": {
              "clock": "vulkan_timestamp",
              "per_iteration_us": {
                "max": 13.36,
                "median": 12.8,
                "min": 11.72,
                "n": 5,
                "p05": 11.896,
                "p95": 13.303999999999998,
                "samples": 5,
                "stdev": 0.5585123096226257
              },
              "sequence_us": {
                "max": 13.36,
                "median": 12.8,
                "min": 11.72,
                "n": 5,
                "p05": 11.896,
                "p95": 13.303999999999998,
                "samples": 5,
                "stdev": 0.5585123096226257
              },
              "status": "ok"
            },
            "host_wall": {
              "clock": "steady_clock",
              "per_iteration_us": {
                "max": 93.741,
                "median": 90.842,
                "min": 83.161,
                "n": 5,
                "p05": 83.69300000000001,
                "p95": 93.5492,
                "samples": 5,
                "stdev": 4.099040112026228
              },
              "sequence_us": {
                "max": 93.741,
                "median": 90.842,
                "min": 83.161,
                "n": 5,
                "p05": 83.69300000000001,
                "p95": 93.5492,
                "samples": 5,
                "stdev": 4.099040112026228
              },
              "status": "ok"
            },
            "logical_iterations": 1
          }
        },
        "timing_mode": "serial_latency",
        "variant": "quantize",
        "workgroup_match": "exact_hip_wave32"
      },
      {
        "backend": "vulkan",
        "correctness": {
          "single_dispatch": {
            "oracle": "CPU Q8_0 dense q8_1+dp4a BF16 logits with KL <= 0.05 and top-1 >= 90%",
            "status": "pass"
          },
          "synchronization": {
            "barrier_count": 9,
            "method": "vulkan_compute_barrier",
            "status": "pass"
          },
          "timed_sequence": {
            "coverage": "chained_final_state",
            "logical_iterations": 10,
            "oracle": "CPU Q8_0 dense q8_1+dp4a BF16 logits with KL <= 0.05 and top-1 >= 90%",
            "status": "pass"
          }
        },
        "correctness_pass": true,
        "dependency_contract": {
          "inter_dispatch_ordering": "vulkan_compute_barrier",
          "output_partitioning": "chained_shared",
          "validation_status": "pass",
          "work_dependency": "chained"
        },
        "execution": {
          "actual_parallel_lanes": 1,
          "burst_lane_gpu_samples_us": [],
          "calibrated_timestamp_domain": false,
          "calibrated_timestamp_extension": "",
          "lane_assignment": "single_command_buffer",
          "requested_parallel_lanes": 4,
          "single_lane_gpu_samples_us": [],
          "submission_strategy": "vulkan_command_buffer"
        },
        "hardware": {
          "actual_independent_lanes": 1,
          "api_version": "1.4.318",
          "calibrated_timestamp_extension": "",
          "device_id": 30032,
          "device_name": "AMD Radeon Graphics (RADV GFX1201)",
          "device_type": 2,
          "driver_version_raw": 104865800,
          "queue_family": 1,
          "queue_flags": 14,
          "queue_timestamp_valid_bits": 64,
          "requested_api_version": "1.2",
          "requested_independent_lanes": 4,
          "shader_integer_dot_product": true,
          "storage_buffer_16bit": true,
          "timeline_semaphore": true,
          "vendor_id": 4098
        },
        "in_features": 2048,
        "local_size": 32,
        "median_us": 57.903999999999996,
        "numeric_correctness": {
          "burst": {
            "exact_bf16_mismatches": 1534,
            "expected_repetitions": [
              9
            ],
            "kl_divergence": 0.0001183141109,
            "max_abs": 0.0625,
            "mean_abs": 0.0008707661182,
            "outputs_checked": 1,
            "pass": true,
            "top1": 1
          },
          "single": {
            "exact_bf16_mismatches": 1017,
            "expected_repetitions": [
              0
            ],
            "kl_divergence": 4.436209871e-06,
            "max_abs": 0.03125,
            "mean_abs": 0.000759601593,
            "outputs_checked": 1,
            "pass": true,
            "top1": 1
          }
        },
        "operation": "q8_0_dense_dp4a_dot_prequantized",
        "out_features": 2048,
        "q8_0_weight_bytes": 4456448,
        "q8_blocks_per_row": 64,
        "row_tile": 1,
        "rows": 4,
        "sequence_validation": {
          "burst_expected_repetitions": [
            9
          ],
          "input_repetition_pattern": "distinct_deterministic_salt",
          "output_partitioning": "shared",
          "single_expected_repetitions": [
            0
          ],
          "xq_partitioning": "shared"
        },
        "submission": {
          "completion_in_host_wall": true,
          "queue_or_stream_count": 1,
          "recording_in_timed_region": false,
          "strategy": "vulkan_command_buffer",
          "submit_in_host_wall": true
        },
        "timing": {
          "burst": {
            "dispatches_per_iteration": 1,
            "gpu_elapsed": {
              "clock": "vulkan_timestamp",
              "per_iteration_us": {
                "max": 57.944,
                "median": 57.903999999999996,
                "min": 57.839999999999996,
                "n": 5,
                "p05": 57.8512,
                "p95": 57.9368,
                "samples": 5,
                "stdev": 0.033523722943613075
              },
              "sequence_us": {
                "max": 579.44,
                "median": 579.04,
                "min": 578.4,
                "n": 5,
                "p05": 578.5120000000001,
                "p95": 579.368,
                "samples": 5,
                "stdev": 0.33523722943613476
              },
              "status": "ok"
            },
            "host_wall": {
              "clock": "steady_clock",
              "per_iteration_us": {
                "max": 64.68289999999999,
                "median": 64.422,
                "min": 64.284,
                "n": 5,
                "p05": 64.2928,
                "p95": 64.6355,
                "samples": 5,
                "stdev": 0.1385369640204319
              },
              "sequence_us": {
                "max": 646.829,
                "median": 644.22,
                "min": 642.84,
                "n": 5,
                "p05": 642.9280000000001,
                "p95": 646.3549999999999,
                "samples": 5,
                "stdev": 1.3853696402043534
              },
              "status": "ok"
            },
            "logical_iterations": 10
          },
          "single": {
            "dispatches_per_iteration": 1,
            "gpu_elapsed": {
              "clock": "vulkan_timestamp",
              "per_iteration_us": {
                "max": 65.04,
                "median": 64.56,
                "min": 64.32,
                "n": 5,
                "p05": 64.328,
                "p95": 64.992,
                "samples": 5,
                "stdev": 0.2720000000000031
              },
              "sequence_us": {
                "max": 65.04,
                "median": 64.56,
                "min": 64.32,
                "n": 5,
                "p05": 64.328,
                "p95": 64.992,
                "samples": 5,
                "stdev": 0.2720000000000031
              },
              "status": "ok"
            },
            "host_wall": {
              "clock": "steady_clock",
              "per_iteration_us": {
                "max": 146.553,
                "median": 128.922,
                "min": 128.062,
                "n": 5,
                "p05": 128.12800000000001,
                "p95": 146.1388,
                "samples": 5,
                "stdev": 8.38719906524222
              },
              "sequence_us": {
                "max": 146.553,
                "median": 128.922,
                "min": 128.062,
                "n": 5,
                "p05": 128.12800000000001,
                "p95": 146.1388,
                "samples": 5,
                "stdev": 8.38719906524222
              },
              "status": "ok"
            },
            "logical_iterations": 1
          }
        },
        "timing_mode": "serial_latency",
        "variant": "single",
        "workgroup_match": "exact_hip_wave32"
      },
      {
        "backend": "vulkan",
        "correctness": {
          "single_dispatch": {
            "oracle": "CPU Q8_0 dense q8_1+dp4a BF16 logits with KL <= 0.05 and top-1 >= 90%",
            "status": "pass"
          },
          "synchronization": {
            "barrier_count": 28,
            "method": "vulkan_compute_barrier",
            "status": "pass"
          },
          "timed_sequence": {
            "coverage": "chained_final_state",
            "logical_iterations": 10,
            "oracle": "CPU Q8_0 dense q8_1+dp4a BF16 logits with KL <= 0.05 and top-1 >= 90%",
            "status": "pass"
          }
        },
        "correctness_pass": true,
        "dependency_contract": {
          "inter_dispatch_ordering": "vulkan_compute_barrier",
          "output_partitioning": "chained_shared",
          "validation_status": "pass",
          "work_dependency": "chained"
        },
        "execution": {
          "actual_parallel_lanes": 1,
          "burst_lane_gpu_samples_us": [],
          "calibrated_timestamp_domain": false,
          "calibrated_timestamp_extension": "",
          "lane_assignment": "single_command_buffer",
          "requested_parallel_lanes": 4,
          "single_lane_gpu_samples_us": [],
          "submission_strategy": "vulkan_command_buffer"
        },
        "hardware": {
          "actual_independent_lanes": 1,
          "api_version": "1.4.318",
          "calibrated_timestamp_extension": "",
          "device_id": 30032,
          "device_name": "AMD Radeon Graphics (RADV GFX1201)",
          "device_type": 2,
          "driver_version_raw": 104865800,
          "queue_family": 1,
          "queue_flags": 14,
          "queue_timestamp_valid_bits": 64,
          "requested_api_version": "1.2",
          "requested_independent_lanes": 4,
          "shader_integer_dot_product": true,
          "storage_buffer_16bit": true,
          "timeline_semaphore": true,
          "vendor_id": 4098
        },
        "in_features": 2048,
        "local_size": 32,
        "median_us": 63.720000000000006,
        "numeric_correctness": {
          "burst": {
            "exact_bf16_mismatches": 1534,
            "expected_repetitions": [
              9
            ],
            "kl_divergence": 0.0001183141109,
            "max_abs": 0.0625,
            "mean_abs": 0.0008707661182,
            "outputs_checked": 1,
            "pass": true,
            "top1": 1
          },
          "single": {
            "exact_bf16_mismatches": 1017,
            "expected_repetitions": [
              0
            ],
            "kl_divergence": 4.436209871e-06,
            "max_abs": 0.03125,
            "mean_abs": 0.000759601593,
            "outputs_checked": 1,
            "pass": true,
            "top1": 1
          }
        },
        "operation": "q8_0_dense_dp4a_quantize_plus_dot",
        "out_features": 2048,
        "q8_0_weight_bytes": 4456448,
        "q8_blocks_per_row": 64,
        "row_tile": 1,
        "rows": 4,
        "sequence_validation": {
          "burst_expected_repetitions": [
            9
          ],
          "input_repetition_pattern": "distinct_deterministic_salt",
          "output_partitioning": "shared",
          "single_expected_repetitions": [
            0
          ],
          "xq_partitioning": "shared"
        },
        "submission": {
          "completion_in_host_wall": true,
          "queue_or_stream_count": 1,
          "recording_in_timed_region": false,
          "strategy": "vulkan_command_buffer",
          "submit_in_host_wall": true
        },
        "timing": {
          "burst": {
            "dispatches_per_iteration": 2,
            "gpu_elapsed": {
              "clock": "vulkan_timestamp",
              "per_iteration_us": {
                "max": 63.772000000000006,
                "median": 63.720000000000006,
                "min": 63.632000000000005,
                "n": 5,
                "p05": 63.64640000000001,
                "p95": 63.76160000000001,
                "samples": 5,
                "stdev": 0.045084808971537715
              },
              "sequence_us": {
                "max": 637.72,
                "median": 637.2,
                "min": 636.32,
                "n": 5,
                "p05": 636.464,
                "p95": 637.6160000000001,
                "samples": 5,
                "stdev": 0.4508480897153673
              },
              "status": "ok"
            },
            "host_wall": {
              "clock": "steady_clock",
              "per_iteration_us": {
                "max": 70.8261,
                "median": 70.4461,
                "min": 70.1851,
                "n": 5,
                "p05": 70.20568,
                "p95": 70.7773,
                "samples": 5,
                "stdev": 0.22544830360860776
              },
              "sequence_us": {
                "max": 708.261,
                "median": 704.461,
                "min": 701.851,
                "n": 5,
                "p05": 702.0568000000001,
                "p95": 707.773,
                "samples": 5,
                "stdev": 2.2544830360860932
              },
              "status": "ok"
            },
            "logical_iterations": 10
          },
          "single": {
            "dispatches_per_iteration": 2,
            "gpu_elapsed": {
              "clock": "vulkan_timestamp",
              "per_iteration_us": {
                "max": 77.48,
                "median": 67.44,
                "min": 66.52,
                "n": 5,
                "p05": 66.616,
                "p95": 75.496,
                "samples": 5,
                "stdev": 4.156152066515374
              },
              "sequence_us": {
                "max": 77.48,
                "median": 67.44,
                "min": 66.52,
                "n": 5,
                "p05": 66.616,
                "p95": 75.496,
                "samples": 5,
                "stdev": 4.156152066515374
              },
              "status": "ok"
            },
            "host_wall": {
              "clock": "steady_clock",
              "per_iteration_us": {
                "max": 148.882,
                "median": 132.993,
                "min": 130.852,
                "n": 5,
                "p05": 131.23000000000002,
                "p95": 146.39600000000002,
                "samples": 5,
                "stdev": 6.504931925854415
              },
              "sequence_us": {
                "max": 148.882,
                "median": 132.993,
                "min": 130.852,
                "n": 5,
                "p05": 131.23000000000002,
                "p95": 146.39600000000002,
                "samples": 5,
                "stdev": 6.504931925854415
              },
              "status": "ok"
            },
            "logical_iterations": 1
          }
        },
        "timing_mode": "serial_latency",
        "variant": "single",
        "workgroup_match": "exact_hip_wave32"
      },
      {
        "backend": "vulkan",
        "correctness": {
          "single_dispatch": {
            "oracle": "CPU Q8_0 dense q8_1+dp4a BF16 logits with KL <= 0.05 and top-1 >= 90%",
            "status": "pass"
          },
          "synchronization": {
            "barrier_count": 9,
            "method": "vulkan_compute_barrier",
            "status": "pass"
          },
          "timed_sequence": {
            "coverage": "chained_final_state",
            "logical_iterations": 10,
            "oracle": "CPU Q8_0 dense q8_1+dp4a BF16 logits with KL <= 0.05 and top-1 >= 90%",
            "status": "pass"
          }
        },
        "correctness_pass": true,
        "dependency_contract": {
          "inter_dispatch_ordering": "vulkan_compute_barrier",
          "output_partitioning": "chained_shared",
          "validation_status": "pass",
          "work_dependency": "chained"
        },
        "execution": {
          "actual_parallel_lanes": 1,
          "burst_lane_gpu_samples_us": [],
          "calibrated_timestamp_domain": false,
          "calibrated_timestamp_extension": "",
          "lane_assignment": "single_command_buffer",
          "requested_parallel_lanes": 4,
          "single_lane_gpu_samples_us": [],
          "submission_strategy": "vulkan_command_buffer"
        },
        "hardware": {
          "actual_independent_lanes": 1,
          "api_version": "1.4.318",
          "calibrated_timestamp_extension": "",
          "device_id": 30032,
          "device_name": "AMD Radeon Graphics (RADV GFX1201)",
          "device_type": 2,
          "driver_version_raw": 104865800,
          "queue_family": 1,
          "queue_flags": 14,
          "queue_timestamp_valid_bits": 64,
          "requested_api_version": "1.2",
          "requested_independent_lanes": 4,
          "shader_integer_dot_product": true,
          "storage_buffer_16bit": true,
          "timeline_semaphore": true,
          "vendor_id": 4098
        },
        "in_features": 768,
        "local_size": 32,
        "median_us": 7.492,
        "numeric_correctness": {
          "burst": {
            "exact_bf16_mismatches": 249,
            "expected_repetitions": [
              9
            ],
            "kl_divergence": 2.913779618e-07,
            "max_abs": 0.03125,
            "mean_abs": 0.0008402764797,
            "outputs_checked": 1,
            "pass": true,
            "top1": 1
          },
          "single": {
            "exact_bf16_mismatches": 251,
            "expected_repetitions": [
              0
            ],
            "kl_divergence": 3.301283582e-07,
            "max_abs": 0.015625,
            "mean_abs": 0.0002901772968,
            "outputs_checked": 1,
            "pass": true,
            "top1": 1
          }
        },
        "operation": "q8_0_dense_dp4a_dot_prequantized",
        "out_features": 2048,
        "q8_0_weight_bytes": 1671168,
        "q8_blocks_per_row": 24,
        "row_tile": 4,
        "rows": 1,
        "sequence_validation": {
          "burst_expected_repetitions": [
            9
          ],
          "input_repetition_pattern": "distinct_deterministic_salt",
          "output_partitioning": "shared",
          "single_expected_repetitions": [
            0
          ],
          "xq_partitioning": "shared"
        },
        "submission": {
          "completion_in_host_wall": true,
          "queue_or_stream_count": 1,
          "recording_in_timed_region": false,
          "strategy": "vulkan_command_buffer",
          "submit_in_host_wall": true
        },
        "timing": {
          "burst": {
            "dispatches_per_iteration": 1,
            "gpu_elapsed": {
              "clock": "vulkan_timestamp",
              "per_iteration_us": {
                "max": 7.536,
                "median": 7.492,
                "min": 7.452,
                "n": 5,
                "p05": 7.455200000000001,
                "p95": 7.5304,
                "samples": 5,
                "stdev": 0.029545896500190773
              },
              "sequence_us": {
                "max": 75.36,
                "median": 74.92,
                "min": 74.52,
                "n": 5,
                "p05": 74.552,
                "p95": 75.304,
                "samples": 5,
                "stdev": 0.2954589650019098
              },
              "status": "ok"
            },
            "host_wall": {
              "clock": "steady_clock",
              "per_iteration_us": {
                "max": 13.139199999999999,
                "median": 13.0832,
                "min": 12.9472,
                "n": 5,
                "p05": 12.957600000000001,
                "p95": 13.128999999999998,
                "samples": 5,
                "stdev": 0.0687848820599409
              },
              "sequence_us": {
                "max": 131.392,
                "median": 130.832,
                "min": 129.472,
                "n": 5,
                "p05": 129.57600000000002,
                "p95": 131.29,
                "samples": 5,
                "stdev": 0.6878488205994083
              },
              "status": "ok"
            },
            "logical_iterations": 10
          },
          "single": {
            "dispatches_per_iteration": 1,
            "gpu_elapsed": {
              "clock": "vulkan_timestamp",
              "per_iteration_us": {
                "max": 15.28,
                "median": 15.2,
                "min": 15.04,
                "n": 5,
                "p05": 15.048,
                "p95": 15.28,
                "samples": 5,
                "stdev": 0.09991996797437429
              },
              "sequence_us": {
                "max": 15.28,
                "median": 15.2,
                "min": 15.04,
                "n": 5,
                "p05": 15.048,
                "p95": 15.28,
                "samples": 5,
                "stdev": 0.09991996797437429
              },
              "status": "ok"
            },
            "host_wall": {
              "clock": "steady_clock",
              "per_iteration_us": {
                "max": 72.371,
                "median": 70.461,
                "min": 68.111,
                "n": 5,
                "p05": 68.477,
                "p95": 72.047,
                "samples": 5,
                "stdev": 1.37370448059253
              },
              "sequence_us": {
                "max": 72.371,
                "median": 70.461,
                "min": 68.111,
                "n": 5,
                "p05": 68.477,
                "p95": 72.047,
                "samples": 5,
                "stdev": 1.37370448059253
              },
              "status": "ok"
            },
            "logical_iterations": 1
          }
        },
        "timing_mode": "serial_latency",
        "variant": "rowtile4",
        "workgroup_match": "exact_hip_wave32"
      },
      {
        "backend": "vulkan",
        "correctness": {
          "single_dispatch": {
            "oracle": "CPU Q8_0 dense q8_1+dp4a BF16 logits with KL <= 0.05 and top-1 >= 90%",
            "status": "pass"
          },
          "synchronization": {
            "barrier_count": 28,
            "method": "vulkan_compute_barrier",
            "status": "pass"
          },
          "timed_sequence": {
            "coverage": "chained_final_state",
            "logical_iterations": 10,
            "oracle": "CPU Q8_0 dense q8_1+dp4a BF16 logits with KL <= 0.05 and top-1 >= 90%",
            "status": "pass"
          }
        },
        "correctness_pass": true,
        "dependency_contract": {
          "inter_dispatch_ordering": "vulkan_compute_barrier",
          "output_partitioning": "chained_shared",
          "validation_status": "pass",
          "work_dependency": "chained"
        },
        "execution": {
          "actual_parallel_lanes": 1,
          "burst_lane_gpu_samples_us": [],
          "calibrated_timestamp_domain": false,
          "calibrated_timestamp_extension": "",
          "lane_assignment": "single_command_buffer",
          "requested_parallel_lanes": 4,
          "single_lane_gpu_samples_us": [],
          "submission_strategy": "vulkan_command_buffer"
        },
        "hardware": {
          "actual_independent_lanes": 1,
          "api_version": "1.4.318",
          "calibrated_timestamp_extension": "",
          "device_id": 30032,
          "device_name": "AMD Radeon Graphics (RADV GFX1201)",
          "device_type": 2,
          "driver_version_raw": 104865800,
          "queue_family": 1,
          "queue_flags": 14,
          "queue_timestamp_valid_bits": 64,
          "requested_api_version": "1.2",
          "requested_independent_lanes": 4,
          "shader_integer_dot_product": true,
          "storage_buffer_16bit": true,
          "timeline_semaphore": true,
          "vendor_id": 4098
        },
        "in_features": 768,
        "local_size": 32,
        "median_us": 11.992,
        "numeric_correctness": {
          "burst": {
            "exact_bf16_mismatches": 249,
            "expected_repetitions": [
              9
            ],
            "kl_divergence": 2.913779618e-07,
            "max_abs": 0.03125,
            "mean_abs": 0.0008402764797,
            "outputs_checked": 1,
            "pass": true,
            "top1": 1
          },
          "single": {
            "exact_bf16_mismatches": 251,
            "expected_repetitions": [
              0
            ],
            "kl_divergence": 3.301283582e-07,
            "max_abs": 0.015625,
            "mean_abs": 0.0002901772968,
            "outputs_checked": 1,
            "pass": true,
            "top1": 1
          }
        },
        "operation": "q8_0_dense_dp4a_quantize_plus_dot",
        "out_features": 2048,
        "q8_0_weight_bytes": 1671168,
        "q8_blocks_per_row": 24,
        "row_tile": 4,
        "rows": 1,
        "sequence_validation": {
          "burst_expected_repetitions": [
            9
          ],
          "input_repetition_pattern": "distinct_deterministic_salt",
          "output_partitioning": "shared",
          "single_expected_repetitions": [
            0
          ],
          "xq_partitioning": "shared"
        },
        "submission": {
          "completion_in_host_wall": true,
          "queue_or_stream_count": 1,
          "recording_in_timed_region": false,
          "strategy": "vulkan_command_buffer",
          "submit_in_host_wall": true
        },
        "timing": {
          "burst": {
            "dispatches_per_iteration": 2,
            "gpu_elapsed": {
              "clock": "vulkan_timestamp",
              "per_iteration_us": {
                "max": 12.024,
                "median": 11.992,
                "min": 11.824,
                "n": 5,
                "p05": 11.829600000000001,
                "p95": 12.0184,
                "samples": 5,
                "stdev": 0.08254356425548848
              },
              "sequence_us": {
                "max": 120.24,
                "median": 119.92,
                "min": 118.24,
                "n": 5,
                "p05": 118.29599999999999,
                "p95": 120.184,
                "samples": 5,
                "stdev": 0.825435642554888
              },
              "status": "ok"
            },
            "host_wall": {
              "clock": "steady_clock",
              "per_iteration_us": {
                "max": 17.6173,
                "median": 17.586199999999998,
                "min": 17.3452,
                "n": 5,
                "p05": 17.351219999999998,
                "p95": 17.6113,
                "samples": 5,
                "stdev": 0.11687481508006782
              },
              "sequence_us": {
                "max": 176.173,
                "median": 175.862,
                "min": 173.452,
                "n": 5,
                "p05": 173.5122,
                "p95": 176.113,
                "samples": 5,
                "stdev": 1.1687481508006778
              },
              "status": "ok"
            },
            "logical_iterations": 10
          },
          "single": {
            "dispatches_per_iteration": 2,
            "gpu_elapsed": {
              "clock": "vulkan_timestamp",
              "per_iteration_us": {
                "max": 16.8,
                "median": 16.64,
                "min": 16.56,
                "n": 5,
                "p05": 16.567999999999998,
                "p95": 16.784,
                "samples": 5,
                "stdev": 0.08616263691415221
              },
              "sequence_us": {
                "max": 16.8,
                "median": 16.64,
                "min": 16.56,
                "n": 5,
                "p05": 16.567999999999998,
                "p95": 16.784,
                "samples": 5,
                "stdev": 0.08616263691415221
              },
              "status": "ok"
            },
            "host_wall": {
              "clock": "steady_clock",
              "per_iteration_us": {
                "max": 72.951,
                "median": 72.631,
                "min": 70.331,
                "n": 5,
                "p05": 70.66900000000001,
                "p95": 72.92519999999999,
                "samples": 5,
                "stdev": 0.9643589373257223
              },
              "sequence_us": {
                "max": 72.951,
                "median": 72.631,
                "min": 70.331,
                "n": 5,
                "p05": 70.66900000000001,
                "p95": 72.92519999999999,
                "samples": 5,
                "stdev": 0.9643589373257223
              },
              "status": "ok"
            },
            "logical_iterations": 1
          }
        },
        "timing_mode": "serial_latency",
        "variant": "rowtile4",
        "workgroup_match": "exact_hip_wave32"
      },
      {
        "backend": "vulkan",
        "correctness": {
          "single_dispatch": {
            "oracle": "CPU Q8_0 dense q8_1+dp4a BF16 logits with KL <= 0.05 and top-1 >= 90%",
            "status": "pass"
          },
          "synchronization": {
            "barrier_count": 9,
            "method": "vulkan_compute_barrier",
            "status": "pass"
          },
          "timed_sequence": {
            "coverage": "chained_final_state",
            "logical_iterations": 10,
            "oracle": "CPU Q8_0 dense q8_1+dp4a BF16 logits with KL <= 0.05 and top-1 >= 90%",
            "status": "pass"
          }
        },
        "correctness_pass": true,
        "dependency_contract": {
          "inter_dispatch_ordering": "vulkan_compute_barrier",
          "output_partitioning": "chained_shared",
          "validation_status": "pass",
          "work_dependency": "chained"
        },
        "execution": {
          "actual_parallel_lanes": 1,
          "burst_lane_gpu_samples_us": [],
          "calibrated_timestamp_domain": false,
          "calibrated_timestamp_extension": "",
          "lane_assignment": "single_command_buffer",
          "requested_parallel_lanes": 4,
          "single_lane_gpu_samples_us": [],
          "submission_strategy": "vulkan_command_buffer"
        },
        "hardware": {
          "actual_independent_lanes": 1,
          "api_version": "1.4.318",
          "calibrated_timestamp_extension": "",
          "device_id": 30032,
          "device_name": "AMD Radeon Graphics (RADV GFX1201)",
          "device_type": 2,
          "driver_version_raw": 104865800,
          "queue_family": 1,
          "queue_flags": 14,
          "queue_timestamp_valid_bits": 64,
          "requested_api_version": "1.2",
          "requested_independent_lanes": 4,
          "shader_integer_dot_product": true,
          "storage_buffer_16bit": true,
          "timeline_semaphore": true,
          "vendor_id": 4098
        },
        "in_features": 768,
        "local_size": 32,
        "median_us": 15.203999999999999,
        "numeric_correctness": {
          "burst": {
            "exact_bf16_mismatches": 999,
            "expected_repetitions": [
              9
            ],
            "kl_divergence": 6.102724291e-06,
            "max_abs": 0.03125,
            "mean_abs": 0.0004975199699,
            "outputs_checked": 1,
            "pass": true,
            "top1": 1
          },
          "single": {
            "exact_bf16_mismatches": 1232,
            "expected_repetitions": [
              0
            ],
            "kl_divergence": 3.999396507e-05,
            "max_abs": 0.03125,
            "mean_abs": 0.0005773062585,
            "outputs_checked": 1,
            "pass": true,
            "top1": 1
          }
        },
        "operation": "q8_0_dense_dp4a_dot_prequantized",
        "out_features": 2048,
        "q8_0_weight_bytes": 1671168,
        "q8_blocks_per_row": 24,
        "row_tile": 4,
        "rows": 4,
        "sequence_validation": {
          "burst_expected_repetitions": [
            9
          ],
          "input_repetition_pattern": "distinct_deterministic_salt",
          "output_partitioning": "shared",
          "single_expected_repetitions": [
            0
          ],
          "xq_partitioning": "shared"
        },
        "submission": {
          "completion_in_host_wall": true,
          "queue_or_stream_count": 1,
          "recording_in_timed_region": false,
          "strategy": "vulkan_command_buffer",
          "submit_in_host_wall": true
        },
        "timing": {
          "burst": {
            "dispatches_per_iteration": 1,
            "gpu_elapsed": {
              "clock": "vulkan_timestamp",
              "per_iteration_us": {
                "max": 15.256,
                "median": 15.203999999999999,
                "min": 15.184000000000001,
                "n": 5,
                "p05": 15.184800000000001,
                "p95": 15.251199999999999,
                "samples": 5,
                "stdev": 0.02741094671841894
              },
              "sequence_us": {
                "max": 152.56,
                "median": 152.04,
                "min": 151.84,
                "n": 5,
                "p05": 151.848,
                "p95": 152.512,
                "samples": 5,
                "stdev": 0.2741094671841894
              },
              "status": "ok"
            },
            "host_wall": {
              "clock": "steady_clock",
              "per_iteration_us": {
                "max": 21.8473,
                "median": 21.5434,
                "min": 21.4383,
                "n": 5,
                "p05": 21.440300000000004,
                "p95": 21.793100000000003,
                "samples": 5,
                "stdev": 0.1481861855909653
              },
              "sequence_us": {
                "max": 218.473,
                "median": 215.434,
                "min": 214.383,
                "n": 5,
                "p05": 214.40300000000002,
                "p95": 217.931,
                "samples": 5,
                "stdev": 1.4818618559096552
              },
              "status": "ok"
            },
            "logical_iterations": 10
          },
          "single": {
            "dispatches_per_iteration": 1,
            "gpu_elapsed": {
              "clock": "vulkan_timestamp",
              "per_iteration_us": {
                "max": 23.6,
                "median": 23.2,
                "min": 23.12,
                "n": 5,
                "p05": 23.120000000000005,
                "p95": 23.576,
                "samples": 5,
                "stdev": 0.19855477833585392
              },
              "sequence_us": {
                "max": 23.6,
                "median": 23.2,
                "min": 23.12,
                "n": 5,
                "p05": 23.120000000000005,
                "p95": 23.576,
                "samples": 5,
                "stdev": 0.19855477833585392
              },
              "status": "ok"
            },
            "host_wall": {
              "clock": "steady_clock",
              "per_iteration_us": {
                "max": 87.922,
                "median": 86.271,
                "min": 77.091,
                "n": 5,
                "p05": 78.92519999999999,
                "p95": 87.7418,
                "samples": 5,
                "stdev": 3.958418704482892
              },
              "sequence_us": {
                "max": 87.922,
                "median": 86.271,
                "min": 77.091,
                "n": 5,
                "p05": 78.92519999999999,
                "p95": 87.7418,
                "samples": 5,
                "stdev": 3.958418704482892
              },
              "status": "ok"
            },
            "logical_iterations": 1
          }
        },
        "timing_mode": "serial_latency",
        "variant": "rowtile4",
        "workgroup_match": "exact_hip_wave32"
      },
      {
        "backend": "vulkan",
        "correctness": {
          "single_dispatch": {
            "oracle": "CPU Q8_0 dense q8_1+dp4a BF16 logits with KL <= 0.05 and top-1 >= 90%",
            "status": "pass"
          },
          "synchronization": {
            "barrier_count": 28,
            "method": "vulkan_compute_barrier",
            "status": "pass"
          },
          "timed_sequence": {
            "coverage": "chained_final_state",
            "logical_iterations": 10,
            "oracle": "CPU Q8_0 dense q8_1+dp4a BF16 logits with KL <= 0.05 and top-1 >= 90%",
            "status": "pass"
          }
        },
        "correctness_pass": true,
        "dependency_contract": {
          "inter_dispatch_ordering": "vulkan_compute_barrier",
          "output_partitioning": "chained_shared",
          "validation_status": "pass",
          "work_dependency": "chained"
        },
        "execution": {
          "actual_parallel_lanes": 1,
          "burst_lane_gpu_samples_us": [],
          "calibrated_timestamp_domain": false,
          "calibrated_timestamp_extension": "",
          "lane_assignment": "single_command_buffer",
          "requested_parallel_lanes": 4,
          "single_lane_gpu_samples_us": [],
          "submission_strategy": "vulkan_command_buffer"
        },
        "hardware": {
          "actual_independent_lanes": 1,
          "api_version": "1.4.318",
          "calibrated_timestamp_extension": "",
          "device_id": 30032,
          "device_name": "AMD Radeon Graphics (RADV GFX1201)",
          "device_type": 2,
          "driver_version_raw": 104865800,
          "queue_family": 1,
          "queue_flags": 14,
          "queue_timestamp_valid_bits": 64,
          "requested_api_version": "1.2",
          "requested_independent_lanes": 4,
          "shader_integer_dot_product": true,
          "storage_buffer_16bit": true,
          "timeline_semaphore": true,
          "vendor_id": 4098
        },
        "in_features": 768,
        "local_size": 32,
        "median_us": 22.6,
        "numeric_correctness": {
          "burst": {
            "exact_bf16_mismatches": 999,
            "expected_repetitions": [
              9
            ],
            "kl_divergence": 6.102724291e-06,
            "max_abs": 0.03125,
            "mean_abs": 0.0004975199699,
            "outputs_checked": 1,
            "pass": true,
            "top1": 1
          },
          "single": {
            "exact_bf16_mismatches": 1232,
            "expected_repetitions": [
              0
            ],
            "kl_divergence": 3.999396507e-05,
            "max_abs": 0.03125,
            "mean_abs": 0.0005773062585,
            "outputs_checked": 1,
            "pass": true,
            "top1": 1
          }
        },
        "operation": "q8_0_dense_dp4a_quantize_plus_dot",
        "out_features": 2048,
        "q8_0_weight_bytes": 1671168,
        "q8_blocks_per_row": 24,
        "row_tile": 4,
        "rows": 4,
        "sequence_validation": {
          "burst_expected_repetitions": [
            9
          ],
          "input_repetition_pattern": "distinct_deterministic_salt",
          "output_partitioning": "shared",
          "single_expected_repetitions": [
            0
          ],
          "xq_partitioning": "shared"
        },
        "submission": {
          "completion_in_host_wall": true,
          "queue_or_stream_count": 1,
          "recording_in_timed_region": false,
          "strategy": "vulkan_command_buffer",
          "submit_in_host_wall": true
        },
        "timing": {
          "burst": {
            "dispatches_per_iteration": 2,
            "gpu_elapsed": {
              "clock": "vulkan_timestamp",
              "per_iteration_us": {
                "max": 22.64,
                "median": 22.6,
                "min": 22.036,
                "n": 5,
                "p05": 22.036,
                "p95": 22.633599999999998,
                "samples": 5,
                "stdev": 0.2844559719886363
              },
              "sequence_us": {
                "max": 226.4,
                "median": 226.0,
                "min": 220.36,
                "n": 5,
                "p05": 220.36,
                "p95": 226.336,
                "samples": 5,
                "stdev": 2.8445597198863624
              },
              "status": "ok"
            },
            "host_wall": {
              "clock": "steady_clock",
              "per_iteration_us": {
                "max": 29.1164,
                "median": 28.8864,
                "min": 28.347500000000004,
                "n": 5,
                "p05": 28.357900000000004,
                "p95": 29.111800000000002,
                "samples": 5,
                "stdev": 0.33283531423212814
              },
              "sequence_us": {
                "max": 291.164,
                "median": 288.864,
                "min": 283.475,
                "n": 5,
                "p05": 283.57900000000006,
                "p95": 291.118,
                "samples": 5,
                "stdev": 3.328353142321283
              },
              "status": "ok"
            },
            "logical_iterations": 10
          },
          "single": {
            "dispatches_per_iteration": 2,
            "gpu_elapsed": {
              "clock": "vulkan_timestamp",
              "per_iteration_us": {
                "max": 25.88,
                "median": 25.48,
                "min": 25.24,
                "n": 5,
                "p05": 25.288,
                "p95": 25.848,
                "samples": 5,
                "stdev": 0.2205447800334435
              },
              "sequence_us": {
                "max": 25.88,
                "median": 25.48,
                "min": 25.24,
                "n": 5,
                "p05": 25.288,
                "p95": 25.848,
                "samples": 5,
                "stdev": 0.2205447800334435
              },
              "status": "ok"
            },
            "host_wall": {
              "clock": "steady_clock",
              "per_iteration_us": {
                "max": 94.131,
                "median": 90.571,
                "min": 88.892,
                "n": 5,
                "p05": 89.0738,
                "p95": 93.5812,
                "samples": 5,
                "stdev": 1.7891028589770919
              },
              "sequence_us": {
                "max": 94.131,
                "median": 90.571,
                "min": 88.892,
                "n": 5,
                "p05": 89.0738,
                "p95": 93.5812,
                "samples": 5,
                "stdev": 1.7891028589770919
              },
              "status": "ok"
            },
            "logical_iterations": 1
          }
        },
        "timing_mode": "serial_latency",
        "variant": "rowtile4",
        "workgroup_match": "exact_hip_wave32"
      },
      {
        "backend": "vulkan",
        "correctness": {
          "single_dispatch": {
            "oracle": "CPU Q8_0 dense q8_1+dp4a BF16 logits with KL <= 0.05 and top-1 >= 90%",
            "status": "pass"
          },
          "synchronization": {
            "barrier_count": 9,
            "method": "vulkan_compute_barrier",
            "status": "pass"
          },
          "timed_sequence": {
            "coverage": "chained_final_state",
            "logical_iterations": 10,
            "oracle": "CPU Q8_0 dense q8_1+dp4a BF16 logits with KL <= 0.05 and top-1 >= 90%",
            "status": "pass"
          }
        },
        "correctness_pass": true,
        "dependency_contract": {
          "inter_dispatch_ordering": "vulkan_compute_barrier",
          "output_partitioning": "chained_shared",
          "validation_status": "pass",
          "work_dependency": "chained"
        },
        "execution": {
          "actual_parallel_lanes": 1,
          "burst_lane_gpu_samples_us": [],
          "calibrated_timestamp_domain": false,
          "calibrated_timestamp_extension": "",
          "lane_assignment": "single_command_buffer",
          "requested_parallel_lanes": 4,
          "single_lane_gpu_samples_us": [],
          "submission_strategy": "vulkan_command_buffer"
        },
        "hardware": {
          "actual_independent_lanes": 1,
          "api_version": "1.4.318",
          "calibrated_timestamp_extension": "",
          "device_id": 30032,
          "device_name": "AMD Radeon Graphics (RADV GFX1201)",
          "device_type": 2,
          "driver_version_raw": 104865800,
          "queue_family": 1,
          "queue_flags": 14,
          "queue_timestamp_valid_bits": 64,
          "requested_api_version": "1.2",
          "requested_independent_lanes": 4,
          "shader_integer_dot_product": true,
          "storage_buffer_16bit": true,
          "timeline_semaphore": true,
          "vendor_id": 4098
        },
        "in_features": 2048,
        "local_size": 32,
        "median_us": 20.656,
        "numeric_correctness": {
          "burst": {
            "exact_bf16_mismatches": 158,
            "expected_repetitions": [
              9
            ],
            "kl_divergence": 5.842777039e-07,
            "max_abs": 0.0625,
            "mean_abs": 0.0008268356323,
            "outputs_checked": 1,
            "pass": true,
            "top1": 1
          },
          "single": {
            "exact_bf16_mismatches": 41,
            "expected_repetitions": [
              0
            ],
            "kl_divergence": 2.576833846e-09,
            "max_abs": 0.03125,
            "mean_abs": 0.0005187988281,
            "outputs_checked": 1,
            "pass": true,
            "top1": 1
          }
        },
        "operation": "q8_0_dense_dp4a_dot_prequantized",
        "out_features": 2048,
        "q8_0_weight_bytes": 4456448,
        "q8_blocks_per_row": 64,
        "row_tile": 4,
        "rows": 1,
        "sequence_validation": {
          "burst_expected_repetitions": [
            9
          ],
          "input_repetition_pattern": "distinct_deterministic_salt",
          "output_partitioning": "shared",
          "single_expected_repetitions": [
            0
          ],
          "xq_partitioning": "shared"
        },
        "submission": {
          "completion_in_host_wall": true,
          "queue_or_stream_count": 1,
          "recording_in_timed_region": false,
          "strategy": "vulkan_command_buffer",
          "submit_in_host_wall": true
        },
        "timing": {
          "burst": {
            "dispatches_per_iteration": 1,
            "gpu_elapsed": {
              "clock": "vulkan_timestamp",
              "per_iteration_us": {
                "max": 20.688,
                "median": 20.656,
                "min": 20.576,
                "n": 5,
                "p05": 20.588000000000005,
                "p95": 20.688,
                "samples": 5,
                "stdev": 0.041445868310362746
              },
              "sequence_us": {
                "max": 206.88,
                "median": 206.56,
                "min": 205.76,
                "n": 5,
                "p05": 205.88,
                "p95": 206.88,
                "samples": 5,
                "stdev": 0.4144586831036365
              },
              "status": "ok"
            },
            "host_wall": {
              "clock": "steady_clock",
              "per_iteration_us": {
                "max": 26.9745,
                "median": 26.9394,
                "min": 26.8294,
                "n": 5,
                "p05": 26.832200000000004,
                "p95": 26.96768,
                "samples": 5,
                "stdev": 0.057923756784241054
              },
              "sequence_us": {
                "max": 269.745,
                "median": 269.394,
                "min": 268.294,
                "n": 5,
                "p05": 268.322,
                "p95": 269.6768,
                "samples": 5,
                "stdev": 0.5792375678424184
              },
              "status": "ok"
            },
            "logical_iterations": 10
          },
          "single": {
            "dispatches_per_iteration": 1,
            "gpu_elapsed": {
              "clock": "vulkan_timestamp",
              "per_iteration_us": {
                "max": 27.72,
                "median": 27.52,
                "min": 26.88,
                "n": 5,
                "p05": 26.976000000000003,
                "p95": 27.704,
                "samples": 5,
                "stdev": 0.2978321675037808
              },
              "sequence_us": {
                "max": 27.72,
                "median": 27.52,
                "min": 26.88,
                "n": 5,
                "p05": 26.976000000000003,
                "p95": 27.704,
                "samples": 5,
                "stdev": 0.2978321675037808
              },
              "status": "ok"
            },
            "host_wall": {
              "clock": "steady_clock",
              "per_iteration_us": {
                "max": 91.982,
                "median": 89.751,
                "min": 81.311,
                "n": 5,
                "p05": 82.86300000000001,
                "p95": 91.652,
                "samples": 5,
                "stdev": 3.716254813653119
              },
              "sequence_us": {
                "max": 91.982,
                "median": 89.751,
                "min": 81.311,
                "n": 5,
                "p05": 82.86300000000001,
                "p95": 91.652,
                "samples": 5,
                "stdev": 3.716254813653119
              },
              "status": "ok"
            },
            "logical_iterations": 1
          }
        },
        "timing_mode": "serial_latency",
        "variant": "rowtile4",
        "workgroup_match": "exact_hip_wave32"
      },
      {
        "backend": "vulkan",
        "correctness": {
          "single_dispatch": {
            "oracle": "CPU Q8_0 dense q8_1+dp4a BF16 logits with KL <= 0.05 and top-1 >= 90%",
            "status": "pass"
          },
          "synchronization": {
            "barrier_count": 28,
            "method": "vulkan_compute_barrier",
            "status": "pass"
          },
          "timed_sequence": {
            "coverage": "chained_final_state",
            "logical_iterations": 10,
            "oracle": "CPU Q8_0 dense q8_1+dp4a BF16 logits with KL <= 0.05 and top-1 >= 90%",
            "status": "pass"
          }
        },
        "correctness_pass": true,
        "dependency_contract": {
          "inter_dispatch_ordering": "vulkan_compute_barrier",
          "output_partitioning": "chained_shared",
          "validation_status": "pass",
          "work_dependency": "chained"
        },
        "execution": {
          "actual_parallel_lanes": 1,
          "burst_lane_gpu_samples_us": [],
          "calibrated_timestamp_domain": false,
          "calibrated_timestamp_extension": "",
          "lane_assignment": "single_command_buffer",
          "requested_parallel_lanes": 4,
          "single_lane_gpu_samples_us": [],
          "submission_strategy": "vulkan_command_buffer"
        },
        "hardware": {
          "actual_independent_lanes": 1,
          "api_version": "1.4.318",
          "calibrated_timestamp_extension": "",
          "device_id": 30032,
          "device_name": "AMD Radeon Graphics (RADV GFX1201)",
          "device_type": 2,
          "driver_version_raw": 104865800,
          "queue_family": 1,
          "queue_flags": 14,
          "queue_timestamp_valid_bits": 64,
          "requested_api_version": "1.2",
          "requested_independent_lanes": 4,
          "shader_integer_dot_product": true,
          "storage_buffer_16bit": true,
          "timeline_semaphore": true,
          "vendor_id": 4098
        },
        "in_features": 2048,
        "local_size": 32,
        "median_us": 26.516000000000002,
        "numeric_correctness": {
          "burst": {
            "exact_bf16_mismatches": 158,
            "expected_repetitions": [
              9
            ],
            "kl_divergence": 5.842777039e-07,
            "max_abs": 0.0625,
            "mean_abs": 0.0008268356323,
            "outputs_checked": 1,
            "pass": true,
            "top1": 1
          },
          "single": {
            "exact_bf16_mismatches": 41,
            "expected_repetitions": [
              0
            ],
            "kl_divergence": 2.576833846e-09,
            "max_abs": 0.03125,
            "mean_abs": 0.0005187988281,
            "outputs_checked": 1,
            "pass": true,
            "top1": 1
          }
        },
        "operation": "q8_0_dense_dp4a_quantize_plus_dot",
        "out_features": 2048,
        "q8_0_weight_bytes": 4456448,
        "q8_blocks_per_row": 64,
        "row_tile": 4,
        "rows": 1,
        "sequence_validation": {
          "burst_expected_repetitions": [
            9
          ],
          "input_repetition_pattern": "distinct_deterministic_salt",
          "output_partitioning": "shared",
          "single_expected_repetitions": [
            0
          ],
          "xq_partitioning": "shared"
        },
        "submission": {
          "completion_in_host_wall": true,
          "queue_or_stream_count": 1,
          "recording_in_timed_region": false,
          "strategy": "vulkan_command_buffer",
          "submit_in_host_wall": true
        },
        "timing": {
          "burst": {
            "dispatches_per_iteration": 2,
            "gpu_elapsed": {
              "clock": "vulkan_timestamp",
              "per_iteration_us": {
                "max": 26.556,
                "median": 26.516000000000002,
                "min": 26.368000000000002,
                "n": 5,
                "p05": 26.375200000000007,
                "p95": 26.5552,
                "samples": 5,
                "stdev": 0.07819565205303838
              },
              "sequence_us": {
                "max": 265.56,
                "median": 265.16,
                "min": 263.68,
                "n": 5,
                "p05": 263.752,
                "p95": 265.552,
                "samples": 5,
                "stdev": 0.7819565205303872
              },
              "status": "ok"
            },
            "host_wall": {
              "clock": "steady_clock",
              "per_iteration_us": {
                "max": 32.9315,
                "median": 32.896499999999996,
                "min": 32.588499999999996,
                "n": 5,
                "p05": 32.6147,
                "p95": 32.9289,
                "samples": 5,
                "stdev": 0.13510381193734095
              },
              "sequence_us": {
                "max": 329.315,
                "median": 328.965,
                "min": 325.885,
                "n": 5,
                "p05": 326.14700000000005,
                "p95": 329.289,
                "samples": 5,
                "stdev": 1.3510381193733958
              },
              "status": "ok"
            },
            "logical_iterations": 10
          },
          "single": {
            "dispatches_per_iteration": 2,
            "gpu_elapsed": {
              "clock": "vulkan_timestamp",
              "per_iteration_us": {
                "max": 29.84,
                "median": 29.6,
                "min": 29.36,
                "n": 5,
                "p05": 29.408,
                "p95": 29.808,
                "samples": 5,
                "stdev": 0.1551257554373226
              },
              "sequence_us": {
                "max": 29.84,
                "median": 29.6,
                "min": 29.36,
                "n": 5,
                "p05": 29.408,
                "p95": 29.808,
                "samples": 5,
                "stdev": 0.1551257554373226
              },
              "status": "ok"
            },
            "host_wall": {
              "clock": "steady_clock",
              "per_iteration_us": {
                "max": 93.001,
                "median": 92.641,
                "min": 91.901,
                "n": 5,
                "p05": 92.0432,
                "p95": 92.9372,
                "samples": 5,
                "stdev": 0.36128581483363276
              },
              "sequence_us": {
                "max": 93.001,
                "median": 92.641,
                "min": 91.901,
                "n": 5,
                "p05": 92.0432,
                "p95": 92.9372,
                "samples": 5,
                "stdev": 0.36128581483363276
              },
              "status": "ok"
            },
            "logical_iterations": 1
          }
        },
        "timing_mode": "serial_latency",
        "variant": "rowtile4",
        "workgroup_match": "exact_hip_wave32"
      },
      {
        "backend": "vulkan",
        "correctness": {
          "single_dispatch": {
            "oracle": "CPU Q8_0 dense q8_1+dp4a BF16 logits with KL <= 0.05 and top-1 >= 90%",
            "status": "pass"
          },
          "synchronization": {
            "barrier_count": 9,
            "method": "vulkan_compute_barrier",
            "status": "pass"
          },
          "timed_sequence": {
            "coverage": "chained_final_state",
            "logical_iterations": 10,
            "oracle": "CPU Q8_0 dense q8_1+dp4a BF16 logits with KL <= 0.05 and top-1 >= 90%",
            "status": "pass"
          }
        },
        "correctness_pass": true,
        "dependency_contract": {
          "inter_dispatch_ordering": "vulkan_compute_barrier",
          "output_partitioning": "chained_shared",
          "validation_status": "pass",
          "work_dependency": "chained"
        },
        "execution": {
          "actual_parallel_lanes": 1,
          "burst_lane_gpu_samples_us": [],
          "calibrated_timestamp_domain": false,
          "calibrated_timestamp_extension": "",
          "lane_assignment": "single_command_buffer",
          "requested_parallel_lanes": 4,
          "single_lane_gpu_samples_us": [],
          "submission_strategy": "vulkan_command_buffer"
        },
        "hardware": {
          "actual_independent_lanes": 1,
          "api_version": "1.4.318",
          "calibrated_timestamp_extension": "",
          "device_id": 30032,
          "device_name": "AMD Radeon Graphics (RADV GFX1201)",
          "device_type": 2,
          "driver_version_raw": 104865800,
          "queue_family": 1,
          "queue_flags": 14,
          "queue_timestamp_valid_bits": 64,
          "requested_api_version": "1.2",
          "requested_independent_lanes": 4,
          "shader_integer_dot_product": true,
          "storage_buffer_16bit": true,
          "timeline_semaphore": true,
          "vendor_id": 4098
        },
        "in_features": 2048,
        "local_size": 32,
        "median_us": 33.816,
        "numeric_correctness": {
          "burst": {
            "exact_bf16_mismatches": 1534,
            "expected_repetitions": [
              9
            ],
            "kl_divergence": 0.0001183141109,
            "max_abs": 0.0625,
            "mean_abs": 0.0008707661182,
            "outputs_checked": 1,
            "pass": true,
            "top1": 1
          },
          "single": {
            "exact_bf16_mismatches": 1017,
            "expected_repetitions": [
              0
            ],
            "kl_divergence": 4.436209871e-06,
            "max_abs": 0.03125,
            "mean_abs": 0.000759601593,
            "outputs_checked": 1,
            "pass": true,
            "top1": 1
          }
        },
        "operation": "q8_0_dense_dp4a_dot_prequantized",
        "out_features": 2048,
        "q8_0_weight_bytes": 4456448,
        "q8_blocks_per_row": 64,
        "row_tile": 4,
        "rows": 4,
        "sequence_validation": {
          "burst_expected_repetitions": [
            9
          ],
          "input_repetition_pattern": "distinct_deterministic_salt",
          "output_partitioning": "shared",
          "single_expected_repetitions": [
            0
          ],
          "xq_partitioning": "shared"
        },
        "submission": {
          "completion_in_host_wall": true,
          "queue_or_stream_count": 1,
          "recording_in_timed_region": false,
          "strategy": "vulkan_command_buffer",
          "submit_in_host_wall": true
        },
        "timing": {
          "burst": {
            "dispatches_per_iteration": 1,
            "gpu_elapsed": {
              "clock": "vulkan_timestamp",
              "per_iteration_us": {
                "max": 33.888,
                "median": 33.816,
                "min": 32.924,
                "n": 5,
                "p05": 32.9288,
                "p95": 33.880799999999994,
                "samples": 5,
                "stdev": 0.44938785030305345
              },
              "sequence_us": {
                "max": 338.88,
                "median": 338.16,
                "min": 329.24,
                "n": 5,
                "p05": 329.288,
                "p95": 338.808,
                "samples": 5,
                "stdev": 4.493878503030532
              },
              "status": "ok"
            },
            "host_wall": {
              "clock": "steady_clock",
              "per_iteration_us": {
                "max": 40.443599999999996,
                "median": 40.4076,
                "min": 39.2296,
                "n": 5,
                "p05": 39.2574,
                "p95": 40.43679999999999,
                "samples": 5,
                "stdev": 0.5511618274155058
              },
              "sequence_us": {
                "max": 404.436,
                "median": 404.076,
                "min": 392.296,
                "n": 5,
                "p05": 392.57400000000007,
                "p95": 404.368,
                "samples": 5,
                "stdev": 5.511618274155067
              },
              "status": "ok"
            },
            "logical_iterations": 10
          },
          "single": {
            "dispatches_per_iteration": 1,
            "gpu_elapsed": {
              "clock": "vulkan_timestamp",
              "per_iteration_us": {
                "max": 41.08,
                "median": 40.48,
                "min": 40.04,
                "n": 5,
                "p05": 40.048,
                "p95": 41.08,
                "samples": 5,
                "stdev": 0.4577510240294388
              },
              "sequence_us": {
                "max": 41.08,
                "median": 40.48,
                "min": 40.04,
                "n": 5,
                "p05": 40.048,
                "p95": 41.08,
                "samples": 5,
                "stdev": 0.4577510240294388
              },
              "status": "ok"
            },
            "host_wall": {
              "clock": "steady_clock",
              "per_iteration_us": {
                "max": 106.781,
                "median": 104.742,
                "min": 98.521,
                "n": 5,
                "p05": 99.6652,
                "p95": 106.67120000000001,
                "samples": 5,
                "stdev": 2.9424713830384155
              },
              "sequence_us": {
                "max": 106.781,
                "median": 104.742,
                "min": 98.521,
                "n": 5,
                "p05": 99.6652,
                "p95": 106.67120000000001,
                "samples": 5,
                "stdev": 2.9424713830384155
              },
              "status": "ok"
            },
            "logical_iterations": 1
          }
        },
        "timing_mode": "serial_latency",
        "variant": "rowtile4",
        "workgroup_match": "exact_hip_wave32"
      },
      {
        "backend": "vulkan",
        "correctness": {
          "single_dispatch": {
            "oracle": "CPU Q8_0 dense q8_1+dp4a BF16 logits with KL <= 0.05 and top-1 >= 90%",
            "status": "pass"
          },
          "synchronization": {
            "barrier_count": 28,
            "method": "vulkan_compute_barrier",
            "status": "pass"
          },
          "timed_sequence": {
            "coverage": "chained_final_state",
            "logical_iterations": 10,
            "oracle": "CPU Q8_0 dense q8_1+dp4a BF16 logits with KL <= 0.05 and top-1 >= 90%",
            "status": "pass"
          }
        },
        "correctness_pass": true,
        "dependency_contract": {
          "inter_dispatch_ordering": "vulkan_compute_barrier",
          "output_partitioning": "chained_shared",
          "validation_status": "pass",
          "work_dependency": "chained"
        },
        "execution": {
          "actual_parallel_lanes": 1,
          "burst_lane_gpu_samples_us": [],
          "calibrated_timestamp_domain": false,
          "calibrated_timestamp_extension": "",
          "lane_assignment": "single_command_buffer",
          "requested_parallel_lanes": 4,
          "single_lane_gpu_samples_us": [],
          "submission_strategy": "vulkan_command_buffer"
        },
        "hardware": {
          "actual_independent_lanes": 1,
          "api_version": "1.4.318",
          "calibrated_timestamp_extension": "",
          "device_id": 30032,
          "device_name": "AMD Radeon Graphics (RADV GFX1201)",
          "device_type": 2,
          "driver_version_raw": 104865800,
          "queue_family": 1,
          "queue_flags": 14,
          "queue_timestamp_valid_bits": 64,
          "requested_api_version": "1.2",
          "requested_independent_lanes": 4,
          "shader_integer_dot_product": true,
          "storage_buffer_16bit": true,
          "timeline_semaphore": true,
          "vendor_id": 4098
        },
        "in_features": 2048,
        "local_size": 32,
        "median_us": 40.092,
        "numeric_correctness": {
          "burst": {
            "exact_bf16_mismatches": 1534,
            "expected_repetitions": [
              9
            ],
            "kl_divergence": 0.0001183141109,
            "max_abs": 0.0625,
            "mean_abs": 0.0008707661182,
            "outputs_checked": 1,
            "pass": true,
            "top1": 1
          },
          "single": {
            "exact_bf16_mismatches": 1017,
            "expected_repetitions": [
              0
            ],
            "kl_divergence": 4.436209871e-06,
            "max_abs": 0.03125,
            "mean_abs": 0.000759601593,
            "outputs_checked": 1,
            "pass": true,
            "top1": 1
          }
        },
        "operation": "q8_0_dense_dp4a_quantize_plus_dot",
        "out_features": 2048,
        "q8_0_weight_bytes": 4456448,
        "q8_blocks_per_row": 64,
        "row_tile": 4,
        "rows": 4,
        "sequence_validation": {
          "burst_expected_repetitions": [
            9
          ],
          "input_repetition_pattern": "distinct_deterministic_salt",
          "output_partitioning": "shared",
          "single_expected_repetitions": [
            0
          ],
          "xq_partitioning": "shared"
        },
        "submission": {
          "completion_in_host_wall": true,
          "queue_or_stream_count": 1,
          "recording_in_timed_region": false,
          "strategy": "vulkan_command_buffer",
          "submit_in_host_wall": true
        },
        "timing": {
          "burst": {
            "dispatches_per_iteration": 2,
            "gpu_elapsed": {
              "clock": "vulkan_timestamp",
              "per_iteration_us": {
                "max": 40.176,
                "median": 40.092,
                "min": 39.012,
                "n": 5,
                "p05": 39.019200000000005,
                "p95": 40.172,
                "samples": 5,
                "stdev": 0.5452655866639663
              },
              "sequence_us": {
                "max": 401.76,
                "median": 400.92,
                "min": 390.12,
                "n": 5,
                "p05": 390.192,
                "p95": 401.71999999999997,
                "samples": 5,
                "stdev": 5.452655866639665
              },
              "status": "ok"
            },
            "host_wall": {
              "clock": "steady_clock",
              "per_iteration_us": {
                "max": 46.6528,
                "median": 46.470800000000004,
                "min": 45.388600000000004,
                "n": 5,
                "p05": 45.409020000000005,
                "p95": 46.650780000000005,
                "samples": 5,
                "stdev": 0.5675738450633548
              },
              "sequence_us": {
                "max": 466.528,
                "median": 464.708,
                "min": 453.886,
                "n": 5,
                "p05": 454.09020000000004,
                "p95": 466.50780000000003,
                "samples": 5,
                "stdev": 5.675738450633547
              },
              "status": "ok"
            },
            "logical_iterations": 10
          },
          "single": {
            "dispatches_per_iteration": 2,
            "gpu_elapsed": {
              "clock": "vulkan_timestamp",
              "per_iteration_us": {
                "max": 55.12,
                "median": 43.24,
                "min": 42.36,
                "n": 5,
                "p05": 42.36,
                "p95": 52.959999999999994,
                "samples": 5,
                "stdev": 4.873635193569579
              },
              "sequence_us": {
                "max": 55.12,
                "median": 43.24,
                "min": 42.36,
                "n": 5,
                "p05": 42.36,
                "p95": 52.959999999999994,
                "samples": 5,
                "stdev": 4.873635193569579
              },
              "status": "ok"
            },
            "host_wall": {
              "clock": "steady_clock",
              "per_iteration_us": {
                "max": 127.952,
                "median": 108.502,
                "min": 107.222,
                "n": 5,
                "p05": 107.4658,
                "p95": 124.0778,
                "samples": 5,
                "stdev": 7.921997137086077
              },
              "sequence_us": {
                "max": 127.952,
                "median": 108.502,
                "min": 107.222,
                "n": 5,
                "p05": 107.4658,
                "p95": 124.0778,
                "samples": 5,
                "stdev": 7.921997137086077
              },
              "status": "ok"
            },
            "logical_iterations": 1
          }
        },
        "timing_mode": "serial_latency",
        "variant": "rowtile4",
        "workgroup_match": "exact_hip_wave32"
      },
      {
        "backend": "vulkan",
        "correctness": {
          "single_dispatch": {
            "oracle": "CPU Q8_0 dense q8_1+dp4a BF16 logits with KL <= 0.05 and top-1 >= 90%",
            "status": "pass"
          },
          "synchronization": {
            "barrier_count": 9,
            "method": "vulkan_compute_barrier",
            "status": "pass"
          },
          "timed_sequence": {
            "coverage": "chained_final_state",
            "logical_iterations": 10,
            "oracle": "CPU Q8_0 dense q8_1+dp4a BF16 logits with KL <= 0.05 and top-1 >= 90%",
            "status": "pass"
          }
        },
        "correctness_pass": true,
        "dependency_contract": {
          "inter_dispatch_ordering": "vulkan_compute_barrier",
          "output_partitioning": "chained_shared",
          "validation_status": "pass",
          "work_dependency": "chained"
        },
        "execution": {
          "actual_parallel_lanes": 1,
          "burst_lane_gpu_samples_us": [],
          "calibrated_timestamp_domain": false,
          "calibrated_timestamp_extension": "",
          "lane_assignment": "single_command_buffer",
          "requested_parallel_lanes": 4,
          "single_lane_gpu_samples_us": [],
          "submission_strategy": "vulkan_command_buffer"
        },
        "hardware": {
          "actual_independent_lanes": 1,
          "api_version": "1.4.318",
          "calibrated_timestamp_extension": "",
          "device_id": 30032,
          "device_name": "AMD Radeon Graphics (RADV GFX1201)",
          "device_type": 2,
          "driver_version_raw": 104865800,
          "queue_family": 1,
          "queue_flags": 14,
          "queue_timestamp_valid_bits": 64,
          "requested_api_version": "1.2",
          "requested_independent_lanes": 4,
          "shader_integer_dot_product": true,
          "storage_buffer_16bit": true,
          "timeline_semaphore": true,
          "vendor_id": 4098
        },
        "in_features": 768,
        "local_size": 64,
        "median_us": 7.9719999999999995,
        "numeric_correctness": {
          "burst": {
            "exact_bf16_mismatches": 249,
            "expected_repetitions": [
              9
            ],
            "kl_divergence": 2.913779618e-07,
            "max_abs": 0.03125,
            "mean_abs": 0.0008402764797,
            "outputs_checked": 1,
            "pass": true,
            "top1": 1
          },
          "single": {
            "exact_bf16_mismatches": 251,
            "expected_repetitions": [
              0
            ],
            "kl_divergence": 3.301283582e-07,
            "max_abs": 0.015625,
            "mean_abs": 0.0002901772968,
            "outputs_checked": 1,
            "pass": true,
            "top1": 1
          }
        },
        "operation": "q8_0_dense_dp4a_dot_prequantized",
        "out_features": 2048,
        "q8_0_weight_bytes": 1671168,
        "q8_blocks_per_row": 24,
        "row_tile": 1,
        "rows": 1,
        "sequence_validation": {
          "burst_expected_repetitions": [
            9
          ],
          "input_repetition_pattern": "distinct_deterministic_salt",
          "output_partitioning": "shared",
          "single_expected_repetitions": [
            0
          ],
          "xq_partitioning": "shared"
        },
        "submission": {
          "completion_in_host_wall": true,
          "queue_or_stream_count": 1,
          "recording_in_timed_region": false,
          "strategy": "vulkan_command_buffer",
          "submit_in_host_wall": true
        },
        "timing": {
          "burst": {
            "dispatches_per_iteration": 1,
            "gpu_elapsed": {
              "clock": "vulkan_timestamp",
              "per_iteration_us": {
                "max": 7.984,
                "median": 7.9719999999999995,
                "min": 7.959999999999999,
                "n": 5,
                "p05": 7.9616,
                "p95": 7.981599999999999,
                "samples": 5,
                "stdev": 0.007756287771866298
              },
              "sequence_us": {
                "max": 79.84,
                "median": 79.72,
                "min": 79.6,
                "n": 5,
                "p05": 79.616,
                "p95": 79.816,
                "samples": 5,
                "stdev": 0.07756287771866342
              },
              "status": "ok"
            },
            "host_wall": {
              "clock": "steady_clock",
              "per_iteration_us": {
                "max": 14.4072,
                "median": 14.3252,
                "min": 14.0512,
                "n": 5,
                "p05": 14.101420000000001,
                "p95": 14.393799999999999,
                "samples": 5,
                "stdev": 0.12211257756676827
              },
              "sequence_us": {
                "max": 144.072,
                "median": 143.252,
                "min": 140.512,
                "n": 5,
                "p05": 141.01420000000002,
                "p95": 143.93800000000002,
                "samples": 5,
                "stdev": 1.2211257756676825
              },
              "status": "ok"
            },
            "logical_iterations": 10
          },
          "single": {
            "dispatches_per_iteration": 1,
            "gpu_elapsed": {
              "clock": "vulkan_timestamp",
              "per_iteration_us": {
                "max": 15.16,
                "median": 14.6,
                "min": 14.2,
                "n": 5,
                "p05": 14.28,
                "p95": 15.143999999999998,
                "samples": 5,
                "stdev": 0.35272652296077794
              },
              "sequence_us": {
                "max": 15.16,
                "median": 14.6,
                "min": 14.2,
                "n": 5,
                "p05": 14.28,
                "p95": 15.143999999999998,
                "samples": 5,
                "stdev": 0.35272652296077794
              },
              "status": "ok"
            },
            "host_wall": {
              "clock": "steady_clock",
              "per_iteration_us": {
                "max": 79.492,
                "median": 77.361,
                "min": 68.101,
                "n": 5,
                "p05": 69.921,
                "p95": 79.37780000000001,
                "samples": 5,
                "stdev": 4.151714653007841
              },
              "sequence_us": {
                "max": 79.492,
                "median": 77.361,
                "min": 68.101,
                "n": 5,
                "p05": 69.921,
                "p95": 79.37780000000001,
                "samples": 5,
                "stdev": 4.151714653007841
              },
              "status": "ok"
            },
            "logical_iterations": 1
          }
        },
        "timing_mode": "serial_latency",
        "variant": "single",
        "workgroup_match": "vulkan_diagnostic_unmatched"
      },
      {
        "backend": "vulkan",
        "correctness": {
          "single_dispatch": {
            "oracle": "CPU Q8_0 dense q8_1+dp4a BF16 logits with KL <= 0.05 and top-1 >= 90%",
            "status": "pass"
          },
          "synchronization": {
            "barrier_count": 28,
            "method": "vulkan_compute_barrier",
            "status": "pass"
          },
          "timed_sequence": {
            "coverage": "chained_final_state",
            "logical_iterations": 10,
            "oracle": "CPU Q8_0 dense q8_1+dp4a BF16 logits with KL <= 0.05 and top-1 >= 90%",
            "status": "pass"
          }
        },
        "correctness_pass": true,
        "dependency_contract": {
          "inter_dispatch_ordering": "vulkan_compute_barrier",
          "output_partitioning": "chained_shared",
          "validation_status": "pass",
          "work_dependency": "chained"
        },
        "execution": {
          "actual_parallel_lanes": 1,
          "burst_lane_gpu_samples_us": [],
          "calibrated_timestamp_domain": false,
          "calibrated_timestamp_extension": "",
          "lane_assignment": "single_command_buffer",
          "requested_parallel_lanes": 4,
          "single_lane_gpu_samples_us": [],
          "submission_strategy": "vulkan_command_buffer"
        },
        "hardware": {
          "actual_independent_lanes": 1,
          "api_version": "1.4.318",
          "calibrated_timestamp_extension": "",
          "device_id": 30032,
          "device_name": "AMD Radeon Graphics (RADV GFX1201)",
          "device_type": 2,
          "driver_version_raw": 104865800,
          "queue_family": 1,
          "queue_flags": 14,
          "queue_timestamp_valid_bits": 64,
          "requested_api_version": "1.2",
          "requested_independent_lanes": 4,
          "shader_integer_dot_product": true,
          "storage_buffer_16bit": true,
          "timeline_semaphore": true,
          "vendor_id": 4098
        },
        "in_features": 768,
        "local_size": 64,
        "median_us": 13.924000000000001,
        "numeric_correctness": {
          "burst": {
            "exact_bf16_mismatches": 249,
            "expected_repetitions": [
              9
            ],
            "kl_divergence": 2.913779618e-07,
            "max_abs": 0.03125,
            "mean_abs": 0.0008402764797,
            "outputs_checked": 1,
            "pass": true,
            "top1": 1
          },
          "single": {
            "exact_bf16_mismatches": 251,
            "expected_repetitions": [
              0
            ],
            "kl_divergence": 3.301283582e-07,
            "max_abs": 0.015625,
            "mean_abs": 0.0002901772968,
            "outputs_checked": 1,
            "pass": true,
            "top1": 1
          }
        },
        "operation": "q8_0_dense_dp4a_quantize_plus_dot",
        "out_features": 2048,
        "q8_0_weight_bytes": 1671168,
        "q8_blocks_per_row": 24,
        "row_tile": 1,
        "rows": 1,
        "sequence_validation": {
          "burst_expected_repetitions": [
            9
          ],
          "input_repetition_pattern": "distinct_deterministic_salt",
          "output_partitioning": "shared",
          "single_expected_repetitions": [
            0
          ],
          "xq_partitioning": "shared"
        },
        "submission": {
          "completion_in_host_wall": true,
          "queue_or_stream_count": 1,
          "recording_in_timed_region": false,
          "strategy": "vulkan_command_buffer",
          "submit_in_host_wall": true
        },
        "timing": {
          "burst": {
            "dispatches_per_iteration": 2,
            "gpu_elapsed": {
              "clock": "vulkan_timestamp",
              "per_iteration_us": {
                "max": 13.931999999999999,
                "median": 13.924000000000001,
                "min": 13.632,
                "n": 5,
                "p05": 13.6328,
                "p95": 13.931999999999999,
                "samples": 5,
                "stdev": 0.1447182089441404
              },
              "sequence_us": {
                "max": 139.32,
                "median": 139.24,
                "min": 136.32,
                "n": 5,
                "p05": 136.328,
                "p95": 139.32,
                "samples": 5,
                "stdev": 1.4471820894414058
              },
              "status": "ok"
            },
            "host_wall": {
              "clock": "steady_clock",
              "per_iteration_us": {
                "max": 20.3824,
                "median": 20.3173,
                "min": 19.999299999999998,
                "n": 5,
                "p05": 20.0213,
                "p95": 20.37158,
                "samples": 5,
                "stdev": 0.1471495891941267
              },
              "sequence_us": {
                "max": 203.824,
                "median": 203.173,
                "min": 199.993,
                "n": 5,
                "p05": 200.21300000000002,
                "p95": 203.7158,
                "samples": 5,
                "stdev": 1.4714958919412628
              },
              "status": "ok"
            },
            "logical_iterations": 10
          },
          "single": {
            "dispatches_per_iteration": 2,
            "gpu_elapsed": {
              "clock": "vulkan_timestamp",
              "per_iteration_us": {
                "max": 17.32,
                "median": 16.72,
                "min": 16.36,
                "n": 5,
                "p05": 16.432000000000002,
                "p95": 17.256,
                "samples": 5,
                "stdev": 0.32059943855222245
              },
              "sequence_us": {
                "max": 17.32,
                "median": 16.72,
                "min": 16.36,
                "n": 5,
                "p05": 16.432000000000002,
                "p95": 17.256,
                "samples": 5,
                "stdev": 0.32059943855222245
              },
              "status": "ok"
            },
            "host_wall": {
              "clock": "steady_clock",
              "per_iteration_us": {
                "max": 90.092,
                "median": 81.092,
                "min": 79.121,
                "n": 5,
                "p05": 79.473,
                "p95": 89.3798,
                "samples": 5,
                "stdev": 4.110116134612259
              },
              "sequence_us": {
                "max": 90.092,
                "median": 81.092,
                "min": 79.121,
                "n": 5,
                "p05": 79.473,
                "p95": 89.3798,
                "samples": 5,
                "stdev": 4.110116134612259
              },
              "status": "ok"
            },
            "logical_iterations": 1
          }
        },
        "timing_mode": "serial_latency",
        "variant": "single",
        "workgroup_match": "vulkan_diagnostic_unmatched"
      },
      {
        "backend": "vulkan",
        "correctness": {
          "single_dispatch": {
            "oracle": "CPU Q8_0 dense q8_1+dp4a BF16 logits with KL <= 0.05 and top-1 >= 90%",
            "status": "pass"
          },
          "synchronization": {
            "barrier_count": 9,
            "method": "vulkan_compute_barrier",
            "status": "pass"
          },
          "timed_sequence": {
            "coverage": "chained_final_state",
            "logical_iterations": 10,
            "oracle": "CPU Q8_0 dense q8_1+dp4a BF16 logits with KL <= 0.05 and top-1 >= 90%",
            "status": "pass"
          }
        },
        "correctness_pass": true,
        "dependency_contract": {
          "inter_dispatch_ordering": "vulkan_compute_barrier",
          "output_partitioning": "chained_shared",
          "validation_status": "pass",
          "work_dependency": "chained"
        },
        "execution": {
          "actual_parallel_lanes": 1,
          "burst_lane_gpu_samples_us": [],
          "calibrated_timestamp_domain": false,
          "calibrated_timestamp_extension": "",
          "lane_assignment": "single_command_buffer",
          "requested_parallel_lanes": 4,
          "single_lane_gpu_samples_us": [],
          "submission_strategy": "vulkan_command_buffer"
        },
        "hardware": {
          "actual_independent_lanes": 1,
          "api_version": "1.4.318",
          "calibrated_timestamp_extension": "",
          "device_id": 30032,
          "device_name": "AMD Radeon Graphics (RADV GFX1201)",
          "device_type": 2,
          "driver_version_raw": 104865800,
          "queue_family": 1,
          "queue_flags": 14,
          "queue_timestamp_valid_bits": 64,
          "requested_api_version": "1.2",
          "requested_independent_lanes": 4,
          "shader_integer_dot_product": true,
          "storage_buffer_16bit": true,
          "timeline_semaphore": true,
          "vendor_id": 4098
        },
        "in_features": 768,
        "local_size": 64,
        "median_us": 22.852,
        "numeric_correctness": {
          "burst": {
            "exact_bf16_mismatches": 999,
            "expected_repetitions": [
              9
            ],
            "kl_divergence": 6.102724291e-06,
            "max_abs": 0.03125,
            "mean_abs": 0.0004975199699,
            "outputs_checked": 1,
            "pass": true,
            "top1": 1
          },
          "single": {
            "exact_bf16_mismatches": 1232,
            "expected_repetitions": [
              0
            ],
            "kl_divergence": 3.999396507e-05,
            "max_abs": 0.03125,
            "mean_abs": 0.0005773062585,
            "outputs_checked": 1,
            "pass": true,
            "top1": 1
          }
        },
        "operation": "q8_0_dense_dp4a_dot_prequantized",
        "out_features": 2048,
        "q8_0_weight_bytes": 1671168,
        "q8_blocks_per_row": 24,
        "row_tile": 1,
        "rows": 4,
        "sequence_validation": {
          "burst_expected_repetitions": [
            9
          ],
          "input_repetition_pattern": "distinct_deterministic_salt",
          "output_partitioning": "shared",
          "single_expected_repetitions": [
            0
          ],
          "xq_partitioning": "shared"
        },
        "submission": {
          "completion_in_host_wall": true,
          "queue_or_stream_count": 1,
          "recording_in_timed_region": false,
          "strategy": "vulkan_command_buffer",
          "submit_in_host_wall": true
        },
        "timing": {
          "burst": {
            "dispatches_per_iteration": 1,
            "gpu_elapsed": {
              "clock": "vulkan_timestamp",
              "per_iteration_us": {
                "max": 22.868000000000002,
                "median": 22.852,
                "min": 22.752000000000002,
                "n": 5,
                "p05": 22.752000000000002,
                "p95": 22.8656,
                "samples": 5,
                "stdev": 0.05252047219894305
              },
              "sequence_us": {
                "max": 228.68,
                "median": 228.52,
                "min": 227.52,
                "n": 5,
                "p05": 227.52000000000004,
                "p95": 228.656,
                "samples": 5,
                "stdev": 0.5252047219894334
              },
              "status": "ok"
            },
            "host_wall": {
              "clock": "steady_clock",
              "per_iteration_us": {
                "max": 29.274400000000004,
                "median": 29.1444,
                "min": 29.041500000000003,
                "n": 5,
                "p05": 29.050100000000004,
                "p95": 29.251600000000003,
                "samples": 5,
                "stdev": 0.07908978695128738
              },
              "sequence_us": {
                "max": 292.744,
                "median": 291.444,
                "min": 290.415,
                "n": 5,
                "p05": 290.50100000000003,
                "p95": 292.516,
                "samples": 5,
                "stdev": 0.7908978695128719
              },
              "status": "ok"
            },
            "logical_iterations": 10
          },
          "single": {
            "dispatches_per_iteration": 1,
            "gpu_elapsed": {
              "clock": "vulkan_timestamp",
              "per_iteration_us": {
                "max": 30.32,
                "median": 29.76,
                "min": 29.36,
                "n": 5,
                "p05": 29.384,
                "p95": 30.208,
                "samples": 5,
                "stdev": 0.3313970428353279
              },
              "sequence_us": {
                "max": 30.32,
                "median": 29.76,
                "min": 29.36,
                "n": 5,
                "p05": 29.384,
                "p95": 30.208,
                "samples": 5,
                "stdev": 0.3313970428353279
              },
              "status": "ok"
            },
            "host_wall": {
              "clock": "steady_clock",
              "per_iteration_us": {
                "max": 95.621,
                "median": 93.831,
                "min": 84.231,
                "n": 5,
                "p05": 85.863,
                "p95": 95.5952,
                "samples": 5,
                "stdev": 4.211366448078345
              },
              "sequence_us": {
                "max": 95.621,
                "median": 93.831,
                "min": 84.231,
                "n": 5,
                "p05": 85.863,
                "p95": 95.5952,
                "samples": 5,
                "stdev": 4.211366448078345
              },
              "status": "ok"
            },
            "logical_iterations": 1
          }
        },
        "timing_mode": "serial_latency",
        "variant": "single",
        "workgroup_match": "vulkan_diagnostic_unmatched"
      },
      {
        "backend": "vulkan",
        "correctness": {
          "single_dispatch": {
            "oracle": "CPU Q8_0 dense q8_1+dp4a BF16 logits with KL <= 0.05 and top-1 >= 90%",
            "status": "pass"
          },
          "synchronization": {
            "barrier_count": 28,
            "method": "vulkan_compute_barrier",
            "status": "pass"
          },
          "timed_sequence": {
            "coverage": "chained_final_state",
            "logical_iterations": 10,
            "oracle": "CPU Q8_0 dense q8_1+dp4a BF16 logits with KL <= 0.05 and top-1 >= 90%",
            "status": "pass"
          }
        },
        "correctness_pass": true,
        "dependency_contract": {
          "inter_dispatch_ordering": "vulkan_compute_barrier",
          "output_partitioning": "chained_shared",
          "validation_status": "pass",
          "work_dependency": "chained"
        },
        "execution": {
          "actual_parallel_lanes": 1,
          "burst_lane_gpu_samples_us": [],
          "calibrated_timestamp_domain": false,
          "calibrated_timestamp_extension": "",
          "lane_assignment": "single_command_buffer",
          "requested_parallel_lanes": 4,
          "single_lane_gpu_samples_us": [],
          "submission_strategy": "vulkan_command_buffer"
        },
        "hardware": {
          "actual_independent_lanes": 1,
          "api_version": "1.4.318",
          "calibrated_timestamp_extension": "",
          "device_id": 30032,
          "device_name": "AMD Radeon Graphics (RADV GFX1201)",
          "device_type": 2,
          "driver_version_raw": 104865800,
          "queue_family": 1,
          "queue_flags": 14,
          "queue_timestamp_valid_bits": 64,
          "requested_api_version": "1.2",
          "requested_independent_lanes": 4,
          "shader_integer_dot_product": true,
          "storage_buffer_16bit": true,
          "timeline_semaphore": true,
          "vendor_id": 4098
        },
        "in_features": 768,
        "local_size": 64,
        "median_us": 29.04,
        "numeric_correctness": {
          "burst": {
            "exact_bf16_mismatches": 999,
            "expected_repetitions": [
              9
            ],
            "kl_divergence": 6.102724291e-06,
            "max_abs": 0.03125,
            "mean_abs": 0.0004975199699,
            "outputs_checked": 1,
            "pass": true,
            "top1": 1
          },
          "single": {
            "exact_bf16_mismatches": 1232,
            "expected_repetitions": [
              0
            ],
            "kl_divergence": 3.999396507e-05,
            "max_abs": 0.03125,
            "mean_abs": 0.0005773062585,
            "outputs_checked": 1,
            "pass": true,
            "top1": 1
          }
        },
        "operation": "q8_0_dense_dp4a_quantize_plus_dot",
        "out_features": 2048,
        "q8_0_weight_bytes": 1671168,
        "q8_blocks_per_row": 24,
        "row_tile": 1,
        "rows": 4,
        "sequence_validation": {
          "burst_expected_repetitions": [
            9
          ],
          "input_repetition_pattern": "distinct_deterministic_salt",
          "output_partitioning": "shared",
          "single_expected_repetitions": [
            0
          ],
          "xq_partitioning": "shared"
        },
        "submission": {
          "completion_in_host_wall": true,
          "queue_or_stream_count": 1,
          "recording_in_timed_region": false,
          "strategy": "vulkan_command_buffer",
          "submit_in_host_wall": true
        },
        "timing": {
          "burst": {
            "dispatches_per_iteration": 2,
            "gpu_elapsed": {
              "clock": "vulkan_timestamp",
              "per_iteration_us": {
                "max": 29.095999999999997,
                "median": 29.04,
                "min": 28.736,
                "n": 5,
                "p05": 28.7392,
                "p95": 29.091199999999997,
                "samples": 5,
                "stdev": 0.1604473745500372
              },
              "sequence_us": {
                "max": 290.96,
                "median": 290.4,
                "min": 287.36,
                "n": 5,
                "p05": 287.39200000000005,
                "p95": 290.912,
                "samples": 5,
                "stdev": 1.6044737455003728
              },
              "status": "ok"
            },
            "host_wall": {
              "clock": "steady_clock",
              "per_iteration_us": {
                "max": 35.7686,
                "median": 35.4496,
                "min": 35.0675,
                "n": 5,
                "p05": 35.0769,
                "p95": 35.7108,
                "samples": 5,
                "stdev": 0.2583947259523681
              },
              "sequence_us": {
                "max": 357.686,
                "median": 354.496,
                "min": 350.675,
                "n": 5,
                "p05": 350.769,
                "p95": 357.108,
                "samples": 5,
                "stdev": 2.583947259523685
              },
              "status": "ok"
            },
            "logical_iterations": 10
          },
          "single": {
            "dispatches_per_iteration": 2,
            "gpu_elapsed": {
              "clock": "vulkan_timestamp",
              "per_iteration_us": {
                "max": 38.6,
                "median": 37.84,
                "min": 31.8,
                "n": 5,
                "p05": 32.336,
                "p95": 38.512,
                "samples": 5,
                "stdev": 2.630844731260285
              },
              "sequence_us": {
                "max": 38.6,
                "median": 37.84,
                "min": 31.8,
                "n": 5,
                "p05": 32.336,
                "p95": 38.512,
                "samples": 5,
                "stdev": 2.630844731260285
              },
              "status": "ok"
            },
            "host_wall": {
              "clock": "steady_clock",
              "per_iteration_us": {
                "max": 113.041,
                "median": 110.192,
                "min": 98.531,
                "n": 5,
                "p05": 100.25520000000002,
                "p95": 112.7072,
                "samples": 5,
                "stdev": 5.137147169392752
              },
              "sequence_us": {
                "max": 113.041,
                "median": 110.192,
                "min": 98.531,
                "n": 5,
                "p05": 100.25520000000002,
                "p95": 112.7072,
                "samples": 5,
                "stdev": 5.137147169392752
              },
              "status": "ok"
            },
            "logical_iterations": 1
          }
        },
        "timing_mode": "serial_latency",
        "variant": "single",
        "workgroup_match": "vulkan_diagnostic_unmatched"
      },
      {
        "backend": "vulkan",
        "correctness": {
          "single_dispatch": {
            "oracle": "CPU Q8_0 dense q8_1+dp4a BF16 logits with KL <= 0.05 and top-1 >= 90%",
            "status": "pass"
          },
          "synchronization": {
            "barrier_count": 9,
            "method": "vulkan_compute_barrier",
            "status": "pass"
          },
          "timed_sequence": {
            "coverage": "chained_final_state",
            "logical_iterations": 10,
            "oracle": "CPU Q8_0 dense q8_1+dp4a BF16 logits with KL <= 0.05 and top-1 >= 90%",
            "status": "pass"
          }
        },
        "correctness_pass": true,
        "dependency_contract": {
          "inter_dispatch_ordering": "vulkan_compute_barrier",
          "output_partitioning": "chained_shared",
          "validation_status": "pass",
          "work_dependency": "chained"
        },
        "execution": {
          "actual_parallel_lanes": 1,
          "burst_lane_gpu_samples_us": [],
          "calibrated_timestamp_domain": false,
          "calibrated_timestamp_extension": "",
          "lane_assignment": "single_command_buffer",
          "requested_parallel_lanes": 4,
          "single_lane_gpu_samples_us": [],
          "submission_strategy": "vulkan_command_buffer"
        },
        "hardware": {
          "actual_independent_lanes": 1,
          "api_version": "1.4.318",
          "calibrated_timestamp_extension": "",
          "device_id": 30032,
          "device_name": "AMD Radeon Graphics (RADV GFX1201)",
          "device_type": 2,
          "driver_version_raw": 104865800,
          "queue_family": 1,
          "queue_flags": 14,
          "queue_timestamp_valid_bits": 64,
          "requested_api_version": "1.2",
          "requested_independent_lanes": 4,
          "shader_integer_dot_product": true,
          "storage_buffer_16bit": true,
          "timeline_semaphore": true,
          "vendor_id": 4098
        },
        "in_features": 2048,
        "local_size": 64,
        "median_us": 16.740000000000002,
        "numeric_correctness": {
          "burst": {
            "exact_bf16_mismatches": 158,
            "expected_repetitions": [
              9
            ],
            "kl_divergence": 5.842777039e-07,
            "max_abs": 0.0625,
            "mean_abs": 0.0008268356323,
            "outputs_checked": 1,
            "pass": true,
            "top1": 1
          },
          "single": {
            "exact_bf16_mismatches": 41,
            "expected_repetitions": [
              0
            ],
            "kl_divergence": 2.576833846e-09,
            "max_abs": 0.03125,
            "mean_abs": 0.0005187988281,
            "outputs_checked": 1,
            "pass": true,
            "top1": 1
          }
        },
        "operation": "q8_0_dense_dp4a_dot_prequantized",
        "out_features": 2048,
        "q8_0_weight_bytes": 4456448,
        "q8_blocks_per_row": 64,
        "row_tile": 1,
        "rows": 1,
        "sequence_validation": {
          "burst_expected_repetitions": [
            9
          ],
          "input_repetition_pattern": "distinct_deterministic_salt",
          "output_partitioning": "shared",
          "single_expected_repetitions": [
            0
          ],
          "xq_partitioning": "shared"
        },
        "submission": {
          "completion_in_host_wall": true,
          "queue_or_stream_count": 1,
          "recording_in_timed_region": false,
          "strategy": "vulkan_command_buffer",
          "submit_in_host_wall": true
        },
        "timing": {
          "burst": {
            "dispatches_per_iteration": 1,
            "gpu_elapsed": {
              "clock": "vulkan_timestamp",
              "per_iteration_us": {
                "max": 16.812,
                "median": 16.740000000000002,
                "min": 16.716,
                "n": 5,
                "p05": 16.7192,
                "p95": 16.8016,
                "samples": 5,
                "stdev": 0.033178306165324384
              },
              "sequence_us": {
                "max": 168.12,
                "median": 167.4,
                "min": 167.16,
                "n": 5,
                "p05": 167.192,
                "p95": 168.01600000000002,
                "samples": 5,
                "stdev": 0.33178306165324606
              },
              "status": "ok"
            },
            "host_wall": {
              "clock": "steady_clock",
              "per_iteration_us": {
                "max": 23.159399999999998,
                "median": 22.7163,
                "min": 22.5784,
                "n": 5,
                "p05": 22.593999999999998,
                "p95": 23.08518,
                "samples": 5,
                "stdev": 0.20198523312361205
              },
              "sequence_us": {
                "max": 231.594,
                "median": 227.163,
                "min": 225.784,
                "n": 5,
                "p05": 225.94000000000003,
                "p95": 230.8518,
                "samples": 5,
                "stdev": 2.0198523312361223
              },
              "status": "ok"
            },
            "logical_iterations": 10
          },
          "single": {
            "dispatches_per_iteration": 1,
            "gpu_elapsed": {
              "clock": "vulkan_timestamp",
              "per_iteration_us": {
                "max": 24.08,
                "median": 23.28,
                "min": 23.12,
                "n": 5,
                "p05": 23.144000000000002,
                "p95": 23.96,
                "samples": 5,
                "stdev": 0.34035275817892163
              },
              "sequence_us": {
                "max": 24.08,
                "median": 23.28,
                "min": 23.12,
                "n": 5,
                "p05": 23.144000000000002,
                "p95": 23.96,
                "samples": 5,
                "stdev": 0.34035275817892163
              },
              "status": "ok"
            },
            "host_wall": {
              "clock": "steady_clock",
              "per_iteration_us": {
                "max": 85.421,
                "median": 82.841,
                "min": 73.301,
                "n": 5,
                "p05": 74.99300000000001,
                "p95": 85.03300000000002,
                "samples": 5,
                "stdev": 4.2021899052755805
              },
              "sequence_us": {
                "max": 85.421,
                "median": 82.841,
                "min": 73.301,
                "n": 5,
                "p05": 74.99300000000001,
                "p95": 85.03300000000002,
                "samples": 5,
                "stdev": 4.2021899052755805
              },
              "status": "ok"
            },
            "logical_iterations": 1
          }
        },
        "timing_mode": "serial_latency",
        "variant": "single",
        "workgroup_match": "vulkan_diagnostic_unmatched"
      },
      {
        "backend": "vulkan",
        "correctness": {
          "single_dispatch": {
            "oracle": "CPU Q8_0 dense q8_1+dp4a BF16 logits with KL <= 0.05 and top-1 >= 90%",
            "status": "pass"
          },
          "synchronization": {
            "barrier_count": 28,
            "method": "vulkan_compute_barrier",
            "status": "pass"
          },
          "timed_sequence": {
            "coverage": "chained_final_state",
            "logical_iterations": 10,
            "oracle": "CPU Q8_0 dense q8_1+dp4a BF16 logits with KL <= 0.05 and top-1 >= 90%",
            "status": "pass"
          }
        },
        "correctness_pass": true,
        "dependency_contract": {
          "inter_dispatch_ordering": "vulkan_compute_barrier",
          "output_partitioning": "chained_shared",
          "validation_status": "pass",
          "work_dependency": "chained"
        },
        "execution": {
          "actual_parallel_lanes": 1,
          "burst_lane_gpu_samples_us": [],
          "calibrated_timestamp_domain": false,
          "calibrated_timestamp_extension": "",
          "lane_assignment": "single_command_buffer",
          "requested_parallel_lanes": 4,
          "single_lane_gpu_samples_us": [],
          "submission_strategy": "vulkan_command_buffer"
        },
        "hardware": {
          "actual_independent_lanes": 1,
          "api_version": "1.4.318",
          "calibrated_timestamp_extension": "",
          "device_id": 30032,
          "device_name": "AMD Radeon Graphics (RADV GFX1201)",
          "device_type": 2,
          "driver_version_raw": 104865800,
          "queue_family": 1,
          "queue_flags": 14,
          "queue_timestamp_valid_bits": 64,
          "requested_api_version": "1.2",
          "requested_independent_lanes": 4,
          "shader_integer_dot_product": true,
          "storage_buffer_16bit": true,
          "timeline_semaphore": true,
          "vendor_id": 4098
        },
        "in_features": 2048,
        "local_size": 64,
        "median_us": 22.472,
        "numeric_correctness": {
          "burst": {
            "exact_bf16_mismatches": 158,
            "expected_repetitions": [
              9
            ],
            "kl_divergence": 5.842777039e-07,
            "max_abs": 0.0625,
            "mean_abs": 0.0008268356323,
            "outputs_checked": 1,
            "pass": true,
            "top1": 1
          },
          "single": {
            "exact_bf16_mismatches": 41,
            "expected_repetitions": [
              0
            ],
            "kl_divergence": 2.576833846e-09,
            "max_abs": 0.03125,
            "mean_abs": 0.0005187988281,
            "outputs_checked": 1,
            "pass": true,
            "top1": 1
          }
        },
        "operation": "q8_0_dense_dp4a_quantize_plus_dot",
        "out_features": 2048,
        "q8_0_weight_bytes": 4456448,
        "q8_blocks_per_row": 64,
        "row_tile": 1,
        "rows": 1,
        "sequence_validation": {
          "burst_expected_repetitions": [
            9
          ],
          "input_repetition_pattern": "distinct_deterministic_salt",
          "output_partitioning": "shared",
          "single_expected_repetitions": [
            0
          ],
          "xq_partitioning": "shared"
        },
        "submission": {
          "completion_in_host_wall": true,
          "queue_or_stream_count": 1,
          "recording_in_timed_region": false,
          "strategy": "vulkan_command_buffer",
          "submit_in_host_wall": true
        },
        "timing": {
          "burst": {
            "dispatches_per_iteration": 2,
            "gpu_elapsed": {
              "clock": "vulkan_timestamp",
              "per_iteration_us": {
                "max": 22.496000000000002,
                "median": 22.472,
                "min": 22.36,
                "n": 5,
                "p05": 22.3624,
                "p95": 22.4944,
                "samples": 5,
                "stdev": 0.059091793000382725
              },
              "sequence_us": {
                "max": 224.96,
                "median": 224.72,
                "min": 223.6,
                "n": 5,
                "p05": 223.624,
                "p95": 224.94400000000002,
                "samples": 5,
                "stdev": 0.5909179300038229
              },
              "status": "ok"
            },
            "host_wall": {
              "clock": "steady_clock",
              "per_iteration_us": {
                "max": 29.282400000000003,
                "median": 28.8414,
                "min": 28.5545,
                "n": 5,
                "p05": 28.610480000000003,
                "p95": 29.208800000000004,
                "samples": 5,
                "stdev": 0.233444557871886
              },
              "sequence_us": {
                "max": 292.824,
                "median": 288.414,
                "min": 285.545,
                "n": 5,
                "p05": 286.10480000000007,
                "p95": 292.088,
                "samples": 5,
                "stdev": 2.3344455787188534
              },
              "status": "ok"
            },
            "logical_iterations": 10
          },
          "single": {
            "dispatches_per_iteration": 2,
            "gpu_elapsed": {
              "clock": "vulkan_timestamp",
              "per_iteration_us": {
                "max": 25.92,
                "median": 25.48,
                "min": 25.2,
                "n": 5,
                "p05": 25.256,
                "p95": 25.864,
                "samples": 5,
                "stdev": 0.23542302351299532
              },
              "sequence_us": {
                "max": 25.92,
                "median": 25.48,
                "min": 25.2,
                "n": 5,
                "p05": 25.256,
                "p95": 25.864,
                "samples": 5,
                "stdev": 0.23542302351299532
              },
              "status": "ok"
            },
            "host_wall": {
              "clock": "steady_clock",
              "per_iteration_us": {
                "max": 89.711,
                "median": 88.941,
                "min": 87.701,
                "n": 5,
                "p05": 87.81299999999999,
                "p95": 89.5672,
                "samples": 5,
                "stdev": 0.6861400440143423
              },
              "sequence_us": {
                "max": 89.711,
                "median": 88.941,
                "min": 87.701,
                "n": 5,
                "p05": 87.81299999999999,
                "p95": 89.5672,
                "samples": 5,
                "stdev": 0.6861400440143423
              },
              "status": "ok"
            },
            "logical_iterations": 1
          }
        },
        "timing_mode": "serial_latency",
        "variant": "single",
        "workgroup_match": "vulkan_diagnostic_unmatched"
      },
      {
        "backend": "vulkan",
        "correctness": {
          "single_dispatch": {
            "oracle": "CPU Q8_0 dense q8_1+dp4a BF16 logits with KL <= 0.05 and top-1 >= 90%",
            "status": "pass"
          },
          "synchronization": {
            "barrier_count": 9,
            "method": "vulkan_compute_barrier",
            "status": "pass"
          },
          "timed_sequence": {
            "coverage": "chained_final_state",
            "logical_iterations": 10,
            "oracle": "CPU Q8_0 dense q8_1+dp4a BF16 logits with KL <= 0.05 and top-1 >= 90%",
            "status": "pass"
          }
        },
        "correctness_pass": true,
        "dependency_contract": {
          "inter_dispatch_ordering": "vulkan_compute_barrier",
          "output_partitioning": "chained_shared",
          "validation_status": "pass",
          "work_dependency": "chained"
        },
        "execution": {
          "actual_parallel_lanes": 1,
          "burst_lane_gpu_samples_us": [],
          "calibrated_timestamp_domain": false,
          "calibrated_timestamp_extension": "",
          "lane_assignment": "single_command_buffer",
          "requested_parallel_lanes": 4,
          "single_lane_gpu_samples_us": [],
          "submission_strategy": "vulkan_command_buffer"
        },
        "hardware": {
          "actual_independent_lanes": 1,
          "api_version": "1.4.318",
          "calibrated_timestamp_extension": "",
          "device_id": 30032,
          "device_name": "AMD Radeon Graphics (RADV GFX1201)",
          "device_type": 2,
          "driver_version_raw": 104865800,
          "queue_family": 1,
          "queue_flags": 14,
          "queue_timestamp_valid_bits": 64,
          "requested_api_version": "1.2",
          "requested_independent_lanes": 4,
          "shader_integer_dot_product": true,
          "storage_buffer_16bit": true,
          "timeline_semaphore": true,
          "vendor_id": 4098
        },
        "in_features": 2048,
        "local_size": 64,
        "median_us": 53.724000000000004,
        "numeric_correctness": {
          "burst": {
            "exact_bf16_mismatches": 1534,
            "expected_repetitions": [
              9
            ],
            "kl_divergence": 0.0001183141109,
            "max_abs": 0.0625,
            "mean_abs": 0.0008707661182,
            "outputs_checked": 1,
            "pass": true,
            "top1": 1
          },
          "single": {
            "exact_bf16_mismatches": 1017,
            "expected_repetitions": [
              0
            ],
            "kl_divergence": 4.436209871e-06,
            "max_abs": 0.03125,
            "mean_abs": 0.000759601593,
            "outputs_checked": 1,
            "pass": true,
            "top1": 1
          }
        },
        "operation": "q8_0_dense_dp4a_dot_prequantized",
        "out_features": 2048,
        "q8_0_weight_bytes": 4456448,
        "q8_blocks_per_row": 64,
        "row_tile": 1,
        "rows": 4,
        "sequence_validation": {
          "burst_expected_repetitions": [
            9
          ],
          "input_repetition_pattern": "distinct_deterministic_salt",
          "output_partitioning": "shared",
          "single_expected_repetitions": [
            0
          ],
          "xq_partitioning": "shared"
        },
        "submission": {
          "completion_in_host_wall": true,
          "queue_or_stream_count": 1,
          "recording_in_timed_region": false,
          "strategy": "vulkan_command_buffer",
          "submit_in_host_wall": true
        },
        "timing": {
          "burst": {
            "dispatches_per_iteration": 1,
            "gpu_elapsed": {
              "clock": "vulkan_timestamp",
              "per_iteration_us": {
                "max": 53.767999999999994,
                "median": 53.724000000000004,
                "min": 53.66799999999999,
                "n": 5,
                "p05": 53.6776,
                "p95": 53.763999999999996,
                "samples": 5,
                "stdev": 0.03378993933111053
              },
              "sequence_us": {
                "max": 537.68,
                "median": 537.24,
                "min": 536.68,
                "n": 5,
                "p05": 536.776,
                "p95": 537.64,
                "samples": 5,
                "stdev": 0.33789939331109414
              },
              "status": "ok"
            },
            "host_wall": {
              "clock": "steady_clock",
              "per_iteration_us": {
                "max": 60.075900000000004,
                "median": 59.9089,
                "min": 59.894000000000005,
                "n": 5,
                "p05": 59.89678000000001,
                "p95": 60.0695,
                "samples": 5,
                "stdev": 0.07741623602320007
              },
              "sequence_us": {
                "max": 600.759,
                "median": 599.089,
                "min": 598.94,
                "n": 5,
                "p05": 598.9678,
                "p95": 600.695,
                "samples": 5,
                "stdev": 0.7741623602319984
              },
              "status": "ok"
            },
            "logical_iterations": 10
          },
          "single": {
            "dispatches_per_iteration": 1,
            "gpu_elapsed": {
              "clock": "vulkan_timestamp",
              "per_iteration_us": {
                "max": 60.44,
                "median": 60.16,
                "min": 59.68,
                "n": 5,
                "p05": 59.736000000000004,
                "p95": 60.384,
                "samples": 5,
                "stdev": 0.2517141235608353
              },
              "sequence_us": {
                "max": 60.44,
                "median": 60.16,
                "min": 59.68,
                "n": 5,
                "p05": 59.736000000000004,
                "p95": 60.384,
                "samples": 5,
                "stdev": 0.2517141235608353
              },
              "status": "ok"
            },
            "host_wall": {
              "clock": "steady_clock",
              "per_iteration_us": {
                "max": 122.492,
                "median": 120.872,
                "min": 117.352,
                "n": 5,
                "p05": 118.04400000000001,
                "p95": 122.456,
                "samples": 5,
                "stdev": 1.8459642466743489
              },
              "sequence_us": {
                "max": 122.492,
                "median": 120.872,
                "min": 117.352,
                "n": 5,
                "p05": 118.04400000000001,
                "p95": 122.456,
                "samples": 5,
                "stdev": 1.8459642466743489
              },
              "status": "ok"
            },
            "logical_iterations": 1
          }
        },
        "timing_mode": "serial_latency",
        "variant": "single",
        "workgroup_match": "vulkan_diagnostic_unmatched"
      },
      {
        "backend": "vulkan",
        "correctness": {
          "single_dispatch": {
            "oracle": "CPU Q8_0 dense q8_1+dp4a BF16 logits with KL <= 0.05 and top-1 >= 90%",
            "status": "pass"
          },
          "synchronization": {
            "barrier_count": 28,
            "method": "vulkan_compute_barrier",
            "status": "pass"
          },
          "timed_sequence": {
            "coverage": "chained_final_state",
            "logical_iterations": 10,
            "oracle": "CPU Q8_0 dense q8_1+dp4a BF16 logits with KL <= 0.05 and top-1 >= 90%",
            "status": "pass"
          }
        },
        "correctness_pass": true,
        "dependency_contract": {
          "inter_dispatch_ordering": "vulkan_compute_barrier",
          "output_partitioning": "chained_shared",
          "validation_status": "pass",
          "work_dependency": "chained"
        },
        "execution": {
          "actual_parallel_lanes": 1,
          "burst_lane_gpu_samples_us": [],
          "calibrated_timestamp_domain": false,
          "calibrated_timestamp_extension": "",
          "lane_assignment": "single_command_buffer",
          "requested_parallel_lanes": 4,
          "single_lane_gpu_samples_us": [],
          "submission_strategy": "vulkan_command_buffer"
        },
        "hardware": {
          "actual_independent_lanes": 1,
          "api_version": "1.4.318",
          "calibrated_timestamp_extension": "",
          "device_id": 30032,
          "device_name": "AMD Radeon Graphics (RADV GFX1201)",
          "device_type": 2,
          "driver_version_raw": 104865800,
          "queue_family": 1,
          "queue_flags": 14,
          "queue_timestamp_valid_bits": 64,
          "requested_api_version": "1.2",
          "requested_independent_lanes": 4,
          "shader_integer_dot_product": true,
          "storage_buffer_16bit": true,
          "timeline_semaphore": true,
          "vendor_id": 4098
        },
        "in_features": 2048,
        "local_size": 64,
        "median_us": 59.52,
        "numeric_correctness": {
          "burst": {
            "exact_bf16_mismatches": 1534,
            "expected_repetitions": [
              9
            ],
            "kl_divergence": 0.0001183141109,
            "max_abs": 0.0625,
            "mean_abs": 0.0008707661182,
            "outputs_checked": 1,
            "pass": true,
            "top1": 1
          },
          "single": {
            "exact_bf16_mismatches": 1017,
            "expected_repetitions": [
              0
            ],
            "kl_divergence": 4.436209871e-06,
            "max_abs": 0.03125,
            "mean_abs": 0.000759601593,
            "outputs_checked": 1,
            "pass": true,
            "top1": 1
          }
        },
        "operation": "q8_0_dense_dp4a_quantize_plus_dot",
        "out_features": 2048,
        "q8_0_weight_bytes": 4456448,
        "q8_blocks_per_row": 64,
        "row_tile": 1,
        "rows": 4,
        "sequence_validation": {
          "burst_expected_repetitions": [
            9
          ],
          "input_repetition_pattern": "distinct_deterministic_salt",
          "output_partitioning": "shared",
          "single_expected_repetitions": [
            0
          ],
          "xq_partitioning": "shared"
        },
        "submission": {
          "completion_in_host_wall": true,
          "queue_or_stream_count": 1,
          "recording_in_timed_region": false,
          "strategy": "vulkan_command_buffer",
          "submit_in_host_wall": true
        },
        "timing": {
          "burst": {
            "dispatches_per_iteration": 2,
            "gpu_elapsed": {
              "clock": "vulkan_timestamp",
              "per_iteration_us": {
                "max": 59.56,
                "median": 59.52,
                "min": 59.416,
                "n": 5,
                "p05": 59.4296,
                "p95": 59.5552,
                "samples": 5,
                "stdev": 0.05011347124277252
              },
              "sequence_us": {
                "max": 595.6,
                "median": 595.2,
                "min": 594.16,
                "n": 5,
                "p05": 594.296,
                "p95": 595.552,
                "samples": 5,
                "stdev": 0.501134712427725
              },
              "status": "ok"
            },
            "host_wall": {
              "clock": "steady_clock",
              "per_iteration_us": {
                "max": 66.01,
                "median": 65.94500000000001,
                "min": 65.83099999999999,
                "n": 5,
                "p05": 65.8476,
                "p95": 66.0094,
                "samples": 5,
                "stdev": 0.06627397679331427
              },
              "sequence_us": {
                "max": 660.1,
                "median": 659.45,
                "min": 658.31,
                "n": 5,
                "p05": 658.476,
                "p95": 660.094,
                "samples": 5,
                "stdev": 0.66273976793312
              },
              "status": "ok"
            },
            "logical_iterations": 10
          },
          "single": {
            "dispatches_per_iteration": 2,
            "gpu_elapsed": {
              "clock": "vulkan_timestamp",
              "per_iteration_us": {
                "max": 63.08,
                "median": 62.96,
                "min": 62.04,
                "n": 5,
                "p05": 62.13600000000001,
                "p95": 63.056,
                "samples": 5,
                "stdev": 0.38649191453379705
              },
              "sequence_us": {
                "max": 63.08,
                "median": 62.96,
                "min": 62.04,
                "n": 5,
                "p05": 62.13600000000001,
                "p95": 63.056,
                "samples": 5,
                "stdev": 0.38649191453379705
              },
              "status": "ok"
            },
            "host_wall": {
              "clock": "steady_clock",
              "per_iteration_us": {
                "max": 130.042,
                "median": 128.072,
                "min": 126.702,
                "n": 5,
                "p05": 126.74800000000002,
                "p95": 129.976,
                "samples": 5,
                "stdev": 1.3787675656179306
              },
              "sequence_us": {
                "max": 130.042,
                "median": 128.072,
                "min": 126.702,
                "n": 5,
                "p05": 126.74800000000002,
                "p95": 129.976,
                "samples": 5,
                "stdev": 1.3787675656179306
              },
              "status": "ok"
            },
            "logical_iterations": 1
          }
        },
        "timing_mode": "serial_latency",
        "variant": "single",
        "workgroup_match": "vulkan_diagnostic_unmatched"
      },
      {
        "backend": "vulkan",
        "correctness": {
          "single_dispatch": {
            "oracle": "CPU Q8_0 dense q8_1+dp4a BF16 logits with KL <= 0.05 and top-1 >= 90%",
            "status": "pass"
          },
          "synchronization": {
            "barrier_count": 9,
            "method": "vulkan_compute_barrier",
            "status": "pass"
          },
          "timed_sequence": {
            "coverage": "chained_final_state",
            "logical_iterations": 10,
            "oracle": "CPU Q8_0 dense q8_1+dp4a BF16 logits with KL <= 0.05 and top-1 >= 90%",
            "status": "pass"
          }
        },
        "correctness_pass": true,
        "dependency_contract": {
          "inter_dispatch_ordering": "vulkan_compute_barrier",
          "output_partitioning": "chained_shared",
          "validation_status": "pass",
          "work_dependency": "chained"
        },
        "execution": {
          "actual_parallel_lanes": 1,
          "burst_lane_gpu_samples_us": [],
          "calibrated_timestamp_domain": false,
          "calibrated_timestamp_extension": "",
          "lane_assignment": "single_command_buffer",
          "requested_parallel_lanes": 4,
          "single_lane_gpu_samples_us": [],
          "submission_strategy": "vulkan_command_buffer"
        },
        "hardware": {
          "actual_independent_lanes": 1,
          "api_version": "1.4.318",
          "calibrated_timestamp_extension": "",
          "device_id": 30032,
          "device_name": "AMD Radeon Graphics (RADV GFX1201)",
          "device_type": 2,
          "driver_version_raw": 104865800,
          "queue_family": 1,
          "queue_flags": 14,
          "queue_timestamp_valid_bits": 64,
          "requested_api_version": "1.2",
          "requested_independent_lanes": 4,
          "shader_integer_dot_product": true,
          "storage_buffer_16bit": true,
          "timeline_semaphore": true,
          "vendor_id": 4098
        },
        "in_features": 768,
        "local_size": 64,
        "median_us": 6.812,
        "numeric_correctness": {
          "burst": {
            "exact_bf16_mismatches": 249,
            "expected_repetitions": [
              9
            ],
            "kl_divergence": 2.913779618e-07,
            "max_abs": 0.03125,
            "mean_abs": 0.0008402764797,
            "outputs_checked": 1,
            "pass": true,
            "top1": 1
          },
          "single": {
            "exact_bf16_mismatches": 251,
            "expected_repetitions": [
              0
            ],
            "kl_divergence": 3.301283582e-07,
            "max_abs": 0.015625,
            "mean_abs": 0.0002901772968,
            "outputs_checked": 1,
            "pass": true,
            "top1": 1
          }
        },
        "operation": "q8_0_dense_dp4a_dot_prequantized",
        "out_features": 2048,
        "q8_0_weight_bytes": 1671168,
        "q8_blocks_per_row": 24,
        "row_tile": 4,
        "rows": 1,
        "sequence_validation": {
          "burst_expected_repetitions": [
            9
          ],
          "input_repetition_pattern": "distinct_deterministic_salt",
          "output_partitioning": "shared",
          "single_expected_repetitions": [
            0
          ],
          "xq_partitioning": "shared"
        },
        "submission": {
          "completion_in_host_wall": true,
          "queue_or_stream_count": 1,
          "recording_in_timed_region": false,
          "strategy": "vulkan_command_buffer",
          "submit_in_host_wall": true
        },
        "timing": {
          "burst": {
            "dispatches_per_iteration": 1,
            "gpu_elapsed": {
              "clock": "vulkan_timestamp",
              "per_iteration_us": {
                "max": 6.831999999999999,
                "median": 6.812,
                "min": 6.804,
                "n": 5,
                "p05": 6.804800000000001,
                "p95": 6.8279999999999985,
                "samples": 5,
                "stdev": 0.009666436778875211
              },
              "sequence_us": {
                "max": 68.32,
                "median": 68.12,
                "min": 68.04,
                "n": 5,
                "p05": 68.048,
                "p95": 68.28,
                "samples": 5,
                "stdev": 0.09666436778875263
              },
              "status": "ok"
            },
            "host_wall": {
              "clock": "steady_clock",
              "per_iteration_us": {
                "max": 12.2742,
                "median": 12.0482,
                "min": 11.9952,
                "n": 5,
                "p05": 11.999600000000001,
                "p95": 12.24098,
                "samples": 5,
                "stdev": 0.10028089349422477
              },
              "sequence_us": {
                "max": 122.742,
                "median": 120.482,
                "min": 119.952,
                "n": 5,
                "p05": 119.99600000000001,
                "p95": 122.40979999999999,
                "samples": 5,
                "stdev": 1.0028089349422478
              },
              "status": "ok"
            },
            "logical_iterations": 10
          },
          "single": {
            "dispatches_per_iteration": 1,
            "gpu_elapsed": {
              "clock": "vulkan_timestamp",
              "per_iteration_us": {
                "max": 12.8,
                "median": 12.48,
                "min": 12.36,
                "n": 5,
                "p05": 12.368,
                "p95": 12.784,
                "samples": 5,
                "stdev": 0.17600000000000035
              },
              "sequence_us": {
                "max": 12.8,
                "median": 12.48,
                "min": 12.36,
                "n": 5,
                "p05": 12.368,
                "p95": 12.784,
                "samples": 5,
                "stdev": 0.17600000000000035
              },
              "status": "ok"
            },
            "host_wall": {
              "clock": "steady_clock",
              "per_iteration_us": {
                "max": 69.721,
                "median": 66.081,
                "min": 62.811,
                "n": 5,
                "p05": 63.377,
                "p95": 69.227,
                "samples": 5,
                "stdev": 2.247798923391504
              },
              "sequence_us": {
                "max": 69.721,
                "median": 66.081,
                "min": 62.811,
                "n": 5,
                "p05": 63.377,
                "p95": 69.227,
                "samples": 5,
                "stdev": 2.247798923391504
              },
              "status": "ok"
            },
            "logical_iterations": 1
          }
        },
        "timing_mode": "serial_latency",
        "variant": "rowtile4",
        "workgroup_match": "vulkan_diagnostic_unmatched"
      },
      {
        "backend": "vulkan",
        "correctness": {
          "single_dispatch": {
            "oracle": "CPU Q8_0 dense q8_1+dp4a BF16 logits with KL <= 0.05 and top-1 >= 90%",
            "status": "pass"
          },
          "synchronization": {
            "barrier_count": 28,
            "method": "vulkan_compute_barrier",
            "status": "pass"
          },
          "timed_sequence": {
            "coverage": "chained_final_state",
            "logical_iterations": 10,
            "oracle": "CPU Q8_0 dense q8_1+dp4a BF16 logits with KL <= 0.05 and top-1 >= 90%",
            "status": "pass"
          }
        },
        "correctness_pass": true,
        "dependency_contract": {
          "inter_dispatch_ordering": "vulkan_compute_barrier",
          "output_partitioning": "chained_shared",
          "validation_status": "pass",
          "work_dependency": "chained"
        },
        "execution": {
          "actual_parallel_lanes": 1,
          "burst_lane_gpu_samples_us": [],
          "calibrated_timestamp_domain": false,
          "calibrated_timestamp_extension": "",
          "lane_assignment": "single_command_buffer",
          "requested_parallel_lanes": 4,
          "single_lane_gpu_samples_us": [],
          "submission_strategy": "vulkan_command_buffer"
        },
        "hardware": {
          "actual_independent_lanes": 1,
          "api_version": "1.4.318",
          "calibrated_timestamp_extension": "",
          "device_id": 30032,
          "device_name": "AMD Radeon Graphics (RADV GFX1201)",
          "device_type": 2,
          "driver_version_raw": 104865800,
          "queue_family": 1,
          "queue_flags": 14,
          "queue_timestamp_valid_bits": 64,
          "requested_api_version": "1.2",
          "requested_independent_lanes": 4,
          "shader_integer_dot_product": true,
          "storage_buffer_16bit": true,
          "timeline_semaphore": true,
          "vendor_id": 4098
        },
        "in_features": 768,
        "local_size": 64,
        "median_us": 11.176,
        "numeric_correctness": {
          "burst": {
            "exact_bf16_mismatches": 249,
            "expected_repetitions": [
              9
            ],
            "kl_divergence": 2.913779618e-07,
            "max_abs": 0.03125,
            "mean_abs": 0.0008402764797,
            "outputs_checked": 1,
            "pass": true,
            "top1": 1
          },
          "single": {
            "exact_bf16_mismatches": 251,
            "expected_repetitions": [
              0
            ],
            "kl_divergence": 3.301283582e-07,
            "max_abs": 0.015625,
            "mean_abs": 0.0002901772968,
            "outputs_checked": 1,
            "pass": true,
            "top1": 1
          }
        },
        "operation": "q8_0_dense_dp4a_quantize_plus_dot",
        "out_features": 2048,
        "q8_0_weight_bytes": 1671168,
        "q8_blocks_per_row": 24,
        "row_tile": 4,
        "rows": 1,
        "sequence_validation": {
          "burst_expected_repetitions": [
            9
          ],
          "input_repetition_pattern": "distinct_deterministic_salt",
          "output_partitioning": "shared",
          "single_expected_repetitions": [
            0
          ],
          "xq_partitioning": "shared"
        },
        "submission": {
          "completion_in_host_wall": true,
          "queue_or_stream_count": 1,
          "recording_in_timed_region": false,
          "strategy": "vulkan_command_buffer",
          "submit_in_host_wall": true
        },
        "timing": {
          "burst": {
            "dispatches_per_iteration": 2,
            "gpu_elapsed": {
              "clock": "vulkan_timestamp",
              "per_iteration_us": {
                "max": 11.2,
                "median": 11.176,
                "min": 11.028,
                "n": 5,
                "p05": 11.0312,
                "p95": 11.1992,
                "samples": 5,
                "stdev": 0.0763738175031204
              },
              "sequence_us": {
                "max": 112.0,
                "median": 111.76,
                "min": 110.28,
                "n": 5,
                "p05": 110.31200000000001,
                "p95": 111.99199999999999,
                "samples": 5,
                "stdev": 0.7637381750312077
              },
              "status": "ok"
            },
            "host_wall": {
              "clock": "steady_clock",
              "per_iteration_us": {
                "max": 16.4593,
                "median": 16.4303,
                "min": 16.211199999999998,
                "n": 5,
                "p05": 16.219,
                "p95": 16.458699999999997,
                "samples": 5,
                "stdev": 0.10794729454692241
              },
              "sequence_us": {
                "max": 164.593,
                "median": 164.303,
                "min": 162.112,
                "n": 5,
                "p05": 162.19000000000003,
                "p95": 164.587,
                "samples": 5,
                "stdev": 1.079472945469218
              },
              "status": "ok"
            },
            "logical_iterations": 10
          },
          "single": {
            "dispatches_per_iteration": 2,
            "gpu_elapsed": {
              "clock": "vulkan_timestamp",
              "per_iteration_us": {
                "max": 19.72,
                "median": 17.96,
                "min": 13.88,
                "n": 5,
                "p05": 13.928,
                "p95": 19.544,
                "samples": 5,
                "stdev": 2.436732238059816
              },
              "sequence_us": {
                "max": 19.72,
                "median": 17.96,
                "min": 13.88,
                "n": 5,
                "p05": 13.928,
                "p95": 19.544,
                "samples": 5,
                "stdev": 2.436732238059816
              },
              "status": "ok"
            },
            "host_wall": {
              "clock": "steady_clock",
              "per_iteration_us": {
                "max": 80.011,
                "median": 78.301,
                "min": 66.952,
                "n": 5,
                "p05": 67.2658,
                "p95": 79.773,
                "samples": 5,
                "stdev": 5.589423240371048
              },
              "sequence_us": {
                "max": 80.011,
                "median": 78.301,
                "min": 66.952,
                "n": 5,
                "p05": 67.2658,
                "p95": 79.773,
                "samples": 5,
                "stdev": 5.589423240371048
              },
              "status": "ok"
            },
            "logical_iterations": 1
          }
        },
        "timing_mode": "serial_latency",
        "variant": "rowtile4",
        "workgroup_match": "vulkan_diagnostic_unmatched"
      },
      {
        "backend": "vulkan",
        "correctness": {
          "single_dispatch": {
            "oracle": "CPU Q8_0 dense q8_1+dp4a BF16 logits with KL <= 0.05 and top-1 >= 90%",
            "status": "pass"
          },
          "synchronization": {
            "barrier_count": 9,
            "method": "vulkan_compute_barrier",
            "status": "pass"
          },
          "timed_sequence": {
            "coverage": "chained_final_state",
            "logical_iterations": 10,
            "oracle": "CPU Q8_0 dense q8_1+dp4a BF16 logits with KL <= 0.05 and top-1 >= 90%",
            "status": "pass"
          }
        },
        "correctness_pass": true,
        "dependency_contract": {
          "inter_dispatch_ordering": "vulkan_compute_barrier",
          "output_partitioning": "chained_shared",
          "validation_status": "pass",
          "work_dependency": "chained"
        },
        "execution": {
          "actual_parallel_lanes": 1,
          "burst_lane_gpu_samples_us": [],
          "calibrated_timestamp_domain": false,
          "calibrated_timestamp_extension": "",
          "lane_assignment": "single_command_buffer",
          "requested_parallel_lanes": 4,
          "single_lane_gpu_samples_us": [],
          "submission_strategy": "vulkan_command_buffer"
        },
        "hardware": {
          "actual_independent_lanes": 1,
          "api_version": "1.4.318",
          "calibrated_timestamp_extension": "",
          "device_id": 30032,
          "device_name": "AMD Radeon Graphics (RADV GFX1201)",
          "device_type": 2,
          "driver_version_raw": 104865800,
          "queue_family": 1,
          "queue_flags": 14,
          "queue_timestamp_valid_bits": 64,
          "requested_api_version": "1.2",
          "requested_independent_lanes": 4,
          "shader_integer_dot_product": true,
          "storage_buffer_16bit": true,
          "timeline_semaphore": true,
          "vendor_id": 4098
        },
        "in_features": 768,
        "local_size": 64,
        "median_us": 13.104,
        "numeric_correctness": {
          "burst": {
            "exact_bf16_mismatches": 999,
            "expected_repetitions": [
              9
            ],
            "kl_divergence": 6.102724291e-06,
            "max_abs": 0.03125,
            "mean_abs": 0.0004975199699,
            "outputs_checked": 1,
            "pass": true,
            "top1": 1
          },
          "single": {
            "exact_bf16_mismatches": 1232,
            "expected_repetitions": [
              0
            ],
            "kl_divergence": 3.999396507e-05,
            "max_abs": 0.03125,
            "mean_abs": 0.0005773062585,
            "outputs_checked": 1,
            "pass": true,
            "top1": 1
          }
        },
        "operation": "q8_0_dense_dp4a_dot_prequantized",
        "out_features": 2048,
        "q8_0_weight_bytes": 1671168,
        "q8_blocks_per_row": 24,
        "row_tile": 4,
        "rows": 4,
        "sequence_validation": {
          "burst_expected_repetitions": [
            9
          ],
          "input_repetition_pattern": "distinct_deterministic_salt",
          "output_partitioning": "shared",
          "single_expected_repetitions": [
            0
          ],
          "xq_partitioning": "shared"
        },
        "submission": {
          "completion_in_host_wall": true,
          "queue_or_stream_count": 1,
          "recording_in_timed_region": false,
          "strategy": "vulkan_command_buffer",
          "submit_in_host_wall": true
        },
        "timing": {
          "burst": {
            "dispatches_per_iteration": 1,
            "gpu_elapsed": {
              "clock": "vulkan_timestamp",
              "per_iteration_us": {
                "max": 13.12,
                "median": 13.104,
                "min": 13.024000000000001,
                "n": 5,
                "p05": 13.025600000000003,
                "p95": 13.1184,
                "samples": 5,
                "stdev": 0.04153841595439046
              },
              "sequence_us": {
                "max": 131.2,
                "median": 131.04,
                "min": 130.24,
                "n": 5,
                "p05": 130.256,
                "p95": 131.184,
                "samples": 5,
                "stdev": 0.41538415954390606
              },
              "status": "ok"
            },
            "host_wall": {
              "clock": "steady_clock",
              "per_iteration_us": {
                "max": 19.494300000000003,
                "median": 19.3813,
                "min": 19.3143,
                "n": 5,
                "p05": 19.3175,
                "p95": 19.4795,
                "samples": 5,
                "stdev": 0.0650366050774494
              },
              "sequence_us": {
                "max": 194.943,
                "median": 193.813,
                "min": 193.143,
                "n": 5,
                "p05": 193.175,
                "p95": 194.79500000000002,
                "samples": 5,
                "stdev": 0.6503660507744898
              },
              "status": "ok"
            },
            "logical_iterations": 10
          },
          "single": {
            "dispatches_per_iteration": 1,
            "gpu_elapsed": {
              "clock": "vulkan_timestamp",
              "per_iteration_us": {
                "max": 20.6,
                "median": 19.76,
                "min": 19.28,
                "n": 5,
                "p05": 19.36,
                "p95": 20.496000000000002,
                "samples": 5,
                "stdev": 0.44108956006688704
              },
              "sequence_us": {
                "max": 20.6,
                "median": 19.76,
                "min": 19.28,
                "n": 5,
                "p05": 19.36,
                "p95": 20.496000000000002,
                "samples": 5,
                "stdev": 0.44108956006688704
              },
              "status": "ok"
            },
            "host_wall": {
              "clock": "steady_clock",
              "per_iteration_us": {
                "max": 83.811,
                "median": 81.901,
                "min": 72.271,
                "n": 5,
                "p05": 74.089,
                "p95": 83.7892,
                "samples": 5,
                "stdev": 4.279637012644881
              },
              "sequence_us": {
                "max": 83.811,
                "median": 81.901,
                "min": 72.271,
                "n": 5,
                "p05": 74.089,
                "p95": 83.7892,
                "samples": 5,
                "stdev": 4.279637012644881
              },
              "status": "ok"
            },
            "logical_iterations": 1
          }
        },
        "timing_mode": "serial_latency",
        "variant": "rowtile4",
        "workgroup_match": "vulkan_diagnostic_unmatched"
      },
      {
        "backend": "vulkan",
        "correctness": {
          "single_dispatch": {
            "oracle": "CPU Q8_0 dense q8_1+dp4a BF16 logits with KL <= 0.05 and top-1 >= 90%",
            "status": "pass"
          },
          "synchronization": {
            "barrier_count": 28,
            "method": "vulkan_compute_barrier",
            "status": "pass"
          },
          "timed_sequence": {
            "coverage": "chained_final_state",
            "logical_iterations": 10,
            "oracle": "CPU Q8_0 dense q8_1+dp4a BF16 logits with KL <= 0.05 and top-1 >= 90%",
            "status": "pass"
          }
        },
        "correctness_pass": true,
        "dependency_contract": {
          "inter_dispatch_ordering": "vulkan_compute_barrier",
          "output_partitioning": "chained_shared",
          "validation_status": "pass",
          "work_dependency": "chained"
        },
        "execution": {
          "actual_parallel_lanes": 1,
          "burst_lane_gpu_samples_us": [],
          "calibrated_timestamp_domain": false,
          "calibrated_timestamp_extension": "",
          "lane_assignment": "single_command_buffer",
          "requested_parallel_lanes": 4,
          "single_lane_gpu_samples_us": [],
          "submission_strategy": "vulkan_command_buffer"
        },
        "hardware": {
          "actual_independent_lanes": 1,
          "api_version": "1.4.318",
          "calibrated_timestamp_extension": "",
          "device_id": 30032,
          "device_name": "AMD Radeon Graphics (RADV GFX1201)",
          "device_type": 2,
          "driver_version_raw": 104865800,
          "queue_family": 1,
          "queue_flags": 14,
          "queue_timestamp_valid_bits": 64,
          "requested_api_version": "1.2",
          "requested_independent_lanes": 4,
          "shader_integer_dot_product": true,
          "storage_buffer_16bit": true,
          "timeline_semaphore": true,
          "vendor_id": 4098
        },
        "in_features": 768,
        "local_size": 64,
        "median_us": 18.968,
        "numeric_correctness": {
          "burst": {
            "exact_bf16_mismatches": 999,
            "expected_repetitions": [
              9
            ],
            "kl_divergence": 6.102724291e-06,
            "max_abs": 0.03125,
            "mean_abs": 0.0004975199699,
            "outputs_checked": 1,
            "pass": true,
            "top1": 1
          },
          "single": {
            "exact_bf16_mismatches": 1232,
            "expected_repetitions": [
              0
            ],
            "kl_divergence": 3.999396507e-05,
            "max_abs": 0.03125,
            "mean_abs": 0.0005773062585,
            "outputs_checked": 1,
            "pass": true,
            "top1": 1
          }
        },
        "operation": "q8_0_dense_dp4a_quantize_plus_dot",
        "out_features": 2048,
        "q8_0_weight_bytes": 1671168,
        "q8_blocks_per_row": 24,
        "row_tile": 4,
        "rows": 4,
        "sequence_validation": {
          "burst_expected_repetitions": [
            9
          ],
          "input_repetition_pattern": "distinct_deterministic_salt",
          "output_partitioning": "shared",
          "single_expected_repetitions": [
            0
          ],
          "xq_partitioning": "shared"
        },
        "submission": {
          "completion_in_host_wall": true,
          "queue_or_stream_count": 1,
          "recording_in_timed_region": false,
          "strategy": "vulkan_command_buffer",
          "submit_in_host_wall": true
        },
        "timing": {
          "burst": {
            "dispatches_per_iteration": 2,
            "gpu_elapsed": {
              "clock": "vulkan_timestamp",
              "per_iteration_us": {
                "max": 18.991999999999997,
                "median": 18.968,
                "min": 18.764,
                "n": 5,
                "p05": 18.7712,
                "p95": 18.988799999999998,
                "samples": 5,
                "stdev": 0.0973242004847709
              },
              "sequence_us": {
                "max": 189.92,
                "median": 189.68,
                "min": 187.64,
                "n": 5,
                "p05": 187.712,
                "p95": 189.88799999999998,
                "samples": 5,
                "stdev": 0.9732420048477162
              },
              "status": "ok"
            },
            "host_wall": {
              "clock": "steady_clock",
              "per_iteration_us": {
                "max": 25.5934,
                "median": 25.3324,
                "min": 25.019399999999997,
                "n": 5,
                "p05": 25.03998,
                "p95": 25.558,
                "samples": 5,
                "stdev": 0.20539916650269044
              },
              "sequence_us": {
                "max": 255.934,
                "median": 253.324,
                "min": 250.194,
                "n": 5,
                "p05": 250.39980000000003,
                "p95": 255.58,
                "samples": 5,
                "stdev": 2.0539916650269046
              },
              "status": "ok"
            },
            "logical_iterations": 10
          },
          "single": {
            "dispatches_per_iteration": 2,
            "gpu_elapsed": {
              "clock": "vulkan_timestamp",
              "per_iteration_us": {
                "max": 28.72,
                "median": 22.28,
                "min": 22.08,
                "n": 5,
                "p05": 22.104,
                "p95": 28.464,
                "samples": 5,
                "stdev": 2.9160630994544685
              },
              "sequence_us": {
                "max": 28.72,
                "median": 22.28,
                "min": 22.08,
                "n": 5,
                "p05": 22.104,
                "p95": 28.464,
                "samples": 5,
                "stdev": 2.9160630994544685
              },
              "status": "ok"
            },
            "host_wall": {
              "clock": "steady_clock",
              "per_iteration_us": {
                "max": 102.222,
                "median": 87.381,
                "min": 86.531,
                "n": 5,
                "p05": 86.6752,
                "p95": 101.78999999999999,
                "samples": 5,
                "stdev": 6.941124018485764
              },
              "sequence_us": {
                "max": 102.222,
                "median": 87.381,
                "min": 86.531,
                "n": 5,
                "p05": 86.6752,
                "p95": 101.78999999999999,
                "samples": 5,
                "stdev": 6.941124018485764
              },
              "status": "ok"
            },
            "logical_iterations": 1
          }
        },
        "timing_mode": "serial_latency",
        "variant": "rowtile4",
        "workgroup_match": "vulkan_diagnostic_unmatched"
      },
      {
        "backend": "vulkan",
        "correctness": {
          "single_dispatch": {
            "oracle": "CPU Q8_0 dense q8_1+dp4a BF16 logits with KL <= 0.05 and top-1 >= 90%",
            "status": "pass"
          },
          "synchronization": {
            "barrier_count": 9,
            "method": "vulkan_compute_barrier",
            "status": "pass"
          },
          "timed_sequence": {
            "coverage": "chained_final_state",
            "logical_iterations": 10,
            "oracle": "CPU Q8_0 dense q8_1+dp4a BF16 logits with KL <= 0.05 and top-1 >= 90%",
            "status": "pass"
          }
        },
        "correctness_pass": true,
        "dependency_contract": {
          "inter_dispatch_ordering": "vulkan_compute_barrier",
          "output_partitioning": "chained_shared",
          "validation_status": "pass",
          "work_dependency": "chained"
        },
        "execution": {
          "actual_parallel_lanes": 1,
          "burst_lane_gpu_samples_us": [],
          "calibrated_timestamp_domain": false,
          "calibrated_timestamp_extension": "",
          "lane_assignment": "single_command_buffer",
          "requested_parallel_lanes": 4,
          "single_lane_gpu_samples_us": [],
          "submission_strategy": "vulkan_command_buffer"
        },
        "hardware": {
          "actual_independent_lanes": 1,
          "api_version": "1.4.318",
          "calibrated_timestamp_extension": "",
          "device_id": 30032,
          "device_name": "AMD Radeon Graphics (RADV GFX1201)",
          "device_type": 2,
          "driver_version_raw": 104865800,
          "queue_family": 1,
          "queue_flags": 14,
          "queue_timestamp_valid_bits": 64,
          "requested_api_version": "1.2",
          "requested_independent_lanes": 4,
          "shader_integer_dot_product": true,
          "storage_buffer_16bit": true,
          "timeline_semaphore": true,
          "vendor_id": 4098
        },
        "in_features": 2048,
        "local_size": 64,
        "median_us": 17.936,
        "numeric_correctness": {
          "burst": {
            "exact_bf16_mismatches": 158,
            "expected_repetitions": [
              9
            ],
            "kl_divergence": 5.842777039e-07,
            "max_abs": 0.0625,
            "mean_abs": 0.0008268356323,
            "outputs_checked": 1,
            "pass": true,
            "top1": 1
          },
          "single": {
            "exact_bf16_mismatches": 41,
            "expected_repetitions": [
              0
            ],
            "kl_divergence": 2.576833846e-09,
            "max_abs": 0.03125,
            "mean_abs": 0.0005187988281,
            "outputs_checked": 1,
            "pass": true,
            "top1": 1
          }
        },
        "operation": "q8_0_dense_dp4a_dot_prequantized",
        "out_features": 2048,
        "q8_0_weight_bytes": 4456448,
        "q8_blocks_per_row": 64,
        "row_tile": 4,
        "rows": 1,
        "sequence_validation": {
          "burst_expected_repetitions": [
            9
          ],
          "input_repetition_pattern": "distinct_deterministic_salt",
          "output_partitioning": "shared",
          "single_expected_repetitions": [
            0
          ],
          "xq_partitioning": "shared"
        },
        "submission": {
          "completion_in_host_wall": true,
          "queue_or_stream_count": 1,
          "recording_in_timed_region": false,
          "strategy": "vulkan_command_buffer",
          "submit_in_host_wall": true
        },
        "timing": {
          "burst": {
            "dispatches_per_iteration": 1,
            "gpu_elapsed": {
              "clock": "vulkan_timestamp",
              "per_iteration_us": {
                "max": 18.003999999999998,
                "median": 17.936,
                "min": 17.916,
                "n": 5,
                "p05": 17.9176,
                "p95": 17.9928,
                "samples": 5,
                "stdev": 0.031148675734290036
              },
              "sequence_us": {
                "max": 180.04,
                "median": 179.36,
                "min": 179.16,
                "n": 5,
                "p05": 179.17600000000002,
                "p95": 179.928,
                "samples": 5,
                "stdev": 0.311486757342904
              },
              "status": "ok"
            },
            "host_wall": {
              "clock": "steady_clock",
              "per_iteration_us": {
                "max": 24.400399999999998,
                "median": 24.2204,
                "min": 24.1463,
                "n": 5,
                "p05": 24.153720000000003,
                "p95": 24.3782,
                "samples": 5,
                "stdev": 0.08968559304592837
              },
              "sequence_us": {
                "max": 244.004,
                "median": 242.204,
                "min": 241.463,
                "n": 5,
                "p05": 241.5372,
                "p95": 243.78199999999998,
                "samples": 5,
                "stdev": 0.8968559304592885
              },
              "status": "ok"
            },
            "logical_iterations": 10
          },
          "single": {
            "dispatches_per_iteration": 1,
            "gpu_elapsed": {
              "clock": "vulkan_timestamp",
              "per_iteration_us": {
                "max": 25.48,
                "median": 24.68,
                "min": 24.48,
                "n": 5,
                "p05": 24.504000000000005,
                "p95": 25.368000000000002,
                "samples": 5,
                "stdev": 0.3545363168985654
              },
              "sequence_us": {
                "max": 25.48,
                "median": 24.68,
                "min": 24.48,
                "n": 5,
                "p05": 24.504000000000005,
                "p95": 25.368000000000002,
                "samples": 5,
                "stdev": 0.3545363168985654
              },
              "status": "ok"
            },
            "host_wall": {
              "clock": "steady_clock",
              "per_iteration_us": {
                "max": 88.931,
                "median": 86.722,
                "min": 77.611,
                "n": 5,
                "p05": 79.411,
                "p95": 88.731,
                "samples": 5,
                "stdev": 4.065137655725816
              },
              "sequence_us": {
                "max": 88.931,
                "median": 86.722,
                "min": 77.611,
                "n": 5,
                "p05": 79.411,
                "p95": 88.731,
                "samples": 5,
                "stdev": 4.065137655725816
              },
              "status": "ok"
            },
            "logical_iterations": 1
          }
        },
        "timing_mode": "serial_latency",
        "variant": "rowtile4",
        "workgroup_match": "vulkan_diagnostic_unmatched"
      },
      {
        "backend": "vulkan",
        "correctness": {
          "single_dispatch": {
            "oracle": "CPU Q8_0 dense q8_1+dp4a BF16 logits with KL <= 0.05 and top-1 >= 90%",
            "status": "pass"
          },
          "synchronization": {
            "barrier_count": 28,
            "method": "vulkan_compute_barrier",
            "status": "pass"
          },
          "timed_sequence": {
            "coverage": "chained_final_state",
            "logical_iterations": 10,
            "oracle": "CPU Q8_0 dense q8_1+dp4a BF16 logits with KL <= 0.05 and top-1 >= 90%",
            "status": "pass"
          }
        },
        "correctness_pass": true,
        "dependency_contract": {
          "inter_dispatch_ordering": "vulkan_compute_barrier",
          "output_partitioning": "chained_shared",
          "validation_status": "pass",
          "work_dependency": "chained"
        },
        "execution": {
          "actual_parallel_lanes": 1,
          "burst_lane_gpu_samples_us": [],
          "calibrated_timestamp_domain": false,
          "calibrated_timestamp_extension": "",
          "lane_assignment": "single_command_buffer",
          "requested_parallel_lanes": 4,
          "single_lane_gpu_samples_us": [],
          "submission_strategy": "vulkan_command_buffer"
        },
        "hardware": {
          "actual_independent_lanes": 1,
          "api_version": "1.4.318",
          "calibrated_timestamp_extension": "",
          "device_id": 30032,
          "device_name": "AMD Radeon Graphics (RADV GFX1201)",
          "device_type": 2,
          "driver_version_raw": 104865800,
          "queue_family": 1,
          "queue_flags": 14,
          "queue_timestamp_valid_bits": 64,
          "requested_api_version": "1.2",
          "requested_independent_lanes": 4,
          "shader_integer_dot_product": true,
          "storage_buffer_16bit": true,
          "timeline_semaphore": true,
          "vendor_id": 4098
        },
        "in_features": 2048,
        "local_size": 64,
        "median_us": 23.68,
        "numeric_correctness": {
          "burst": {
            "exact_bf16_mismatches": 158,
            "expected_repetitions": [
              9
            ],
            "kl_divergence": 5.842777039e-07,
            "max_abs": 0.0625,
            "mean_abs": 0.0008268356323,
            "outputs_checked": 1,
            "pass": true,
            "top1": 1
          },
          "single": {
            "exact_bf16_mismatches": 41,
            "expected_repetitions": [
              0
            ],
            "kl_divergence": 2.576833846e-09,
            "max_abs": 0.03125,
            "mean_abs": 0.0005187988281,
            "outputs_checked": 1,
            "pass": true,
            "top1": 1
          }
        },
        "operation": "q8_0_dense_dp4a_quantize_plus_dot",
        "out_features": 2048,
        "q8_0_weight_bytes": 4456448,
        "q8_blocks_per_row": 64,
        "row_tile": 4,
        "rows": 1,
        "sequence_validation": {
          "burst_expected_repetitions": [
            9
          ],
          "input_repetition_pattern": "distinct_deterministic_salt",
          "output_partitioning": "shared",
          "single_expected_repetitions": [
            0
          ],
          "xq_partitioning": "shared"
        },
        "submission": {
          "completion_in_host_wall": true,
          "queue_or_stream_count": 1,
          "recording_in_timed_region": false,
          "strategy": "vulkan_command_buffer",
          "submit_in_host_wall": true
        },
        "timing": {
          "burst": {
            "dispatches_per_iteration": 2,
            "gpu_elapsed": {
              "clock": "vulkan_timestamp",
              "per_iteration_us": {
                "max": 23.696,
                "median": 23.68,
                "min": 23.448,
                "n": 5,
                "p05": 23.452800000000003,
                "p95": 23.693600000000004,
                "samples": 5,
                "stdev": 0.11142710621747295
              },
              "sequence_us": {
                "max": 236.96,
                "median": 236.8,
                "min": 234.48,
                "n": 5,
                "p05": 234.52800000000002,
                "p95": 236.936,
                "samples": 5,
                "stdev": 1.1142710621747363
              },
              "status": "ok"
            },
            "host_wall": {
              "clock": "steady_clock",
              "per_iteration_us": {
                "max": 30.2154,
                "median": 30.116500000000002,
                "min": 29.8114,
                "n": 5,
                "p05": 29.81402,
                "p95": 30.211419999999997,
                "samples": 5,
                "stdev": 0.17845251020929906
              },
              "sequence_us": {
                "max": 302.154,
                "median": 301.165,
                "min": 298.114,
                "n": 5,
                "p05": 298.1402,
                "p95": 302.1142,
                "samples": 5,
                "stdev": 1.7845251020929942
              },
              "status": "ok"
            },
            "logical_iterations": 10
          },
          "single": {
            "dispatches_per_iteration": 2,
            "gpu_elapsed": {
              "clock": "vulkan_timestamp",
              "per_iteration_us": {
                "max": 27.28,
                "median": 26.88,
                "min": 26.56,
                "n": 5,
                "p05": 26.608,
                "p95": 27.216,
                "samples": 5,
                "stdev": 0.23405982141324544
              },
              "sequence_us": {
                "max": 27.28,
                "median": 26.88,
                "min": 26.56,
                "n": 5,
                "p05": 26.608,
                "p95": 27.216,
                "samples": 5,
                "stdev": 0.23405982141324544
              },
              "status": "ok"
            },
            "host_wall": {
              "clock": "steady_clock",
              "per_iteration_us": {
                "max": 90.351,
                "median": 90.152,
                "min": 89.302,
                "n": 5,
                "p05": 89.4398,
                "p95": 90.321,
                "samples": 5,
                "stdev": 0.3671482534344914
              },
              "sequence_us": {
                "max": 90.351,
                "median": 90.152,
                "min": 89.302,
                "n": 5,
                "p05": 89.4398,
                "p95": 90.321,
                "samples": 5,
                "stdev": 0.3671482534344914
              },
              "status": "ok"
            },
            "logical_iterations": 1
          }
        },
        "timing_mode": "serial_latency",
        "variant": "rowtile4",
        "workgroup_match": "vulkan_diagnostic_unmatched"
      },
      {
        "backend": "vulkan",
        "correctness": {
          "single_dispatch": {
            "oracle": "CPU Q8_0 dense q8_1+dp4a BF16 logits with KL <= 0.05 and top-1 >= 90%",
            "status": "pass"
          },
          "synchronization": {
            "barrier_count": 9,
            "method": "vulkan_compute_barrier",
            "status": "pass"
          },
          "timed_sequence": {
            "coverage": "chained_final_state",
            "logical_iterations": 10,
            "oracle": "CPU Q8_0 dense q8_1+dp4a BF16 logits with KL <= 0.05 and top-1 >= 90%",
            "status": "pass"
          }
        },
        "correctness_pass": true,
        "dependency_contract": {
          "inter_dispatch_ordering": "vulkan_compute_barrier",
          "output_partitioning": "chained_shared",
          "validation_status": "pass",
          "work_dependency": "chained"
        },
        "execution": {
          "actual_parallel_lanes": 1,
          "burst_lane_gpu_samples_us": [],
          "calibrated_timestamp_domain": false,
          "calibrated_timestamp_extension": "",
          "lane_assignment": "single_command_buffer",
          "requested_parallel_lanes": 4,
          "single_lane_gpu_samples_us": [],
          "submission_strategy": "vulkan_command_buffer"
        },
        "hardware": {
          "actual_independent_lanes": 1,
          "api_version": "1.4.318",
          "calibrated_timestamp_extension": "",
          "device_id": 30032,
          "device_name": "AMD Radeon Graphics (RADV GFX1201)",
          "device_type": 2,
          "driver_version_raw": 104865800,
          "queue_family": 1,
          "queue_flags": 14,
          "queue_timestamp_valid_bits": 64,
          "requested_api_version": "1.2",
          "requested_independent_lanes": 4,
          "shader_integer_dot_product": true,
          "storage_buffer_16bit": true,
          "timeline_semaphore": true,
          "vendor_id": 4098
        },
        "in_features": 2048,
        "local_size": 64,
        "median_us": 27.524,
        "numeric_correctness": {
          "burst": {
            "exact_bf16_mismatches": 1534,
            "expected_repetitions": [
              9
            ],
            "kl_divergence": 0.0001183141109,
            "max_abs": 0.0625,
            "mean_abs": 0.0008707661182,
            "outputs_checked": 1,
            "pass": true,
            "top1": 1
          },
          "single": {
            "exact_bf16_mismatches": 1017,
            "expected_repetitions": [
              0
            ],
            "kl_divergence": 4.436209871e-06,
            "max_abs": 0.03125,
            "mean_abs": 0.000759601593,
            "outputs_checked": 1,
            "pass": true,
            "top1": 1
          }
        },
        "operation": "q8_0_dense_dp4a_dot_prequantized",
        "out_features": 2048,
        "q8_0_weight_bytes": 4456448,
        "q8_blocks_per_row": 64,
        "row_tile": 4,
        "rows": 4,
        "sequence_validation": {
          "burst_expected_repetitions": [
            9
          ],
          "input_repetition_pattern": "distinct_deterministic_salt",
          "output_partitioning": "shared",
          "single_expected_repetitions": [
            0
          ],
          "xq_partitioning": "shared"
        },
        "submission": {
          "completion_in_host_wall": true,
          "queue_or_stream_count": 1,
          "recording_in_timed_region": false,
          "strategy": "vulkan_command_buffer",
          "submit_in_host_wall": true
        },
        "timing": {
          "burst": {
            "dispatches_per_iteration": 1,
            "gpu_elapsed": {
              "clock": "vulkan_timestamp",
              "per_iteration_us": {
                "max": 27.568,
                "median": 27.524,
                "min": 27.439999999999998,
                "n": 5,
                "p05": 27.4544,
                "p95": 27.561600000000002,
                "samples": 5,
                "stdev": 0.042332020977034764
              },
              "sequence_us": {
                "max": 275.68,
                "median": 275.24,
                "min": 274.4,
                "n": 5,
                "p05": 274.544,
                "p95": 275.616,
                "samples": 5,
                "stdev": 0.4233202097703459
              },
              "status": "ok"
            },
            "host_wall": {
              "clock": "steady_clock",
              "per_iteration_us": {
                "max": 34.3146,
                "median": 33.8825,
                "min": 33.792500000000004,
                "n": 5,
                "p05": 33.806900000000006,
                "p95": 34.230979999999995,
                "samples": 5,
                "stdev": 0.1857245745721326
              },
              "sequence_us": {
                "max": 343.146,
                "median": 338.825,
                "min": 337.925,
                "n": 5,
                "p05": 338.069,
                "p95": 342.3098,
                "samples": 5,
                "stdev": 1.8572457457213436
              },
              "status": "ok"
            },
            "logical_iterations": 10
          },
          "single": {
            "dispatches_per_iteration": 1,
            "gpu_elapsed": {
              "clock": "vulkan_timestamp",
              "per_iteration_us": {
                "max": 35.0,
                "median": 34.08,
                "min": 33.84,
                "n": 5,
                "p05": 33.88,
                "p95": 34.856,
                "samples": 5,
                "stdev": 0.40111843637509315
              },
              "sequence_us": {
                "max": 35.0,
                "median": 34.08,
                "min": 33.84,
                "n": 5,
                "p05": 33.88,
                "p95": 34.856,
                "samples": 5,
                "stdev": 0.40111843637509315
              },
              "status": "ok"
            },
            "host_wall": {
              "clock": "steady_clock",
              "per_iteration_us": {
                "max": 98.102,
                "median": 96.891,
                "min": 87.201,
                "n": 5,
                "p05": 88.985,
                "p95": 97.95400000000001,
                "samples": 5,
                "stdev": 4.019121924002807
              },
              "sequence_us": {
                "max": 98.102,
                "median": 96.891,
                "min": 87.201,
                "n": 5,
                "p05": 88.985,
                "p95": 97.95400000000001,
                "samples": 5,
                "stdev": 4.019121924002807
              },
              "status": "ok"
            },
            "logical_iterations": 1
          }
        },
        "timing_mode": "serial_latency",
        "variant": "rowtile4",
        "workgroup_match": "vulkan_diagnostic_unmatched"
      },
      {
        "backend": "vulkan",
        "correctness": {
          "single_dispatch": {
            "oracle": "CPU Q8_0 dense q8_1+dp4a BF16 logits with KL <= 0.05 and top-1 >= 90%",
            "status": "pass"
          },
          "synchronization": {
            "barrier_count": 28,
            "method": "vulkan_compute_barrier",
            "status": "pass"
          },
          "timed_sequence": {
            "coverage": "chained_final_state",
            "logical_iterations": 10,
            "oracle": "CPU Q8_0 dense q8_1+dp4a BF16 logits with KL <= 0.05 and top-1 >= 90%",
            "status": "pass"
          }
        },
        "correctness_pass": true,
        "dependency_contract": {
          "inter_dispatch_ordering": "vulkan_compute_barrier",
          "output_partitioning": "chained_shared",
          "validation_status": "pass",
          "work_dependency": "chained"
        },
        "execution": {
          "actual_parallel_lanes": 1,
          "burst_lane_gpu_samples_us": [],
          "calibrated_timestamp_domain": false,
          "calibrated_timestamp_extension": "",
          "lane_assignment": "single_command_buffer",
          "requested_parallel_lanes": 4,
          "single_lane_gpu_samples_us": [],
          "submission_strategy": "vulkan_command_buffer"
        },
        "hardware": {
          "actual_independent_lanes": 1,
          "api_version": "1.4.318",
          "calibrated_timestamp_extension": "",
          "device_id": 30032,
          "device_name": "AMD Radeon Graphics (RADV GFX1201)",
          "device_type": 2,
          "driver_version_raw": 104865800,
          "queue_family": 1,
          "queue_flags": 14,
          "queue_timestamp_valid_bits": 64,
          "requested_api_version": "1.2",
          "requested_independent_lanes": 4,
          "shader_integer_dot_product": true,
          "storage_buffer_16bit": true,
          "timeline_semaphore": true,
          "vendor_id": 4098
        },
        "in_features": 2048,
        "local_size": 64,
        "median_us": 33.388,
        "numeric_correctness": {
          "burst": {
            "exact_bf16_mismatches": 1534,
            "expected_repetitions": [
              9
            ],
            "kl_divergence": 0.0001183141109,
            "max_abs": 0.0625,
            "mean_abs": 0.0008707661182,
            "outputs_checked": 1,
            "pass": true,
            "top1": 1
          },
          "single": {
            "exact_bf16_mismatches": 1017,
            "expected_repetitions": [
              0
            ],
            "kl_divergence": 4.436209871e-06,
            "max_abs": 0.03125,
            "mean_abs": 0.000759601593,
            "outputs_checked": 1,
            "pass": true,
            "top1": 1
          }
        },
        "operation": "q8_0_dense_dp4a_quantize_plus_dot",
        "out_features": 2048,
        "q8_0_weight_bytes": 4456448,
        "q8_blocks_per_row": 64,
        "row_tile": 4,
        "rows": 4,
        "sequence_validation": {
          "burst_expected_repetitions": [
            9
          ],
          "input_repetition_pattern": "distinct_deterministic_salt",
          "output_partitioning": "shared",
          "single_expected_repetitions": [
            0
          ],
          "xq_partitioning": "shared"
        },
        "submission": {
          "completion_in_host_wall": true,
          "queue_or_stream_count": 1,
          "recording_in_timed_region": false,
          "strategy": "vulkan_command_buffer",
          "submit_in_host_wall": true
        },
        "timing": {
          "burst": {
            "dispatches_per_iteration": 2,
            "gpu_elapsed": {
              "clock": "vulkan_timestamp",
              "per_iteration_us": {
                "max": 33.472,
                "median": 33.388,
                "min": 33.227999999999994,
                "n": 5,
                "p05": 33.239999999999995,
                "p95": 33.4712,
                "samples": 5,
                "stdev": 0.09717283571040108
              },
              "sequence_us": {
                "max": 334.72,
                "median": 333.88,
                "min": 332.28,
                "n": 5,
                "p05": 332.40000000000003,
                "p95": 334.712,
                "samples": 5,
                "stdev": 0.9717283571039956
              },
              "status": "ok"
            },
            "host_wall": {
              "clock": "steady_clock",
              "per_iteration_us": {
                "max": 39.9726,
                "median": 39.8766,
                "min": 39.5017,
                "n": 5,
                "p05": 39.52568,
                "p95": 39.962399999999995,
                "samples": 5,
                "stdev": 0.18385394638136002
              },
              "sequence_us": {
                "max": 399.726,
                "median": 398.766,
                "min": 395.017,
                "n": 5,
                "p05": 395.2568,
                "p95": 399.624,
                "samples": 5,
                "stdev": 1.838539463813603
              },
              "status": "ok"
            },
            "logical_iterations": 10
          },
          "single": {
            "dispatches_per_iteration": 2,
            "gpu_elapsed": {
              "clock": "vulkan_timestamp",
              "per_iteration_us": {
                "max": 40.68,
                "median": 36.6,
                "min": 35.92,
                "n": 5,
                "p05": 36.032000000000004,
                "p95": 39.93599999999999,
                "samples": 5,
                "stdev": 1.7089692800047633
              },
              "sequence_us": {
                "max": 40.68,
                "median": 36.6,
                "min": 35.92,
                "n": 5,
                "p05": 36.032000000000004,
                "p95": 39.93599999999999,
                "samples": 5,
                "stdev": 1.7089692800047633
              },
              "status": "ok"
            },
            "host_wall": {
              "clock": "steady_clock",
              "per_iteration_us": {
                "max": 112.052,
                "median": 102.151,
                "min": 100.892,
                "n": 5,
                "p05": 101.0618,
                "p95": 110.624,
                "samples": 5,
                "stdev": 4.080119929609917
              },
              "sequence_us": {
                "max": 112.052,
                "median": 102.151,
                "min": 100.892,
                "n": 5,
                "p05": 101.0618,
                "p95": 110.624,
                "samples": 5,
                "stdev": 4.080119929609917
              },
              "status": "ok"
            },
            "logical_iterations": 1
          }
        },
        "timing_mode": "serial_latency",
        "variant": "rowtile4",
        "workgroup_match": "vulkan_diagnostic_unmatched"
      },
      {
        "backend": "vulkan",
        "correctness": {
          "single_dispatch": {
            "oracle": "CPU Q8_0 dense q8_1+dp4a BF16 logits with KL <= 0.05 and top-1 >= 90%",
            "status": "pass"
          },
          "synchronization": {
            "barrier_count": 9,
            "method": "vulkan_compute_barrier",
            "status": "pass"
          },
          "timed_sequence": {
            "coverage": "chained_final_state",
            "logical_iterations": 10,
            "oracle": "CPU Q8_0 dense q8_1+dp4a BF16 logits with KL <= 0.05 and top-1 >= 90%",
            "status": "pass"
          }
        },
        "correctness_pass": true,
        "dependency_contract": {
          "inter_dispatch_ordering": "vulkan_compute_barrier",
          "output_partitioning": "chained_shared",
          "validation_status": "pass",
          "work_dependency": "chained"
        },
        "execution": {
          "actual_parallel_lanes": 1,
          "burst_lane_gpu_samples_us": [],
          "calibrated_timestamp_domain": false,
          "calibrated_timestamp_extension": "",
          "lane_assignment": "single_command_buffer",
          "requested_parallel_lanes": 4,
          "single_lane_gpu_samples_us": [],
          "submission_strategy": "vulkan_command_buffer"
        },
        "hardware": {
          "actual_independent_lanes": 1,
          "api_version": "1.4.318",
          "calibrated_timestamp_extension": "",
          "device_id": 30032,
          "device_name": "AMD Radeon Graphics (RADV GFX1201)",
          "device_type": 2,
          "driver_version_raw": 104865800,
          "queue_family": 1,
          "queue_flags": 14,
          "queue_timestamp_valid_bits": 64,
          "requested_api_version": "1.2",
          "requested_independent_lanes": 4,
          "shader_integer_dot_product": true,
          "storage_buffer_16bit": true,
          "timeline_semaphore": true,
          "vendor_id": 4098
        },
        "in_features": 768,
        "local_size": 128,
        "median_us": 9.592,
        "numeric_correctness": {
          "burst": {
            "exact_bf16_mismatches": 249,
            "expected_repetitions": [
              9
            ],
            "kl_divergence": 2.913779618e-07,
            "max_abs": 0.03125,
            "mean_abs": 0.0008402764797,
            "outputs_checked": 1,
            "pass": true,
            "top1": 1
          },
          "single": {
            "exact_bf16_mismatches": 251,
            "expected_repetitions": [
              0
            ],
            "kl_divergence": 3.301283582e-07,
            "max_abs": 0.015625,
            "mean_abs": 0.0002901772968,
            "outputs_checked": 1,
            "pass": true,
            "top1": 1
          }
        },
        "operation": "q8_0_dense_dp4a_dot_prequantized",
        "out_features": 2048,
        "q8_0_weight_bytes": 1671168,
        "q8_blocks_per_row": 24,
        "row_tile": 1,
        "rows": 1,
        "sequence_validation": {
          "burst_expected_repetitions": [
            9
          ],
          "input_repetition_pattern": "distinct_deterministic_salt",
          "output_partitioning": "shared",
          "single_expected_repetitions": [
            0
          ],
          "xq_partitioning": "shared"
        },
        "submission": {
          "completion_in_host_wall": true,
          "queue_or_stream_count": 1,
          "recording_in_timed_region": false,
          "strategy": "vulkan_command_buffer",
          "submit_in_host_wall": true
        },
        "timing": {
          "burst": {
            "dispatches_per_iteration": 1,
            "gpu_elapsed": {
              "clock": "vulkan_timestamp",
              "per_iteration_us": {
                "max": 9.6,
                "median": 9.592,
                "min": 9.528,
                "n": 5,
                "p05": 9.539200000000001,
                "p95": 9.6,
                "samples": 5,
                "stdev": 0.02705845524046017
              },
              "sequence_us": {
                "max": 96.0,
                "median": 95.92,
                "min": 95.28,
                "n": 5,
                "p05": 95.39200000000001,
                "p95": 96.0,
                "samples": 5,
                "stdev": 0.270584552404604
              },
              "status": "ok"
            },
            "host_wall": {
              "clock": "steady_clock",
              "per_iteration_us": {
                "max": 15.9013,
                "median": 15.856200000000001,
                "min": 15.783199999999999,
                "n": 5,
                "p05": 15.7894,
                "p95": 15.8945,
                "samples": 5,
                "stdev": 0.04137325706298764
              },
              "sequence_us": {
                "max": 159.013,
                "median": 158.562,
                "min": 157.832,
                "n": 5,
                "p05": 157.894,
                "p95": 158.945,
                "samples": 5,
                "stdev": 0.41373257062987434
              },
              "status": "ok"
            },
            "logical_iterations": 10
          },
          "single": {
            "dispatches_per_iteration": 1,
            "gpu_elapsed": {
              "clock": "vulkan_timestamp",
              "per_iteration_us": {
                "max": 16.88,
                "median": 16.52,
                "min": 16.36,
                "n": 5,
                "p05": 16.368000000000002,
                "p95": 16.808,
                "samples": 5,
                "stdev": 0.1834775190588754
              },
              "sequence_us": {
                "max": 16.88,
                "median": 16.52,
                "min": 16.36,
                "n": 5,
                "p05": 16.368000000000002,
                "p95": 16.808,
                "samples": 5,
                "stdev": 0.1834775190588754
              },
              "status": "ok"
            },
            "host_wall": {
              "clock": "steady_clock",
              "per_iteration_us": {
                "max": 79.521,
                "median": 78.161,
                "min": 69.101,
                "n": 5,
                "p05": 70.8552,
                "p95": 79.315,
                "samples": 5,
                "stdev": 3.8050904010286017
              },
              "sequence_us": {
                "max": 79.521,
                "median": 78.161,
                "min": 69.101,
                "n": 5,
                "p05": 70.8552,
                "p95": 79.315,
                "samples": 5,
                "stdev": 3.8050904010286017
              },
              "status": "ok"
            },
            "logical_iterations": 1
          }
        },
        "timing_mode": "serial_latency",
        "variant": "single",
        "workgroup_match": "vulkan_diagnostic_unmatched"
      },
      {
        "backend": "vulkan",
        "correctness": {
          "single_dispatch": {
            "oracle": "CPU Q8_0 dense q8_1+dp4a BF16 logits with KL <= 0.05 and top-1 >= 90%",
            "status": "pass"
          },
          "synchronization": {
            "barrier_count": 28,
            "method": "vulkan_compute_barrier",
            "status": "pass"
          },
          "timed_sequence": {
            "coverage": "chained_final_state",
            "logical_iterations": 10,
            "oracle": "CPU Q8_0 dense q8_1+dp4a BF16 logits with KL <= 0.05 and top-1 >= 90%",
            "status": "pass"
          }
        },
        "correctness_pass": true,
        "dependency_contract": {
          "inter_dispatch_ordering": "vulkan_compute_barrier",
          "output_partitioning": "chained_shared",
          "validation_status": "pass",
          "work_dependency": "chained"
        },
        "execution": {
          "actual_parallel_lanes": 1,
          "burst_lane_gpu_samples_us": [],
          "calibrated_timestamp_domain": false,
          "calibrated_timestamp_extension": "",
          "lane_assignment": "single_command_buffer",
          "requested_parallel_lanes": 4,
          "single_lane_gpu_samples_us": [],
          "submission_strategy": "vulkan_command_buffer"
        },
        "hardware": {
          "actual_independent_lanes": 1,
          "api_version": "1.4.318",
          "calibrated_timestamp_extension": "",
          "device_id": 30032,
          "device_name": "AMD Radeon Graphics (RADV GFX1201)",
          "device_type": 2,
          "driver_version_raw": 104865800,
          "queue_family": 1,
          "queue_flags": 14,
          "queue_timestamp_valid_bits": 64,
          "requested_api_version": "1.2",
          "requested_independent_lanes": 4,
          "shader_integer_dot_product": true,
          "storage_buffer_16bit": true,
          "timeline_semaphore": true,
          "vendor_id": 4098
        },
        "in_features": 768,
        "local_size": 128,
        "median_us": 16.944,
        "numeric_correctness": {
          "burst": {
            "exact_bf16_mismatches": 249,
            "expected_repetitions": [
              9
            ],
            "kl_divergence": 2.913779618e-07,
            "max_abs": 0.03125,
            "mean_abs": 0.0008402764797,
            "outputs_checked": 1,
            "pass": true,
            "top1": 1
          },
          "single": {
            "exact_bf16_mismatches": 251,
            "expected_repetitions": [
              0
            ],
            "kl_divergence": 3.301283582e-07,
            "max_abs": 0.015625,
            "mean_abs": 0.0002901772968,
            "outputs_checked": 1,
            "pass": true,
            "top1": 1
          }
        },
        "operation": "q8_0_dense_dp4a_quantize_plus_dot",
        "out_features": 2048,
        "q8_0_weight_bytes": 1671168,
        "q8_blocks_per_row": 24,
        "row_tile": 1,
        "rows": 1,
        "sequence_validation": {
          "burst_expected_repetitions": [
            9
          ],
          "input_repetition_pattern": "distinct_deterministic_salt",
          "output_partitioning": "shared",
          "single_expected_repetitions": [
            0
          ],
          "xq_partitioning": "shared"
        },
        "submission": {
          "completion_in_host_wall": true,
          "queue_or_stream_count": 1,
          "recording_in_timed_region": false,
          "strategy": "vulkan_command_buffer",
          "submit_in_host_wall": true
        },
        "timing": {
          "burst": {
            "dispatches_per_iteration": 2,
            "gpu_elapsed": {
              "clock": "vulkan_timestamp",
              "per_iteration_us": {
                "max": 16.991999999999997,
                "median": 16.944,
                "min": 16.612000000000002,
                "n": 5,
                "p05": 16.6232,
                "p95": 16.990399999999998,
                "samples": 5,
                "stdev": 0.16505998909487357
              },
              "sequence_us": {
                "max": 169.92,
                "median": 169.44,
                "min": 166.12,
                "n": 5,
                "p05": 166.23200000000003,
                "p95": 169.904,
                "samples": 5,
                "stdev": 1.6505998909487376
              },
              "status": "ok"
            },
            "host_wall": {
              "clock": "steady_clock",
              "per_iteration_us": {
                "max": 23.8274,
                "median": 23.3384,
                "min": 22.941300000000002,
                "n": 5,
                "p05": 22.951100000000004,
                "p95": 23.7494,
                "samples": 5,
                "stdev": 0.3233702682684359
              },
              "sequence_us": {
                "max": 238.274,
                "median": 233.384,
                "min": 229.413,
                "n": 5,
                "p05": 229.51100000000002,
                "p95": 237.494,
                "samples": 5,
                "stdev": 3.233702682684355
              },
              "status": "ok"
            },
            "logical_iterations": 10
          },
          "single": {
            "dispatches_per_iteration": 2,
            "gpu_elapsed": {
              "clock": "vulkan_timestamp",
              "per_iteration_us": {
                "max": 20.44,
                "median": 19.96,
                "min": 19.56,
                "n": 5,
                "p05": 19.608,
                "p95": 20.376,
                "samples": 5,
                "stdev": 0.29675579185586326
              },
              "sequence_us": {
                "max": 20.44,
                "median": 19.96,
                "min": 19.56,
                "n": 5,
                "p05": 19.608,
                "p95": 20.376,
                "samples": 5,
                "stdev": 0.29675579185586326
              },
              "status": "ok"
            },
            "host_wall": {
              "clock": "steady_clock",
              "per_iteration_us": {
                "max": 84.871,
                "median": 84.152,
                "min": 82.882,
                "n": 5,
                "p05": 82.98980000000002,
                "p95": 84.863,
                "samples": 5,
                "stdev": 0.7813502671657542
              },
              "sequence_us": {
                "max": 84.871,
                "median": 84.152,
                "min": 82.882,
                "n": 5,
                "p05": 82.98980000000002,
                "p95": 84.863,
                "samples": 5,
                "stdev": 0.7813502671657542
              },
              "status": "ok"
            },
            "logical_iterations": 1
          }
        },
        "timing_mode": "serial_latency",
        "variant": "single",
        "workgroup_match": "vulkan_diagnostic_unmatched"
      },
      {
        "backend": "vulkan",
        "correctness": {
          "single_dispatch": {
            "oracle": "CPU Q8_0 dense q8_1+dp4a BF16 logits with KL <= 0.05 and top-1 >= 90%",
            "status": "pass"
          },
          "synchronization": {
            "barrier_count": 9,
            "method": "vulkan_compute_barrier",
            "status": "pass"
          },
          "timed_sequence": {
            "coverage": "chained_final_state",
            "logical_iterations": 10,
            "oracle": "CPU Q8_0 dense q8_1+dp4a BF16 logits with KL <= 0.05 and top-1 >= 90%",
            "status": "pass"
          }
        },
        "correctness_pass": true,
        "dependency_contract": {
          "inter_dispatch_ordering": "vulkan_compute_barrier",
          "output_partitioning": "chained_shared",
          "validation_status": "pass",
          "work_dependency": "chained"
        },
        "execution": {
          "actual_parallel_lanes": 1,
          "burst_lane_gpu_samples_us": [],
          "calibrated_timestamp_domain": false,
          "calibrated_timestamp_extension": "",
          "lane_assignment": "single_command_buffer",
          "requested_parallel_lanes": 4,
          "single_lane_gpu_samples_us": [],
          "submission_strategy": "vulkan_command_buffer"
        },
        "hardware": {
          "actual_independent_lanes": 1,
          "api_version": "1.4.318",
          "calibrated_timestamp_extension": "",
          "device_id": 30032,
          "device_name": "AMD Radeon Graphics (RADV GFX1201)",
          "device_type": 2,
          "driver_version_raw": 104865800,
          "queue_family": 1,
          "queue_flags": 14,
          "queue_timestamp_valid_bits": 64,
          "requested_api_version": "1.2",
          "requested_independent_lanes": 4,
          "shader_integer_dot_product": true,
          "storage_buffer_16bit": true,
          "timeline_semaphore": true,
          "vendor_id": 4098
        },
        "in_features": 768,
        "local_size": 128,
        "median_us": 30.419999999999998,
        "numeric_correctness": {
          "burst": {
            "exact_bf16_mismatches": 999,
            "expected_repetitions": [
              9
            ],
            "kl_divergence": 6.102724291e-06,
            "max_abs": 0.03125,
            "mean_abs": 0.0004975199699,
            "outputs_checked": 1,
            "pass": true,
            "top1": 1
          },
          "single": {
            "exact_bf16_mismatches": 1232,
            "expected_repetitions": [
              0
            ],
            "kl_divergence": 3.999396507e-05,
            "max_abs": 0.03125,
            "mean_abs": 0.0005773062585,
            "outputs_checked": 1,
            "pass": true,
            "top1": 1
          }
        },
        "operation": "q8_0_dense_dp4a_dot_prequantized",
        "out_features": 2048,
        "q8_0_weight_bytes": 1671168,
        "q8_blocks_per_row": 24,
        "row_tile": 1,
        "rows": 4,
        "sequence_validation": {
          "burst_expected_repetitions": [
            9
          ],
          "input_repetition_pattern": "distinct_deterministic_salt",
          "output_partitioning": "shared",
          "single_expected_repetitions": [
            0
          ],
          "xq_partitioning": "shared"
        },
        "submission": {
          "completion_in_host_wall": true,
          "queue_or_stream_count": 1,
          "recording_in_timed_region": false,
          "strategy": "vulkan_command_buffer",
          "submit_in_host_wall": true
        },
        "timing": {
          "burst": {
            "dispatches_per_iteration": 1,
            "gpu_elapsed": {
              "clock": "vulkan_timestamp",
              "per_iteration_us": {
                "max": 30.439999999999998,
                "median": 30.419999999999998,
                "min": 30.356,
                "n": 5,
                "p05": 30.364000000000004,
                "p95": 30.436799999999998,
                "samples": 5,
                "stdev": 0.02921917178839838
              },
              "sequence_us": {
                "max": 304.4,
                "median": 304.2,
                "min": 303.56,
                "n": 5,
                "p05": 303.64,
                "p95": 304.368,
                "samples": 5,
                "stdev": 0.2921917178839905
              },
              "status": "ok"
            },
            "host_wall": {
              "clock": "steady_clock",
              "per_iteration_us": {
                "max": 36.771499999999996,
                "median": 36.6875,
                "min": 36.6256,
                "n": 5,
                "p05": 36.6272,
                "p95": 36.76772,
                "samples": 5,
                "stdev": 0.05968090481887746
              },
              "sequence_us": {
                "max": 367.715,
                "median": 366.875,
                "min": 366.256,
                "n": 5,
                "p05": 366.272,
                "p95": 367.67719999999997,
                "samples": 5,
                "stdev": 0.5968090481887816
              },
              "status": "ok"
            },
            "logical_iterations": 10
          },
          "single": {
            "dispatches_per_iteration": 1,
            "gpu_elapsed": {
              "clock": "vulkan_timestamp",
              "per_iteration_us": {
                "max": 37.56,
                "median": 37.36,
                "min": 36.64,
                "n": 5,
                "p05": 36.64,
                "p95": 37.536,
                "samples": 5,
                "stdev": 0.40350464681339154
              },
              "sequence_us": {
                "max": 37.56,
                "median": 37.36,
                "min": 36.64,
                "n": 5,
                "p05": 36.64,
                "p95": 37.536,
                "samples": 5,
                "stdev": 0.40350464681339154
              },
              "status": "ok"
            },
            "host_wall": {
              "clock": "steady_clock",
              "per_iteration_us": {
                "max": 100.972,
                "median": 99.802,
                "min": 89.881,
                "n": 5,
                "p05": 91.775,
                "p95": 100.7898,
                "samples": 5,
                "stdev": 4.100491999748323
              },
              "sequence_us": {
                "max": 100.972,
                "median": 99.802,
                "min": 89.881,
                "n": 5,
                "p05": 91.775,
                "p95": 100.7898,
                "samples": 5,
                "stdev": 4.100491999748323
              },
              "status": "ok"
            },
            "logical_iterations": 1
          }
        },
        "timing_mode": "serial_latency",
        "variant": "single",
        "workgroup_match": "vulkan_diagnostic_unmatched"
      },
      {
        "backend": "vulkan",
        "correctness": {
          "single_dispatch": {
            "oracle": "CPU Q8_0 dense q8_1+dp4a BF16 logits with KL <= 0.05 and top-1 >= 90%",
            "status": "pass"
          },
          "synchronization": {
            "barrier_count": 28,
            "method": "vulkan_compute_barrier",
            "status": "pass"
          },
          "timed_sequence": {
            "coverage": "chained_final_state",
            "logical_iterations": 10,
            "oracle": "CPU Q8_0 dense q8_1+dp4a BF16 logits with KL <= 0.05 and top-1 >= 90%",
            "status": "pass"
          }
        },
        "correctness_pass": true,
        "dependency_contract": {
          "inter_dispatch_ordering": "vulkan_compute_barrier",
          "output_partitioning": "chained_shared",
          "validation_status": "pass",
          "work_dependency": "chained"
        },
        "execution": {
          "actual_parallel_lanes": 1,
          "burst_lane_gpu_samples_us": [],
          "calibrated_timestamp_domain": false,
          "calibrated_timestamp_extension": "",
          "lane_assignment": "single_command_buffer",
          "requested_parallel_lanes": 4,
          "single_lane_gpu_samples_us": [],
          "submission_strategy": "vulkan_command_buffer"
        },
        "hardware": {
          "actual_independent_lanes": 1,
          "api_version": "1.4.318",
          "calibrated_timestamp_extension": "",
          "device_id": 30032,
          "device_name": "AMD Radeon Graphics (RADV GFX1201)",
          "device_type": 2,
          "driver_version_raw": 104865800,
          "queue_family": 1,
          "queue_flags": 14,
          "queue_timestamp_valid_bits": 64,
          "requested_api_version": "1.2",
          "requested_independent_lanes": 4,
          "shader_integer_dot_product": true,
          "storage_buffer_16bit": true,
          "timeline_semaphore": true,
          "vendor_id": 4098
        },
        "in_features": 768,
        "local_size": 128,
        "median_us": 38.004000000000005,
        "numeric_correctness": {
          "burst": {
            "exact_bf16_mismatches": 999,
            "expected_repetitions": [
              9
            ],
            "kl_divergence": 6.102724291e-06,
            "max_abs": 0.03125,
            "mean_abs": 0.0004975199699,
            "outputs_checked": 1,
            "pass": true,
            "top1": 1
          },
          "single": {
            "exact_bf16_mismatches": 1232,
            "expected_repetitions": [
              0
            ],
            "kl_divergence": 3.999396507e-05,
            "max_abs": 0.03125,
            "mean_abs": 0.0005773062585,
            "outputs_checked": 1,
            "pass": true,
            "top1": 1
          }
        },
        "operation": "q8_0_dense_dp4a_quantize_plus_dot",
        "out_features": 2048,
        "q8_0_weight_bytes": 1671168,
        "q8_blocks_per_row": 24,
        "row_tile": 1,
        "rows": 4,
        "sequence_validation": {
          "burst_expected_repetitions": [
            9
          ],
          "input_repetition_pattern": "distinct_deterministic_salt",
          "output_partitioning": "shared",
          "single_expected_repetitions": [
            0
          ],
          "xq_partitioning": "shared"
        },
        "submission": {
          "completion_in_host_wall": true,
          "queue_or_stream_count": 1,
          "recording_in_timed_region": false,
          "strategy": "vulkan_command_buffer",
          "submit_in_host_wall": true
        },
        "timing": {
          "burst": {
            "dispatches_per_iteration": 2,
            "gpu_elapsed": {
              "clock": "vulkan_timestamp",
              "per_iteration_us": {
                "max": 38.044,
                "median": 38.004000000000005,
                "min": 37.712,
                "n": 5,
                "p05": 37.7128,
                "p95": 38.039199999999994,
                "samples": 5,
                "stdev": 0.1517555929776544
              },
              "sequence_us": {
                "max": 380.44,
                "median": 380.04,
                "min": 377.12,
                "n": 5,
                "p05": 377.12800000000004,
                "p95": 380.392,
                "samples": 5,
                "stdev": 1.5175559297765535
              },
              "status": "ok"
            },
            "host_wall": {
              "clock": "steady_clock",
              "per_iteration_us": {
                "max": 44.5447,
                "median": 44.368700000000004,
                "min": 44.033699999999996,
                "n": 5,
                "p05": 44.05128,
                "p95": 44.524699999999996,
                "samples": 5,
                "stdev": 0.19403206332975026
              },
              "sequence_us": {
                "max": 445.447,
                "median": 443.687,
                "min": 440.337,
                "n": 5,
                "p05": 440.5128,
                "p95": 445.247,
                "samples": 5,
                "stdev": 1.9403206332975005
              },
              "status": "ok"
            },
            "logical_iterations": 10
          },
          "single": {
            "dispatches_per_iteration": 2,
            "gpu_elapsed": {
              "clock": "vulkan_timestamp",
              "per_iteration_us": {
                "max": 46.76,
                "median": 41.08,
                "min": 40.56,
                "n": 5,
                "p05": 40.632000000000005,
                "p95": 45.70399999999999,
                "samples": 5,
                "stdev": 2.3188962891858695
              },
              "sequence_us": {
                "max": 46.76,
                "median": 41.08,
                "min": 40.56,
                "n": 5,
                "p05": 40.632000000000005,
                "p95": 45.70399999999999,
                "samples": 5,
                "stdev": 2.3188962891858695
              },
              "status": "ok"
            },
            "host_wall": {
              "clock": "steady_clock",
              "per_iteration_us": {
                "max": 119.552,
                "median": 105.322,
                "min": 103.551,
                "n": 5,
                "p05": 103.661,
                "p95": 116.8058,
                "samples": 5,
                "stdev": 5.996961717403241
              },
              "sequence_us": {
                "max": 119.552,
                "median": 105.322,
                "min": 103.551,
                "n": 5,
                "p05": 103.661,
                "p95": 116.8058,
                "samples": 5,
                "stdev": 5.996961717403241
              },
              "status": "ok"
            },
            "logical_iterations": 1
          }
        },
        "timing_mode": "serial_latency",
        "variant": "single",
        "workgroup_match": "vulkan_diagnostic_unmatched"
      },
      {
        "backend": "vulkan",
        "correctness": {
          "single_dispatch": {
            "oracle": "CPU Q8_0 dense q8_1+dp4a BF16 logits with KL <= 0.05 and top-1 >= 90%",
            "status": "pass"
          },
          "synchronization": {
            "barrier_count": 9,
            "method": "vulkan_compute_barrier",
            "status": "pass"
          },
          "timed_sequence": {
            "coverage": "chained_final_state",
            "logical_iterations": 10,
            "oracle": "CPU Q8_0 dense q8_1+dp4a BF16 logits with KL <= 0.05 and top-1 >= 90%",
            "status": "pass"
          }
        },
        "correctness_pass": true,
        "dependency_contract": {
          "inter_dispatch_ordering": "vulkan_compute_barrier",
          "output_partitioning": "chained_shared",
          "validation_status": "pass",
          "work_dependency": "chained"
        },
        "execution": {
          "actual_parallel_lanes": 1,
          "burst_lane_gpu_samples_us": [],
          "calibrated_timestamp_domain": false,
          "calibrated_timestamp_extension": "",
          "lane_assignment": "single_command_buffer",
          "requested_parallel_lanes": 4,
          "single_lane_gpu_samples_us": [],
          "submission_strategy": "vulkan_command_buffer"
        },
        "hardware": {
          "actual_independent_lanes": 1,
          "api_version": "1.4.318",
          "calibrated_timestamp_extension": "",
          "device_id": 30032,
          "device_name": "AMD Radeon Graphics (RADV GFX1201)",
          "device_type": 2,
          "driver_version_raw": 104865800,
          "queue_family": 1,
          "queue_flags": 14,
          "queue_timestamp_valid_bits": 64,
          "requested_api_version": "1.2",
          "requested_independent_lanes": 4,
          "shader_integer_dot_product": true,
          "storage_buffer_16bit": true,
          "timeline_semaphore": true,
          "vendor_id": 4098
        },
        "in_features": 2048,
        "local_size": 128,
        "median_us": 16.184,
        "numeric_correctness": {
          "burst": {
            "exact_bf16_mismatches": 158,
            "expected_repetitions": [
              9
            ],
            "kl_divergence": 5.842777039e-07,
            "max_abs": 0.0625,
            "mean_abs": 0.0008268356323,
            "outputs_checked": 1,
            "pass": true,
            "top1": 1
          },
          "single": {
            "exact_bf16_mismatches": 41,
            "expected_repetitions": [
              0
            ],
            "kl_divergence": 2.576833846e-09,
            "max_abs": 0.03125,
            "mean_abs": 0.0005187988281,
            "outputs_checked": 1,
            "pass": true,
            "top1": 1
          }
        },
        "operation": "q8_0_dense_dp4a_dot_prequantized",
        "out_features": 2048,
        "q8_0_weight_bytes": 4456448,
        "q8_blocks_per_row": 64,
        "row_tile": 1,
        "rows": 1,
        "sequence_validation": {
          "burst_expected_repetitions": [
            9
          ],
          "input_repetition_pattern": "distinct_deterministic_salt",
          "output_partitioning": "shared",
          "single_expected_repetitions": [
            0
          ],
          "xq_partitioning": "shared"
        },
        "submission": {
          "completion_in_host_wall": true,
          "queue_or_stream_count": 1,
          "recording_in_timed_region": false,
          "strategy": "vulkan_command_buffer",
          "submit_in_host_wall": true
        },
        "timing": {
          "burst": {
            "dispatches_per_iteration": 1,
            "gpu_elapsed": {
              "clock": "vulkan_timestamp",
              "per_iteration_us": {
                "max": 16.2,
                "median": 16.184,
                "min": 16.080000000000002,
                "n": 5,
                "p05": 16.097600000000003,
                "p95": 16.1984,
                "samples": 5,
                "stdev": 0.04370080090799179
              },
              "sequence_us": {
                "max": 162.0,
                "median": 161.84,
                "min": 160.8,
                "n": 5,
                "p05": 160.97600000000003,
                "p95": 161.98399999999998,
                "samples": 5,
                "stdev": 0.43700800907991966
              },
              "status": "ok"
            },
            "host_wall": {
              "clock": "steady_clock",
              "per_iteration_us": {
                "max": 22.4694,
                "median": 22.4114,
                "min": 22.3613,
                "n": 5,
                "p05": 22.36632,
                "p95": 22.46418,
                "samples": 5,
                "stdev": 0.038659570613238756
              },
              "sequence_us": {
                "max": 224.694,
                "median": 224.114,
                "min": 223.613,
                "n": 5,
                "p05": 223.66320000000002,
                "p95": 224.6418,
                "samples": 5,
                "stdev": 0.3865957061323834
              },
              "status": "ok"
            },
            "logical_iterations": 10
          },
          "single": {
            "dispatches_per_iteration": 1,
            "gpu_elapsed": {
              "clock": "vulkan_timestamp",
              "per_iteration_us": {
                "max": 23.24,
                "median": 23.04,
                "min": 22.88,
                "n": 5,
                "p05": 22.88,
                "p95": 23.224,
                "samples": 5,
                "stdev": 0.14532721699667964
              },
              "sequence_us": {
                "max": 23.24,
                "median": 23.04,
                "min": 22.88,
                "n": 5,
                "p05": 22.88,
                "p95": 23.224,
                "samples": 5,
                "stdev": 0.14532721699667964
              },
              "status": "ok"
            },
            "host_wall": {
              "clock": "steady_clock",
              "per_iteration_us": {
                "max": 87.071,
                "median": 84.791,
                "min": 75.571,
                "n": 5,
                "p05": 77.361,
                "p95": 86.715,
                "samples": 5,
                "stdev": 4.037942050104236
              },
              "sequence_us": {
                "max": 87.071,
                "median": 84.791,
                "min": 75.571,
                "n": 5,
                "p05": 77.361,
                "p95": 86.715,
                "samples": 5,
                "stdev": 4.037942050104236
              },
              "status": "ok"
            },
            "logical_iterations": 1
          }
        },
        "timing_mode": "serial_latency",
        "variant": "single",
        "workgroup_match": "vulkan_diagnostic_unmatched"
      },
      {
        "backend": "vulkan",
        "correctness": {
          "single_dispatch": {
            "oracle": "CPU Q8_0 dense q8_1+dp4a BF16 logits with KL <= 0.05 and top-1 >= 90%",
            "status": "pass"
          },
          "synchronization": {
            "barrier_count": 28,
            "method": "vulkan_compute_barrier",
            "status": "pass"
          },
          "timed_sequence": {
            "coverage": "chained_final_state",
            "logical_iterations": 10,
            "oracle": "CPU Q8_0 dense q8_1+dp4a BF16 logits with KL <= 0.05 and top-1 >= 90%",
            "status": "pass"
          }
        },
        "correctness_pass": true,
        "dependency_contract": {
          "inter_dispatch_ordering": "vulkan_compute_barrier",
          "output_partitioning": "chained_shared",
          "validation_status": "pass",
          "work_dependency": "chained"
        },
        "execution": {
          "actual_parallel_lanes": 1,
          "burst_lane_gpu_samples_us": [],
          "calibrated_timestamp_domain": false,
          "calibrated_timestamp_extension": "",
          "lane_assignment": "single_command_buffer",
          "requested_parallel_lanes": 4,
          "single_lane_gpu_samples_us": [],
          "submission_strategy": "vulkan_command_buffer"
        },
        "hardware": {
          "actual_independent_lanes": 1,
          "api_version": "1.4.318",
          "calibrated_timestamp_extension": "",
          "device_id": 30032,
          "device_name": "AMD Radeon Graphics (RADV GFX1201)",
          "device_type": 2,
          "driver_version_raw": 104865800,
          "queue_family": 1,
          "queue_flags": 14,
          "queue_timestamp_valid_bits": 64,
          "requested_api_version": "1.2",
          "requested_independent_lanes": 4,
          "shader_integer_dot_product": true,
          "storage_buffer_16bit": true,
          "timeline_semaphore": true,
          "vendor_id": 4098
        },
        "in_features": 2048,
        "local_size": 128,
        "median_us": 21.932,
        "numeric_correctness": {
          "burst": {
            "exact_bf16_mismatches": 158,
            "expected_repetitions": [
              9
            ],
            "kl_divergence": 5.842777039e-07,
            "max_abs": 0.0625,
            "mean_abs": 0.0008268356323,
            "outputs_checked": 1,
            "pass": true,
            "top1": 1
          },
          "single": {
            "exact_bf16_mismatches": 41,
            "expected_repetitions": [
              0
            ],
            "kl_divergence": 2.576833846e-09,
            "max_abs": 0.03125,
            "mean_abs": 0.0005187988281,
            "outputs_checked": 1,
            "pass": true,
            "top1": 1
          }
        },
        "operation": "q8_0_dense_dp4a_quantize_plus_dot",
        "out_features": 2048,
        "q8_0_weight_bytes": 4456448,
        "q8_blocks_per_row": 64,
        "row_tile": 1,
        "rows": 1,
        "sequence_validation": {
          "burst_expected_repetitions": [
            9
          ],
          "input_repetition_pattern": "distinct_deterministic_salt",
          "output_partitioning": "shared",
          "single_expected_repetitions": [
            0
          ],
          "xq_partitioning": "shared"
        },
        "submission": {
          "completion_in_host_wall": true,
          "queue_or_stream_count": 1,
          "recording_in_timed_region": false,
          "strategy": "vulkan_command_buffer",
          "submit_in_host_wall": true
        },
        "timing": {
          "burst": {
            "dispatches_per_iteration": 2,
            "gpu_elapsed": {
              "clock": "vulkan_timestamp",
              "per_iteration_us": {
                "max": 22.008000000000003,
                "median": 21.932,
                "min": 21.804,
                "n": 5,
                "p05": 21.808,
                "p95": 21.999200000000002,
                "samples": 5,
                "stdev": 0.07946219226777015
              },
              "sequence_us": {
                "max": 220.08,
                "median": 219.32,
                "min": 218.04,
                "n": 5,
                "p05": 218.08,
                "p95": 219.992,
                "samples": 5,
                "stdev": 0.794621922677698
              },
              "status": "ok"
            },
            "host_wall": {
              "clock": "steady_clock",
              "per_iteration_us": {
                "max": 28.317500000000003,
                "median": 28.2474,
                "min": 28.1004,
                "n": 5,
                "p05": 28.101600000000005,
                "p95": 28.31108,
                "samples": 5,
                "stdev": 0.09096725564729331
              },
              "sequence_us": {
                "max": 283.175,
                "median": 282.474,
                "min": 281.004,
                "n": 5,
                "p05": 281.016,
                "p95": 283.11080000000004,
                "samples": 5,
                "stdev": 0.909672556472922
              },
              "status": "ok"
            },
            "logical_iterations": 10
          },
          "single": {
            "dispatches_per_iteration": 2,
            "gpu_elapsed": {
              "clock": "vulkan_timestamp",
              "per_iteration_us": {
                "max": 25.48,
                "median": 25.04,
                "min": 24.6,
                "n": 5,
                "p05": 24.656000000000002,
                "p95": 25.464000000000002,
                "samples": 5,
                "stdev": 0.32692506786724035
              },
              "sequence_us": {
                "max": 25.48,
                "median": 25.04,
                "min": 24.6,
                "n": 5,
                "p05": 24.656000000000002,
                "p95": 25.464000000000002,
                "samples": 5,
                "stdev": 0.32692506786724035
              },
              "status": "ok"
            },
            "host_wall": {
              "clock": "steady_clock",
              "per_iteration_us": {
                "max": 88.251,
                "median": 87.841,
                "min": 87.021,
                "n": 5,
                "p05": 87.1812,
                "p95": 88.20920000000001,
                "samples": 5,
                "stdev": 0.4173404365742681
              },
              "sequence_us": {
                "max": 88.251,
                "median": 87.841,
                "min": 87.021,
                "n": 5,
                "p05": 87.1812,
                "p95": 88.20920000000001,
                "samples": 5,
                "stdev": 0.4173404365742681
              },
              "status": "ok"
            },
            "logical_iterations": 1
          }
        },
        "timing_mode": "serial_latency",
        "variant": "single",
        "workgroup_match": "vulkan_diagnostic_unmatched"
      },
      {
        "backend": "vulkan",
        "correctness": {
          "single_dispatch": {
            "oracle": "CPU Q8_0 dense q8_1+dp4a BF16 logits with KL <= 0.05 and top-1 >= 90%",
            "status": "pass"
          },
          "synchronization": {
            "barrier_count": 9,
            "method": "vulkan_compute_barrier",
            "status": "pass"
          },
          "timed_sequence": {
            "coverage": "chained_final_state",
            "logical_iterations": 10,
            "oracle": "CPU Q8_0 dense q8_1+dp4a BF16 logits with KL <= 0.05 and top-1 >= 90%",
            "status": "pass"
          }
        },
        "correctness_pass": true,
        "dependency_contract": {
          "inter_dispatch_ordering": "vulkan_compute_barrier",
          "output_partitioning": "chained_shared",
          "validation_status": "pass",
          "work_dependency": "chained"
        },
        "execution": {
          "actual_parallel_lanes": 1,
          "burst_lane_gpu_samples_us": [],
          "calibrated_timestamp_domain": false,
          "calibrated_timestamp_extension": "",
          "lane_assignment": "single_command_buffer",
          "requested_parallel_lanes": 4,
          "single_lane_gpu_samples_us": [],
          "submission_strategy": "vulkan_command_buffer"
        },
        "hardware": {
          "actual_independent_lanes": 1,
          "api_version": "1.4.318",
          "calibrated_timestamp_extension": "",
          "device_id": 30032,
          "device_name": "AMD Radeon Graphics (RADV GFX1201)",
          "device_type": 2,
          "driver_version_raw": 104865800,
          "queue_family": 1,
          "queue_flags": 14,
          "queue_timestamp_valid_bits": 64,
          "requested_api_version": "1.2",
          "requested_independent_lanes": 4,
          "shader_integer_dot_product": true,
          "storage_buffer_16bit": true,
          "timeline_semaphore": true,
          "vendor_id": 4098
        },
        "in_features": 2048,
        "local_size": 128,
        "median_us": 55.412,
        "numeric_correctness": {
          "burst": {
            "exact_bf16_mismatches": 1534,
            "expected_repetitions": [
              9
            ],
            "kl_divergence": 0.0001183141109,
            "max_abs": 0.0625,
            "mean_abs": 0.0008707661182,
            "outputs_checked": 1,
            "pass": true,
            "top1": 1
          },
          "single": {
            "exact_bf16_mismatches": 1017,
            "expected_repetitions": [
              0
            ],
            "kl_divergence": 4.436209871e-06,
            "max_abs": 0.03125,
            "mean_abs": 0.000759601593,
            "outputs_checked": 1,
            "pass": true,
            "top1": 1
          }
        },
        "operation": "q8_0_dense_dp4a_dot_prequantized",
        "out_features": 2048,
        "q8_0_weight_bytes": 4456448,
        "q8_blocks_per_row": 64,
        "row_tile": 1,
        "rows": 4,
        "sequence_validation": {
          "burst_expected_repetitions": [
            9
          ],
          "input_repetition_pattern": "distinct_deterministic_salt",
          "output_partitioning": "shared",
          "single_expected_repetitions": [
            0
          ],
          "xq_partitioning": "shared"
        },
        "submission": {
          "completion_in_host_wall": true,
          "queue_or_stream_count": 1,
          "recording_in_timed_region": false,
          "strategy": "vulkan_command_buffer",
          "submit_in_host_wall": true
        },
        "timing": {
          "burst": {
            "dispatches_per_iteration": 1,
            "gpu_elapsed": {
              "clock": "vulkan_timestamp",
              "per_iteration_us": {
                "max": 55.448,
                "median": 55.412,
                "min": 55.384,
                "n": 5,
                "p05": 55.3864,
                "p95": 55.444,
                "samples": 5,
                "stdev": 0.022712111306525
              },
              "sequence_us": {
                "max": 554.48,
                "median": 554.12,
                "min": 553.84,
                "n": 5,
                "p05": 553.864,
                "p95": 554.4399999999999,
                "samples": 5,
                "stdev": 0.2271211130652423
              },
              "status": "ok"
            },
            "host_wall": {
              "clock": "steady_clock",
              "per_iteration_us": {
                "max": 61.8689,
                "median": 61.815999999999995,
                "min": 61.789,
                "n": 5,
                "p05": 61.793800000000005,
                "p95": 61.8595,
                "samples": 5,
                "stdev": 0.02609724889715229
              },
              "sequence_us": {
                "max": 618.689,
                "median": 618.16,
                "min": 617.89,
                "n": 5,
                "p05": 617.938,
                "p95": 618.595,
                "samples": 5,
                "stdev": 0.2609724889715313
              },
              "status": "ok"
            },
            "logical_iterations": 10
          },
          "single": {
            "dispatches_per_iteration": 1,
            "gpu_elapsed": {
              "clock": "vulkan_timestamp",
              "per_iteration_us": {
                "max": 61.96,
                "median": 61.8,
                "min": 61.48,
                "n": 5,
                "p05": 61.488,
                "p95": 61.928,
                "samples": 5,
                "stdev": 0.18312837027615336
              },
              "sequence_us": {
                "max": 61.96,
                "median": 61.8,
                "min": 61.48,
                "n": 5,
                "p05": 61.488,
                "p95": 61.928,
                "samples": 5,
                "stdev": 0.18312837027615336
              },
              "status": "ok"
            },
            "host_wall": {
              "clock": "steady_clock",
              "per_iteration_us": {
                "max": 126.672,
                "median": 124.262,
                "min": 119.682,
                "n": 5,
                "p05": 120.55600000000001,
                "p95": 126.3738,
                "samples": 5,
                "stdev": 2.33436315940772
              },
              "sequence_us": {
                "max": 126.672,
                "median": 124.262,
                "min": 119.682,
                "n": 5,
                "p05": 120.55600000000001,
                "p95": 126.3738,
                "samples": 5,
                "stdev": 2.33436315940772
              },
              "status": "ok"
            },
            "logical_iterations": 1
          }
        },
        "timing_mode": "serial_latency",
        "variant": "single",
        "workgroup_match": "vulkan_diagnostic_unmatched"
      },
      {
        "backend": "vulkan",
        "correctness": {
          "single_dispatch": {
            "oracle": "CPU Q8_0 dense q8_1+dp4a BF16 logits with KL <= 0.05 and top-1 >= 90%",
            "status": "pass"
          },
          "synchronization": {
            "barrier_count": 28,
            "method": "vulkan_compute_barrier",
            "status": "pass"
          },
          "timed_sequence": {
            "coverage": "chained_final_state",
            "logical_iterations": 10,
            "oracle": "CPU Q8_0 dense q8_1+dp4a BF16 logits with KL <= 0.05 and top-1 >= 90%",
            "status": "pass"
          }
        },
        "correctness_pass": true,
        "dependency_contract": {
          "inter_dispatch_ordering": "vulkan_compute_barrier",
          "output_partitioning": "chained_shared",
          "validation_status": "pass",
          "work_dependency": "chained"
        },
        "execution": {
          "actual_parallel_lanes": 1,
          "burst_lane_gpu_samples_us": [],
          "calibrated_timestamp_domain": false,
          "calibrated_timestamp_extension": "",
          "lane_assignment": "single_command_buffer",
          "requested_parallel_lanes": 4,
          "single_lane_gpu_samples_us": [],
          "submission_strategy": "vulkan_command_buffer"
        },
        "hardware": {
          "actual_independent_lanes": 1,
          "api_version": "1.4.318",
          "calibrated_timestamp_extension": "",
          "device_id": 30032,
          "device_name": "AMD Radeon Graphics (RADV GFX1201)",
          "device_type": 2,
          "driver_version_raw": 104865800,
          "queue_family": 1,
          "queue_flags": 14,
          "queue_timestamp_valid_bits": 64,
          "requested_api_version": "1.2",
          "requested_independent_lanes": 4,
          "shader_integer_dot_product": true,
          "storage_buffer_16bit": true,
          "timeline_semaphore": true,
          "vendor_id": 4098
        },
        "in_features": 2048,
        "local_size": 128,
        "median_us": 61.15599999999999,
        "numeric_correctness": {
          "burst": {
            "exact_bf16_mismatches": 1534,
            "expected_repetitions": [
              9
            ],
            "kl_divergence": 0.0001183141109,
            "max_abs": 0.0625,
            "mean_abs": 0.0008707661182,
            "outputs_checked": 1,
            "pass": true,
            "top1": 1
          },
          "single": {
            "exact_bf16_mismatches": 1017,
            "expected_repetitions": [
              0
            ],
            "kl_divergence": 4.436209871e-06,
            "max_abs": 0.03125,
            "mean_abs": 0.000759601593,
            "outputs_checked": 1,
            "pass": true,
            "top1": 1
          }
        },
        "operation": "q8_0_dense_dp4a_quantize_plus_dot",
        "out_features": 2048,
        "q8_0_weight_bytes": 4456448,
        "q8_blocks_per_row": 64,
        "row_tile": 1,
        "rows": 4,
        "sequence_validation": {
          "burst_expected_repetitions": [
            9
          ],
          "input_repetition_pattern": "distinct_deterministic_salt",
          "output_partitioning": "shared",
          "single_expected_repetitions": [
            0
          ],
          "xq_partitioning": "shared"
        },
        "submission": {
          "completion_in_host_wall": true,
          "queue_or_stream_count": 1,
          "recording_in_timed_region": false,
          "strategy": "vulkan_command_buffer",
          "submit_in_host_wall": true
        },
        "timing": {
          "burst": {
            "dispatches_per_iteration": 2,
            "gpu_elapsed": {
              "clock": "vulkan_timestamp",
              "per_iteration_us": {
                "max": 61.17999999999999,
                "median": 61.15599999999999,
                "min": 61.048,
                "n": 5,
                "p05": 61.06080000000001,
                "p95": 61.17999999999999,
                "samples": 5,
                "stdev": 0.050177285697809375
              },
              "sequence_us": {
                "max": 611.8,
                "median": 611.56,
                "min": 610.48,
                "n": 5,
                "p05": 610.6080000000001,
                "p95": 611.8,
                "samples": 5,
                "stdev": 0.5017728569781076
              },
              "status": "ok"
            },
            "host_wall": {
              "clock": "steady_clock",
              "per_iteration_us": {
                "max": 67.671,
                "median": 67.623,
                "min": 67.473,
                "n": 5,
                "p05": 67.5016,
                "p95": 67.66242,
                "samples": 5,
                "stdev": 0.067409150714129
              },
              "sequence_us": {
                "max": 676.71,
                "median": 676.23,
                "min": 674.73,
                "n": 5,
                "p05": 675.016,
                "p95": 676.6242000000001,
                "samples": 5,
                "stdev": 0.6740915071412746
              },
              "status": "ok"
            },
            "logical_iterations": 10
          },
          "single": {
            "dispatches_per_iteration": 2,
            "gpu_elapsed": {
              "clock": "vulkan_timestamp",
              "per_iteration_us": {
                "max": 68.92,
                "median": 64.28,
                "min": 63.64,
                "n": 5,
                "p05": 63.66400000000001,
                "p95": 68.048,
                "samples": 5,
                "stdev": 1.9728395778673953
              },
              "sequence_us": {
                "max": 68.92,
                "median": 64.28,
                "min": 63.64,
                "n": 5,
                "p05": 63.66400000000001,
                "p95": 68.048,
                "samples": 5,
                "stdev": 1.9728395778673953
              },
              "status": "ok"
            },
            "host_wall": {
              "clock": "steady_clock",
              "per_iteration_us": {
                "max": 142.483,
                "median": 129.702,
                "min": 128.432,
                "n": 5,
                "p05": 128.524,
                "p95": 140.1148,
                "samples": 5,
                "stdev": 5.28022697996971
              },
              "sequence_us": {
                "max": 142.483,
                "median": 129.702,
                "min": 128.432,
                "n": 5,
                "p05": 128.524,
                "p95": 140.1148,
                "samples": 5,
                "stdev": 5.28022697996971
              },
              "status": "ok"
            },
            "logical_iterations": 1
          }
        },
        "timing_mode": "serial_latency",
        "variant": "single",
        "workgroup_match": "vulkan_diagnostic_unmatched"
      },
      {
        "backend": "vulkan",
        "correctness": {
          "single_dispatch": {
            "oracle": "CPU Q8_0 dense q8_1+dp4a BF16 logits with KL <= 0.05 and top-1 >= 90%",
            "status": "pass"
          },
          "synchronization": {
            "barrier_count": 9,
            "method": "vulkan_compute_barrier",
            "status": "pass"
          },
          "timed_sequence": {
            "coverage": "chained_final_state",
            "logical_iterations": 10,
            "oracle": "CPU Q8_0 dense q8_1+dp4a BF16 logits with KL <= 0.05 and top-1 >= 90%",
            "status": "pass"
          }
        },
        "correctness_pass": true,
        "dependency_contract": {
          "inter_dispatch_ordering": "vulkan_compute_barrier",
          "output_partitioning": "chained_shared",
          "validation_status": "pass",
          "work_dependency": "chained"
        },
        "execution": {
          "actual_parallel_lanes": 1,
          "burst_lane_gpu_samples_us": [],
          "calibrated_timestamp_domain": false,
          "calibrated_timestamp_extension": "",
          "lane_assignment": "single_command_buffer",
          "requested_parallel_lanes": 4,
          "single_lane_gpu_samples_us": [],
          "submission_strategy": "vulkan_command_buffer"
        },
        "hardware": {
          "actual_independent_lanes": 1,
          "api_version": "1.4.318",
          "calibrated_timestamp_extension": "",
          "device_id": 30032,
          "device_name": "AMD Radeon Graphics (RADV GFX1201)",
          "device_type": 2,
          "driver_version_raw": 104865800,
          "queue_family": 1,
          "queue_flags": 14,
          "queue_timestamp_valid_bits": 64,
          "requested_api_version": "1.2",
          "requested_independent_lanes": 4,
          "shader_integer_dot_product": true,
          "storage_buffer_16bit": true,
          "timeline_semaphore": true,
          "vendor_id": 4098
        },
        "in_features": 768,
        "local_size": 128,
        "median_us": 8.872,
        "numeric_correctness": {
          "burst": {
            "exact_bf16_mismatches": 249,
            "expected_repetitions": [
              9
            ],
            "kl_divergence": 2.913779618e-07,
            "max_abs": 0.03125,
            "mean_abs": 0.0008402764797,
            "outputs_checked": 1,
            "pass": true,
            "top1": 1
          },
          "single": {
            "exact_bf16_mismatches": 251,
            "expected_repetitions": [
              0
            ],
            "kl_divergence": 3.301283582e-07,
            "max_abs": 0.015625,
            "mean_abs": 0.0002901772968,
            "outputs_checked": 1,
            "pass": true,
            "top1": 1
          }
        },
        "operation": "q8_0_dense_dp4a_dot_prequantized",
        "out_features": 2048,
        "q8_0_weight_bytes": 1671168,
        "q8_blocks_per_row": 24,
        "row_tile": 4,
        "rows": 1,
        "sequence_validation": {
          "burst_expected_repetitions": [
            9
          ],
          "input_repetition_pattern": "distinct_deterministic_salt",
          "output_partitioning": "shared",
          "single_expected_repetitions": [
            0
          ],
          "xq_partitioning": "shared"
        },
        "submission": {
          "completion_in_host_wall": true,
          "queue_or_stream_count": 1,
          "recording_in_timed_region": false,
          "strategy": "vulkan_command_buffer",
          "submit_in_host_wall": true
        },
        "timing": {
          "burst": {
            "dispatches_per_iteration": 1,
            "gpu_elapsed": {
              "clock": "vulkan_timestamp",
              "per_iteration_us": {
                "max": 8.888,
                "median": 8.872,
                "min": 8.831999999999999,
                "n": 5,
                "p05": 8.8344,
                "p95": 8.8856,
                "samples": 5,
                "stdev": 0.0209532813659346
              },
              "sequence_us": {
                "max": 88.88,
                "median": 88.72,
                "min": 88.32,
                "n": 5,
                "p05": 88.344,
                "p95": 88.856,
                "samples": 5,
                "stdev": 0.20953281365934254
              },
              "status": "ok"
            },
            "host_wall": {
              "clock": "steady_clock",
              "per_iteration_us": {
                "max": 14.4543,
                "median": 14.405199999999999,
                "min": 14.3062,
                "n": 5,
                "p05": 14.314000000000002,
                "p95": 14.447880000000001,
                "samples": 5,
                "stdev": 0.05361851918880242
              },
              "sequence_us": {
                "max": 144.543,
                "median": 144.052,
                "min": 143.062,
                "n": 5,
                "p05": 143.14000000000001,
                "p95": 144.4788,
                "samples": 5,
                "stdev": 0.5361851918880256
              },
              "status": "ok"
            },
            "logical_iterations": 10
          },
          "single": {
            "dispatches_per_iteration": 1,
            "gpu_elapsed": {
              "clock": "vulkan_timestamp",
              "per_iteration_us": {
                "max": 15.6,
                "median": 15.28,
                "min": 14.84,
                "n": 5,
                "p05": 14.888,
                "p95": 15.568,
                "samples": 5,
                "stdev": 0.26701310829245806
              },
              "sequence_us": {
                "max": 15.6,
                "median": 15.28,
                "min": 14.84,
                "n": 5,
                "p05": 14.888,
                "p95": 15.568,
                "samples": 5,
                "stdev": 0.26701310829245806
              },
              "status": "ok"
            },
            "host_wall": {
              "clock": "steady_clock",
              "per_iteration_us": {
                "max": 71.891,
                "median": 70.151,
                "min": 68.571,
                "n": 5,
                "p05": 68.779,
                "p95": 71.601,
                "samples": 5,
                "stdev": 1.0861012844113593
              },
              "sequence_us": {
                "max": 71.891,
                "median": 70.151,
                "min": 68.571,
                "n": 5,
                "p05": 68.779,
                "p95": 71.601,
                "samples": 5,
                "stdev": 1.0861012844113593
              },
              "status": "ok"
            },
            "logical_iterations": 1
          }
        },
        "timing_mode": "serial_latency",
        "variant": "rowtile4",
        "workgroup_match": "vulkan_diagnostic_unmatched"
      },
      {
        "backend": "vulkan",
        "correctness": {
          "single_dispatch": {
            "oracle": "CPU Q8_0 dense q8_1+dp4a BF16 logits with KL <= 0.05 and top-1 >= 90%",
            "status": "pass"
          },
          "synchronization": {
            "barrier_count": 28,
            "method": "vulkan_compute_barrier",
            "status": "pass"
          },
          "timed_sequence": {
            "coverage": "chained_final_state",
            "logical_iterations": 10,
            "oracle": "CPU Q8_0 dense q8_1+dp4a BF16 logits with KL <= 0.05 and top-1 >= 90%",
            "status": "pass"
          }
        },
        "correctness_pass": true,
        "dependency_contract": {
          "inter_dispatch_ordering": "vulkan_compute_barrier",
          "output_partitioning": "chained_shared",
          "validation_status": "pass",
          "work_dependency": "chained"
        },
        "execution": {
          "actual_parallel_lanes": 1,
          "burst_lane_gpu_samples_us": [],
          "calibrated_timestamp_domain": false,
          "calibrated_timestamp_extension": "",
          "lane_assignment": "single_command_buffer",
          "requested_parallel_lanes": 4,
          "single_lane_gpu_samples_us": [],
          "submission_strategy": "vulkan_command_buffer"
        },
        "hardware": {
          "actual_independent_lanes": 1,
          "api_version": "1.4.318",
          "calibrated_timestamp_extension": "",
          "device_id": 30032,
          "device_name": "AMD Radeon Graphics (RADV GFX1201)",
          "device_type": 2,
          "driver_version_raw": 104865800,
          "queue_family": 1,
          "queue_flags": 14,
          "queue_timestamp_valid_bits": 64,
          "requested_api_version": "1.2",
          "requested_independent_lanes": 4,
          "shader_integer_dot_product": true,
          "storage_buffer_16bit": true,
          "timeline_semaphore": true,
          "vendor_id": 4098
        },
        "in_features": 768,
        "local_size": 128,
        "median_us": 14.059999999999999,
        "numeric_correctness": {
          "burst": {
            "exact_bf16_mismatches": 249,
            "expected_repetitions": [
              9
            ],
            "kl_divergence": 2.913779618e-07,
            "max_abs": 0.03125,
            "mean_abs": 0.0008402764797,
            "outputs_checked": 1,
            "pass": true,
            "top1": 1
          },
          "single": {
            "exact_bf16_mismatches": 251,
            "expected_repetitions": [
              0
            ],
            "kl_divergence": 3.301283582e-07,
            "max_abs": 0.015625,
            "mean_abs": 0.0002901772968,
            "outputs_checked": 1,
            "pass": true,
            "top1": 1
          }
        },
        "operation": "q8_0_dense_dp4a_quantize_plus_dot",
        "out_features": 2048,
        "q8_0_weight_bytes": 1671168,
        "q8_blocks_per_row": 24,
        "row_tile": 4,
        "rows": 1,
        "sequence_validation": {
          "burst_expected_repetitions": [
            9
          ],
          "input_repetition_pattern": "distinct_deterministic_salt",
          "output_partitioning": "shared",
          "single_expected_repetitions": [
            0
          ],
          "xq_partitioning": "shared"
        },
        "submission": {
          "completion_in_host_wall": true,
          "queue_or_stream_count": 1,
          "recording_in_timed_region": false,
          "strategy": "vulkan_command_buffer",
          "submit_in_host_wall": true
        },
        "timing": {
          "burst": {
            "dispatches_per_iteration": 2,
            "gpu_elapsed": {
              "clock": "vulkan_timestamp",
              "per_iteration_us": {
                "max": 14.104,
                "median": 14.059999999999999,
                "min": 13.719999999999999,
                "n": 5,
                "p05": 13.719999999999999,
                "p95": 14.096,
                "samples": 5,
                "stdev": 0.1750812382866879
              },
              "sequence_us": {
                "max": 141.04,
                "median": 140.6,
                "min": 137.2,
                "n": 5,
                "p05": 137.2,
                "p95": 140.95999999999998,
                "samples": 5,
                "stdev": 1.7508123828668805
              },
              "status": "ok"
            },
            "host_wall": {
              "clock": "steady_clock",
              "per_iteration_us": {
                "max": 19.6663,
                "median": 19.5843,
                "min": 19.223300000000002,
                "n": 5,
                "p05": 19.2389,
                "p95": 19.661099999999998,
                "samples": 5,
                "stdev": 0.18388191863258238
              },
              "sequence_us": {
                "max": 196.663,
                "median": 195.843,
                "min": 192.233,
                "n": 5,
                "p05": 192.389,
                "p95": 196.611,
                "samples": 5,
                "stdev": 1.8388191863258307
              },
              "status": "ok"
            },
            "logical_iterations": 10
          },
          "single": {
            "dispatches_per_iteration": 2,
            "gpu_elapsed": {
              "clock": "vulkan_timestamp",
              "per_iteration_us": {
                "max": 17.2,
                "median": 17.12,
                "min": 16.8,
                "n": 5,
                "p05": 16.848000000000003,
                "p95": 17.192,
                "samples": 5,
                "stdev": 0.14221111067704914
              },
              "sequence_us": {
                "max": 17.2,
                "median": 17.12,
                "min": 16.8,
                "n": 5,
                "p05": 16.848000000000003,
                "p95": 17.192,
                "samples": 5,
                "stdev": 0.14221111067704914
              },
              "status": "ok"
            },
            "host_wall": {
              "clock": "steady_clock",
              "per_iteration_us": {
                "max": 73.361,
                "median": 72.291,
                "min": 71.401,
                "n": 5,
                "p05": 71.577,
                "p95": 73.183,
                "samples": 5,
                "stdev": 0.6236986451805095
              },
              "sequence_us": {
                "max": 73.361,
                "median": 72.291,
                "min": 71.401,
                "n": 5,
                "p05": 71.577,
                "p95": 73.183,
                "samples": 5,
                "stdev": 0.6236986451805095
              },
              "status": "ok"
            },
            "logical_iterations": 1
          }
        },
        "timing_mode": "serial_latency",
        "variant": "rowtile4",
        "workgroup_match": "vulkan_diagnostic_unmatched"
      },
      {
        "backend": "vulkan",
        "correctness": {
          "single_dispatch": {
            "oracle": "CPU Q8_0 dense q8_1+dp4a BF16 logits with KL <= 0.05 and top-1 >= 90%",
            "status": "pass"
          },
          "synchronization": {
            "barrier_count": 9,
            "method": "vulkan_compute_barrier",
            "status": "pass"
          },
          "timed_sequence": {
            "coverage": "chained_final_state",
            "logical_iterations": 10,
            "oracle": "CPU Q8_0 dense q8_1+dp4a BF16 logits with KL <= 0.05 and top-1 >= 90%",
            "status": "pass"
          }
        },
        "correctness_pass": true,
        "dependency_contract": {
          "inter_dispatch_ordering": "vulkan_compute_barrier",
          "output_partitioning": "chained_shared",
          "validation_status": "pass",
          "work_dependency": "chained"
        },
        "execution": {
          "actual_parallel_lanes": 1,
          "burst_lane_gpu_samples_us": [],
          "calibrated_timestamp_domain": false,
          "calibrated_timestamp_extension": "",
          "lane_assignment": "single_command_buffer",
          "requested_parallel_lanes": 4,
          "single_lane_gpu_samples_us": [],
          "submission_strategy": "vulkan_command_buffer"
        },
        "hardware": {
          "actual_independent_lanes": 1,
          "api_version": "1.4.318",
          "calibrated_timestamp_extension": "",
          "device_id": 30032,
          "device_name": "AMD Radeon Graphics (RADV GFX1201)",
          "device_type": 2,
          "driver_version_raw": 104865800,
          "queue_family": 1,
          "queue_flags": 14,
          "queue_timestamp_valid_bits": 64,
          "requested_api_version": "1.2",
          "requested_independent_lanes": 4,
          "shader_integer_dot_product": true,
          "storage_buffer_16bit": true,
          "timeline_semaphore": true,
          "vendor_id": 4098
        },
        "in_features": 768,
        "local_size": 128,
        "median_us": 12.712,
        "numeric_correctness": {
          "burst": {
            "exact_bf16_mismatches": 999,
            "expected_repetitions": [
              9
            ],
            "kl_divergence": 6.102724291e-06,
            "max_abs": 0.03125,
            "mean_abs": 0.0004975199699,
            "outputs_checked": 1,
            "pass": true,
            "top1": 1
          },
          "single": {
            "exact_bf16_mismatches": 1232,
            "expected_repetitions": [
              0
            ],
            "kl_divergence": 3.999396507e-05,
            "max_abs": 0.03125,
            "mean_abs": 0.0005773062585,
            "outputs_checked": 1,
            "pass": true,
            "top1": 1
          }
        },
        "operation": "q8_0_dense_dp4a_dot_prequantized",
        "out_features": 2048,
        "q8_0_weight_bytes": 1671168,
        "q8_blocks_per_row": 24,
        "row_tile": 4,
        "rows": 4,
        "sequence_validation": {
          "burst_expected_repetitions": [
            9
          ],
          "input_repetition_pattern": "distinct_deterministic_salt",
          "output_partitioning": "shared",
          "single_expected_repetitions": [
            0
          ],
          "xq_partitioning": "shared"
        },
        "submission": {
          "completion_in_host_wall": true,
          "queue_or_stream_count": 1,
          "recording_in_timed_region": false,
          "strategy": "vulkan_command_buffer",
          "submit_in_host_wall": true
        },
        "timing": {
          "burst": {
            "dispatches_per_iteration": 1,
            "gpu_elapsed": {
              "clock": "vulkan_timestamp",
              "per_iteration_us": {
                "max": 12.716,
                "median": 12.712,
                "min": 12.7,
                "n": 5,
                "p05": 12.700800000000001,
                "p95": 12.7152,
                "samples": 5,
                "stdev": 0.0058787753826795115
              },
              "sequence_us": {
                "max": 127.16,
                "median": 127.12,
                "min": 127.0,
                "n": 5,
                "p05": 127.00800000000001,
                "p95": 127.152,
                "samples": 5,
                "stdev": 0.05878775382679541
              },
              "status": "ok"
            },
            "host_wall": {
              "clock": "steady_clock",
              "per_iteration_us": {
                "max": 24.0363,
                "median": 18.784299999999998,
                "min": 18.275299999999998,
                "n": 5,
                "p05": 18.2847,
                "p95": 23.114900000000002,
                "samples": 5,
                "stdev": 2.1734285725553537
              },
              "sequence_us": {
                "max": 240.363,
                "median": 187.843,
                "min": 182.753,
                "n": 5,
                "p05": 182.84699999999998,
                "p95": 231.149,
                "samples": 5,
                "stdev": 21.734285725553534
              },
              "status": "ok"
            },
            "logical_iterations": 10
          },
          "single": {
            "dispatches_per_iteration": 1,
            "gpu_elapsed": {
              "clock": "vulkan_timestamp",
              "per_iteration_us": {
                "max": 19.0,
                "median": 18.64,
                "min": 18.64,
                "n": 5,
                "p05": 18.64,
                "p95": 18.968,
                "samples": 5,
                "stdev": 0.14620533505997624
              },
              "sequence_us": {
                "max": 19.0,
                "median": 18.64,
                "min": 18.64,
                "n": 5,
                "p05": 18.64,
                "p95": 18.968,
                "samples": 5,
                "stdev": 0.14620533505997624
              },
              "status": "ok"
            },
            "host_wall": {
              "clock": "steady_clock",
              "per_iteration_us": {
                "max": 76.151,
                "median": 74.361,
                "min": 73.942,
                "n": 5,
                "p05": 73.9618,
                "p95": 76.077,
                "samples": 5,
                "stdev": 0.9249100280567851
              },
              "sequence_us": {
                "max": 76.151,
                "median": 74.361,
                "min": 73.942,
                "n": 5,
                "p05": 73.9618,
                "p95": 76.077,
                "samples": 5,
                "stdev": 0.9249100280567851
              },
              "status": "ok"
            },
            "logical_iterations": 1
          }
        },
        "timing_mode": "serial_latency",
        "variant": "rowtile4",
        "workgroup_match": "vulkan_diagnostic_unmatched"
      },
      {
        "backend": "vulkan",
        "correctness": {
          "single_dispatch": {
            "oracle": "CPU Q8_0 dense q8_1+dp4a BF16 logits with KL <= 0.05 and top-1 >= 90%",
            "status": "pass"
          },
          "synchronization": {
            "barrier_count": 28,
            "method": "vulkan_compute_barrier",
            "status": "pass"
          },
          "timed_sequence": {
            "coverage": "chained_final_state",
            "logical_iterations": 10,
            "oracle": "CPU Q8_0 dense q8_1+dp4a BF16 logits with KL <= 0.05 and top-1 >= 90%",
            "status": "pass"
          }
        },
        "correctness_pass": true,
        "dependency_contract": {
          "inter_dispatch_ordering": "vulkan_compute_barrier",
          "output_partitioning": "chained_shared",
          "validation_status": "pass",
          "work_dependency": "chained"
        },
        "execution": {
          "actual_parallel_lanes": 1,
          "burst_lane_gpu_samples_us": [],
          "calibrated_timestamp_domain": false,
          "calibrated_timestamp_extension": "",
          "lane_assignment": "single_command_buffer",
          "requested_parallel_lanes": 4,
          "single_lane_gpu_samples_us": [],
          "submission_strategy": "vulkan_command_buffer"
        },
        "hardware": {
          "actual_independent_lanes": 1,
          "api_version": "1.4.318",
          "calibrated_timestamp_extension": "",
          "device_id": 30032,
          "device_name": "AMD Radeon Graphics (RADV GFX1201)",
          "device_type": 2,
          "driver_version_raw": 104865800,
          "queue_family": 1,
          "queue_flags": 14,
          "queue_timestamp_valid_bits": 64,
          "requested_api_version": "1.2",
          "requested_independent_lanes": 4,
          "shader_integer_dot_product": true,
          "storage_buffer_16bit": true,
          "timeline_semaphore": true,
          "vendor_id": 4098
        },
        "in_features": 768,
        "local_size": 128,
        "median_us": 17.252000000000002,
        "numeric_correctness": {
          "burst": {
            "exact_bf16_mismatches": 999,
            "expected_repetitions": [
              9
            ],
            "kl_divergence": 6.102724291e-06,
            "max_abs": 0.03125,
            "mean_abs": 0.0004975199699,
            "outputs_checked": 1,
            "pass": true,
            "top1": 1
          },
          "single": {
            "exact_bf16_mismatches": 1232,
            "expected_repetitions": [
              0
            ],
            "kl_divergence": 3.999396507e-05,
            "max_abs": 0.03125,
            "mean_abs": 0.0005773062585,
            "outputs_checked": 1,
            "pass": true,
            "top1": 1
          }
        },
        "operation": "q8_0_dense_dp4a_quantize_plus_dot",
        "out_features": 2048,
        "q8_0_weight_bytes": 1671168,
        "q8_blocks_per_row": 24,
        "row_tile": 4,
        "rows": 4,
        "sequence_validation": {
          "burst_expected_repetitions": [
            9
          ],
          "input_repetition_pattern": "distinct_deterministic_salt",
          "output_partitioning": "shared",
          "single_expected_repetitions": [
            0
          ],
          "xq_partitioning": "shared"
        },
        "submission": {
          "completion_in_host_wall": true,
          "queue_or_stream_count": 1,
          "recording_in_timed_region": false,
          "strategy": "vulkan_command_buffer",
          "submit_in_host_wall": true
        },
        "timing": {
          "burst": {
            "dispatches_per_iteration": 2,
            "gpu_elapsed": {
              "clock": "vulkan_timestamp",
              "per_iteration_us": {
                "max": 17.284,
                "median": 17.252000000000002,
                "min": 17.080000000000002,
                "n": 5,
                "p05": 17.085600000000003,
                "p95": 17.278399999999998,
                "samples": 5,
                "stdev": 0.08447484832777101
              },
              "sequence_us": {
                "max": 172.84,
                "median": 172.52,
                "min": 170.8,
                "n": 5,
                "p05": 170.85600000000002,
                "p95": 172.784,
                "samples": 5,
                "stdev": 0.8447484832777117
              },
              "status": "ok"
            },
            "host_wall": {
              "clock": "steady_clock",
              "per_iteration_us": {
                "max": 22.9304,
                "median": 22.8644,
                "min": 22.5863,
                "n": 5,
                "p05": 22.6185,
                "p95": 22.9296,
                "samples": 5,
                "stdev": 0.13036322487572863
              },
              "sequence_us": {
                "max": 229.304,
                "median": 228.644,
                "min": 225.863,
                "n": 5,
                "p05": 226.185,
                "p95": 229.296,
                "samples": 5,
                "stdev": 1.3036322487572958
              },
              "status": "ok"
            },
            "logical_iterations": 10
          },
          "single": {
            "dispatches_per_iteration": 2,
            "gpu_elapsed": {
              "clock": "vulkan_timestamp",
              "per_iteration_us": {
                "max": 26.32,
                "median": 20.52,
                "min": 20.4,
                "n": 5,
                "p05": 20.408,
                "p95": 25.552,
                "samples": 5,
                "stdev": 2.2834920626093713
              },
              "sequence_us": {
                "max": 26.32,
                "median": 20.52,
                "min": 20.4,
                "n": 5,
                "p05": 20.408,
                "p95": 25.552,
                "samples": 5,
                "stdev": 2.2834920626093713
              },
              "status": "ok"
            },
            "host_wall": {
              "clock": "steady_clock",
              "per_iteration_us": {
                "max": 91.402,
                "median": 83.801,
                "min": 78.691,
                "n": 5,
                "p05": 78.751,
                "p95": 90.26,
                "samples": 5,
                "stdev": 4.702396095609131
              },
              "sequence_us": {
                "max": 91.402,
                "median": 83.801,
                "min": 78.691,
                "n": 5,
                "p05": 78.751,
                "p95": 90.26,
                "samples": 5,
                "stdev": 4.702396095609131
              },
              "status": "ok"
            },
            "logical_iterations": 1
          }
        },
        "timing_mode": "serial_latency",
        "variant": "rowtile4",
        "workgroup_match": "vulkan_diagnostic_unmatched"
      },
      {
        "backend": "vulkan",
        "correctness": {
          "single_dispatch": {
            "oracle": "CPU Q8_0 dense q8_1+dp4a BF16 logits with KL <= 0.05 and top-1 >= 90%",
            "status": "pass"
          },
          "synchronization": {
            "barrier_count": 9,
            "method": "vulkan_compute_barrier",
            "status": "pass"
          },
          "timed_sequence": {
            "coverage": "chained_final_state",
            "logical_iterations": 10,
            "oracle": "CPU Q8_0 dense q8_1+dp4a BF16 logits with KL <= 0.05 and top-1 >= 90%",
            "status": "pass"
          }
        },
        "correctness_pass": true,
        "dependency_contract": {
          "inter_dispatch_ordering": "vulkan_compute_barrier",
          "output_partitioning": "chained_shared",
          "validation_status": "pass",
          "work_dependency": "chained"
        },
        "execution": {
          "actual_parallel_lanes": 1,
          "burst_lane_gpu_samples_us": [],
          "calibrated_timestamp_domain": false,
          "calibrated_timestamp_extension": "",
          "lane_assignment": "single_command_buffer",
          "requested_parallel_lanes": 4,
          "single_lane_gpu_samples_us": [],
          "submission_strategy": "vulkan_command_buffer"
        },
        "hardware": {
          "actual_independent_lanes": 1,
          "api_version": "1.4.318",
          "calibrated_timestamp_extension": "",
          "device_id": 30032,
          "device_name": "AMD Radeon Graphics (RADV GFX1201)",
          "device_type": 2,
          "driver_version_raw": 104865800,
          "queue_family": 1,
          "queue_flags": 14,
          "queue_timestamp_valid_bits": 64,
          "requested_api_version": "1.2",
          "requested_independent_lanes": 4,
          "shader_integer_dot_product": true,
          "storage_buffer_16bit": true,
          "timeline_semaphore": true,
          "vendor_id": 4098
        },
        "in_features": 2048,
        "local_size": 128,
        "median_us": 18.608,
        "numeric_correctness": {
          "burst": {
            "exact_bf16_mismatches": 158,
            "expected_repetitions": [
              9
            ],
            "kl_divergence": 5.842777039e-07,
            "max_abs": 0.0625,
            "mean_abs": 0.0008268356323,
            "outputs_checked": 1,
            "pass": true,
            "top1": 1
          },
          "single": {
            "exact_bf16_mismatches": 41,
            "expected_repetitions": [
              0
            ],
            "kl_divergence": 2.576833846e-09,
            "max_abs": 0.03125,
            "mean_abs": 0.0005187988281,
            "outputs_checked": 1,
            "pass": true,
            "top1": 1
          }
        },
        "operation": "q8_0_dense_dp4a_dot_prequantized",
        "out_features": 2048,
        "q8_0_weight_bytes": 4456448,
        "q8_blocks_per_row": 64,
        "row_tile": 4,
        "rows": 1,
        "sequence_validation": {
          "burst_expected_repetitions": [
            9
          ],
          "input_repetition_pattern": "distinct_deterministic_salt",
          "output_partitioning": "shared",
          "single_expected_repetitions": [
            0
          ],
          "xq_partitioning": "shared"
        },
        "submission": {
          "completion_in_host_wall": true,
          "queue_or_stream_count": 1,
          "recording_in_timed_region": false,
          "strategy": "vulkan_command_buffer",
          "submit_in_host_wall": true
        },
        "timing": {
          "burst": {
            "dispatches_per_iteration": 1,
            "gpu_elapsed": {
              "clock": "vulkan_timestamp",
              "per_iteration_us": {
                "max": 18.631999999999998,
                "median": 18.608,
                "min": 18.576,
                "n": 5,
                "p05": 18.576,
                "p95": 18.630399999999998,
                "samples": 5,
                "stdev": 0.02351510153071819
              },
              "sequence_us": {
                "max": 186.32,
                "median": 186.08,
                "min": 185.76,
                "n": 5,
                "p05": 185.76,
                "p95": 186.30399999999997,
                "samples": 5,
                "stdev": 0.23515101530718976
              },
              "status": "ok"
            },
            "host_wall": {
              "clock": "steady_clock",
              "per_iteration_us": {
                "max": 24.9024,
                "median": 24.8754,
                "min": 24.737299999999998,
                "n": 5,
                "p05": 24.755719999999997,
                "p95": 24.8994,
                "samples": 5,
                "stdev": 0.05974915564257029
              },
              "sequence_us": {
                "max": 249.024,
                "median": 248.754,
                "min": 247.373,
                "n": 5,
                "p05": 247.55720000000002,
                "p95": 248.99399999999997,
                "samples": 5,
                "stdev": 0.597491556425697
              },
              "status": "ok"
            },
            "logical_iterations": 10
          },
          "single": {
            "dispatches_per_iteration": 1,
            "gpu_elapsed": {
              "clock": "vulkan_timestamp",
              "per_iteration_us": {
                "max": 26.04,
                "median": 25.32,
                "min": 24.8,
                "n": 5,
                "p05": 24.864000000000004,
                "p95": 25.967999999999996,
                "samples": 5,
                "stdev": 0.4318518264405043
              },
              "sequence_us": {
                "max": 26.04,
                "median": 25.32,
                "min": 24.8,
                "n": 5,
                "p05": 24.864000000000004,
                "p95": 25.967999999999996,
                "samples": 5,
                "stdev": 0.4318518264405043
              },
              "status": "ok"
            },
            "host_wall": {
              "clock": "steady_clock",
              "per_iteration_us": {
                "max": 91.102,
                "median": 87.931,
                "min": 78.341,
                "n": 5,
                "p05": 80.145,
                "p95": 90.7938,
                "samples": 5,
                "stdev": 4.455588957702453
              },
              "sequence_us": {
                "max": 91.102,
                "median": 87.931,
                "min": 78.341,
                "n": 5,
                "p05": 80.145,
                "p95": 90.7938,
                "samples": 5,
                "stdev": 4.455588957702453
              },
              "status": "ok"
            },
            "logical_iterations": 1
          }
        },
        "timing_mode": "serial_latency",
        "variant": "rowtile4",
        "workgroup_match": "vulkan_diagnostic_unmatched"
      },
      {
        "backend": "vulkan",
        "correctness": {
          "single_dispatch": {
            "oracle": "CPU Q8_0 dense q8_1+dp4a BF16 logits with KL <= 0.05 and top-1 >= 90%",
            "status": "pass"
          },
          "synchronization": {
            "barrier_count": 28,
            "method": "vulkan_compute_barrier",
            "status": "pass"
          },
          "timed_sequence": {
            "coverage": "chained_final_state",
            "logical_iterations": 10,
            "oracle": "CPU Q8_0 dense q8_1+dp4a BF16 logits with KL <= 0.05 and top-1 >= 90%",
            "status": "pass"
          }
        },
        "correctness_pass": true,
        "dependency_contract": {
          "inter_dispatch_ordering": "vulkan_compute_barrier",
          "output_partitioning": "chained_shared",
          "validation_status": "pass",
          "work_dependency": "chained"
        },
        "execution": {
          "actual_parallel_lanes": 1,
          "burst_lane_gpu_samples_us": [],
          "calibrated_timestamp_domain": false,
          "calibrated_timestamp_extension": "",
          "lane_assignment": "single_command_buffer",
          "requested_parallel_lanes": 4,
          "single_lane_gpu_samples_us": [],
          "submission_strategy": "vulkan_command_buffer"
        },
        "hardware": {
          "actual_independent_lanes": 1,
          "api_version": "1.4.318",
          "calibrated_timestamp_extension": "",
          "device_id": 30032,
          "device_name": "AMD Radeon Graphics (RADV GFX1201)",
          "device_type": 2,
          "driver_version_raw": 104865800,
          "queue_family": 1,
          "queue_flags": 14,
          "queue_timestamp_valid_bits": 64,
          "requested_api_version": "1.2",
          "requested_independent_lanes": 4,
          "shader_integer_dot_product": true,
          "storage_buffer_16bit": true,
          "timeline_semaphore": true,
          "vendor_id": 4098
        },
        "in_features": 2048,
        "local_size": 128,
        "median_us": 24.268,
        "numeric_correctness": {
          "burst": {
            "exact_bf16_mismatches": 158,
            "expected_repetitions": [
              9
            ],
            "kl_divergence": 5.842777039e-07,
            "max_abs": 0.0625,
            "mean_abs": 0.0008268356323,
            "outputs_checked": 1,
            "pass": true,
            "top1": 1
          },
          "single": {
            "exact_bf16_mismatches": 41,
            "expected_repetitions": [
              0
            ],
            "kl_divergence": 2.576833846e-09,
            "max_abs": 0.03125,
            "mean_abs": 0.0005187988281,
            "outputs_checked": 1,
            "pass": true,
            "top1": 1
          }
        },
        "operation": "q8_0_dense_dp4a_quantize_plus_dot",
        "out_features": 2048,
        "q8_0_weight_bytes": 4456448,
        "q8_blocks_per_row": 64,
        "row_tile": 4,
        "rows": 1,
        "sequence_validation": {
          "burst_expected_repetitions": [
            9
          ],
          "input_repetition_pattern": "distinct_deterministic_salt",
          "output_partitioning": "shared",
          "single_expected_repetitions": [
            0
          ],
          "xq_partitioning": "shared"
        },
        "submission": {
          "completion_in_host_wall": true,
          "queue_or_stream_count": 1,
          "recording_in_timed_region": false,
          "strategy": "vulkan_command_buffer",
          "submit_in_host_wall": true
        },
        "timing": {
          "burst": {
            "dispatches_per_iteration": 2,
            "gpu_elapsed": {
              "clock": "vulkan_timestamp",
              "per_iteration_us": {
                "max": 24.448,
                "median": 24.268,
                "min": 24.244,
                "n": 5,
                "p05": 24.247200000000003,
                "p95": 24.432000000000002,
                "samples": 5,
                "stdev": 0.07840816284035804
              },
              "sequence_us": {
                "max": 244.48,
                "median": 242.68,
                "min": 242.44,
                "n": 5,
                "p05": 242.472,
                "p95": 244.32,
                "samples": 5,
                "stdev": 0.7840816284035717
              },
              "status": "ok"
            },
            "host_wall": {
              "clock": "steady_clock",
              "per_iteration_us": {
                "max": 31.0725,
                "median": 30.646499999999996,
                "min": 30.256400000000003,
                "n": 5,
                "p05": 30.328420000000005,
                "p95": 30.996480000000002,
                "samples": 5,
                "stdev": 0.25927752390054903
              },
              "sequence_us": {
                "max": 310.725,
                "median": 306.465,
                "min": 302.564,
                "n": 5,
                "p05": 303.28420000000006,
                "p95": 309.9648,
                "samples": 5,
                "stdev": 2.592775239005494
              },
              "status": "ok"
            },
            "logical_iterations": 10
          },
          "single": {
            "dispatches_per_iteration": 2,
            "gpu_elapsed": {
              "clock": "vulkan_timestamp",
              "per_iteration_us": {
                "max": 27.84,
                "median": 27.36,
                "min": 27.04,
                "n": 5,
                "p05": 27.072000000000003,
                "p95": 27.84,
                "samples": 5,
                "stdev": 0.32946016451158433
              },
              "sequence_us": {
                "max": 27.84,
                "median": 27.36,
                "min": 27.04,
                "n": 5,
                "p05": 27.072000000000003,
                "p95": 27.84,
                "samples": 5,
                "stdev": 0.32946016451158433
              },
              "status": "ok"
            },
            "host_wall": {
              "clock": "steady_clock",
              "per_iteration_us": {
                "max": 90.591,
                "median": 89.881,
                "min": 88.392,
                "n": 5,
                "p05": 88.4278,
                "p95": 90.591,
                "samples": 5,
                "stdev": 0.955101334937816
              },
              "sequence_us": {
                "max": 90.591,
                "median": 89.881,
                "min": 88.392,
                "n": 5,
                "p05": 88.4278,
                "p95": 90.591,
                "samples": 5,
                "stdev": 0.955101334937816
              },
              "status": "ok"
            },
            "logical_iterations": 1
          }
        },
        "timing_mode": "serial_latency",
        "variant": "rowtile4",
        "workgroup_match": "vulkan_diagnostic_unmatched"
      },
      {
        "backend": "vulkan",
        "correctness": {
          "single_dispatch": {
            "oracle": "CPU Q8_0 dense q8_1+dp4a BF16 logits with KL <= 0.05 and top-1 >= 90%",
            "status": "pass"
          },
          "synchronization": {
            "barrier_count": 9,
            "method": "vulkan_compute_barrier",
            "status": "pass"
          },
          "timed_sequence": {
            "coverage": "chained_final_state",
            "logical_iterations": 10,
            "oracle": "CPU Q8_0 dense q8_1+dp4a BF16 logits with KL <= 0.05 and top-1 >= 90%",
            "status": "pass"
          }
        },
        "correctness_pass": true,
        "dependency_contract": {
          "inter_dispatch_ordering": "vulkan_compute_barrier",
          "output_partitioning": "chained_shared",
          "validation_status": "pass",
          "work_dependency": "chained"
        },
        "execution": {
          "actual_parallel_lanes": 1,
          "burst_lane_gpu_samples_us": [],
          "calibrated_timestamp_domain": false,
          "calibrated_timestamp_extension": "",
          "lane_assignment": "single_command_buffer",
          "requested_parallel_lanes": 4,
          "single_lane_gpu_samples_us": [],
          "submission_strategy": "vulkan_command_buffer"
        },
        "hardware": {
          "actual_independent_lanes": 1,
          "api_version": "1.4.318",
          "calibrated_timestamp_extension": "",
          "device_id": 30032,
          "device_name": "AMD Radeon Graphics (RADV GFX1201)",
          "device_type": 2,
          "driver_version_raw": 104865800,
          "queue_family": 1,
          "queue_flags": 14,
          "queue_timestamp_valid_bits": 64,
          "requested_api_version": "1.2",
          "requested_independent_lanes": 4,
          "shader_integer_dot_product": true,
          "storage_buffer_16bit": true,
          "timeline_semaphore": true,
          "vendor_id": 4098
        },
        "in_features": 2048,
        "local_size": 128,
        "median_us": 27.651999999999997,
        "numeric_correctness": {
          "burst": {
            "exact_bf16_mismatches": 1534,
            "expected_repetitions": [
              9
            ],
            "kl_divergence": 0.0001183141109,
            "max_abs": 0.0625,
            "mean_abs": 0.0008707661182,
            "outputs_checked": 1,
            "pass": true,
            "top1": 1
          },
          "single": {
            "exact_bf16_mismatches": 1017,
            "expected_repetitions": [
              0
            ],
            "kl_divergence": 4.436209871e-06,
            "max_abs": 0.03125,
            "mean_abs": 0.000759601593,
            "outputs_checked": 1,
            "pass": true,
            "top1": 1
          }
        },
        "operation": "q8_0_dense_dp4a_dot_prequantized",
        "out_features": 2048,
        "q8_0_weight_bytes": 4456448,
        "q8_blocks_per_row": 64,
        "row_tile": 4,
        "rows": 4,
        "sequence_validation": {
          "burst_expected_repetitions": [
            9
          ],
          "input_repetition_pattern": "distinct_deterministic_salt",
          "output_partitioning": "shared",
          "single_expected_repetitions": [
            0
          ],
          "xq_partitioning": "shared"
        },
        "submission": {
          "completion_in_host_wall": true,
          "queue_or_stream_count": 1,
          "recording_in_timed_region": false,
          "strategy": "vulkan_command_buffer",
          "submit_in_host_wall": true
        },
        "timing": {
          "burst": {
            "dispatches_per_iteration": 1,
            "gpu_elapsed": {
              "clock": "vulkan_timestamp",
              "per_iteration_us": {
                "max": 27.668,
                "median": 27.651999999999997,
                "min": 27.624000000000002,
                "n": 5,
                "p05": 27.624800000000004,
                "p95": 27.666400000000003,
                "samples": 5,
                "stdev": 0.0174539393834175
              },
              "sequence_us": {
                "max": 276.68,
                "median": 276.52,
                "min": 276.24,
                "n": 5,
                "p05": 276.24800000000005,
                "p95": 276.66400000000004,
                "samples": 5,
                "stdev": 0.1745393938341789
              },
              "status": "ok"
            },
            "host_wall": {
              "clock": "steady_clock",
              "per_iteration_us": {
                "max": 34.968599999999995,
                "median": 34.2975,
                "min": 34.1015,
                "n": 5,
                "p05": 34.115320000000004,
                "p95": 34.95797999999999,
                "samples": 5,
                "stdev": 0.374195224982893
              },
              "sequence_us": {
                "max": 349.686,
                "median": 342.975,
                "min": 341.015,
                "n": 5,
                "p05": 341.1532,
                "p95": 349.5798,
                "samples": 5,
                "stdev": 3.7419522498289437
              },
              "status": "ok"
            },
            "logical_iterations": 10
          },
          "single": {
            "dispatches_per_iteration": 1,
            "gpu_elapsed": {
              "clock": "vulkan_timestamp",
              "per_iteration_us": {
                "max": 35.4,
                "median": 34.32,
                "min": 34.12,
                "n": 5,
                "p05": 34.136,
                "p95": 35.328,
                "samples": 5,
                "stdev": 0.510121554141755
              },
              "sequence_us": {
                "max": 35.4,
                "median": 34.32,
                "min": 34.12,
                "n": 5,
                "p05": 34.136,
                "p95": 35.328,
                "samples": 5,
                "stdev": 0.510121554141755
              },
              "status": "ok"
            },
            "host_wall": {
              "clock": "steady_clock",
              "per_iteration_us": {
                "max": 99.682,
                "median": 98.452,
                "min": 88.681,
                "n": 5,
                "p05": 90.339,
                "p95": 99.4418,
                "samples": 5,
                "stdev": 3.980139022697575
              },
              "sequence_us": {
                "max": 99.682,
                "median": 98.452,
                "min": 88.681,
                "n": 5,
                "p05": 90.339,
                "p95": 99.4418,
                "samples": 5,
                "stdev": 3.980139022697575
              },
              "status": "ok"
            },
            "logical_iterations": 1
          }
        },
        "timing_mode": "serial_latency",
        "variant": "rowtile4",
        "workgroup_match": "vulkan_diagnostic_unmatched"
      },
      {
        "backend": "vulkan",
        "correctness": {
          "single_dispatch": {
            "oracle": "CPU Q8_0 dense q8_1+dp4a BF16 logits with KL <= 0.05 and top-1 >= 90%",
            "status": "pass"
          },
          "synchronization": {
            "barrier_count": 28,
            "method": "vulkan_compute_barrier",
            "status": "pass"
          },
          "timed_sequence": {
            "coverage": "chained_final_state",
            "logical_iterations": 10,
            "oracle": "CPU Q8_0 dense q8_1+dp4a BF16 logits with KL <= 0.05 and top-1 >= 90%",
            "status": "pass"
          }
        },
        "correctness_pass": true,
        "dependency_contract": {
          "inter_dispatch_ordering": "vulkan_compute_barrier",
          "output_partitioning": "chained_shared",
          "validation_status": "pass",
          "work_dependency": "chained"
        },
        "execution": {
          "actual_parallel_lanes": 1,
          "burst_lane_gpu_samples_us": [],
          "calibrated_timestamp_domain": false,
          "calibrated_timestamp_extension": "",
          "lane_assignment": "single_command_buffer",
          "requested_parallel_lanes": 4,
          "single_lane_gpu_samples_us": [],
          "submission_strategy": "vulkan_command_buffer"
        },
        "hardware": {
          "actual_independent_lanes": 1,
          "api_version": "1.4.318",
          "calibrated_timestamp_extension": "",
          "device_id": 30032,
          "device_name": "AMD Radeon Graphics (RADV GFX1201)",
          "device_type": 2,
          "driver_version_raw": 104865800,
          "queue_family": 1,
          "queue_flags": 14,
          "queue_timestamp_valid_bits": 64,
          "requested_api_version": "1.2",
          "requested_independent_lanes": 4,
          "shader_integer_dot_product": true,
          "storage_buffer_16bit": true,
          "timeline_semaphore": true,
          "vendor_id": 4098
        },
        "in_features": 2048,
        "local_size": 128,
        "median_us": 33.572,
        "numeric_correctness": {
          "burst": {
            "exact_bf16_mismatches": 1534,
            "expected_repetitions": [
              9
            ],
            "kl_divergence": 0.0001183141109,
            "max_abs": 0.0625,
            "mean_abs": 0.0008707661182,
            "outputs_checked": 1,
            "pass": true,
            "top1": 1
          },
          "single": {
            "exact_bf16_mismatches": 1017,
            "expected_repetitions": [
              0
            ],
            "kl_divergence": 4.436209871e-06,
            "max_abs": 0.03125,
            "mean_abs": 0.000759601593,
            "outputs_checked": 1,
            "pass": true,
            "top1": 1
          }
        },
        "operation": "q8_0_dense_dp4a_quantize_plus_dot",
        "out_features": 2048,
        "q8_0_weight_bytes": 4456448,
        "q8_blocks_per_row": 64,
        "row_tile": 4,
        "rows": 4,
        "sequence_validation": {
          "burst_expected_repetitions": [
            9
          ],
          "input_repetition_pattern": "distinct_deterministic_salt",
          "output_partitioning": "shared",
          "single_expected_repetitions": [
            0
          ],
          "xq_partitioning": "shared"
        },
        "submission": {
          "completion_in_host_wall": true,
          "queue_or_stream_count": 1,
          "recording_in_timed_region": false,
          "strategy": "vulkan_command_buffer",
          "submit_in_host_wall": true
        },
        "timing": {
          "burst": {
            "dispatches_per_iteration": 2,
            "gpu_elapsed": {
              "clock": "vulkan_timestamp",
              "per_iteration_us": {
                "max": 33.636,
                "median": 33.572,
                "min": 33.42,
                "n": 5,
                "p05": 33.430400000000006,
                "p95": 33.632000000000005,
                "samples": 5,
                "stdev": 0.08365261502188681
              },
              "sequence_us": {
                "max": 336.36,
                "median": 335.72,
                "min": 334.2,
                "n": 5,
                "p05": 334.30400000000003,
                "p95": 336.32000000000005,
                "samples": 5,
                "stdev": 0.8365261502188759
              },
              "status": "ok"
            },
            "host_wall": {
              "clock": "steady_clock",
              "per_iteration_us": {
                "max": 40.5747,
                "median": 40.1556,
                "min": 39.9016,
                "n": 5,
                "p05": 39.9292,
                "p95": 40.500080000000004,
                "samples": 5,
                "stdev": 0.22535483487158595
              },
              "sequence_us": {
                "max": 405.747,
                "median": 401.556,
                "min": 399.016,
                "n": 5,
                "p05": 399.29200000000003,
                "p95": 405.0008,
                "samples": 5,
                "stdev": 2.2535483487158636
              },
              "status": "ok"
            },
            "logical_iterations": 10
          },
          "single": {
            "dispatches_per_iteration": 2,
            "gpu_elapsed": {
              "clock": "vulkan_timestamp",
              "per_iteration_us": {
                "max": 43.76,
                "median": 37.2,
                "min": 36.4,
                "n": 5,
                "p05": 36.528,
                "p95": 43.751999999999995,
                "samples": 5,
                "stdev": 3.3713712343792688
              },
              "sequence_us": {
                "max": 43.76,
                "median": 37.2,
                "min": 36.4,
                "n": 5,
                "p05": 36.528,
                "p95": 43.751999999999995,
                "samples": 5,
                "stdev": 3.3713712343792688
              },
              "status": "ok"
            },
            "host_wall": {
              "clock": "steady_clock",
              "per_iteration_us": {
                "max": 118.672,
                "median": 103.812,
                "min": 101.982,
                "n": 5,
                "p05": 102.1498,
                "p95": 118.12379999999999,
                "samples": 5,
                "stdev": 7.145613328469432
              },
              "sequence_us": {
                "max": 118.672,
                "median": 103.812,
                "min": 101.982,
                "n": 5,
                "p05": 102.1498,
                "p95": 118.12379999999999,
                "samples": 5,
                "stdev": 7.145613328469432
              },
              "status": "ok"
            },
            "logical_iterations": 1
          }
        },
        "timing_mode": "serial_latency",
        "variant": "rowtile4",
        "workgroup_match": "vulkan_diagnostic_unmatched"
      }
    ]
  },
  "notes": "Vulkan raw GGUF Q8_0 dense q8_1+dp4a production-shaped probe with single-row and rowtile4 shader variants.",
  "parameters": {
    "actual_parallel_lanes": 1,
    "exact_local_size": 32,
    "independent_streams": 4,
    "input_scale": 0.1,
    "local_sizes": "32,64,128",
    "repetitions": 10,
    "row_tiles": "1,4",
    "rows_list": "1,4",
    "samples": 5,
    "shapes": "768x2048,2048x2048",
    "timing_mode": "serial_latency",
    "warmup_sequences": 3
  },
  "schema_version": 2,
  "source": {
    "branch": "",
    "commit": "f2c3ad6d74c86e3641ce09ff9fd759eaa6cd75e0",
    "dirty": false,
    "repo": "/tmp/hipEngine-f2c",
    "source_hash": "sha256:f4823f57deeeaa713b202229f2e16bcb19ae9b0edc375123de4b7e9e8e1e0eb5"
  },
  "timing_config": {
    "actual_parallel_lanes": 1,
    "calibrated_timestamp_extension": "",
    "independent_streams": 4,
    "method": "Vulkan timestamps plus submit/fence host wall; exact repeated command buffers for serial and single-operation rows, calibrated timeline-coordinated multi-queue lanes for independent combined rows",
    "reps": 10,
    "samples": 5,
    "timing_mode": "serial_latency",
    "warmup": 3
  },
  "wrapper": {
    "build_dir": "/home/kaden/ClaudeCode/autorocm/redline-pub/examples/hipengine-6409/results/gfx1201/2026-07-12/build/vulkan/dense-q8",
    "command": [
      "python3",
      "/tmp/hipEngine-f2c/benchmarks/micro/runners/q8_0_dense_real_slice.py",
      "--backend",
      "vulkan",
      "--timing-mode",
      "serial_latency",
      "--independent-streams",
      "4",
      "--reps",
      "10",
      "--warmup",
      "3",
      "--samples",
      "5",
      "--environment-json",
      "/home/kaden/ClaudeCode/autorocm/redline-pub/examples/hipengine-6409/results/gfx1201/2026-07-12/environment.json",
      "--environment-ref",
      "/home/kaden/ClaudeCode/autorocm/redline-pub/examples/hipengine-6409/results/gfx1201/2026-07-12/environment.json",
      "--gfx-arch",
      "gfx1201",
      "--hardware-gpu",
      "AMD Radeon Graphics",
      "--build-dir",
      "/home/kaden/ClaudeCode/autorocm/redline-pub/examples/hipengine-6409/results/gfx1201/2026-07-12/build/vulkan/dense-q8",
      "--shapes",
      "768x2048,2048x2048",
      "--rows-list",
      "1,4",
      "--local-sizes",
      "32,64,128",
      "--row-tiles",
      "1,4",
      "--out",
      "/home/kaden/ClaudeCode/autorocm/redline-pub/examples/hipengine-6409/results/gfx1201/2026-07-12/serial_latency/vulkan-dense-q8.json",
      "--pretty"
    ],
    "commands": [
      {
        "command": [
          "/tmp/shaderc-2025/root/usr/bin/glslc",
          "--target-env=vulkan1.2",
          "-O",
          "/tmp/hipEngine-f2c/benchmarks/micro/kernels/vulkan/q8_1_quantize.comp",
          "-o",
          "/home/kaden/ClaudeCode/autorocm/redline-pub/examples/hipengine-6409/results/gfx1201/2026-07-12/build/vulkan/dense-q8/q8_1_quantize.spv"
        ],
        "kind": "compile_shader"
      },
      {
        "command": [
          "/usr/bin/c++",
          "-O2",
          "-std=c++17",
          "/tmp/hipEngine-f2c/benchmarks/micro/runners/vulkan_q8_0_dense.cpp",
          "-o",
          "/home/kaden/ClaudeCode/autorocm/redline-pub/examples/hipengine-6409/results/gfx1201/2026-07-12/build/vulkan/dense-q8/vulkan_q8_0_dense",
          "-lvulkan"
        ],
        "kind": "compile_harness"
      },
      {
        "command": [
          "/tmp/shaderc-2025/root/usr/bin/glslc",
          "--target-env=vulkan1.2",
          "-O",
          "-DHIPENGINE_LOCAL_SIZE_X=32",
          "-DHIPENGINE_ROW_TILE=1",
          "/tmp/hipEngine-f2c/benchmarks/micro/kernels/vulkan/q8_0_dense.comp",
          "-o",
          "/home/kaden/ClaudeCode/autorocm/redline-pub/examples/hipengine-6409/results/gfx1201/2026-07-12/build/vulkan/dense-q8/vulkan/ls32_rt1/q8_0_dense.spv"
        ],
        "kind": "compile_shader",
        "local_size": 32,
        "row_tile": 1,
        "variant": "single"
      },
      {
        "command": [
          "/home/kaden/ClaudeCode/autorocm/redline-pub/examples/hipengine-6409/results/gfx1201/2026-07-12/build/vulkan/dense-q8/vulkan_q8_0_dense",
          "--quantize-spirv",
          "/home/kaden/ClaudeCode/autorocm/redline-pub/examples/hipengine-6409/results/gfx1201/2026-07-12/build/vulkan/dense-q8/q8_1_quantize.spv",
          "--dot-spirv",
          "/home/kaden/ClaudeCode/autorocm/redline-pub/examples/hipengine-6409/results/gfx1201/2026-07-12/build/vulkan/dense-q8/vulkan/ls32_rt1/q8_0_dense.spv",
          "--json",
          "/home/kaden/ClaudeCode/autorocm/redline-pub/examples/hipengine-6409/results/gfx1201/2026-07-12/build/vulkan/dense-q8/vulkan/ls32_rt1/raw_768x2048_rows1.json",
          "--rows",
          "1",
          "--in-features",
          "768",
          "--out-features",
          "2048",
          "--input-scale",
          "0.1",
          "--local-size",
          "32",
          "--row-tile",
          "1",
          "--reps",
          "10",
          "--warmup",
          "3",
          "--samples",
          "5",
          "--timing-mode",
          "serial_latency",
          "--independent-lanes",
          "4",
          "--device-index",
          "0"
        ],
        "kind": "run_harness",
        "local_size": 32,
        "raw_json_retained": false,
        "returncode": 0,
        "row_tile": 1,
        "rows": 1,
        "shape": "768x2048",
        "variant": "single"
      },
      {
        "command": [
          "/home/kaden/ClaudeCode/autorocm/redline-pub/examples/hipengine-6409/results/gfx1201/2026-07-12/build/vulkan/dense-q8/vulkan_q8_0_dense",
          "--quantize-spirv",
          "/home/kaden/ClaudeCode/autorocm/redline-pub/examples/hipengine-6409/results/gfx1201/2026-07-12/build/vulkan/dense-q8/q8_1_quantize.spv",
          "--dot-spirv",
          "/home/kaden/ClaudeCode/autorocm/redline-pub/examples/hipengine-6409/results/gfx1201/2026-07-12/build/vulkan/dense-q8/vulkan/ls32_rt1/q8_0_dense.spv",
          "--json",
          "/home/kaden/ClaudeCode/autorocm/redline-pub/examples/hipengine-6409/results/gfx1201/2026-07-12/build/vulkan/dense-q8/vulkan/ls32_rt1/raw_768x2048_rows4.json",
          "--rows",
          "4",
          "--in-features",
          "768",
          "--out-features",
          "2048",
          "--input-scale",
          "0.1",
          "--local-size",
          "32",
          "--row-tile",
          "1",
          "--reps",
          "10",
          "--warmup",
          "3",
          "--samples",
          "5",
          "--timing-mode",
          "serial_latency",
          "--independent-lanes",
          "4",
          "--device-index",
          "0"
        ],
        "kind": "run_harness",
        "local_size": 32,
        "raw_json_retained": false,
        "returncode": 0,
        "row_tile": 1,
        "rows": 4,
        "shape": "768x2048",
        "variant": "single"
      },
      {
        "command": [
          "/home/kaden/ClaudeCode/autorocm/redline-pub/examples/hipengine-6409/results/gfx1201/2026-07-12/build/vulkan/dense-q8/vulkan_q8_0_dense",
          "--quantize-spirv",
          "/home/kaden/ClaudeCode/autorocm/redline-pub/examples/hipengine-6409/results/gfx1201/2026-07-12/build/vulkan/dense-q8/q8_1_quantize.spv",
          "--dot-spirv",
          "/home/kaden/ClaudeCode/autorocm/redline-pub/examples/hipengine-6409/results/gfx1201/2026-07-12/build/vulkan/dense-q8/vulkan/ls32_rt1/q8_0_dense.spv",
          "--json",
          "/home/kaden/ClaudeCode/autorocm/redline-pub/examples/hipengine-6409/results/gfx1201/2026-07-12/build/vulkan/dense-q8/vulkan/ls32_rt1/raw_2048x2048_rows1.json",
          "--rows",
          "1",
          "--in-features",
          "2048",
          "--out-features",
          "2048",
          "--input-scale",
          "0.1",
          "--local-size",
          "32",
          "--row-tile",
          "1",
          "--reps",
          "10",
          "--warmup",
          "3",
          "--samples",
          "5",
          "--timing-mode",
          "serial_latency",
          "--independent-lanes",
          "4",
          "--device-index",
          "0"
        ],
        "kind": "run_harness",
        "local_size": 32,
        "raw_json_retained": false,
        "returncode": 0,
        "row_tile": 1,
        "rows": 1,
        "shape": "2048x2048",
        "variant": "single"
      },
      {
        "command": [
          "/home/kaden/ClaudeCode/autorocm/redline-pub/examples/hipengine-6409/results/gfx1201/2026-07-12/build/vulkan/dense-q8/vulkan_q8_0_dense",
          "--quantize-spirv",
          "/home/kaden/ClaudeCode/autorocm/redline-pub/examples/hipengine-6409/results/gfx1201/2026-07-12/build/vulkan/dense-q8/q8_1_quantize.spv",
          "--dot-spirv",
          "/home/kaden/ClaudeCode/autorocm/redline-pub/examples/hipengine-6409/results/gfx1201/2026-07-12/build/vulkan/dense-q8/vulkan/ls32_rt1/q8_0_dense.spv",
          "--json",
          "/home/kaden/ClaudeCode/autorocm/redline-pub/examples/hipengine-6409/results/gfx1201/2026-07-12/build/vulkan/dense-q8/vulkan/ls32_rt1/raw_2048x2048_rows4.json",
          "--rows",
          "4",
          "--in-features",
          "2048",
          "--out-features",
          "2048",
          "--input-scale",
          "0.1",
          "--local-size",
          "32",
          "--row-tile",
          "1",
          "--reps",
          "10",
          "--warmup",
          "3",
          "--samples",
          "5",
          "--timing-mode",
          "serial_latency",
          "--independent-lanes",
          "4",
          "--device-index",
          "0"
        ],
        "kind": "run_harness",
        "local_size": 32,
        "raw_json_retained": false,
        "returncode": 0,
        "row_tile": 1,
        "rows": 4,
        "shape": "2048x2048",
        "variant": "single"
      },
      {
        "command": [
          "/tmp/shaderc-2025/root/usr/bin/glslc",
          "--target-env=vulkan1.2",
          "-O",
          "-DHIPENGINE_LOCAL_SIZE_X=32",
          "-DHIPENGINE_ROW_TILE=4",
          "/tmp/hipEngine-f2c/benchmarks/micro/kernels/vulkan/q8_0_dense.comp",
          "-o",
          "/home/kaden/ClaudeCode/autorocm/redline-pub/examples/hipengine-6409/results/gfx1201/2026-07-12/build/vulkan/dense-q8/vulkan/ls32_rt4/q8_0_dense.spv"
        ],
        "kind": "compile_shader",
        "local_size": 32,
        "row_tile": 4,
        "variant": "rowtile4"
      },
      {
        "command": [
          "/home/kaden/ClaudeCode/autorocm/redline-pub/examples/hipengine-6409/results/gfx1201/2026-07-12/build/vulkan/dense-q8/vulkan_q8_0_dense",
          "--quantize-spirv",
          "/home/kaden/ClaudeCode/autorocm/redline-pub/examples/hipengine-6409/results/gfx1201/2026-07-12/build/vulkan/dense-q8/q8_1_quantize.spv",
          "--dot-spirv",
          "/home/kaden/ClaudeCode/autorocm/redline-pub/examples/hipengine-6409/results/gfx1201/2026-07-12/build/vulkan/dense-q8/vulkan/ls32_rt4/q8_0_dense.spv",
          "--json",
          "/home/kaden/ClaudeCode/autorocm/redline-pub/examples/hipengine-6409/results/gfx1201/2026-07-12/build/vulkan/dense-q8/vulkan/ls32_rt4/raw_768x2048_rows1.json",
          "--rows",
          "1",
          "--in-features",
          "768",
          "--out-features",
          "2048",
          "--input-scale",
          "0.1",
          "--local-size",
          "32",
          "--row-tile",
          "4",
          "--reps",
          "10",
          "--warmup",
          "3",
          "--samples",
          "5",
          "--timing-mode",
          "serial_latency",
          "--independent-lanes",
          "4",
          "--device-index",
          "0"
        ],
        "kind": "run_harness",
        "local_size": 32,
        "raw_json_retained": false,
        "returncode": 0,
        "row_tile": 4,
        "rows": 1,
        "shape": "768x2048",
        "variant": "rowtile4"
      },
      {
        "command": [
          "/home/kaden/ClaudeCode/autorocm/redline-pub/examples/hipengine-6409/results/gfx1201/2026-07-12/build/vulkan/dense-q8/vulkan_q8_0_dense",
          "--quantize-spirv",
          "/home/kaden/ClaudeCode/autorocm/redline-pub/examples/hipengine-6409/results/gfx1201/2026-07-12/build/vulkan/dense-q8/q8_1_quantize.spv",
          "--dot-spirv",
          "/home/kaden/ClaudeCode/autorocm/redline-pub/examples/hipengine-6409/results/gfx1201/2026-07-12/build/vulkan/dense-q8/vulkan/ls32_rt4/q8_0_dense.spv",
          "--json",
          "/home/kaden/ClaudeCode/autorocm/redline-pub/examples/hipengine-6409/results/gfx1201/2026-07-12/build/vulkan/dense-q8/vulkan/ls32_rt4/raw_768x2048_rows4.json",
          "--rows",
          "4",
          "--in-features",
          "768",
          "--out-features",
          "2048",
          "--input-scale",
          "0.1",
          "--local-size",
          "32",
          "--row-tile",
          "4",
          "--reps",
          "10",
          "--warmup",
          "3",
          "--samples",
          "5",
          "--timing-mode",
          "serial_latency",
          "--independent-lanes",
          "4",
          "--device-index",
          "0"
        ],
        "kind": "run_harness",
        "local_size": 32,
        "raw_json_retained": false,
        "returncode": 0,
        "row_tile": 4,
        "rows": 4,
        "shape": "768x2048",
        "variant": "rowtile4"
      },
      {
        "command": [
          "/home/kaden/ClaudeCode/autorocm/redline-pub/examples/hipengine-6409/results/gfx1201/2026-07-12/build/vulkan/dense-q8/vulkan_q8_0_dense",
          "--quantize-spirv",
          "/home/kaden/ClaudeCode/autorocm/redline-pub/examples/hipengine-6409/results/gfx1201/2026-07-12/build/vulkan/dense-q8/q8_1_quantize.spv",
          "--dot-spirv",
          "/home/kaden/ClaudeCode/autorocm/redline-pub/examples/hipengine-6409/results/gfx1201/2026-07-12/build/vulkan/dense-q8/vulkan/ls32_rt4/q8_0_dense.spv",
          "--json",
          "/home/kaden/ClaudeCode/autorocm/redline-pub/examples/hipengine-6409/results/gfx1201/2026-07-12/build/vulkan/dense-q8/vulkan/ls32_rt4/raw_2048x2048_rows1.json",
          "--rows",
          "1",
          "--in-features",
          "2048",
          "--out-features",
          "2048",
          "--input-scale",
          "0.1",
          "--local-size",
          "32",
          "--row-tile",
          "4",
          "--reps",
          "10",
          "--warmup",
          "3",
          "--samples",
          "5",
          "--timing-mode",
          "serial_latency",
          "--independent-lanes",
          "4",
          "--device-index",
          "0"
        ],
        "kind": "run_harness",
        "local_size": 32,
        "raw_json_retained": false,
        "returncode": 0,
        "row_tile": 4,
        "rows": 1,
        "shape": "2048x2048",
        "variant": "rowtile4"
      },
      {
        "command": [
          "/home/kaden/ClaudeCode/autorocm/redline-pub/examples/hipengine-6409/results/gfx1201/2026-07-12/build/vulkan/dense-q8/vulkan_q8_0_dense",
          "--quantize-spirv",
          "/home/kaden/ClaudeCode/autorocm/redline-pub/examples/hipengine-6409/results/gfx1201/2026-07-12/build/vulkan/dense-q8/q8_1_quantize.spv",
          "--dot-spirv",
          "/home/kaden/ClaudeCode/autorocm/redline-pub/examples/hipengine-6409/results/gfx1201/2026-07-12/build/vulkan/dense-q8/vulkan/ls32_rt4/q8_0_dense.spv",
          "--json",
          "/home/kaden/ClaudeCode/autorocm/redline-pub/examples/hipengine-6409/results/gfx1201/2026-07-12/build/vulkan/dense-q8/vulkan/ls32_rt4/raw_2048x2048_rows4.json",
          "--rows",
          "4",
          "--in-features",
          "2048",
          "--out-features",
          "2048",
          "--input-scale",
          "0.1",
          "--local-size",
          "32",
          "--row-tile",
          "4",
          "--reps",
          "10",
          "--warmup",
          "3",
          "--samples",
          "5",
          "--timing-mode",
          "serial_latency",
          "--independent-lanes",
          "4",
          "--device-index",
          "0"
        ],
        "kind": "run_harness",
        "local_size": 32,
        "raw_json_retained": false,
        "returncode": 0,
        "row_tile": 4,
        "rows": 4,
        "shape": "2048x2048",
        "variant": "rowtile4"
      },
      {
        "command": [
          "/tmp/shaderc-2025/root/usr/bin/glslc",
          "--target-env=vulkan1.2",
          "-O",
          "-DHIPENGINE_LOCAL_SIZE_X=64",
          "-DHIPENGINE_ROW_TILE=1",
          "/tmp/hipEngine-f2c/benchmarks/micro/kernels/vulkan/q8_0_dense.comp",
          "-o",
          "/home/kaden/ClaudeCode/autorocm/redline-pub/examples/hipengine-6409/results/gfx1201/2026-07-12/build/vulkan/dense-q8/vulkan/ls64_rt1/q8_0_dense.spv"
        ],
        "kind": "compile_shader",
        "local_size": 64,
        "row_tile": 1,
        "variant": "single"
      },
      {
        "command": [
          "/home/kaden/ClaudeCode/autorocm/redline-pub/examples/hipengine-6409/results/gfx1201/2026-07-12/build/vulkan/dense-q8/vulkan_q8_0_dense",
          "--quantize-spirv",
          "/home/kaden/ClaudeCode/autorocm/redline-pub/examples/hipengine-6409/results/gfx1201/2026-07-12/build/vulkan/dense-q8/q8_1_quantize.spv",
          "--dot-spirv",
          "/home/kaden/ClaudeCode/autorocm/redline-pub/examples/hipengine-6409/results/gfx1201/2026-07-12/build/vulkan/dense-q8/vulkan/ls64_rt1/q8_0_dense.spv",
          "--json",
          "/home/kaden/ClaudeCode/autorocm/redline-pub/examples/hipengine-6409/results/gfx1201/2026-07-12/build/vulkan/dense-q8/vulkan/ls64_rt1/raw_768x2048_rows1.json",
          "--rows",
          "1",
          "--in-features",
          "768",
          "--out-features",
          "2048",
          "--input-scale",
          "0.1",
          "--local-size",
          "64",
          "--row-tile",
          "1",
          "--reps",
          "10",
          "--warmup",
          "3",
          "--samples",
          "5",
          "--timing-mode",
          "serial_latency",
          "--independent-lanes",
          "4",
          "--device-index",
          "0"
        ],
        "kind": "run_harness",
        "local_size": 64,
        "raw_json_retained": false,
        "returncode": 0,
        "row_tile": 1,
        "rows": 1,
        "shape": "768x2048",
        "variant": "single"
      },
      {
        "command": [
          "/home/kaden/ClaudeCode/autorocm/redline-pub/examples/hipengine-6409/results/gfx1201/2026-07-12/build/vulkan/dense-q8/vulkan_q8_0_dense",
          "--quantize-spirv",
          "/home/kaden/ClaudeCode/autorocm/redline-pub/examples/hipengine-6409/results/gfx1201/2026-07-12/build/vulkan/dense-q8/q8_1_quantize.spv",
          "--dot-spirv",
          "/home/kaden/ClaudeCode/autorocm/redline-pub/examples/hipengine-6409/results/gfx1201/2026-07-12/build/vulkan/dense-q8/vulkan/ls64_rt1/q8_0_dense.spv",
          "--json",
          "/home/kaden/ClaudeCode/autorocm/redline-pub/examples/hipengine-6409/results/gfx1201/2026-07-12/build/vulkan/dense-q8/vulkan/ls64_rt1/raw_768x2048_rows4.json",
          "--rows",
          "4",
          "--in-features",
          "768",
          "--out-features",
          "2048",
          "--input-scale",
          "0.1",
          "--local-size",
          "64",
          "--row-tile",
          "1",
          "--reps",
          "10",
          "--warmup",
          "3",
          "--samples",
          "5",
          "--timing-mode",
          "serial_latency",
          "--independent-lanes",
          "4",
          "--device-index",
          "0"
        ],
        "kind": "run_harness",
        "local_size": 64,
        "raw_json_retained": false,
        "returncode": 0,
        "row_tile": 1,
        "rows": 4,
        "shape": "768x2048",
        "variant": "single"
      },
      {
        "command": [
          "/home/kaden/ClaudeCode/autorocm/redline-pub/examples/hipengine-6409/results/gfx1201/2026-07-12/build/vulkan/dense-q8/vulkan_q8_0_dense",
          "--quantize-spirv",
          "/home/kaden/ClaudeCode/autorocm/redline-pub/examples/hipengine-6409/results/gfx1201/2026-07-12/build/vulkan/dense-q8/q8_1_quantize.spv",
          "--dot-spirv",
          "/home/kaden/ClaudeCode/autorocm/redline-pub/examples/hipengine-6409/results/gfx1201/2026-07-12/build/vulkan/dense-q8/vulkan/ls64_rt1/q8_0_dense.spv",
          "--json",
          "/home/kaden/ClaudeCode/autorocm/redline-pub/examples/hipengine-6409/results/gfx1201/2026-07-12/build/vulkan/dense-q8/vulkan/ls64_rt1/raw_2048x2048_rows1.json",
          "--rows",
          "1",
          "--in-features",
          "2048",
          "--out-features",
          "2048",
          "--input-scale",
          "0.1",
          "--local-size",
          "64",
          "--row-tile",
          "1",
          "--reps",
          "10",
          "--warmup",
          "3",
          "--samples",
          "5",
          "--timing-mode",
          "serial_latency",
          "--independent-lanes",
          "4",
          "--device-index",
          "0"
        ],
        "kind": "run_harness",
        "local_size": 64,
        "raw_json_retained": false,
        "returncode": 0,
        "row_tile": 1,
        "rows": 1,
        "shape": "2048x2048",
        "variant": "single"
      },
      {
        "command": [
          "/home/kaden/ClaudeCode/autorocm/redline-pub/examples/hipengine-6409/results/gfx1201/2026-07-12/build/vulkan/dense-q8/vulkan_q8_0_dense",
          "--quantize-spirv",
          "/home/kaden/ClaudeCode/autorocm/redline-pub/examples/hipengine-6409/results/gfx1201/2026-07-12/build/vulkan/dense-q8/q8_1_quantize.spv",
          "--dot-spirv",
          "/home/kaden/ClaudeCode/autorocm/redline-pub/examples/hipengine-6409/results/gfx1201/2026-07-12/build/vulkan/dense-q8/vulkan/ls64_rt1/q8_0_dense.spv",
          "--json",
          "/home/kaden/ClaudeCode/autorocm/redline-pub/examples/hipengine-6409/results/gfx1201/2026-07-12/build/vulkan/dense-q8/vulkan/ls64_rt1/raw_2048x2048_rows4.json",
          "--rows",
          "4",
          "--in-features",
          "2048",
          "--out-features",
          "2048",
          "--input-scale",
          "0.1",
          "--local-size",
          "64",
          "--row-tile",
          "1",
          "--reps",
          "10",
          "--warmup",
          "3",
          "--samples",
          "5",
          "--timing-mode",
          "serial_latency",
          "--independent-lanes",
          "4",
          "--device-index",
          "0"
        ],
        "kind": "run_harness",
        "local_size": 64,
        "raw_json_retained": false,
        "returncode": 0,
        "row_tile": 1,
        "rows": 4,
        "shape": "2048x2048",
        "variant": "single"
      },
      {
        "command": [
          "/tmp/shaderc-2025/root/usr/bin/glslc",
          "--target-env=vulkan1.2",
          "-O",
          "-DHIPENGINE_LOCAL_SIZE_X=64",
          "-DHIPENGINE_ROW_TILE=4",
          "/tmp/hipEngine-f2c/benchmarks/micro/kernels/vulkan/q8_0_dense.comp",
          "-o",
          "/home/kaden/ClaudeCode/autorocm/redline-pub/examples/hipengine-6409/results/gfx1201/2026-07-12/build/vulkan/dense-q8/vulkan/ls64_rt4/q8_0_dense.spv"
        ],
        "kind": "compile_shader",
        "local_size": 64,
        "row_tile": 4,
        "variant": "rowtile4"
      },
      {
        "command": [
          "/home/kaden/ClaudeCode/autorocm/redline-pub/examples/hipengine-6409/results/gfx1201/2026-07-12/build/vulkan/dense-q8/vulkan_q8_0_dense",
          "--quantize-spirv",
          "/home/kaden/ClaudeCode/autorocm/redline-pub/examples/hipengine-6409/results/gfx1201/2026-07-12/build/vulkan/dense-q8/q8_1_quantize.spv",
          "--dot-spirv",
          "/home/kaden/ClaudeCode/autorocm/redline-pub/examples/hipengine-6409/results/gfx1201/2026-07-12/build/vulkan/dense-q8/vulkan/ls64_rt4/q8_0_dense.spv",
          "--json",
          "/home/kaden/ClaudeCode/autorocm/redline-pub/examples/hipengine-6409/results/gfx1201/2026-07-12/build/vulkan/dense-q8/vulkan/ls64_rt4/raw_768x2048_rows1.json",
          "--rows",
          "1",
          "--in-features",
          "768",
          "--out-features",
          "2048",
          "--input-scale",
          "0.1",
          "--local-size",
          "64",
          "--row-tile",
          "4",
          "--reps",
          "10",
          "--warmup",
          "3",
          "--samples",
          "5",
          "--timing-mode",
          "serial_latency",
          "--independent-lanes",
          "4",
          "--device-index",
          "0"
        ],
        "kind": "run_harness",
        "local_size": 64,
        "raw_json_retained": false,
        "returncode": 0,
        "row_tile": 4,
        "rows": 1,
        "shape": "768x2048",
        "variant": "rowtile4"
      },
      {
        "command": [
          "/home/kaden/ClaudeCode/autorocm/redline-pub/examples/hipengine-6409/results/gfx1201/2026-07-12/build/vulkan/dense-q8/vulkan_q8_0_dense",
          "--quantize-spirv",
          "/home/kaden/ClaudeCode/autorocm/redline-pub/examples/hipengine-6409/results/gfx1201/2026-07-12/build/vulkan/dense-q8/q8_1_quantize.spv",
          "--dot-spirv",
          "/home/kaden/ClaudeCode/autorocm/redline-pub/examples/hipengine-6409/results/gfx1201/2026-07-12/build/vulkan/dense-q8/vulkan/ls64_rt4/q8_0_dense.spv",
          "--json",
          "/home/kaden/ClaudeCode/autorocm/redline-pub/examples/hipengine-6409/results/gfx1201/2026-07-12/build/vulkan/dense-q8/vulkan/ls64_rt4/raw_768x2048_rows4.json",
          "--rows",
          "4",
          "--in-features",
          "768",
          "--out-features",
          "2048",
          "--input-scale",
          "0.1",
          "--local-size",
          "64",
          "--row-tile",
          "4",
          "--reps",
          "10",
          "--warmup",
          "3",
          "--samples",
          "5",
          "--timing-mode",
          "serial_latency",
          "--independent-lanes",
          "4",
          "--device-index",
          "0"
        ],
        "kind": "run_harness",
        "local_size": 64,
        "raw_json_retained": false,
        "returncode": 0,
        "row_tile": 4,
        "rows": 4,
        "shape": "768x2048",
        "variant": "rowtile4"
      },
      {
        "command": [
          "/home/kaden/ClaudeCode/autorocm/redline-pub/examples/hipengine-6409/results/gfx1201/2026-07-12/build/vulkan/dense-q8/vulkan_q8_0_dense",
          "--quantize-spirv",
          "/home/kaden/ClaudeCode/autorocm/redline-pub/examples/hipengine-6409/results/gfx1201/2026-07-12/build/vulkan/dense-q8/q8_1_quantize.spv",
          "--dot-spirv",
          "/home/kaden/ClaudeCode/autorocm/redline-pub/examples/hipengine-6409/results/gfx1201/2026-07-12/build/vulkan/dense-q8/vulkan/ls64_rt4/q8_0_dense.spv",
          "--json",
          "/home/kaden/ClaudeCode/autorocm/redline-pub/examples/hipengine-6409/results/gfx1201/2026-07-12/build/vulkan/dense-q8/vulkan/ls64_rt4/raw_2048x2048_rows1.json",
          "--rows",
          "1",
          "--in-features",
          "2048",
          "--out-features",
          "2048",
          "--input-scale",
          "0.1",
          "--local-size",
          "64",
          "--row-tile",
          "4",
          "--reps",
          "10",
          "--warmup",
          "3",
          "--samples",
          "5",
          "--timing-mode",
          "serial_latency",
          "--independent-lanes",
          "4",
          "--device-index",
          "0"
        ],
        "kind": "run_harness",
        "local_size": 64,
        "raw_json_retained": false,
        "returncode": 0,
        "row_tile": 4,
        "rows": 1,
        "shape": "2048x2048",
        "variant": "rowtile4"
      },
      {
        "command": [
          "/home/kaden/ClaudeCode/autorocm/redline-pub/examples/hipengine-6409/results/gfx1201/2026-07-12/build/vulkan/dense-q8/vulkan_q8_0_dense",
          "--quantize-spirv",
          "/home/kaden/ClaudeCode/autorocm/redline-pub/examples/hipengine-6409/results/gfx1201/2026-07-12/build/vulkan/dense-q8/q8_1_quantize.spv",
          "--dot-spirv",
          "/home/kaden/ClaudeCode/autorocm/redline-pub/examples/hipengine-6409/results/gfx1201/2026-07-12/build/vulkan/dense-q8/vulkan/ls64_rt4/q8_0_dense.spv",
          "--json",
          "/home/kaden/ClaudeCode/autorocm/redline-pub/examples/hipengine-6409/results/gfx1201/2026-07-12/build/vulkan/dense-q8/vulkan/ls64_rt4/raw_2048x2048_rows4.json",
          "--rows",
          "4",
          "--in-features",
          "2048",
          "--out-features",
          "2048",
          "--input-scale",
          "0.1",
          "--local-size",
          "64",
          "--row-tile",
          "4",
          "--reps",
          "10",
          "--warmup",
          "3",
          "--samples",
          "5",
          "--timing-mode",
          "serial_latency",
          "--independent-lanes",
          "4",
          "--device-index",
          "0"
        ],
        "kind": "run_harness",
        "local_size": 64,
        "raw_json_retained": false,
        "returncode": 0,
        "row_tile": 4,
        "rows": 4,
        "shape": "2048x2048",
        "variant": "rowtile4"
      },
      {
        "command": [
          "/tmp/shaderc-2025/root/usr/bin/glslc",
          "--target-env=vulkan1.2",
          "-O",
          "-DHIPENGINE_LOCAL_SIZE_X=128",
          "-DHIPENGINE_ROW_TILE=1",
          "/tmp/hipEngine-f2c/benchmarks/micro/kernels/vulkan/q8_0_dense.comp",
          "-o",
          "/home/kaden/ClaudeCode/autorocm/redline-pub/examples/hipengine-6409/results/gfx1201/2026-07-12/build/vulkan/dense-q8/vulkan/ls128_rt1/q8_0_dense.spv"
        ],
        "kind": "compile_shader",
        "local_size": 128,
        "row_tile": 1,
        "variant": "single"
      },
      {
        "command": [
          "/home/kaden/ClaudeCode/autorocm/redline-pub/examples/hipengine-6409/results/gfx1201/2026-07-12/build/vulkan/dense-q8/vulkan_q8_0_dense",
          "--quantize-spirv",
          "/home/kaden/ClaudeCode/autorocm/redline-pub/examples/hipengine-6409/results/gfx1201/2026-07-12/build/vulkan/dense-q8/q8_1_quantize.spv",
          "--dot-spirv",
          "/home/kaden/ClaudeCode/autorocm/redline-pub/examples/hipengine-6409/results/gfx1201/2026-07-12/build/vulkan/dense-q8/vulkan/ls128_rt1/q8_0_dense.spv",
          "--json",
          "/home/kaden/ClaudeCode/autorocm/redline-pub/examples/hipengine-6409/results/gfx1201/2026-07-12/build/vulkan/dense-q8/vulkan/ls128_rt1/raw_768x2048_rows1.json",
          "--rows",
          "1",
          "--in-features",
          "768",
          "--out-features",
          "2048",
          "--input-scale",
          "0.1",
          "--local-size",
          "128",
          "--row-tile",
          "1",
          "--reps",
          "10",
          "--warmup",
          "3",
          "--samples",
          "5",
          "--timing-mode",
          "serial_latency",
          "--independent-lanes",
          "4",
          "--device-index",
          "0"
        ],
        "kind": "run_harness",
        "local_size": 128,
        "raw_json_retained": false,
        "returncode": 0,
        "row_tile": 1,
        "rows": 1,
        "shape": "768x2048",
        "variant": "single"
      },
      {
        "command": [
          "/home/kaden/ClaudeCode/autorocm/redline-pub/examples/hipengine-6409/results/gfx1201/2026-07-12/build/vulkan/dense-q8/vulkan_q8_0_dense",
          "--quantize-spirv",
          "/home/kaden/ClaudeCode/autorocm/redline-pub/examples/hipengine-6409/results/gfx1201/2026-07-12/build/vulkan/dense-q8/q8_1_quantize.spv",
          "--dot-spirv",
          "/home/kaden/ClaudeCode/autorocm/redline-pub/examples/hipengine-6409/results/gfx1201/2026-07-12/build/vulkan/dense-q8/vulkan/ls128_rt1/q8_0_dense.spv",
          "--json",
          "/home/kaden/ClaudeCode/autorocm/redline-pub/examples/hipengine-6409/results/gfx1201/2026-07-12/build/vulkan/dense-q8/vulkan/ls128_rt1/raw_768x2048_rows4.json",
          "--rows",
          "4",
          "--in-features",
          "768",
          "--out-features",
          "2048",
          "--input-scale",
          "0.1",
          "--local-size",
          "128",
          "--row-tile",
          "1",
          "--reps",
          "10",
          "--warmup",
          "3",
          "--samples",
          "5",
          "--timing-mode",
          "serial_latency",
          "--independent-lanes",
          "4",
          "--device-index",
          "0"
        ],
        "kind": "run_harness",
        "local_size": 128,
        "raw_json_retained": false,
        "returncode": 0,
        "row_tile": 1,
        "rows": 4,
        "shape": "768x2048",
        "variant": "single"
      },
      {
        "command": [
          "/home/kaden/ClaudeCode/autorocm/redline-pub/examples/hipengine-6409/results/gfx1201/2026-07-12/build/vulkan/dense-q8/vulkan_q8_0_dense",
          "--quantize-spirv",
          "/home/kaden/ClaudeCode/autorocm/redline-pub/examples/hipengine-6409/results/gfx1201/2026-07-12/build/vulkan/dense-q8/q8_1_quantize.spv",
          "--dot-spirv",
          "/home/kaden/ClaudeCode/autorocm/redline-pub/examples/hipengine-6409/results/gfx1201/2026-07-12/build/vulkan/dense-q8/vulkan/ls128_rt1/q8_0_dense.spv",
          "--json",
          "/home/kaden/ClaudeCode/autorocm/redline-pub/examples/hipengine-6409/results/gfx1201/2026-07-12/build/vulkan/dense-q8/vulkan/ls128_rt1/raw_2048x2048_rows1.json",
          "--rows",
          "1",
          "--in-features",
          "2048",
          "--out-features",
          "2048",
          "--input-scale",
          "0.1",
          "--local-size",
          "128",
          "--row-tile",
          "1",
          "--reps",
          "10",
          "--warmup",
          "3",
          "--samples",
          "5",
          "--timing-mode",
          "serial_latency",
          "--independent-lanes",
          "4",
          "--device-index",
          "0"
        ],
        "kind": "run_harness",
        "local_size": 128,
        "raw_json_retained": false,
        "returncode": 0,
        "row_tile": 1,
        "rows": 1,
        "shape": "2048x2048",
        "variant": "single"
      },
      {
        "command": [
          "/home/kaden/ClaudeCode/autorocm/redline-pub/examples/hipengine-6409/results/gfx1201/2026-07-12/build/vulkan/dense-q8/vulkan_q8_0_dense",
          "--quantize-spirv",
          "/home/kaden/ClaudeCode/autorocm/redline-pub/examples/hipengine-6409/results/gfx1201/2026-07-12/build/vulkan/dense-q8/q8_1_quantize.spv",
          "--dot-spirv",
          "/home/kaden/ClaudeCode/autorocm/redline-pub/examples/hipengine-6409/results/gfx1201/2026-07-12/build/vulkan/dense-q8/vulkan/ls128_rt1/q8_0_dense.spv",
          "--json",
          "/home/kaden/ClaudeCode/autorocm/redline-pub/examples/hipengine-6409/results/gfx1201/2026-07-12/build/vulkan/dense-q8/vulkan/ls128_rt1/raw_2048x2048_rows4.json",
          "--rows",
          "4",
          "--in-features",
          "2048",
          "--out-features",
          "2048",
          "--input-scale",
          "0.1",
          "--local-size",
          "128",
          "--row-tile",
          "1",
          "--reps",
          "10",
          "--warmup",
          "3",
          "--samples",
          "5",
          "--timing-mode",
          "serial_latency",
          "--independent-lanes",
          "4",
          "--device-index",
          "0"
        ],
        "kind": "run_harness",
        "local_size": 128,
        "raw_json_retained": false,
        "returncode": 0,
        "row_tile": 1,
        "rows": 4,
        "shape": "2048x2048",
        "variant": "single"
      },
      {
        "command": [
          "/tmp/shaderc-2025/root/usr/bin/glslc",
          "--target-env=vulkan1.2",
          "-O",
          "-DHIPENGINE_LOCAL_SIZE_X=128",
          "-DHIPENGINE_ROW_TILE=4",
          "/tmp/hipEngine-f2c/benchmarks/micro/kernels/vulkan/q8_0_dense.comp",
          "-o",
          "/home/kaden/ClaudeCode/autorocm/redline-pub/examples/hipengine-6409/results/gfx1201/2026-07-12/build/vulkan/dense-q8/vulkan/ls128_rt4/q8_0_dense.spv"
        ],
        "kind": "compile_shader",
        "local_size": 128,
        "row_tile": 4,
        "variant": "rowtile4"
      },
      {
        "command": [
          "/home/kaden/ClaudeCode/autorocm/redline-pub/examples/hipengine-6409/results/gfx1201/2026-07-12/build/vulkan/dense-q8/vulkan_q8_0_dense",
          "--quantize-spirv",
          "/home/kaden/ClaudeCode/autorocm/redline-pub/examples/hipengine-6409/results/gfx1201/2026-07-12/build/vulkan/dense-q8/q8_1_quantize.spv",
          "--dot-spirv",
          "/home/kaden/ClaudeCode/autorocm/redline-pub/examples/hipengine-6409/results/gfx1201/2026-07-12/build/vulkan/dense-q8/vulkan/ls128_rt4/q8_0_dense.spv",
          "--json",
          "/home/kaden/ClaudeCode/autorocm/redline-pub/examples/hipengine-6409/results/gfx1201/2026-07-12/build/vulkan/dense-q8/vulkan/ls128_rt4/raw_768x2048_rows1.json",
          "--rows",
          "1",
          "--in-features",
          "768",
          "--out-features",
          "2048",
          "--input-scale",
          "0.1",
          "--local-size",
          "128",
          "--row-tile",
          "4",
          "--reps",
          "10",
          "--warmup",
          "3",
          "--samples",
          "5",
          "--timing-mode",
          "serial_latency",
          "--independent-lanes",
          "4",
          "--device-index",
          "0"
        ],
        "kind": "run_harness",
        "local_size": 128,
        "raw_json_retained": false,
        "returncode": 0,
        "row_tile": 4,
        "rows": 1,
        "shape": "768x2048",
        "variant": "rowtile4"
      },
      {
        "command": [
          "/home/kaden/ClaudeCode/autorocm/redline-pub/examples/hipengine-6409/results/gfx1201/2026-07-12/build/vulkan/dense-q8/vulkan_q8_0_dense",
          "--quantize-spirv",
          "/home/kaden/ClaudeCode/autorocm/redline-pub/examples/hipengine-6409/results/gfx1201/2026-07-12/build/vulkan/dense-q8/q8_1_quantize.spv",
          "--dot-spirv",
          "/home/kaden/ClaudeCode/autorocm/redline-pub/examples/hipengine-6409/results/gfx1201/2026-07-12/build/vulkan/dense-q8/vulkan/ls128_rt4/q8_0_dense.spv",
          "--json",
          "/home/kaden/ClaudeCode/autorocm/redline-pub/examples/hipengine-6409/results/gfx1201/2026-07-12/build/vulkan/dense-q8/vulkan/ls128_rt4/raw_768x2048_rows4.json",
          "--rows",
          "4",
          "--in-features",
          "768",
          "--out-features",
          "2048",
          "--input-scale",
          "0.1",
          "--local-size",
          "128",
          "--row-tile",
          "4",
          "--reps",
          "10",
          "--warmup",
          "3",
          "--samples",
          "5",
          "--timing-mode",
          "serial_latency",
          "--independent-lanes",
          "4",
          "--device-index",
          "0"
        ],
        "kind": "run_harness",
        "local_size": 128,
        "raw_json_retained": false,
        "returncode": 0,
        "row_tile": 4,
        "rows": 4,
        "shape": "768x2048",
        "variant": "rowtile4"
      },
      {
        "command": [
          "/home/kaden/ClaudeCode/autorocm/redline-pub/examples/hipengine-6409/results/gfx1201/2026-07-12/build/vulkan/dense-q8/vulkan_q8_0_dense",
          "--quantize-spirv",
          "/home/kaden/ClaudeCode/autorocm/redline-pub/examples/hipengine-6409/results/gfx1201/2026-07-12/build/vulkan/dense-q8/q8_1_quantize.spv",
          "--dot-spirv",
          "/home/kaden/ClaudeCode/autorocm/redline-pub/examples/hipengine-6409/results/gfx1201/2026-07-12/build/vulkan/dense-q8/vulkan/ls128_rt4/q8_0_dense.spv",
          "--json",
          "/home/kaden/ClaudeCode/autorocm/redline-pub/examples/hipengine-6409/results/gfx1201/2026-07-12/build/vulkan/dense-q8/vulkan/ls128_rt4/raw_2048x2048_rows1.json",
          "--rows",
          "1",
          "--in-features",
          "2048",
          "--out-features",
          "2048",
          "--input-scale",
          "0.1",
          "--local-size",
          "128",
          "--row-tile",
          "4",
          "--reps",
          "10",
          "--warmup",
          "3",
          "--samples",
          "5",
          "--timing-mode",
          "serial_latency",
          "--independent-lanes",
          "4",
          "--device-index",
          "0"
        ],
        "kind": "run_harness",
        "local_size": 128,
        "raw_json_retained": false,
        "returncode": 0,
        "row_tile": 4,
        "rows": 1,
        "shape": "2048x2048",
        "variant": "rowtile4"
      },
      {
        "command": [
          "/home/kaden/ClaudeCode/autorocm/redline-pub/examples/hipengine-6409/results/gfx1201/2026-07-12/build/vulkan/dense-q8/vulkan_q8_0_dense",
          "--quantize-spirv",
          "/home/kaden/ClaudeCode/autorocm/redline-pub/examples/hipengine-6409/results/gfx1201/2026-07-12/build/vulkan/dense-q8/q8_1_quantize.spv",
          "--dot-spirv",
          "/home/kaden/ClaudeCode/autorocm/redline-pub/examples/hipengine-6409/results/gfx1201/2026-07-12/build/vulkan/dense-q8/vulkan/ls128_rt4/q8_0_dense.spv",
          "--json",
          "/home/kaden/ClaudeCode/autorocm/redline-pub/examples/hipengine-6409/results/gfx1201/2026-07-12/build/vulkan/dense-q8/vulkan/ls128_rt4/raw_2048x2048_rows4.json",
          "--rows",
          "4",
          "--in-features",
          "2048",
          "--out-features",
          "2048",
          "--input-scale",
          "0.1",
          "--local-size",
          "128",
          "--row-tile",
          "4",
          "--reps",
          "10",
          "--warmup",
          "3",
          "--samples",
          "5",
          "--timing-mode",
          "serial_latency",
          "--independent-lanes",
          "4",
          "--device-index",
          "0"
        ],
        "kind": "run_harness",
        "local_size": 128,
        "raw_json_retained": false,
        "returncode": 0,
        "row_tile": 4,
        "rows": 4,
        "shape": "2048x2048",
        "variant": "rowtile4"
      }
    ],
    "cwd": "/tmp/hipEngine-f2c",
    "schema": "hipengine.micro.q8_0_dense_real_slice_runner.v2"
  }
}

