WARNING: radv is not a conformant Vulkan implementation, testing use only.
[vulkan] K=512 rows=1 wg=64 median=58.184 us correctness=pass
[vulkan] K=512 rows=1 wg=256 median=17.108 us correctness=pass
[vulkan] K=2048 rows=1 wg=64 median=223.736 us correctness=pass
[vulkan] K=2048 rows=1 wg=256 median=58.48 us correctness=pass
WARNING: radv is not a conformant Vulkan implementation, testing use only.
[vulkan] K=512 rows=1 wg=64 median=79 us correctness=pass
[vulkan] K=512 rows=1 wg=256 median=23.3 us correctness=pass
[vulkan] K=2048 rows=1 wg=64 median=306.628 us correctness=pass
[vulkan] K=2048 rows=1 wg=256 median=80.832 us correctness=pass
WARNING: radv is not a conformant Vulkan implementation, testing use only.
[vulkan] K=512 rows=1 wg=64 median=74.152 us correctness=pass
[vulkan] K=512 rows=1 wg=256 median=21.724 us correctness=pass
[vulkan] K=2048 rows=1 wg=64 median=288.024 us correctness=pass
[vulkan] K=2048 rows=1 wg=256 median=75.564 us correctness=pass
WARNING: radv is not a conformant Vulkan implementation, testing use only.
[vulkan] K=512 rows=1 wg=64 median=79.756 us correctness=pass
[vulkan] K=512 rows=1 wg=256 median=26.712 us correctness=pass
[vulkan] K=2048 rows=1 wg=64 median=310.04 us correctness=pass
[vulkan] K=2048 rows=1 wg=256 median=81.988 us correctness=pass
WARNING: radv is not a conformant Vulkan implementation, testing use only.
[vulkan] K=512 rows=1 wg=64 median=57.792 us correctness=pass
[vulkan] K=512 rows=1 wg=256 median=23.104 us correctness=pass
[vulkan] K=2048 rows=1 wg=64 median=223.788 us correctness=pass
[vulkan] K=2048 rows=1 wg=256 median=59.524 us correctness=pass
WARNING: radv is not a conformant Vulkan implementation, testing use only.
[vulkan] K=512 rows=1 wg=64 median=65.18 us correctness=pass
[vulkan] K=512 rows=1 wg=256 median=30.576 us correctness=pass
[vulkan] K=2048 rows=1 wg=64 median=222.22 us correctness=pass
[vulkan] K=2048 rows=1 wg=256 median=67.464 us correctness=pass
{
  "artifact_ref": "/home/kaden/ClaudeCode/autorocm/redline-pub/examples/hipengine-6409/results/gfx1201/2026-07-12/serial_latency/vulkan-reduction.json",
  "bench": "reduction_sweep",
  "claim_gate": {
    "blocking_reasons": [
      "raw_result_identity_mismatch_or_missing",
      "device_identity_mismatch_or_missing",
      "gfx_arch_mismatch_or_missing",
      "comparison_matrix_incomplete"
    ],
    "clean_source": true,
    "correctness_pass": true,
    "device_match": false,
    "gfx_arch_match": false,
    "hip_device_fingerprint": "",
    "matrix": {
      "actual_backend_pairs": 0,
      "actual_rows": 24,
      "backend_pair_requested": false,
      "comparison_set_complete": false,
      "exact_raw_result_set": false,
      "exact_row_set": false,
      "expected_backend_pairs": 20,
      "expected_rows": 48,
      "row_metadata_pass": true
    },
    "matrix_complete": false,
    "performance_claim": false,
    "raw_evidence": {
      "hip": {
        "device_fingerprints": [],
        "device_names": [],
        "gfx_arches": [],
        "identity_pass": false,
        "raw_result_count": 0,
        "source_hashes": []
      },
      "identity_pass": false,
      "vulkan": {
        "device_fingerprints": [
          "radeon_graphics"
        ],
        "device_names": [
          "AMD Radeon Graphics (RADV GFX1201)"
        ],
        "gfx_arches": [],
        "identity_pass": true,
        "raw_result_count": 6,
        "source_hashes": []
      }
    },
    "raw_result_identity_pass": false,
    "same_commit": true,
    "source_hash_present": true,
    "source_scope": "single_joint_wrapper_invocation",
    "status": "blocked",
    "vulkan_device_fingerprint": "radeon_graphics"
  },
  "classification": "diagnostic_unclassified",
  "command": [
    "python3",
    "/tmp/hipEngine-f2c/benchmarks/micro/runners/reduction_sweep.py",
    "--backend",
    "vulkan",
    "--timing-mode",
    "serial_latency",
    "--independent-streams",
    "4",
    "--reps",
    "10",
    "--warmup",
    "3",
    "--samples",
    "5",
    "--environment-json",
    "/home/kaden/ClaudeCode/autorocm/redline-pub/examples/hipengine-6409/results/gfx1201/2026-07-12/environment.json",
    "--environment-ref",
    "/home/kaden/ClaudeCode/autorocm/redline-pub/examples/hipengine-6409/results/gfx1201/2026-07-12/environment.json",
    "--gfx-arch",
    "gfx1201",
    "--hardware-gpu",
    "AMD Radeon Graphics",
    "--build-dir",
    "/home/kaden/ClaudeCode/autorocm/redline-pub/examples/hipengine-6409/results/gfx1201/2026-07-12/build/vulkan/reduction",
    "--k-list",
    "512,2048",
    "--rows-list",
    "1",
    "--workgroups",
    "64,256",
    "--body-repeats",
    "32",
    "--out",
    "/home/kaden/ClaudeCode/autorocm/redline-pub/examples/hipengine-6409/results/gfx1201/2026-07-12/serial_latency/vulkan-reduction.json",
    "--pretty"
  ],
  "commands": [
    {
      "build_command": [
        "/usr/bin/c++",
        "-O2",
        "-std=c++17",
        "/tmp/hipEngine-f2c/benchmarks/micro/runners/vulkan_geometry_sweep.cpp",
        "-o",
        "/home/kaden/ClaudeCode/autorocm/redline-pub/examples/hipengine-6409/results/gfx1201/2026-07-12/build/vulkan/reduction/vulkan_reduction_sweep",
        "-lvulkan"
      ],
      "kind": "vulkan_harness"
    },
    {
      "kind": "vulkan",
      "run_command": [
        "/home/kaden/ClaudeCode/autorocm/redline-pub/examples/hipengine-6409/results/gfx1201/2026-07-12/build/vulkan/reduction/vulkan_reduction_sweep",
        "--spirv",
        "/home/kaden/ClaudeCode/autorocm/redline-pub/examples/hipengine-6409/results/gfx1201/2026-07-12/build/vulkan/reduction/vulkan_reduction_lds_tree.spv",
        "--json",
        "/home/kaden/ClaudeCode/autorocm/redline-pub/examples/hipengine-6409/results/gfx1201/2026-07-12/build/vulkan/reduction/vulkan-lds_tree.json",
        "--k-list",
        "512,2048",
        "--rows-list",
        "1",
        "--workgroups",
        "64,256",
        "--body-repeats",
        "32",
        "--reps",
        "10",
        "--warmup",
        "3",
        "--samples",
        "5",
        "--timing-mode",
        "serial_latency",
        "--device-index",
        "0"
      ],
      "shader_command": [
        "/usr/bin/glslc",
        "--target-env=vulkan1.1",
        "-O",
        "/tmp/hipEngine-f2c/benchmarks/micro/kernels/vulkan/geometry_sweep.comp",
        "-o",
        "/home/kaden/ClaudeCode/autorocm/redline-pub/examples/hipengine-6409/results/gfx1201/2026-07-12/build/vulkan/reduction/vulkan_reduction_lds_tree.spv"
      ],
      "variant": "lds_tree"
    },
    {
      "kind": "vulkan",
      "run_command": [
        "/home/kaden/ClaudeCode/autorocm/redline-pub/examples/hipengine-6409/results/gfx1201/2026-07-12/build/vulkan/reduction/vulkan_reduction_sweep",
        "--spirv",
        "/home/kaden/ClaudeCode/autorocm/redline-pub/examples/hipengine-6409/results/gfx1201/2026-07-12/build/vulkan/reduction/vulkan_reduction_extra_barrier.spv",
        "--json",
        "/home/kaden/ClaudeCode/autorocm/redline-pub/examples/hipengine-6409/results/gfx1201/2026-07-12/build/vulkan/reduction/vulkan-extra_barrier.json",
        "--k-list",
        "512,2048",
        "--rows-list",
        "1",
        "--workgroups",
        "64,256",
        "--body-repeats",
        "32",
        "--reps",
        "10",
        "--warmup",
        "3",
        "--samples",
        "5",
        "--timing-mode",
        "serial_latency",
        "--device-index",
        "0"
      ],
      "shader_command": [
        "/usr/bin/glslc",
        "--target-env=vulkan1.1",
        "-O",
        "/tmp/hipEngine-f2c/benchmarks/micro/kernels/vulkan/reduction_extra_barrier.comp",
        "-o",
        "/home/kaden/ClaudeCode/autorocm/redline-pub/examples/hipengine-6409/results/gfx1201/2026-07-12/build/vulkan/reduction/vulkan_reduction_extra_barrier.spv"
      ],
      "variant": "extra_barrier"
    },
    {
      "kind": "vulkan",
      "run_command": [
        "/home/kaden/ClaudeCode/autorocm/redline-pub/examples/hipengine-6409/results/gfx1201/2026-07-12/build/vulkan/reduction/vulkan_reduction_sweep",
        "--spirv",
        "/home/kaden/ClaudeCode/autorocm/redline-pub/examples/hipengine-6409/results/gfx1201/2026-07-12/build/vulkan/reduction/vulkan_reduction_subgroup.spv",
        "--json",
        "/home/kaden/ClaudeCode/autorocm/redline-pub/examples/hipengine-6409/results/gfx1201/2026-07-12/build/vulkan/reduction/vulkan-subgroup.json",
        "--k-list",
        "512,2048",
        "--rows-list",
        "1",
        "--workgroups",
        "64,256",
        "--body-repeats",
        "32",
        "--reps",
        "10",
        "--warmup",
        "3",
        "--samples",
        "5",
        "--timing-mode",
        "serial_latency",
        "--device-index",
        "0"
      ],
      "shader_command": [
        "/usr/bin/glslc",
        "--target-env=vulkan1.1",
        "-O",
        "/tmp/hipEngine-f2c/benchmarks/micro/kernels/vulkan/reduction_subgroup.comp",
        "-o",
        "/home/kaden/ClaudeCode/autorocm/redline-pub/examples/hipengine-6409/results/gfx1201/2026-07-12/build/vulkan/reduction/vulkan_reduction_subgroup.spv"
      ],
      "variant": "subgroup"
    },
    {
      "kind": "vulkan",
      "run_command": [
        "/home/kaden/ClaudeCode/autorocm/redline-pub/examples/hipengine-6409/results/gfx1201/2026-07-12/build/vulkan/reduction/vulkan_reduction_sweep",
        "--spirv",
        "/home/kaden/ClaudeCode/autorocm/redline-pub/examples/hipengine-6409/results/gfx1201/2026-07-12/build/vulkan/reduction/vulkan_reduction_multi_accum4.spv",
        "--json",
        "/home/kaden/ClaudeCode/autorocm/redline-pub/examples/hipengine-6409/results/gfx1201/2026-07-12/build/vulkan/reduction/vulkan-multi_accum4.json",
        "--k-list",
        "512,2048",
        "--rows-list",
        "1",
        "--workgroups",
        "64,256",
        "--body-repeats",
        "32",
        "--reps",
        "10",
        "--warmup",
        "3",
        "--samples",
        "5",
        "--timing-mode",
        "serial_latency",
        "--device-index",
        "0"
      ],
      "shader_command": [
        "/usr/bin/glslc",
        "--target-env=vulkan1.1",
        "-O",
        "-DHIPENGINE_ACCUM_COUNT=4",
        "/tmp/hipEngine-f2c/benchmarks/micro/kernels/vulkan/reduction_multi_accum.comp",
        "-o",
        "/home/kaden/ClaudeCode/autorocm/redline-pub/examples/hipengine-6409/results/gfx1201/2026-07-12/build/vulkan/reduction/vulkan_reduction_multi_accum4.spv"
      ],
      "variant": "multi_accum4"
    },
    {
      "kind": "vulkan",
      "run_command": [
        "/home/kaden/ClaudeCode/autorocm/redline-pub/examples/hipengine-6409/results/gfx1201/2026-07-12/build/vulkan/reduction/vulkan_reduction_sweep",
        "--spirv",
        "/home/kaden/ClaudeCode/autorocm/redline-pub/examples/hipengine-6409/results/gfx1201/2026-07-12/build/vulkan/reduction/vulkan_reduction_multi_accum8.spv",
        "--json",
        "/home/kaden/ClaudeCode/autorocm/redline-pub/examples/hipengine-6409/results/gfx1201/2026-07-12/build/vulkan/reduction/vulkan-multi_accum8.json",
        "--k-list",
        "512,2048",
        "--rows-list",
        "1",
        "--workgroups",
        "64,256",
        "--body-repeats",
        "32",
        "--reps",
        "10",
        "--warmup",
        "3",
        "--samples",
        "5",
        "--timing-mode",
        "serial_latency",
        "--device-index",
        "0"
      ],
      "shader_command": [
        "/usr/bin/glslc",
        "--target-env=vulkan1.1",
        "-O",
        "-DHIPENGINE_ACCUM_COUNT=8",
        "/tmp/hipEngine-f2c/benchmarks/micro/kernels/vulkan/reduction_multi_accum.comp",
        "-o",
        "/home/kaden/ClaudeCode/autorocm/redline-pub/examples/hipengine-6409/results/gfx1201/2026-07-12/build/vulkan/reduction/vulkan_reduction_multi_accum8.spv"
      ],
      "variant": "multi_accum8"
    },
    {
      "kind": "vulkan",
      "run_command": [
        "/home/kaden/ClaudeCode/autorocm/redline-pub/examples/hipengine-6409/results/gfx1201/2026-07-12/build/vulkan/reduction/vulkan_reduction_sweep",
        "--spirv",
        "/home/kaden/ClaudeCode/autorocm/redline-pub/examples/hipengine-6409/results/gfx1201/2026-07-12/build/vulkan/reduction/vulkan_reduction_multi_accum16.spv",
        "--json",
        "/home/kaden/ClaudeCode/autorocm/redline-pub/examples/hipengine-6409/results/gfx1201/2026-07-12/build/vulkan/reduction/vulkan-multi_accum16.json",
        "--k-list",
        "512,2048",
        "--rows-list",
        "1",
        "--workgroups",
        "64,256",
        "--body-repeats",
        "32",
        "--reps",
        "10",
        "--warmup",
        "3",
        "--samples",
        "5",
        "--timing-mode",
        "serial_latency",
        "--device-index",
        "0"
      ],
      "shader_command": [
        "/usr/bin/glslc",
        "--target-env=vulkan1.1",
        "-O",
        "-DHIPENGINE_ACCUM_COUNT=16",
        "/tmp/hipEngine-f2c/benchmarks/micro/kernels/vulkan/reduction_multi_accum.comp",
        "-o",
        "/home/kaden/ClaudeCode/autorocm/redline-pub/examples/hipengine-6409/results/gfx1201/2026-07-12/build/vulkan/reduction/vulkan_reduction_multi_accum16.spv"
      ],
      "variant": "multi_accum16"
    }
  ],
  "comparison_groups": {
    "backend": [],
    "variant": [
      {
        "comparison": "vulkan_extra_barrier_vs_lds_tree",
        "control": "burst",
        "k": 512,
        "lhs_backend": "vulkan",
        "lhs_correctness_pass": true,
        "lhs_gpu_burst_median_us": 79.0,
        "lhs_variant": "extra_barrier",
        "rhs_backend": "vulkan",
        "rhs_correctness_pass": true,
        "rhs_gpu_burst_median_us": 58.184,
        "rhs_over_lhs_time_ratio": 0.736506329113924,
        "rhs_variant": "lds_tree",
        "rows": 1,
        "timing_domain": "gpu_elapsed",
        "timing_mode": "serial_latency",
        "workgroup_size": 64
      },
      {
        "comparison": "vulkan_subgroup_vs_lds_tree",
        "control": "burst",
        "k": 512,
        "lhs_backend": "vulkan",
        "lhs_correctness_pass": true,
        "lhs_gpu_burst_median_us": 74.152,
        "lhs_variant": "subgroup",
        "rhs_backend": "vulkan",
        "rhs_correctness_pass": true,
        "rhs_gpu_burst_median_us": 58.184,
        "rhs_over_lhs_time_ratio": 0.7846585392167439,
        "rhs_variant": "lds_tree",
        "rows": 1,
        "timing_domain": "gpu_elapsed",
        "timing_mode": "serial_latency",
        "workgroup_size": 64
      },
      {
        "comparison": "vulkan_multi_accum4_vs_lds_tree",
        "control": "burst",
        "k": 512,
        "lhs_backend": "vulkan",
        "lhs_correctness_pass": true,
        "lhs_gpu_burst_median_us": 79.756,
        "lhs_variant": "multi_accum4",
        "rhs_backend": "vulkan",
        "rhs_correctness_pass": true,
        "rhs_gpu_burst_median_us": 58.184,
        "rhs_over_lhs_time_ratio": 0.7295250514067907,
        "rhs_variant": "lds_tree",
        "rows": 1,
        "timing_domain": "gpu_elapsed",
        "timing_mode": "serial_latency",
        "workgroup_size": 64
      },
      {
        "comparison": "vulkan_multi_accum8_vs_lds_tree",
        "control": "burst",
        "k": 512,
        "lhs_backend": "vulkan",
        "lhs_correctness_pass": true,
        "lhs_gpu_burst_median_us": 57.792,
        "lhs_variant": "multi_accum8",
        "rhs_backend": "vulkan",
        "rhs_correctness_pass": true,
        "rhs_gpu_burst_median_us": 58.184,
        "rhs_over_lhs_time_ratio": 1.0067829457364341,
        "rhs_variant": "lds_tree",
        "rows": 1,
        "timing_domain": "gpu_elapsed",
        "timing_mode": "serial_latency",
        "workgroup_size": 64
      },
      {
        "comparison": "vulkan_multi_accum16_vs_lds_tree",
        "control": "burst",
        "k": 512,
        "lhs_backend": "vulkan",
        "lhs_correctness_pass": true,
        "lhs_gpu_burst_median_us": 65.18,
        "lhs_variant": "multi_accum16",
        "rhs_backend": "vulkan",
        "rhs_correctness_pass": true,
        "rhs_gpu_burst_median_us": 58.184,
        "rhs_over_lhs_time_ratio": 0.89266646210494,
        "rhs_variant": "lds_tree",
        "rows": 1,
        "timing_domain": "gpu_elapsed",
        "timing_mode": "serial_latency",
        "workgroup_size": 64
      },
      {
        "comparison": "vulkan_extra_barrier_vs_lds_tree",
        "control": "burst",
        "k": 512,
        "lhs_backend": "vulkan",
        "lhs_correctness_pass": true,
        "lhs_gpu_burst_median_us": 23.3,
        "lhs_variant": "extra_barrier",
        "rhs_backend": "vulkan",
        "rhs_correctness_pass": true,
        "rhs_gpu_burst_median_us": 17.108,
        "rhs_over_lhs_time_ratio": 0.7342489270386267,
        "rhs_variant": "lds_tree",
        "rows": 1,
        "timing_domain": "gpu_elapsed",
        "timing_mode": "serial_latency",
        "workgroup_size": 256
      },
      {
        "comparison": "vulkan_subgroup_vs_lds_tree",
        "control": "burst",
        "k": 512,
        "lhs_backend": "vulkan",
        "lhs_correctness_pass": true,
        "lhs_gpu_burst_median_us": 21.724,
        "lhs_variant": "subgroup",
        "rhs_backend": "vulkan",
        "rhs_correctness_pass": true,
        "rhs_gpu_burst_median_us": 17.108,
        "rhs_over_lhs_time_ratio": 0.7875161112134046,
        "rhs_variant": "lds_tree",
        "rows": 1,
        "timing_domain": "gpu_elapsed",
        "timing_mode": "serial_latency",
        "workgroup_size": 256
      },
      {
        "comparison": "vulkan_multi_accum4_vs_lds_tree",
        "control": "burst",
        "k": 512,
        "lhs_backend": "vulkan",
        "lhs_correctness_pass": true,
        "lhs_gpu_burst_median_us": 26.712,
        "lhs_variant": "multi_accum4",
        "rhs_backend": "vulkan",
        "rhs_correctness_pass": true,
        "rhs_gpu_burst_median_us": 17.108,
        "rhs_over_lhs_time_ratio": 0.640461215932914,
        "rhs_variant": "lds_tree",
        "rows": 1,
        "timing_domain": "gpu_elapsed",
        "timing_mode": "serial_latency",
        "workgroup_size": 256
      },
      {
        "comparison": "vulkan_multi_accum8_vs_lds_tree",
        "control": "burst",
        "k": 512,
        "lhs_backend": "vulkan",
        "lhs_correctness_pass": true,
        "lhs_gpu_burst_median_us": 23.104,
        "lhs_variant": "multi_accum8",
        "rhs_backend": "vulkan",
        "rhs_correctness_pass": true,
        "rhs_gpu_burst_median_us": 17.108,
        "rhs_over_lhs_time_ratio": 0.7404778393351801,
        "rhs_variant": "lds_tree",
        "rows": 1,
        "timing_domain": "gpu_elapsed",
        "timing_mode": "serial_latency",
        "workgroup_size": 256
      },
      {
        "comparison": "vulkan_multi_accum16_vs_lds_tree",
        "control": "burst",
        "k": 512,
        "lhs_backend": "vulkan",
        "lhs_correctness_pass": true,
        "lhs_gpu_burst_median_us": 30.576,
        "lhs_variant": "multi_accum16",
        "rhs_backend": "vulkan",
        "rhs_correctness_pass": true,
        "rhs_gpu_burst_median_us": 17.108,
        "rhs_over_lhs_time_ratio": 0.5595238095238095,
        "rhs_variant": "lds_tree",
        "rows": 1,
        "timing_domain": "gpu_elapsed",
        "timing_mode": "serial_latency",
        "workgroup_size": 256
      },
      {
        "comparison": "vulkan_extra_barrier_vs_lds_tree",
        "control": "burst",
        "k": 2048,
        "lhs_backend": "vulkan",
        "lhs_correctness_pass": true,
        "lhs_gpu_burst_median_us": 306.628,
        "lhs_variant": "extra_barrier",
        "rhs_backend": "vulkan",
        "rhs_correctness_pass": true,
        "rhs_gpu_burst_median_us": 223.736,
        "rhs_over_lhs_time_ratio": 0.7296659143979023,
        "rhs_variant": "lds_tree",
        "rows": 1,
        "timing_domain": "gpu_elapsed",
        "timing_mode": "serial_latency",
        "workgroup_size": 64
      },
      {
        "comparison": "vulkan_subgroup_vs_lds_tree",
        "control": "burst",
        "k": 2048,
        "lhs_backend": "vulkan",
        "lhs_correctness_pass": true,
        "lhs_gpu_burst_median_us": 288.024,
        "lhs_variant": "subgroup",
        "rhs_backend": "vulkan",
        "rhs_correctness_pass": true,
        "rhs_gpu_burst_median_us": 223.736,
        "rhs_over_lhs_time_ratio": 0.7767963780796044,
        "rhs_variant": "lds_tree",
        "rows": 1,
        "timing_domain": "gpu_elapsed",
        "timing_mode": "serial_latency",
        "workgroup_size": 64
      },
      {
        "comparison": "vulkan_multi_accum4_vs_lds_tree",
        "control": "burst",
        "k": 2048,
        "lhs_backend": "vulkan",
        "lhs_correctness_pass": true,
        "lhs_gpu_burst_median_us": 310.04,
        "lhs_variant": "multi_accum4",
        "rhs_backend": "vulkan",
        "rhs_correctness_pass": true,
        "rhs_gpu_burst_median_us": 223.736,
        "rhs_over_lhs_time_ratio": 0.7216359179460714,
        "rhs_variant": "lds_tree",
        "rows": 1,
        "timing_domain": "gpu_elapsed",
        "timing_mode": "serial_latency",
        "workgroup_size": 64
      },
      {
        "comparison": "vulkan_multi_accum8_vs_lds_tree",
        "control": "burst",
        "k": 2048,
        "lhs_backend": "vulkan",
        "lhs_correctness_pass": true,
        "lhs_gpu_burst_median_us": 223.788,
        "lhs_variant": "multi_accum8",
        "rhs_backend": "vulkan",
        "rhs_correctness_pass": true,
        "rhs_gpu_burst_median_us": 223.736,
        "rhs_over_lhs_time_ratio": 0.9997676372280908,
        "rhs_variant": "lds_tree",
        "rows": 1,
        "timing_domain": "gpu_elapsed",
        "timing_mode": "serial_latency",
        "workgroup_size": 64
      },
      {
        "comparison": "vulkan_multi_accum16_vs_lds_tree",
        "control": "burst",
        "k": 2048,
        "lhs_backend": "vulkan",
        "lhs_correctness_pass": true,
        "lhs_gpu_burst_median_us": 222.22,
        "lhs_variant": "multi_accum16",
        "rhs_backend": "vulkan",
        "rhs_correctness_pass": true,
        "rhs_gpu_burst_median_us": 223.736,
        "rhs_over_lhs_time_ratio": 1.006822068220682,
        "rhs_variant": "lds_tree",
        "rows": 1,
        "timing_domain": "gpu_elapsed",
        "timing_mode": "serial_latency",
        "workgroup_size": 64
      },
      {
        "comparison": "vulkan_extra_barrier_vs_lds_tree",
        "control": "burst",
        "k": 2048,
        "lhs_backend": "vulkan",
        "lhs_correctness_pass": true,
        "lhs_gpu_burst_median_us": 80.832,
        "lhs_variant": "extra_barrier",
        "rhs_backend": "vulkan",
        "rhs_correctness_pass": true,
        "rhs_gpu_burst_median_us": 58.48,
        "rhs_over_lhs_time_ratio": 0.7234758511480602,
        "rhs_variant": "lds_tree",
        "rows": 1,
        "timing_domain": "gpu_elapsed",
        "timing_mode": "serial_latency",
        "workgroup_size": 256
      },
      {
        "comparison": "vulkan_subgroup_vs_lds_tree",
        "control": "burst",
        "k": 2048,
        "lhs_backend": "vulkan",
        "lhs_correctness_pass": true,
        "lhs_gpu_burst_median_us": 75.564,
        "lhs_variant": "subgroup",
        "rhs_backend": "vulkan",
        "rhs_correctness_pass": true,
        "rhs_gpu_burst_median_us": 58.48,
        "rhs_over_lhs_time_ratio": 0.7739135037848711,
        "rhs_variant": "lds_tree",
        "rows": 1,
        "timing_domain": "gpu_elapsed",
        "timing_mode": "serial_latency",
        "workgroup_size": 256
      },
      {
        "comparison": "vulkan_multi_accum4_vs_lds_tree",
        "control": "burst",
        "k": 2048,
        "lhs_backend": "vulkan",
        "lhs_correctness_pass": true,
        "lhs_gpu_burst_median_us": 81.988,
        "lhs_variant": "multi_accum4",
        "rhs_backend": "vulkan",
        "rhs_correctness_pass": true,
        "rhs_gpu_burst_median_us": 58.48,
        "rhs_over_lhs_time_ratio": 0.7132751134312338,
        "rhs_variant": "lds_tree",
        "rows": 1,
        "timing_domain": "gpu_elapsed",
        "timing_mode": "serial_latency",
        "workgroup_size": 256
      },
      {
        "comparison": "vulkan_multi_accum8_vs_lds_tree",
        "control": "burst",
        "k": 2048,
        "lhs_backend": "vulkan",
        "lhs_correctness_pass": true,
        "lhs_gpu_burst_median_us": 59.524,
        "lhs_variant": "multi_accum8",
        "rhs_backend": "vulkan",
        "rhs_correctness_pass": true,
        "rhs_gpu_burst_median_us": 58.48,
        "rhs_over_lhs_time_ratio": 0.9824608561252604,
        "rhs_variant": "lds_tree",
        "rows": 1,
        "timing_domain": "gpu_elapsed",
        "timing_mode": "serial_latency",
        "workgroup_size": 256
      },
      {
        "comparison": "vulkan_multi_accum16_vs_lds_tree",
        "control": "burst",
        "k": 2048,
        "lhs_backend": "vulkan",
        "lhs_correctness_pass": true,
        "lhs_gpu_burst_median_us": 67.464,
        "lhs_variant": "multi_accum16",
        "rhs_backend": "vulkan",
        "rhs_correctness_pass": true,
        "rhs_gpu_burst_median_us": 58.48,
        "rhs_over_lhs_time_ratio": 0.8668326811336416,
        "rhs_variant": "lds_tree",
        "rows": 1,
        "timing_domain": "gpu_elapsed",
        "timing_mode": "serial_latency",
        "workgroup_size": 256
      }
    ]
  },
  "comparisons": [],
  "config": {
    "backend": "vulkan",
    "body_repeats": 32,
    "independent_streams": 4,
    "k_list": [
      512,
      2048
    ],
    "reps": 10,
    "rows_list": [
      1
    ],
    "samples": 5,
    "timing_mode": "serial_latency",
    "variants": {
      "hip": [
        "lds_tree",
        "extra_barrier",
        "wave_shuffle",
        "multi_accum4",
        "multi_accum8",
        "multi_accum16"
      ],
      "vulkan": [
        "lds_tree",
        "extra_barrier",
        "subgroup",
        "multi_accum4",
        "multi_accum8",
        "multi_accum16"
      ]
    },
    "warmup": 3,
    "workgroups": [
      64,
      256
    ]
  },
  "correctness": {
    "all_rows_pass": true,
    "hip": {
      "row_count": 0,
      "status": "not_run"
    },
    "row_count": 24,
    "status": "pass",
    "vulkan": {
      "all_rows_pass": true,
      "row_count": 24,
      "status": "pass"
    }
  },
  "environment": {
    "captured": null,
    "ref": "/home/kaden/ClaudeCode/autorocm/redline-pub/examples/hipengine-6409/results/gfx1201/2026-07-12/environment.json"
  },
  "hardware": {
    "hip": {
      "gfx_arch": "gfx1201",
      "gpu_name": "AMD Radeon Graphics"
    },
    "vulkan": {
      "gfx_arch": "gfx1201",
      "gpu_name": "AMD Radeon Graphics (RADV GFX1201)"
    }
  },
  "inputs": {
    "backend": "vulkan",
    "body_repeats": 32,
    "independent_streams": 4,
    "k_list": [
      512,
      2048
    ],
    "reps": 10,
    "rows_list": [
      1
    ],
    "samples": 5,
    "timing_mode": "serial_latency",
    "variants": {
      "hip": [
        "lds_tree",
        "extra_barrier",
        "wave_shuffle",
        "multi_accum4",
        "multi_accum8",
        "multi_accum16"
      ],
      "vulkan": [
        "lds_tree",
        "extra_barrier",
        "subgroup",
        "multi_accum4",
        "multi_accum8",
        "multi_accum16"
      ]
    },
    "warmup": 3,
    "workgroups": [
      64,
      256
    ]
  },
  "interpretation": "Reduction-shape control for LDS tree, extra barrier, HIP wave-shuffle, Vulkan subgroup reductions, and 4/8/16-way lane-local accumulators. serial_latency orders shared-output iterations; independent_throughput uses disjoint output slices. Cross-backend GPU ratios use equal dependency contracts, while direct/multi-stream HIP and Vulkan command-buffer host walls are intentionally not ratioed.",
  "kind": "hipengine_micro_comparison",
  "matched_rows": [],
  "performance_claim": false,
  "raw_results": {
    "vulkan:extra_barrier": {
      "backend": "vulkan",
      "config": {
        "body_repeats": 32,
        "k_list": [
          512,
          2048
        ],
        "method": "one workgroup per row; repeat-shifted strided f32 FMA inner loop; shared-memory tree reduction; device-local buffers",
        "reps": 10,
        "rows_list": [
          1
        ],
        "samples": 5,
        "timing_mode": "serial_latency",
        "warmup": 3,
        "workgroups": [
          64,
          256
        ]
      },
      "hardware": {
        "api_version": 4211006,
        "device_id": 30032,
        "device_name": "AMD Radeon Graphics (RADV GFX1201)",
        "device_type": 2,
        "driver_version_raw": 104865800,
        "queue_family": 0,
        "vendor_id": 4098
      },
      "rows": [
        {
          "body_repeats": 32,
          "bytes_per_us": 51.84810127,
          "correctness": {
            "single_dispatch": {
              "oracle": "deterministic CPU f32 reference with sequence tag",
              "status": "pass"
            },
            "synchronization": {
              "barrier_count": 9,
              "method": "compute_waw_barriers_and_final_chain",
              "status": "pass"
            },
            "timed_sequence": {
              "coverage": "chained_final_state",
              "logical_iterations": 10,
              "oracle": "deterministic CPU f32 reference with sequence tag",
              "status": "pass"
            }
          },
          "correctness_pass": true,
          "dependency_contract": {
            "inter_dispatch_ordering": "vulkan_compute_barrier",
            "output_partitioning": "chained_shared",
            "validation_status": "pass",
            "work_dependency": "chained"
          },
          "gflops": 0.4147848101,
          "k": 512,
          "max_abs": 0,
          "max_rel": 0,
          "max_us": 79.028,
          "median_us": 79,
          "min_us": 78.952,
          "p05_us": 78.9608,
          "p95_us": 79.0264,
          "rows": 1,
          "submission": {
            "completion_in_host_wall": true,
            "queue_or_stream_count": 1,
            "recording_in_timed_region": false,
            "strategy": "vulkan_command_buffer",
            "submit_in_host_wall": true
          },
          "timestamp_period_ns": 10,
          "timestamp_valid_bits": 64,
          "timing": {
            "burst": {
              "dispatches_per_iteration": 1,
              "gpu_elapsed": {
                "clock": "vulkan_timestamp",
                "per_iteration_us": {
                  "max": 79.028,
                  "median": 79,
                  "min": 78.952,
                  "n": 5,
                  "p05": 78.9608,
                  "p95": 79.0264,
                  "samples": 5,
                  "stdev": 0.02646053665
                },
                "sequence_us": {
                  "max": 790.28,
                  "median": 790,
                  "min": 789.52,
                  "n": 5,
                  "p05": 789.608,
                  "p95": 790.264,
                  "samples": 5,
                  "stdev": 0.2646053665
                },
                "status": "ok"
              },
              "host_wall": {
                "clock": "steady_clock",
                "per_iteration_us": {
                  "max": 85.1054,
                  "median": 84.9454,
                  "min": 84.7294,
                  "n": 5,
                  "p05": 84.7656,
                  "p95": 85.0864,
                  "samples": 5,
                  "stdev": 0.1245558509
                },
                "sequence_us": {
                  "max": 851.054,
                  "median": 849.454,
                  "min": 847.294,
                  "n": 5,
                  "p05": 847.656,
                  "p95": 850.864,
                  "samples": 5,
                  "stdev": 1.245558509
                },
                "status": "ok"
              },
              "logical_iterations": 10
            },
            "single": {
              "dispatches_per_iteration": 1,
              "gpu_elapsed": {
                "clock": "vulkan_timestamp",
                "per_iteration_us": {
                  "max": 81.28,
                  "median": 79.36,
                  "min": 79.16,
                  "n": 5,
                  "p05": 79.184,
                  "p95": 80.904,
                  "samples": 5,
                  "stdev": 0.7962311222
                },
                "sequence_us": {
                  "max": 81.28,
                  "median": 79.36,
                  "min": 79.16,
                  "n": 5,
                  "p05": 79.184,
                  "p95": 80.904,
                  "samples": 5,
                  "stdev": 0.7962311222
                },
                "status": "ok"
              },
              "host_wall": {
                "clock": "steady_clock",
                "per_iteration_us": {
                  "max": 142.433,
                  "median": 138.412,
                  "min": 136.302,
                  "n": 5,
                  "p05": 136.546,
                  "p95": 141.6928,
                  "samples": 5,
                  "stdev": 2.056958181
                },
                "sequence_us": {
                  "max": 142.433,
                  "median": 138.412,
                  "min": 136.302,
                  "n": 5,
                  "p05": 136.546,
                  "p95": 141.6928,
                  "samples": 5,
                  "stdev": 2.056958181
                },
                "status": "ok"
              },
              "logical_iterations": 1
            }
          },
          "timing_mode": "serial_latency",
          "workgroup_size": 64
        },
        {
          "body_repeats": 32,
          "bytes_per_us": 175.7939914,
          "correctness": {
            "single_dispatch": {
              "oracle": "deterministic CPU f32 reference with sequence tag",
              "status": "pass"
            },
            "synchronization": {
              "barrier_count": 9,
              "method": "compute_waw_barriers_and_final_chain",
              "status": "pass"
            },
            "timed_sequence": {
              "coverage": "chained_final_state",
              "logical_iterations": 10,
              "oracle": "deterministic CPU f32 reference with sequence tag",
              "status": "pass"
            }
          },
          "correctness_pass": true,
          "dependency_contract": {
            "inter_dispatch_ordering": "vulkan_compute_barrier",
            "output_partitioning": "chained_shared",
            "validation_status": "pass",
            "work_dependency": "chained"
          },
          "gflops": 1.406351931,
          "k": 512,
          "max_abs": 0,
          "max_rel": 0,
          "max_us": 23.348,
          "median_us": 23.3,
          "min_us": 23.244,
          "p05_us": 23.248,
          "p95_us": 23.3456,
          "rows": 1,
          "submission": {
            "completion_in_host_wall": true,
            "queue_or_stream_count": 1,
            "recording_in_timed_region": false,
            "strategy": "vulkan_command_buffer",
            "submit_in_host_wall": true
          },
          "timestamp_period_ns": 10,
          "timestamp_valid_bits": 64,
          "timing": {
            "burst": {
              "dispatches_per_iteration": 1,
              "gpu_elapsed": {
                "clock": "vulkan_timestamp",
                "per_iteration_us": {
                  "max": 23.348,
                  "median": 23.3,
                  "min": 23.244,
                  "n": 5,
                  "p05": 23.248,
                  "p95": 23.3456,
                  "samples": 5,
                  "stdev": 0.04004797123
                },
                "sequence_us": {
                  "max": 233.48,
                  "median": 233,
                  "min": 232.44,
                  "n": 5,
                  "p05": 232.48,
                  "p95": 233.456,
                  "samples": 5,
                  "stdev": 0.4004797123
                },
                "status": "ok"
              },
              "host_wall": {
                "clock": "steady_clock",
                "per_iteration_us": {
                  "max": 29.5745,
                  "median": 29.1555,
                  "min": 28.9934,
                  "n": 5,
                  "p05": 29.02422,
                  "p95": 29.5199,
                  "samples": 5,
                  "stdev": 0.1959735737
                },
                "sequence_us": {
                  "max": 295.745,
                  "median": 291.555,
                  "min": 289.934,
                  "n": 5,
                  "p05": 290.2422,
                  "p95": 295.199,
                  "samples": 5,
                  "stdev": 1.959735737
                },
                "status": "ok"
              },
              "logical_iterations": 10
            },
            "single": {
              "dispatches_per_iteration": 1,
              "gpu_elapsed": {
                "clock": "vulkan_timestamp",
                "per_iteration_us": {
                  "max": 23.6,
                  "median": 23.56,
                  "min": 23.56,
                  "n": 5,
                  "p05": 23.56,
                  "p95": 23.6,
                  "samples": 5,
                  "stdev": 0.01959591794
                },
                "sequence_us": {
                  "max": 23.6,
                  "median": 23.56,
                  "min": 23.56,
                  "n": 5,
                  "p05": 23.56,
                  "p95": 23.6,
                  "samples": 5,
                  "stdev": 0.01959591794
                },
                "status": "ok"
              },
              "host_wall": {
                "clock": "steady_clock",
                "per_iteration_us": {
                  "max": 85.952,
                  "median": 84.212,
                  "min": 82.971,
                  "n": 5,
                  "p05": 83.139,
                  "p95": 85.6858,
                  "samples": 5,
                  "stdev": 0.9843122675
                },
                "sequence_us": {
                  "max": 85.952,
                  "median": 84.212,
                  "min": 82.971,
                  "n": 5,
                  "p05": 83.139,
                  "p95": 85.6858,
                  "samples": 5,
                  "stdev": 0.9843122675
                },
                "status": "ok"
              },
              "logical_iterations": 1
            }
          },
          "timing_mode": "serial_latency",
          "workgroup_size": 256
        },
        {
          "body_repeats": 32,
          "bytes_per_us": 53.43282414,
          "correctness": {
            "single_dispatch": {
              "oracle": "deterministic CPU f32 reference with sequence tag",
              "status": "pass"
            },
            "synchronization": {
              "barrier_count": 9,
              "method": "compute_waw_barriers_and_final_chain",
              "status": "pass"
            },
            "timed_sequence": {
              "coverage": "chained_final_state",
              "logical_iterations": 10,
              "oracle": "deterministic CPU f32 reference with sequence tag",
              "status": "pass"
            }
          },
          "correctness_pass": true,
          "dependency_contract": {
            "inter_dispatch_ordering": "vulkan_compute_barrier",
            "output_partitioning": "chained_shared",
            "validation_status": "pass",
            "work_dependency": "chained"
          },
          "gflops": 0.4274625931,
          "k": 2048,
          "max_abs": 0,
          "max_rel": 0,
          "max_us": 306.716,
          "median_us": 306.628,
          "min_us": 305.812,
          "p05_us": 305.9712,
          "p95_us": 306.7152,
          "rows": 1,
          "submission": {
            "completion_in_host_wall": true,
            "queue_or_stream_count": 1,
            "recording_in_timed_region": false,
            "strategy": "vulkan_command_buffer",
            "submit_in_host_wall": true
          },
          "timestamp_period_ns": 10,
          "timestamp_valid_bits": 64,
          "timing": {
            "burst": {
              "dispatches_per_iteration": 1,
              "gpu_elapsed": {
                "clock": "vulkan_timestamp",
                "per_iteration_us": {
                  "max": 306.716,
                  "median": 306.628,
                  "min": 305.812,
                  "n": 5,
                  "p05": 305.9712,
                  "p95": 306.7152,
                  "samples": 5,
                  "stdev": 0.3443477312
                },
                "sequence_us": {
                  "max": 3067.16,
                  "median": 3066.28,
                  "min": 3058.12,
                  "n": 5,
                  "p05": 3059.712,
                  "p95": 3067.152,
                  "samples": 5,
                  "stdev": 3.443477312
                },
                "status": "ok"
              },
              "host_wall": {
                "clock": "steady_clock",
                "per_iteration_us": {
                  "max": 314.0842,
                  "median": 313.9541,
                  "min": 313.3061,
                  "n": 5,
                  "p05": 313.4171,
                  "p95": 314.0718,
                  "samples": 5,
                  "stdev": 0.2797106548
                },
                "sequence_us": {
                  "max": 3140.842,
                  "median": 3139.541,
                  "min": 3133.061,
                  "n": 5,
                  "p05": 3134.171,
                  "p95": 3140.718,
                  "samples": 5,
                  "stdev": 2.797106548
                },
                "status": "ok"
              },
              "logical_iterations": 10
            },
            "single": {
              "dispatches_per_iteration": 1,
              "gpu_elapsed": {
                "clock": "vulkan_timestamp",
                "per_iteration_us": {
                  "max": 313.04,
                  "median": 305.48,
                  "min": 305.32,
                  "n": 5,
                  "p05": 305.32,
                  "p95": 313.032,
                  "samples": 5,
                  "stdev": 3.746563225
                },
                "sequence_us": {
                  "max": 313.04,
                  "median": 305.48,
                  "min": 305.32,
                  "n": 5,
                  "p05": 305.32,
                  "p95": 313.032,
                  "samples": 5,
                  "stdev": 3.746563225
                },
                "status": "ok"
              },
              "host_wall": {
                "clock": "steady_clock",
                "per_iteration_us": {
                  "max": 375.226,
                  "median": 370.116,
                  "min": 364.176,
                  "n": 5,
                  "p05": 364.396,
                  "p95": 375.122,
                  "samples": 5,
                  "stdev": 4.59687111
                },
                "sequence_us": {
                  "max": 375.226,
                  "median": 370.116,
                  "min": 364.176,
                  "n": 5,
                  "p05": 364.396,
                  "p95": 375.122,
                  "samples": 5,
                  "stdev": 4.59687111
                },
                "status": "ok"
              },
              "logical_iterations": 1
            }
          },
          "timing_mode": "serial_latency",
          "workgroup_size": 64
        },
        {
          "body_repeats": 32,
          "bytes_per_us": 202.6920032,
          "correctness": {
            "single_dispatch": {
              "oracle": "deterministic CPU f32 reference with sequence tag",
              "status": "pass"
            },
            "synchronization": {
              "barrier_count": 9,
              "method": "compute_waw_barriers_and_final_chain",
              "status": "pass"
            },
            "timed_sequence": {
              "coverage": "chained_final_state",
              "logical_iterations": 10,
              "oracle": "deterministic CPU f32 reference with sequence tag",
              "status": "pass"
            }
          },
          "correctness_pass": true,
          "dependency_contract": {
            "inter_dispatch_ordering": "vulkan_compute_barrier",
            "output_partitioning": "chained_shared",
            "validation_status": "pass",
            "work_dependency": "chained"
          },
          "gflops": 1.621536025,
          "k": 2048,
          "max_abs": 0,
          "max_rel": 0,
          "max_us": 80.996,
          "median_us": 80.832,
          "min_us": 80.724,
          "p05_us": 80.7392,
          "p95_us": 80.9672,
          "rows": 1,
          "submission": {
            "completion_in_host_wall": true,
            "queue_or_stream_count": 1,
            "recording_in_timed_region": false,
            "strategy": "vulkan_command_buffer",
            "submit_in_host_wall": true
          },
          "timestamp_period_ns": 10,
          "timestamp_valid_bits": 64,
          "timing": {
            "burst": {
              "dispatches_per_iteration": 1,
              "gpu_elapsed": {
                "clock": "vulkan_timestamp",
                "per_iteration_us": {
                  "max": 80.996,
                  "median": 80.832,
                  "min": 80.724,
                  "n": 5,
                  "p05": 80.7392,
                  "p95": 80.9672,
                  "samples": 5,
                  "stdev": 0.08899078604
                },
                "sequence_us": {
                  "max": 809.96,
                  "median": 808.32,
                  "min": 807.24,
                  "n": 5,
                  "p05": 807.392,
                  "p95": 809.672,
                  "samples": 5,
                  "stdev": 0.8899078604
                },
                "status": "ok"
              },
              "host_wall": {
                "clock": "steady_clock",
                "per_iteration_us": {
                  "max": 87.0674,
                  "median": 86.8864,
                  "min": 86.7064,
                  "n": 5,
                  "p05": 86.7078,
                  "p95": 87.04122,
                  "samples": 5,
                  "stdev": 0.1375704096
                },
                "sequence_us": {
                  "max": 870.674,
                  "median": 868.864,
                  "min": 867.064,
                  "n": 5,
                  "p05": 867.078,
                  "p95": 870.4122,
                  "samples": 5,
                  "stdev": 1.375704096
                },
                "status": "ok"
              },
              "logical_iterations": 10
            },
            "single": {
              "dispatches_per_iteration": 1,
              "gpu_elapsed": {
                "clock": "vulkan_timestamp",
                "per_iteration_us": {
                  "max": 81.28,
                  "median": 81.12,
                  "min": 80.76,
                  "n": 5,
                  "p05": 80.824,
                  "p95": 81.28,
                  "samples": 5,
                  "stdev": 0.1903260361
                },
                "sequence_us": {
                  "max": 81.28,
                  "median": 81.12,
                  "min": 80.76,
                  "n": 5,
                  "p05": 80.824,
                  "p95": 81.28,
                  "samples": 5,
                  "stdev": 0.1903260361
                },
                "status": "ok"
              },
              "host_wall": {
                "clock": "steady_clock",
                "per_iteration_us": {
                  "max": 140.683,
                  "median": 139.862,
                  "min": 138.833,
                  "n": 5,
                  "p05": 138.8728,
                  "p95": 140.5348,
                  "samples": 5,
                  "stdev": 0.6700192833
                },
                "sequence_us": {
                  "max": 140.683,
                  "median": 139.862,
                  "min": 138.833,
                  "n": 5,
                  "p05": 138.8728,
                  "p95": 140.5348,
                  "samples": 5,
                  "stdev": 0.6700192833
                },
                "status": "ok"
              },
              "logical_iterations": 1
            }
          },
          "timing_mode": "serial_latency",
          "workgroup_size": 256
        }
      ],
      "run_tag": "vulkan-geometry-sweep",
      "status": "diagnostic"
    },
    "vulkan:lds_tree": {
      "backend": "vulkan",
      "config": {
        "body_repeats": 32,
        "k_list": [
          512,
          2048
        ],
        "method": "one workgroup per row; repeat-shifted strided f32 FMA inner loop; shared-memory tree reduction; device-local buffers",
        "reps": 10,
        "rows_list": [
          1
        ],
        "samples": 5,
        "timing_mode": "serial_latency",
        "warmup": 3,
        "workgroups": [
          64,
          256
        ]
      },
      "hardware": {
        "api_version": 4211006,
        "device_id": 30032,
        "device_name": "AMD Radeon Graphics (RADV GFX1201)",
        "device_type": 2,
        "driver_version_raw": 104865800,
        "queue_family": 0,
        "vendor_id": 4098
      },
      "rows": [
        {
          "body_repeats": 32,
          "bytes_per_us": 70.3973601,
          "correctness": {
            "single_dispatch": {
              "oracle": "deterministic CPU f32 reference with sequence tag",
              "status": "pass"
            },
            "synchronization": {
              "barrier_count": 9,
              "method": "compute_waw_barriers_and_final_chain",
              "status": "pass"
            },
            "timed_sequence": {
              "coverage": "chained_final_state",
              "logical_iterations": 10,
              "oracle": "deterministic CPU f32 reference with sequence tag",
              "status": "pass"
            }
          },
          "correctness_pass": true,
          "dependency_contract": {
            "inter_dispatch_ordering": "vulkan_compute_barrier",
            "output_partitioning": "chained_shared",
            "validation_status": "pass",
            "work_dependency": "chained"
          },
          "gflops": 0.5631788808,
          "k": 512,
          "max_abs": 0,
          "max_rel": 0,
          "max_us": 58.28,
          "median_us": 58.184,
          "min_us": 58.136,
          "p05_us": 58.1456,
          "p95_us": 58.264,
          "rows": 1,
          "submission": {
            "completion_in_host_wall": true,
            "queue_or_stream_count": 1,
            "recording_in_timed_region": false,
            "strategy": "vulkan_command_buffer",
            "submit_in_host_wall": true
          },
          "timestamp_period_ns": 10,
          "timestamp_valid_bits": 64,
          "timing": {
            "burst": {
              "dispatches_per_iteration": 1,
              "gpu_elapsed": {
                "clock": "vulkan_timestamp",
                "per_iteration_us": {
                  "max": 58.28,
                  "median": 58.184,
                  "min": 58.136,
                  "n": 5,
                  "p05": 58.1456,
                  "p95": 58.264,
                  "samples": 5,
                  "stdev": 0.04681196428
                },
                "sequence_us": {
                  "max": 582.8,
                  "median": 581.84,
                  "min": 581.36,
                  "n": 5,
                  "p05": 581.456,
                  "p95": 582.64,
                  "samples": 5,
                  "stdev": 0.4681196428
                },
                "status": "ok"
              },
              "host_wall": {
                "clock": "steady_clock",
                "per_iteration_us": {
                  "max": 63.62,
                  "median": 63.2621,
                  "min": 63.225,
                  "n": 5,
                  "p05": 63.22582,
                  "p95": 63.559,
                  "samples": 5,
                  "stdev": 0.1484189557
                },
                "sequence_us": {
                  "max": 636.2,
                  "median": 632.621,
                  "min": 632.25,
                  "n": 5,
                  "p05": 632.2582,
                  "p95": 635.59,
                  "samples": 5,
                  "stdev": 1.484189557
                },
                "status": "ok"
              },
              "logical_iterations": 10
            },
            "single": {
              "dispatches_per_iteration": 1,
              "gpu_elapsed": {
                "clock": "vulkan_timestamp",
                "per_iteration_us": {
                  "max": 60.8,
                  "median": 58.56,
                  "min": 58.36,
                  "n": 5,
                  "p05": 58.368,
                  "p95": 60.752,
                  "samples": 5,
                  "stdev": 1.102027223
                },
                "sequence_us": {
                  "max": 60.8,
                  "median": 58.56,
                  "min": 58.36,
                  "n": 5,
                  "p05": 58.368,
                  "p95": 60.752,
                  "samples": 5,
                  "stdev": 1.102027223
                },
                "status": "ok"
              },
              "host_wall": {
                "clock": "steady_clock",
                "per_iteration_us": {
                  "max": 121.912,
                  "median": 108.442,
                  "min": 106.431,
                  "n": 5,
                  "p05": 106.8072,
                  "p95": 120.69,
                  "samples": 5,
                  "stdev": 5.827791637
                },
                "sequence_us": {
                  "max": 121.912,
                  "median": 108.442,
                  "min": 106.431,
                  "n": 5,
                  "p05": 106.8072,
                  "p95": 120.69,
                  "samples": 5,
                  "stdev": 5.827791637
                },
                "status": "ok"
              },
              "logical_iterations": 1
            }
          },
          "timing_mode": "serial_latency",
          "workgroup_size": 64
        },
        {
          "body_repeats": 32,
          "bytes_per_us": 239.4201543,
          "correctness": {
            "single_dispatch": {
              "oracle": "deterministic CPU f32 reference with sequence tag",
              "status": "pass"
            },
            "synchronization": {
              "barrier_count": 9,
              "method": "compute_waw_barriers_and_final_chain",
              "status": "pass"
            },
            "timed_sequence": {
              "coverage": "chained_final_state",
              "logical_iterations": 10,
              "oracle": "deterministic CPU f32 reference with sequence tag",
              "status": "pass"
            }
          },
          "correctness_pass": true,
          "dependency_contract": {
            "inter_dispatch_ordering": "vulkan_compute_barrier",
            "output_partitioning": "chained_shared",
            "validation_status": "pass",
            "work_dependency": "chained"
          },
          "gflops": 1.915361235,
          "k": 512,
          "max_abs": 0,
          "max_rel": 0,
          "max_us": 17.152,
          "median_us": 17.108,
          "min_us": 17.08,
          "p05_us": 17.084,
          "p95_us": 17.1496,
          "rows": 1,
          "submission": {
            "completion_in_host_wall": true,
            "queue_or_stream_count": 1,
            "recording_in_timed_region": false,
            "strategy": "vulkan_command_buffer",
            "submit_in_host_wall": true
          },
          "timestamp_period_ns": 10,
          "timestamp_valid_bits": 64,
          "timing": {
            "burst": {
              "dispatches_per_iteration": 1,
              "gpu_elapsed": {
                "clock": "vulkan_timestamp",
                "per_iteration_us": {
                  "max": 17.152,
                  "median": 17.108,
                  "min": 17.08,
                  "n": 5,
                  "p05": 17.084,
                  "p95": 17.1496,
                  "samples": 5,
                  "stdev": 0.02641211843
                },
                "sequence_us": {
                  "max": 171.52,
                  "median": 171.08,
                  "min": 170.8,
                  "n": 5,
                  "p05": 170.84,
                  "p95": 171.496,
                  "samples": 5,
                  "stdev": 0.2641211843
                },
                "status": "ok"
              },
              "host_wall": {
                "clock": "steady_clock",
                "per_iteration_us": {
                  "max": 23.0684,
                  "median": 22.4564,
                  "min": 22.3724,
                  "n": 5,
                  "p05": 22.37798,
                  "p95": 22.97038,
                  "samples": 5,
                  "stdev": 0.2565490721
                },
                "sequence_us": {
                  "max": 230.684,
                  "median": 224.564,
                  "min": 223.724,
                  "n": 5,
                  "p05": 223.7798,
                  "p95": 229.7038,
                  "samples": 5,
                  "stdev": 2.565490721
                },
                "status": "ok"
              },
              "logical_iterations": 10
            },
            "single": {
              "dispatches_per_iteration": 1,
              "gpu_elapsed": {
                "clock": "vulkan_timestamp",
                "per_iteration_us": {
                  "max": 18.36,
                  "median": 17.36,
                  "min": 17.28,
                  "n": 5,
                  "p05": 17.296,
                  "p95": 18.168,
                  "samples": 5,
                  "stdev": 0.4058768286
                },
                "sequence_us": {
                  "max": 18.36,
                  "median": 17.36,
                  "min": 17.28,
                  "n": 5,
                  "p05": 17.296,
                  "p95": 18.168,
                  "samples": 5,
                  "stdev": 0.4058768286
                },
                "status": "ok"
              },
              "host_wall": {
                "clock": "steady_clock",
                "per_iteration_us": {
                  "max": 76.102,
                  "median": 75.801,
                  "min": 71.681,
                  "n": 5,
                  "p05": 72.437,
                  "p95": 76.0578,
                  "samples": 5,
                  "stdev": 1.664893558
                },
                "sequence_us": {
                  "max": 76.102,
                  "median": 75.801,
                  "min": 71.681,
                  "n": 5,
                  "p05": 72.437,
                  "p95": 76.0578,
                  "samples": 5,
                  "stdev": 1.664893558
                },
                "status": "ok"
              },
              "logical_iterations": 1
            }
          },
          "timing_mode": "serial_latency",
          "workgroup_size": 256
        },
        {
          "body_repeats": 32,
          "bytes_per_us": 73.22916294,
          "correctness": {
            "single_dispatch": {
              "oracle": "deterministic CPU f32 reference with sequence tag",
              "status": "pass"
            },
            "synchronization": {
              "barrier_count": 9,
              "method": "compute_waw_barriers_and_final_chain",
              "status": "pass"
            },
            "timed_sequence": {
              "coverage": "chained_final_state",
              "logical_iterations": 10,
              "oracle": "deterministic CPU f32 reference with sequence tag",
              "status": "pass"
            }
          },
          "correctness_pass": true,
          "dependency_contract": {
            "inter_dispatch_ordering": "vulkan_compute_barrier",
            "output_partitioning": "chained_shared",
            "validation_status": "pass",
            "work_dependency": "chained"
          },
          "gflops": 0.5858333035,
          "k": 2048,
          "max_abs": 0,
          "max_rel": 0,
          "max_us": 226.32,
          "median_us": 223.736,
          "min_us": 222.108,
          "p05_us": 222.2568,
          "p95_us": 225.9464,
          "rows": 1,
          "submission": {
            "completion_in_host_wall": true,
            "queue_or_stream_count": 1,
            "recording_in_timed_region": false,
            "strategy": "vulkan_command_buffer",
            "submit_in_host_wall": true
          },
          "timestamp_period_ns": 10,
          "timestamp_valid_bits": 64,
          "timing": {
            "burst": {
              "dispatches_per_iteration": 1,
              "gpu_elapsed": {
                "clock": "vulkan_timestamp",
                "per_iteration_us": {
                  "max": 226.32,
                  "median": 223.736,
                  "min": 222.108,
                  "n": 5,
                  "p05": 222.2568,
                  "p95": 225.9464,
                  "samples": 5,
                  "stdev": 1.448955707
                },
                "sequence_us": {
                  "max": 2263.2,
                  "median": 2237.36,
                  "min": 2221.08,
                  "n": 5,
                  "p05": 2222.568,
                  "p95": 2259.464,
                  "samples": 5,
                  "stdev": 14.48955707
                },
                "status": "ok"
              },
              "host_wall": {
                "clock": "steady_clock",
                "per_iteration_us": {
                  "max": 232.8718,
                  "median": 230.5307,
                  "min": 229.0497,
                  "n": 5,
                  "p05": 229.24392,
                  "p95": 232.5262,
                  "samples": 5,
                  "stdev": 1.27470863
                },
                "sequence_us": {
                  "max": 2328.718,
                  "median": 2305.307,
                  "min": 2290.497,
                  "n": 5,
                  "p05": 2292.4392,
                  "p95": 2325.262,
                  "samples": 5,
                  "stdev": 12.7470863
                },
                "status": "ok"
              },
              "logical_iterations": 10
            },
            "single": {
              "dispatches_per_iteration": 1,
              "gpu_elapsed": {
                "clock": "vulkan_timestamp",
                "per_iteration_us": {
                  "max": 225,
                  "median": 224.92,
                  "min": 224.84,
                  "n": 5,
                  "p05": 224.848,
                  "p95": 225,
                  "samples": 5,
                  "stdev": 0.064
                },
                "sequence_us": {
                  "max": 225,
                  "median": 224.92,
                  "min": 224.84,
                  "n": 5,
                  "p05": 224.848,
                  "p95": 225,
                  "samples": 5,
                  "stdev": 0.064
                },
                "status": "ok"
              },
              "host_wall": {
                "clock": "steady_clock",
                "per_iteration_us": {
                  "max": 284.505,
                  "median": 281.854,
                  "min": 280.455,
                  "n": 5,
                  "p05": 280.6988,
                  "p95": 283.977,
                  "samples": 5,
                  "stdev": 1.325363739
                },
                "sequence_us": {
                  "max": 284.505,
                  "median": 281.854,
                  "min": 280.455,
                  "n": 5,
                  "p05": 280.6988,
                  "p95": 283.977,
                  "samples": 5,
                  "stdev": 1.325363739
                },
                "status": "ok"
              },
              "logical_iterations": 1
            }
          },
          "timing_mode": "serial_latency",
          "workgroup_size": 64
        },
        {
          "body_repeats": 32,
          "bytes_per_us": 280.1641587,
          "correctness": {
            "single_dispatch": {
              "oracle": "deterministic CPU f32 reference with sequence tag",
              "status": "pass"
            },
            "synchronization": {
              "barrier_count": 9,
              "method": "compute_waw_barriers_and_final_chain",
              "status": "pass"
            },
            "timed_sequence": {
              "coverage": "chained_final_state",
              "logical_iterations": 10,
              "oracle": "deterministic CPU f32 reference with sequence tag",
              "status": "pass"
            }
          },
          "correctness_pass": true,
          "dependency_contract": {
            "inter_dispatch_ordering": "vulkan_compute_barrier",
            "output_partitioning": "chained_shared",
            "validation_status": "pass",
            "work_dependency": "chained"
          },
          "gflops": 2.241313269,
          "k": 2048,
          "max_abs": 0,
          "max_rel": 0,
          "max_us": 59.36,
          "median_us": 58.48,
          "min_us": 58.136,
          "p05_us": 58.1368,
          "p95_us": 59.2128,
          "rows": 1,
          "submission": {
            "completion_in_host_wall": true,
            "queue_or_stream_count": 1,
            "recording_in_timed_region": false,
            "strategy": "vulkan_command_buffer",
            "submit_in_host_wall": true
          },
          "timestamp_period_ns": 10,
          "timestamp_valid_bits": 64,
          "timing": {
            "burst": {
              "dispatches_per_iteration": 1,
              "gpu_elapsed": {
                "clock": "vulkan_timestamp",
                "per_iteration_us": {
                  "max": 59.36,
                  "median": 58.48,
                  "min": 58.136,
                  "n": 5,
                  "p05": 58.1368,
                  "p95": 59.2128,
                  "samples": 5,
                  "stdev": 0.4485425286
                },
                "sequence_us": {
                  "max": 593.6,
                  "median": 584.8,
                  "min": 581.36,
                  "n": 5,
                  "p05": 581.368,
                  "p95": 592.128,
                  "samples": 5,
                  "stdev": 4.485425286
                },
                "status": "ok"
              },
              "host_wall": {
                "clock": "steady_clock",
                "per_iteration_us": {
                  "max": 64.2011,
                  "median": 63.46,
                  "min": 63.1571,
                  "n": 5,
                  "p05": 63.21468,
                  "p95": 64.16408,
                  "samples": 5,
                  "stdev": 0.3895053509
                },
                "sequence_us": {
                  "max": 642.011,
                  "median": 634.6,
                  "min": 631.571,
                  "n": 5,
                  "p05": 632.1468,
                  "p95": 641.6408,
                  "samples": 5,
                  "stdev": 3.895053509
                },
                "status": "ok"
              },
              "logical_iterations": 10
            },
            "single": {
              "dispatches_per_iteration": 1,
              "gpu_elapsed": {
                "clock": "vulkan_timestamp",
                "per_iteration_us": {
                  "max": 60.12,
                  "median": 59.4,
                  "min": 59.12,
                  "n": 5,
                  "p05": 59.16,
                  "p95": 60.088,
                  "samples": 5,
                  "stdev": 0.3866574712
                },
                "sequence_us": {
                  "max": 60.12,
                  "median": 59.4,
                  "min": 59.12,
                  "n": 5,
                  "p05": 59.16,
                  "p95": 60.088,
                  "samples": 5,
                  "stdev": 0.3866574712
                },
                "status": "ok"
              },
              "host_wall": {
                "clock": "steady_clock",
                "per_iteration_us": {
                  "max": 110.392,
                  "median": 107.122,
                  "min": 105.842,
                  "n": 5,
                  "p05": 106.022,
                  "p95": 109.9918,
                  "samples": 5,
                  "stdev": 1.576599683
                },
                "sequence_us": {
                  "max": 110.392,
                  "median": 107.122,
                  "min": 105.842,
                  "n": 5,
                  "p05": 106.022,
                  "p95": 109.9918,
                  "samples": 5,
                  "stdev": 1.576599683
                },
                "status": "ok"
              },
              "logical_iterations": 1
            }
          },
          "timing_mode": "serial_latency",
          "workgroup_size": 256
        }
      ],
      "run_tag": "vulkan-geometry-sweep",
      "status": "diagnostic"
    },
    "vulkan:multi_accum16": {
      "backend": "vulkan",
      "config": {
        "body_repeats": 32,
        "k_list": [
          512,
          2048
        ],
        "method": "one workgroup per row; repeat-shifted strided f32 FMA inner loop; shared-memory tree reduction; device-local buffers",
        "reps": 10,
        "rows_list": [
          1
        ],
        "samples": 5,
        "timing_mode": "serial_latency",
        "warmup": 3,
        "workgroups": [
          64,
          256
        ]
      },
      "hardware": {
        "api_version": 4211006,
        "device_id": 30032,
        "device_name": "AMD Radeon Graphics (RADV GFX1201)",
        "device_type": 2,
        "driver_version_raw": 104865800,
        "queue_family": 0,
        "vendor_id": 4098
      },
      "rows": [
        {
          "body_repeats": 32,
          "bytes_per_us": 62.84136238,
          "correctness": {
            "single_dispatch": {
              "oracle": "deterministic CPU f32 reference with sequence tag",
              "status": "pass"
            },
            "synchronization": {
              "barrier_count": 9,
              "method": "compute_waw_barriers_and_final_chain",
              "status": "pass"
            },
            "timed_sequence": {
              "coverage": "chained_final_state",
              "logical_iterations": 10,
              "oracle": "deterministic CPU f32 reference with sequence tag",
              "status": "pass"
            }
          },
          "correctness_pass": true,
          "dependency_contract": {
            "inter_dispatch_ordering": "vulkan_compute_barrier",
            "output_partitioning": "chained_shared",
            "validation_status": "pass",
            "work_dependency": "chained"
          },
          "gflops": 0.502730899,
          "k": 512,
          "max_abs": 0,
          "max_rel": 0,
          "max_us": 65.272,
          "median_us": 65.18,
          "min_us": 65.112,
          "p05_us": 65.1232,
          "p95_us": 65.2648,
          "rows": 1,
          "submission": {
            "completion_in_host_wall": true,
            "queue_or_stream_count": 1,
            "recording_in_timed_region": false,
            "strategy": "vulkan_command_buffer",
            "submit_in_host_wall": true
          },
          "timestamp_period_ns": 10,
          "timestamp_valid_bits": 64,
          "timing": {
            "burst": {
              "dispatches_per_iteration": 1,
              "gpu_elapsed": {
                "clock": "vulkan_timestamp",
                "per_iteration_us": {
                  "max": 65.272,
                  "median": 65.18,
                  "min": 65.112,
                  "n": 5,
                  "p05": 65.1232,
                  "p95": 65.2648,
                  "samples": 5,
                  "stdev": 0.05557553419
                },
                "sequence_us": {
                  "max": 652.72,
                  "median": 651.8,
                  "min": 651.12,
                  "n": 5,
                  "p05": 651.232,
                  "p95": 652.648,
                  "samples": 5,
                  "stdev": 0.5557553419
                },
                "status": "ok"
              },
              "host_wall": {
                "clock": "steady_clock",
                "per_iteration_us": {
                  "max": 70.9281,
                  "median": 70.6852,
                  "min": 70.5782,
                  "n": 5,
                  "p05": 70.5838,
                  "p95": 70.8943,
                  "samples": 5,
                  "stdev": 0.1254829805
                },
                "sequence_us": {
                  "max": 709.281,
                  "median": 706.852,
                  "min": 705.782,
                  "n": 5,
                  "p05": 705.838,
                  "p95": 708.943,
                  "samples": 5,
                  "stdev": 1.254829805
                },
                "status": "ok"
              },
              "logical_iterations": 10
            },
            "single": {
              "dispatches_per_iteration": 1,
              "gpu_elapsed": {
                "clock": "vulkan_timestamp",
                "per_iteration_us": {
                  "max": 65.44,
                  "median": 65.28,
                  "min": 65.2,
                  "n": 5,
                  "p05": 65.208,
                  "p95": 65.416,
                  "samples": 5,
                  "stdev": 0.08236504113
                },
                "sequence_us": {
                  "max": 65.44,
                  "median": 65.28,
                  "min": 65.2,
                  "n": 5,
                  "p05": 65.208,
                  "p95": 65.416,
                  "samples": 5,
                  "stdev": 0.08236504113
                },
                "status": "ok"
              },
              "host_wall": {
                "clock": "steady_clock",
                "per_iteration_us": {
                  "max": 119.322,
                  "median": 118.232,
                  "min": 114.212,
                  "n": 5,
                  "p05": 114.992,
                  "p95": 119.212,
                  "samples": 5,
                  "stdev": 1.810772211
                },
                "sequence_us": {
                  "max": 119.322,
                  "median": 118.232,
                  "min": 114.212,
                  "n": 5,
                  "p05": 114.992,
                  "p95": 119.212,
                  "samples": 5,
                  "stdev": 1.810772211
                },
                "status": "ok"
              },
              "logical_iterations": 1
            }
          },
          "timing_mode": "serial_latency",
          "workgroup_size": 64
        },
        {
          "body_repeats": 32,
          "bytes_per_us": 133.9612768,
          "correctness": {
            "single_dispatch": {
              "oracle": "deterministic CPU f32 reference with sequence tag",
              "status": "pass"
            },
            "synchronization": {
              "barrier_count": 9,
              "method": "compute_waw_barriers_and_final_chain",
              "status": "pass"
            },
            "timed_sequence": {
              "coverage": "chained_final_state",
              "logical_iterations": 10,
              "oracle": "deterministic CPU f32 reference with sequence tag",
              "status": "pass"
            }
          },
          "correctness_pass": true,
          "dependency_contract": {
            "inter_dispatch_ordering": "vulkan_compute_barrier",
            "output_partitioning": "chained_shared",
            "validation_status": "pass",
            "work_dependency": "chained"
          },
          "gflops": 1.071690215,
          "k": 512,
          "max_abs": 0,
          "max_rel": 0,
          "max_us": 30.684,
          "median_us": 30.576,
          "min_us": 30.504,
          "p05_us": 30.5064,
          "p95_us": 30.6672,
          "rows": 1,
          "submission": {
            "completion_in_host_wall": true,
            "queue_or_stream_count": 1,
            "recording_in_timed_region": false,
            "strategy": "vulkan_command_buffer",
            "submit_in_host_wall": true
          },
          "timestamp_period_ns": 10,
          "timestamp_valid_bits": 64,
          "timing": {
            "burst": {
              "dispatches_per_iteration": 1,
              "gpu_elapsed": {
                "clock": "vulkan_timestamp",
                "per_iteration_us": {
                  "max": 30.684,
                  "median": 30.576,
                  "min": 30.504,
                  "n": 5,
                  "p05": 30.5064,
                  "p95": 30.6672,
                  "samples": 5,
                  "stdev": 0.06484442921
                },
                "sequence_us": {
                  "max": 306.84,
                  "median": 305.76,
                  "min": 305.04,
                  "n": 5,
                  "p05": 305.064,
                  "p95": 306.672,
                  "samples": 5,
                  "stdev": 0.6484442921
                },
                "status": "ok"
              },
              "host_wall": {
                "clock": "steady_clock",
                "per_iteration_us": {
                  "max": 37.1026,
                  "median": 36.4436,
                  "min": 36.2206,
                  "n": 5,
                  "p05": 36.2476,
                  "p95": 36.9748,
                  "samples": 5,
                  "stdev": 0.3049817044
                },
                "sequence_us": {
                  "max": 371.026,
                  "median": 364.436,
                  "min": 362.206,
                  "n": 5,
                  "p05": 362.476,
                  "p95": 369.748,
                  "samples": 5,
                  "stdev": 3.049817044
                },
                "status": "ok"
              },
              "logical_iterations": 10
            },
            "single": {
              "dispatches_per_iteration": 1,
              "gpu_elapsed": {
                "clock": "vulkan_timestamp",
                "per_iteration_us": {
                  "max": 30.72,
                  "median": 30.68,
                  "min": 30.6,
                  "n": 5,
                  "p05": 30.608,
                  "p95": 30.712,
                  "samples": 5,
                  "stdev": 0.04079215611
                },
                "sequence_us": {
                  "max": 30.72,
                  "median": 30.68,
                  "min": 30.6,
                  "n": 5,
                  "p05": 30.608,
                  "p95": 30.712,
                  "samples": 5,
                  "stdev": 0.04079215611
                },
                "status": "ok"
              },
              "host_wall": {
                "clock": "steady_clock",
                "per_iteration_us": {
                  "max": 88.152,
                  "median": 87.031,
                  "min": 86.381,
                  "n": 5,
                  "p05": 86.4292,
                  "p95": 88.06,
                  "samples": 5,
                  "stdev": 0.6601207768
                },
                "sequence_us": {
                  "max": 88.152,
                  "median": 87.031,
                  "min": 86.381,
                  "n": 5,
                  "p05": 86.4292,
                  "p95": 88.06,
                  "samples": 5,
                  "stdev": 0.6601207768
                },
                "status": "ok"
              },
              "logical_iterations": 1
            }
          },
          "timing_mode": "serial_latency",
          "workgroup_size": 256
        },
        {
          "body_repeats": 32,
          "bytes_per_us": 73.72873729,
          "correctness": {
            "single_dispatch": {
              "oracle": "deterministic CPU f32 reference with sequence tag",
              "status": "pass"
            },
            "synchronization": {
              "barrier_count": 9,
              "method": "compute_waw_barriers_and_final_chain",
              "status": "pass"
            },
            "timed_sequence": {
              "coverage": "chained_final_state",
              "logical_iterations": 10,
              "oracle": "deterministic CPU f32 reference with sequence tag",
              "status": "pass"
            }
          },
          "correctness_pass": true,
          "dependency_contract": {
            "inter_dispatch_ordering": "vulkan_compute_barrier",
            "output_partitioning": "chained_shared",
            "validation_status": "pass",
            "work_dependency": "chained"
          },
          "gflops": 0.5898298983,
          "k": 2048,
          "max_abs": 0,
          "max_rel": 0,
          "max_us": 222.352,
          "median_us": 222.22,
          "min_us": 221.992,
          "p05_us": 222.0224,
          "p95_us": 222.3496,
          "rows": 1,
          "submission": {
            "completion_in_host_wall": true,
            "queue_or_stream_count": 1,
            "recording_in_timed_region": false,
            "strategy": "vulkan_command_buffer",
            "submit_in_host_wall": true
          },
          "timestamp_period_ns": 10,
          "timestamp_valid_bits": 64,
          "timing": {
            "burst": {
              "dispatches_per_iteration": 1,
              "gpu_elapsed": {
                "clock": "vulkan_timestamp",
                "per_iteration_us": {
                  "max": 222.352,
                  "median": 222.22,
                  "min": 221.992,
                  "n": 5,
                  "p05": 222.0224,
                  "p95": 222.3496,
                  "samples": 5,
                  "stdev": 0.1334490165
                },
                "sequence_us": {
                  "max": 2223.52,
                  "median": 2222.2,
                  "min": 2219.92,
                  "n": 5,
                  "p05": 2220.224,
                  "p95": 2223.496,
                  "samples": 5,
                  "stdev": 1.334490165
                },
                "status": "ok"
              },
              "host_wall": {
                "clock": "steady_clock",
                "per_iteration_us": {
                  "max": 229.9407,
                  "median": 229.5908,
                  "min": 228.9227,
                  "n": 5,
                  "p05": 229.02392,
                  "p95": 229.9139,
                  "samples": 5,
                  "stdev": 0.3543087727
                },
                "sequence_us": {
                  "max": 2299.407,
                  "median": 2295.908,
                  "min": 2289.227,
                  "n": 5,
                  "p05": 2290.2392,
                  "p95": 2299.139,
                  "samples": 5,
                  "stdev": 3.543087727
                },
                "status": "ok"
              },
              "logical_iterations": 10
            },
            "single": {
              "dispatches_per_iteration": 1,
              "gpu_elapsed": {
                "clock": "vulkan_timestamp",
                "per_iteration_us": {
                  "max": 224,
                  "median": 223.64,
                  "min": 223.08,
                  "n": 5,
                  "p05": 223.08,
                  "p95": 223.984,
                  "samples": 5,
                  "stdev": 0.3972706886
                },
                "sequence_us": {
                  "max": 224,
                  "median": 223.64,
                  "min": 223.08,
                  "n": 5,
                  "p05": 223.08,
                  "p95": 223.984,
                  "samples": 5,
                  "stdev": 0.3972706886
                },
                "status": "ok"
              },
              "host_wall": {
                "clock": "steady_clock",
                "per_iteration_us": {
                  "max": 299.415,
                  "median": 279.124,
                  "min": 269.955,
                  "n": 5,
                  "p05": 271.021,
                  "p95": 295.7648,
                  "samples": 5,
                  "stdev": 9.973074723
                },
                "sequence_us": {
                  "max": 299.415,
                  "median": 279.124,
                  "min": 269.955,
                  "n": 5,
                  "p05": 271.021,
                  "p95": 295.7648,
                  "samples": 5,
                  "stdev": 9.973074723
                },
                "status": "ok"
              },
              "logical_iterations": 1
            }
          },
          "timing_mode": "serial_latency",
          "workgroup_size": 64
        },
        {
          "body_repeats": 32,
          "bytes_per_us": 242.8554488,
          "correctness": {
            "single_dispatch": {
              "oracle": "deterministic CPU f32 reference with sequence tag",
              "status": "pass"
            },
            "synchronization": {
              "barrier_count": 9,
              "method": "compute_waw_barriers_and_final_chain",
              "status": "pass"
            },
            "timed_sequence": {
              "coverage": "chained_final_state",
              "logical_iterations": 10,
              "oracle": "deterministic CPU f32 reference with sequence tag",
              "status": "pass"
            }
          },
          "correctness_pass": true,
          "dependency_contract": {
            "inter_dispatch_ordering": "vulkan_compute_barrier",
            "output_partitioning": "chained_shared",
            "validation_status": "pass",
            "work_dependency": "chained"
          },
          "gflops": 1.942843591,
          "k": 2048,
          "max_abs": 0,
          "max_rel": 0,
          "max_us": 67.68,
          "median_us": 67.464,
          "min_us": 67.396,
          "p05_us": 67.4016,
          "p95_us": 67.6376,
          "rows": 1,
          "submission": {
            "completion_in_host_wall": true,
            "queue_or_stream_count": 1,
            "recording_in_timed_region": false,
            "strategy": "vulkan_command_buffer",
            "submit_in_host_wall": true
          },
          "timestamp_period_ns": 10,
          "timestamp_valid_bits": 64,
          "timing": {
            "burst": {
              "dispatches_per_iteration": 1,
              "gpu_elapsed": {
                "clock": "vulkan_timestamp",
                "per_iteration_us": {
                  "max": 67.68,
                  "median": 67.464,
                  "min": 67.396,
                  "n": 5,
                  "p05": 67.4016,
                  "p95": 67.6376,
                  "samples": 5,
                  "stdev": 0.1003864533
                },
                "sequence_us": {
                  "max": 676.8,
                  "median": 674.64,
                  "min": 673.96,
                  "n": 5,
                  "p05": 674.016,
                  "p95": 676.376,
                  "samples": 5,
                  "stdev": 1.003864533
                },
                "status": "ok"
              },
              "host_wall": {
                "clock": "steady_clock",
                "per_iteration_us": {
                  "max": 72.7652,
                  "median": 72.7271,
                  "min": 72.3601,
                  "n": 5,
                  "p05": 72.38372,
                  "p95": 72.7644,
                  "samples": 5,
                  "stdev": 0.1674112852
                },
                "sequence_us": {
                  "max": 727.652,
                  "median": 727.271,
                  "min": 723.601,
                  "n": 5,
                  "p05": 723.8372,
                  "p95": 727.644,
                  "samples": 5,
                  "stdev": 1.674112852
                },
                "status": "ok"
              },
              "logical_iterations": 10
            },
            "single": {
              "dispatches_per_iteration": 1,
              "gpu_elapsed": {
                "clock": "vulkan_timestamp",
                "per_iteration_us": {
                  "max": 67.08,
                  "median": 66.88,
                  "min": 66.44,
                  "n": 5,
                  "p05": 66.52,
                  "p95": 67.056,
                  "samples": 5,
                  "stdev": 0.2161480974
                },
                "sequence_us": {
                  "max": 67.08,
                  "median": 66.88,
                  "min": 66.44,
                  "n": 5,
                  "p05": 66.52,
                  "p95": 67.056,
                  "samples": 5,
                  "stdev": 0.2161480974
                },
                "status": "ok"
              },
              "host_wall": {
                "clock": "steady_clock",
                "per_iteration_us": {
                  "max": 122.842,
                  "median": 115.482,
                  "min": 111.292,
                  "n": 5,
                  "p05": 112.092,
                  "p95": 121.852,
                  "samples": 5,
                  "stdev": 3.788389631
                },
                "sequence_us": {
                  "max": 122.842,
                  "median": 115.482,
                  "min": 111.292,
                  "n": 5,
                  "p05": 112.092,
                  "p95": 121.852,
                  "samples": 5,
                  "stdev": 3.788389631
                },
                "status": "ok"
              },
              "logical_iterations": 1
            }
          },
          "timing_mode": "serial_latency",
          "workgroup_size": 256
        }
      ],
      "run_tag": "vulkan-geometry-sweep",
      "status": "diagnostic"
    },
    "vulkan:multi_accum4": {
      "backend": "vulkan",
      "config": {
        "body_repeats": 32,
        "k_list": [
          512,
          2048
        ],
        "method": "one workgroup per row; repeat-shifted strided f32 FMA inner loop; shared-memory tree reduction; device-local buffers",
        "reps": 10,
        "rows_list": [
          1
        ],
        "samples": 5,
        "timing_mode": "serial_latency",
        "warmup": 3,
        "workgroups": [
          64,
          256
        ]
      },
      "hardware": {
        "api_version": 4211006,
        "device_id": 30032,
        "device_name": "AMD Radeon Graphics (RADV GFX1201)",
        "device_type": 2,
        "driver_version_raw": 104865800,
        "queue_family": 0,
        "vendor_id": 4098
      },
      "rows": [
        {
          "body_repeats": 32,
          "bytes_per_us": 51.35663775,
          "correctness": {
            "single_dispatch": {
              "oracle": "deterministic CPU f32 reference with sequence tag",
              "status": "pass"
            },
            "synchronization": {
              "barrier_count": 9,
              "method": "compute_waw_barriers_and_final_chain",
              "status": "pass"
            },
            "timed_sequence": {
              "coverage": "chained_final_state",
              "logical_iterations": 10,
              "oracle": "deterministic CPU f32 reference with sequence tag",
              "status": "pass"
            }
          },
          "correctness_pass": true,
          "dependency_contract": {
            "inter_dispatch_ordering": "vulkan_compute_barrier",
            "output_partitioning": "chained_shared",
            "validation_status": "pass",
            "work_dependency": "chained"
          },
          "gflops": 0.410853102,
          "k": 512,
          "max_abs": 0,
          "max_rel": 0,
          "max_us": 79.848,
          "median_us": 79.756,
          "min_us": 79.744,
          "p05_us": 79.7464,
          "p95_us": 79.8368,
          "rows": 1,
          "submission": {
            "completion_in_host_wall": true,
            "queue_or_stream_count": 1,
            "recording_in_timed_region": false,
            "strategy": "vulkan_command_buffer",
            "submit_in_host_wall": true
          },
          "timestamp_period_ns": 10,
          "timestamp_valid_bits": 64,
          "timing": {
            "burst": {
              "dispatches_per_iteration": 1,
              "gpu_elapsed": {
                "clock": "vulkan_timestamp",
                "per_iteration_us": {
                  "max": 79.848,
                  "median": 79.756,
                  "min": 79.744,
                  "n": 5,
                  "p05": 79.7464,
                  "p95": 79.8368,
                  "samples": 5,
                  "stdev": 0.03798104791
                },
                "sequence_us": {
                  "max": 798.48,
                  "median": 797.56,
                  "min": 797.44,
                  "n": 5,
                  "p05": 797.464,
                  "p95": 798.368,
                  "samples": 5,
                  "stdev": 0.3798104791
                },
                "status": "ok"
              },
              "host_wall": {
                "clock": "steady_clock",
                "per_iteration_us": {
                  "max": 85.7924,
                  "median": 85.3654,
                  "min": 85.2394,
                  "n": 5,
                  "p05": 85.2502,
                  "p95": 85.728,
                  "samples": 5,
                  "stdev": 0.1960116323
                },
                "sequence_us": {
                  "max": 857.924,
                  "median": 853.654,
                  "min": 852.394,
                  "n": 5,
                  "p05": 852.502,
                  "p95": 857.28,
                  "samples": 5,
                  "stdev": 1.960116323
                },
                "status": "ok"
              },
              "logical_iterations": 10
            },
            "single": {
              "dispatches_per_iteration": 1,
              "gpu_elapsed": {
                "clock": "vulkan_timestamp",
                "per_iteration_us": {
                  "max": 82.16,
                  "median": 80.04,
                  "min": 79.96,
                  "n": 5,
                  "p05": 79.968,
                  "p95": 81.736,
                  "samples": 5,
                  "stdev": 0.8605114758
                },
                "sequence_us": {
                  "max": 82.16,
                  "median": 80.04,
                  "min": 79.96,
                  "n": 5,
                  "p05": 79.968,
                  "p95": 81.736,
                  "samples": 5,
                  "stdev": 0.8605114758
                },
                "status": "ok"
              },
              "host_wall": {
                "clock": "steady_clock",
                "per_iteration_us": {
                  "max": 135.562,
                  "median": 134.683,
                  "min": 131.282,
                  "n": 5,
                  "p05": 131.908,
                  "p95": 135.43,
                  "samples": 5,
                  "stdev": 1.492363816
                },
                "sequence_us": {
                  "max": 135.562,
                  "median": 134.683,
                  "min": 131.282,
                  "n": 5,
                  "p05": 131.908,
                  "p95": 135.43,
                  "samples": 5,
                  "stdev": 1.492363816
                },
                "status": "ok"
              },
              "logical_iterations": 1
            }
          },
          "timing_mode": "serial_latency",
          "workgroup_size": 64
        },
        {
          "body_repeats": 32,
          "bytes_per_us": 153.3393232,
          "correctness": {
            "single_dispatch": {
              "oracle": "deterministic CPU f32 reference with sequence tag",
              "status": "pass"
            },
            "synchronization": {
              "barrier_count": 9,
              "method": "compute_waw_barriers_and_final_chain",
              "status": "pass"
            },
            "timed_sequence": {
              "coverage": "chained_final_state",
              "logical_iterations": 10,
              "oracle": "deterministic CPU f32 reference with sequence tag",
              "status": "pass"
            }
          },
          "correctness_pass": true,
          "dependency_contract": {
            "inter_dispatch_ordering": "vulkan_compute_barrier",
            "output_partitioning": "chained_shared",
            "validation_status": "pass",
            "work_dependency": "chained"
          },
          "gflops": 1.226714585,
          "k": 512,
          "max_abs": 0,
          "max_rel": 0,
          "max_us": 27.18,
          "median_us": 26.712,
          "min_us": 26.308,
          "p05_us": 26.3672,
          "p95_us": 27.088,
          "rows": 1,
          "submission": {
            "completion_in_host_wall": true,
            "queue_or_stream_count": 1,
            "recording_in_timed_region": false,
            "strategy": "vulkan_command_buffer",
            "submit_in_host_wall": true
          },
          "timestamp_period_ns": 10,
          "timestamp_valid_bits": 64,
          "timing": {
            "burst": {
              "dispatches_per_iteration": 1,
              "gpu_elapsed": {
                "clock": "vulkan_timestamp",
                "per_iteration_us": {
                  "max": 27.18,
                  "median": 26.712,
                  "min": 26.308,
                  "n": 5,
                  "p05": 26.3672,
                  "p95": 27.088,
                  "samples": 5,
                  "stdev": 0.2806096221
                },
                "sequence_us": {
                  "max": 271.8,
                  "median": 267.12,
                  "min": 263.08,
                  "n": 5,
                  "p05": 263.672,
                  "p95": 270.88,
                  "samples": 5,
                  "stdev": 2.806096221
                },
                "status": "ok"
              },
              "host_wall": {
                "clock": "steady_clock",
                "per_iteration_us": {
                  "max": 32.8635,
                  "median": 31.9676,
                  "min": 30.8945,
                  "n": 5,
                  "p05": 30.9047,
                  "p95": 32.8207,
                  "samples": 5,
                  "stdev": 0.8258711628
                },
                "sequence_us": {
                  "max": 328.635,
                  "median": 319.676,
                  "min": 308.945,
                  "n": 5,
                  "p05": 309.047,
                  "p95": 328.207,
                  "samples": 5,
                  "stdev": 8.258711628
                },
                "status": "ok"
              },
              "logical_iterations": 10
            },
            "single": {
              "dispatches_per_iteration": 1,
              "gpu_elapsed": {
                "clock": "vulkan_timestamp",
                "per_iteration_us": {
                  "max": 27.56,
                  "median": 26.6,
                  "min": 26.52,
                  "n": 5,
                  "p05": 26.52,
                  "p95": 27.368,
                  "samples": 5,
                  "stdev": 0.4015968127
                },
                "sequence_us": {
                  "max": 27.56,
                  "median": 26.6,
                  "min": 26.52,
                  "n": 5,
                  "p05": 26.52,
                  "p95": 27.368,
                  "samples": 5,
                  "stdev": 0.4015968127
                },
                "status": "ok"
              },
              "host_wall": {
                "clock": "steady_clock",
                "per_iteration_us": {
                  "max": 81.022,
                  "median": 74.301,
                  "min": 72.471,
                  "n": 5,
                  "p05": 72.685,
                  "p95": 80.3538,
                  "samples": 5,
                  "stdev": 3.138143298
                },
                "sequence_us": {
                  "max": 81.022,
                  "median": 74.301,
                  "min": 72.471,
                  "n": 5,
                  "p05": 72.685,
                  "p95": 80.3538,
                  "samples": 5,
                  "stdev": 3.138143298
                },
                "status": "ok"
              },
              "logical_iterations": 1
            }
          },
          "timing_mode": "serial_latency",
          "workgroup_size": 256
        },
        {
          "body_repeats": 32,
          "bytes_per_us": 52.84479422,
          "correctness": {
            "single_dispatch": {
              "oracle": "deterministic CPU f32 reference with sequence tag",
              "status": "pass"
            },
            "synchronization": {
              "barrier_count": 9,
              "method": "compute_waw_barriers_and_final_chain",
              "status": "pass"
            },
            "timed_sequence": {
              "coverage": "chained_final_state",
              "logical_iterations": 10,
              "oracle": "deterministic CPU f32 reference with sequence tag",
              "status": "pass"
            }
          },
          "correctness_pass": true,
          "dependency_contract": {
            "inter_dispatch_ordering": "vulkan_compute_barrier",
            "output_partitioning": "chained_shared",
            "validation_status": "pass",
            "work_dependency": "chained"
          },
          "gflops": 0.4227583538,
          "k": 2048,
          "max_abs": 0,
          "max_rel": 0,
          "max_us": 310.608,
          "median_us": 310.04,
          "min_us": 308.22,
          "p05_us": 308.584,
          "p95_us": 310.5544,
          "rows": 1,
          "submission": {
            "completion_in_host_wall": true,
            "queue_or_stream_count": 1,
            "recording_in_timed_region": false,
            "strategy": "vulkan_command_buffer",
            "submit_in_host_wall": true
          },
          "timestamp_period_ns": 10,
          "timestamp_valid_bits": 64,
          "timing": {
            "burst": {
              "dispatches_per_iteration": 1,
              "gpu_elapsed": {
                "clock": "vulkan_timestamp",
                "per_iteration_us": {
                  "max": 310.608,
                  "median": 310.04,
                  "min": 308.22,
                  "n": 5,
                  "p05": 308.584,
                  "p95": 310.5544,
                  "samples": 5,
                  "stdev": 0.84187448
                },
                "sequence_us": {
                  "max": 3106.08,
                  "median": 3100.4,
                  "min": 3082.2,
                  "n": 5,
                  "p05": 3085.84,
                  "p95": 3105.544,
                  "samples": 5,
                  "stdev": 8.4187448
                },
                "status": "ok"
              },
              "host_wall": {
                "clock": "steady_clock",
                "per_iteration_us": {
                  "max": 318.0552,
                  "median": 317.6743,
                  "min": 315.6471,
                  "n": 5,
                  "p05": 315.89912,
                  "p95": 318.0066,
                  "samples": 5,
                  "stdev": 0.8748146569
                },
                "sequence_us": {
                  "max": 3180.552,
                  "median": 3176.743,
                  "min": 3156.471,
                  "n": 5,
                  "p05": 3158.9912,
                  "p95": 3180.066,
                  "samples": 5,
                  "stdev": 8.748146569
                },
                "status": "ok"
              },
              "logical_iterations": 10
            },
            "single": {
              "dispatches_per_iteration": 1,
              "gpu_elapsed": {
                "clock": "vulkan_timestamp",
                "per_iteration_us": {
                  "max": 316.8,
                  "median": 308.84,
                  "min": 308.56,
                  "n": 5,
                  "p05": 308.568,
                  "p95": 315.224,
                  "samples": 5,
                  "stdev": 3.230910708
                },
                "sequence_us": {
                  "max": 316.8,
                  "median": 308.84,
                  "min": 308.56,
                  "n": 5,
                  "p05": 308.568,
                  "p95": 315.224,
                  "samples": 5,
                  "stdev": 3.230910708
                },
                "status": "ok"
              },
              "host_wall": {
                "clock": "steady_clock",
                "per_iteration_us": {
                  "max": 377.646,
                  "median": 367.486,
                  "min": 357.576,
                  "n": 5,
                  "p05": 359.466,
                  "p95": 377.58,
                  "samples": 5,
                  "stdev": 7.480178073
                },
                "sequence_us": {
                  "max": 377.646,
                  "median": 367.486,
                  "min": 357.576,
                  "n": 5,
                  "p05": 359.466,
                  "p95": 377.58,
                  "samples": 5,
                  "stdev": 7.480178073
                },
                "status": "ok"
              },
              "logical_iterations": 1
            }
          },
          "timing_mode": "serial_latency",
          "workgroup_size": 64
        },
        {
          "body_repeats": 32,
          "bytes_per_us": 199.8341221,
          "correctness": {
            "single_dispatch": {
              "oracle": "deterministic CPU f32 reference with sequence tag",
              "status": "pass"
            },
            "synchronization": {
              "barrier_count": 9,
              "method": "compute_waw_barriers_and_final_chain",
              "status": "pass"
            },
            "timed_sequence": {
              "coverage": "chained_final_state",
              "logical_iterations": 10,
              "oracle": "deterministic CPU f32 reference with sequence tag",
              "status": "pass"
            }
          },
          "correctness_pass": true,
          "dependency_contract": {
            "inter_dispatch_ordering": "vulkan_compute_barrier",
            "output_partitioning": "chained_shared",
            "validation_status": "pass",
            "work_dependency": "chained"
          },
          "gflops": 1.598672977,
          "k": 2048,
          "max_abs": 0,
          "max_rel": 0,
          "max_us": 82.096,
          "median_us": 81.988,
          "min_us": 81.536,
          "p05_us": 81.5832,
          "p95_us": 82.0808,
          "rows": 1,
          "submission": {
            "completion_in_host_wall": true,
            "queue_or_stream_count": 1,
            "recording_in_timed_region": false,
            "strategy": "vulkan_command_buffer",
            "submit_in_host_wall": true
          },
          "timestamp_period_ns": 10,
          "timestamp_valid_bits": 64,
          "timing": {
            "burst": {
              "dispatches_per_iteration": 1,
              "gpu_elapsed": {
                "clock": "vulkan_timestamp",
                "per_iteration_us": {
                  "max": 82.096,
                  "median": 81.988,
                  "min": 81.536,
                  "n": 5,
                  "p05": 81.5832,
                  "p95": 82.0808,
                  "samples": 5,
                  "stdev": 0.20390743
                },
                "sequence_us": {
                  "max": 820.96,
                  "median": 819.88,
                  "min": 815.36,
                  "n": 5,
                  "p05": 815.832,
                  "p95": 820.808,
                  "samples": 5,
                  "stdev": 2.0390743
                },
                "status": "ok"
              },
              "host_wall": {
                "clock": "steady_clock",
                "per_iteration_us": {
                  "max": 88.2934,
                  "median": 87.1564,
                  "min": 86.8765,
                  "n": 5,
                  "p05": 86.91728,
                  "p95": 88.0662,
                  "samples": 5,
                  "stdev": 0.5009099576
                },
                "sequence_us": {
                  "max": 882.934,
                  "median": 871.564,
                  "min": 868.765,
                  "n": 5,
                  "p05": 869.1728,
                  "p95": 880.662,
                  "samples": 5,
                  "stdev": 5.009099576
                },
                "status": "ok"
              },
              "logical_iterations": 10
            },
            "single": {
              "dispatches_per_iteration": 1,
              "gpu_elapsed": {
                "clock": "vulkan_timestamp",
                "per_iteration_us": {
                  "max": 82.76,
                  "median": 82.32,
                  "min": 81.8,
                  "n": 5,
                  "p05": 81.808,
                  "p95": 82.68,
                  "samples": 5,
                  "stdev": 0.3583071308
                },
                "sequence_us": {
                  "max": 82.76,
                  "median": 82.32,
                  "min": 81.8,
                  "n": 5,
                  "p05": 81.808,
                  "p95": 82.68,
                  "samples": 5,
                  "stdev": 0.3583071308
                },
                "status": "ok"
              },
              "host_wall": {
                "clock": "steady_clock",
                "per_iteration_us": {
                  "max": 143.812,
                  "median": 136.973,
                  "min": 130.983,
                  "n": 5,
                  "p05": 131.3688,
                  "p95": 142.628,
                  "samples": 5,
                  "stdev": 4.448297049
                },
                "sequence_us": {
                  "max": 143.812,
                  "median": 136.973,
                  "min": 130.983,
                  "n": 5,
                  "p05": 131.3688,
                  "p95": 142.628,
                  "samples": 5,
                  "stdev": 4.448297049
                },
                "status": "ok"
              },
              "logical_iterations": 1
            }
          },
          "timing_mode": "serial_latency",
          "workgroup_size": 256
        }
      ],
      "run_tag": "vulkan-geometry-sweep",
      "status": "diagnostic"
    },
    "vulkan:multi_accum8": {
      "backend": "vulkan",
      "config": {
        "body_repeats": 32,
        "k_list": [
          512,
          2048
        ],
        "method": "one workgroup per row; repeat-shifted strided f32 FMA inner loop; shared-memory tree reduction; device-local buffers",
        "reps": 10,
        "rows_list": [
          1
        ],
        "samples": 5,
        "timing_mode": "serial_latency",
        "warmup": 3,
        "workgroups": [
          64,
          256
        ]
      },
      "hardware": {
        "api_version": 4211006,
        "device_id": 30032,
        "device_name": "AMD Radeon Graphics (RADV GFX1201)",
        "device_type": 2,
        "driver_version_raw": 104865800,
        "queue_family": 0,
        "vendor_id": 4098
      },
      "rows": [
        {
          "body_repeats": 32,
          "bytes_per_us": 70.87486157,
          "correctness": {
            "single_dispatch": {
              "oracle": "deterministic CPU f32 reference with sequence tag",
              "status": "pass"
            },
            "synchronization": {
              "barrier_count": 9,
              "method": "compute_waw_barriers_and_final_chain",
              "status": "pass"
            },
            "timed_sequence": {
              "coverage": "chained_final_state",
              "logical_iterations": 10,
              "oracle": "deterministic CPU f32 reference with sequence tag",
              "status": "pass"
            }
          },
          "correctness_pass": true,
          "dependency_contract": {
            "inter_dispatch_ordering": "vulkan_compute_barrier",
            "output_partitioning": "chained_shared",
            "validation_status": "pass",
            "work_dependency": "chained"
          },
          "gflops": 0.5669988926,
          "k": 512,
          "max_abs": 0,
          "max_rel": 0,
          "max_us": 57.808,
          "median_us": 57.792,
          "min_us": 57.772,
          "p05_us": 57.7752,
          "p95_us": 57.8072,
          "rows": 1,
          "submission": {
            "completion_in_host_wall": true,
            "queue_or_stream_count": 1,
            "recording_in_timed_region": false,
            "strategy": "vulkan_command_buffer",
            "submit_in_host_wall": true
          },
          "timestamp_period_ns": 10,
          "timestamp_valid_bits": 64,
          "timing": {
            "burst": {
              "dispatches_per_iteration": 1,
              "gpu_elapsed": {
                "clock": "vulkan_timestamp",
                "per_iteration_us": {
                  "max": 57.808,
                  "median": 57.792,
                  "min": 57.772,
                  "n": 5,
                  "p05": 57.7752,
                  "p95": 57.8072,
                  "samples": 5,
                  "stdev": 0.01274990196
                },
                "sequence_us": {
                  "max": 578.08,
                  "median": 577.92,
                  "min": 577.72,
                  "n": 5,
                  "p05": 577.752,
                  "p95": 578.072,
                  "samples": 5,
                  "stdev": 0.1274990196
                },
                "status": "ok"
              },
              "host_wall": {
                "clock": "steady_clock",
                "per_iteration_us": {
                  "max": 65.7741,
                  "median": 63.312,
                  "min": 62.909,
                  "n": 5,
                  "p05": 62.9144,
                  "p95": 65.3365,
                  "samples": 5,
                  "stdev": 1.065338055
                },
                "sequence_us": {
                  "max": 657.741,
                  "median": 633.12,
                  "min": 629.09,
                  "n": 5,
                  "p05": 629.144,
                  "p95": 653.365,
                  "samples": 5,
                  "stdev": 10.65338055
                },
                "status": "ok"
              },
              "logical_iterations": 10
            },
            "single": {
              "dispatches_per_iteration": 1,
              "gpu_elapsed": {
                "clock": "vulkan_timestamp",
                "per_iteration_us": {
                  "max": 58,
                  "median": 57.92,
                  "min": 57.88,
                  "n": 5,
                  "p05": 57.888,
                  "p95": 57.992,
                  "samples": 5,
                  "stdev": 0.04079215611
                },
                "sequence_us": {
                  "max": 58,
                  "median": 57.92,
                  "min": 57.88,
                  "n": 5,
                  "p05": 57.888,
                  "p95": 57.992,
                  "samples": 5,
                  "stdev": 0.04079215611
                },
                "status": "ok"
              },
              "host_wall": {
                "clock": "steady_clock",
                "per_iteration_us": {
                  "max": 115.502,
                  "median": 113.332,
                  "min": 110.622,
                  "n": 5,
                  "p05": 110.7138,
                  "p95": 115.43,
                  "samples": 5,
                  "stdev": 2.010155656
                },
                "sequence_us": {
                  "max": 115.502,
                  "median": 113.332,
                  "min": 110.622,
                  "n": 5,
                  "p05": 110.7138,
                  "p95": 115.43,
                  "samples": 5,
                  "stdev": 2.010155656
                },
                "status": "ok"
              },
              "logical_iterations": 1
            }
          },
          "timing_mode": "serial_latency",
          "workgroup_size": 64
        },
        {
          "body_repeats": 32,
          "bytes_per_us": 177.2853186,
          "correctness": {
            "single_dispatch": {
              "oracle": "deterministic CPU f32 reference with sequence tag",
              "status": "pass"
            },
            "synchronization": {
              "barrier_count": 9,
              "method": "compute_waw_barriers_and_final_chain",
              "status": "pass"
            },
            "timed_sequence": {
              "coverage": "chained_final_state",
              "logical_iterations": 10,
              "oracle": "deterministic CPU f32 reference with sequence tag",
              "status": "pass"
            }
          },
          "correctness_pass": true,
          "dependency_contract": {
            "inter_dispatch_ordering": "vulkan_compute_barrier",
            "output_partitioning": "chained_shared",
            "validation_status": "pass",
            "work_dependency": "chained"
          },
          "gflops": 1.418282548,
          "k": 512,
          "max_abs": 0,
          "max_rel": 0,
          "max_us": 24.08,
          "median_us": 23.104,
          "min_us": 23.064,
          "p05_us": 23.0688,
          "p95_us": 23.8992,
          "rows": 1,
          "submission": {
            "completion_in_host_wall": true,
            "queue_or_stream_count": 1,
            "recording_in_timed_region": false,
            "strategy": "vulkan_command_buffer",
            "submit_in_host_wall": true
          },
          "timestamp_period_ns": 10,
          "timestamp_valid_bits": 64,
          "timing": {
            "burst": {
              "dispatches_per_iteration": 1,
              "gpu_elapsed": {
                "clock": "vulkan_timestamp",
                "per_iteration_us": {
                  "max": 24.08,
                  "median": 23.104,
                  "min": 23.064,
                  "n": 5,
                  "p05": 23.0688,
                  "p95": 23.8992,
                  "samples": 5,
                  "stdev": 0.3905901176
                },
                "sequence_us": {
                  "max": 240.8,
                  "median": 231.04,
                  "min": 230.64,
                  "n": 5,
                  "p05": 230.688,
                  "p95": 238.992,
                  "samples": 5,
                  "stdev": 3.905901176
                },
                "status": "ok"
              },
              "host_wall": {
                "clock": "steady_clock",
                "per_iteration_us": {
                  "max": 29.4995,
                  "median": 28.2015,
                  "min": 28.1045,
                  "n": 5,
                  "p05": 28.1133,
                  "p95": 29.24388,
                  "samples": 5,
                  "stdev": 0.5337827138
                },
                "sequence_us": {
                  "max": 294.995,
                  "median": 282.015,
                  "min": 281.045,
                  "n": 5,
                  "p05": 281.133,
                  "p95": 292.4388,
                  "samples": 5,
                  "stdev": 5.337827138
                },
                "status": "ok"
              },
              "logical_iterations": 10
            },
            "single": {
              "dispatches_per_iteration": 1,
              "gpu_elapsed": {
                "clock": "vulkan_timestamp",
                "per_iteration_us": {
                  "max": 24.2,
                  "median": 23.24,
                  "min": 23.12,
                  "n": 5,
                  "p05": 23.136,
                  "p95": 24.008,
                  "samples": 5,
                  "stdev": 0.4023928429
                },
                "sequence_us": {
                  "max": 24.2,
                  "median": 23.24,
                  "min": 23.12,
                  "n": 5,
                  "p05": 23.136,
                  "p95": 24.008,
                  "samples": 5,
                  "stdev": 0.4023928429
                },
                "status": "ok"
              },
              "host_wall": {
                "clock": "steady_clock",
                "per_iteration_us": {
                  "max": 76.921,
                  "median": 74.542,
                  "min": 67.701,
                  "n": 5,
                  "p05": 68.519,
                  "p95": 76.701,
                  "samples": 5,
                  "stdev": 3.305156359
                },
                "sequence_us": {
                  "max": 76.921,
                  "median": 74.542,
                  "min": 67.701,
                  "n": 5,
                  "p05": 68.519,
                  "p95": 76.701,
                  "samples": 5,
                  "stdev": 3.305156359
                },
                "status": "ok"
              },
              "logical_iterations": 1
            }
          },
          "timing_mode": "serial_latency",
          "workgroup_size": 256
        },
        {
          "body_repeats": 32,
          "bytes_per_us": 73.21214721,
          "correctness": {
            "single_dispatch": {
              "oracle": "deterministic CPU f32 reference with sequence tag",
              "status": "pass"
            },
            "synchronization": {
              "barrier_count": 9,
              "method": "compute_waw_barriers_and_final_chain",
              "status": "pass"
            },
            "timed_sequence": {
              "coverage": "chained_final_state",
              "logical_iterations": 10,
              "oracle": "deterministic CPU f32 reference with sequence tag",
              "status": "pass"
            }
          },
          "correctness_pass": true,
          "dependency_contract": {
            "inter_dispatch_ordering": "vulkan_compute_barrier",
            "output_partitioning": "chained_shared",
            "validation_status": "pass",
            "work_dependency": "chained"
          },
          "gflops": 0.5856971777,
          "k": 2048,
          "max_abs": 0,
          "max_rel": 0,
          "max_us": 223.836,
          "median_us": 223.788,
          "min_us": 223.392,
          "p05_us": 223.448,
          "p95_us": 223.832,
          "rows": 1,
          "submission": {
            "completion_in_host_wall": true,
            "queue_or_stream_count": 1,
            "recording_in_timed_region": false,
            "strategy": "vulkan_command_buffer",
            "submit_in_host_wall": true
          },
          "timestamp_period_ns": 10,
          "timestamp_valid_bits": 64,
          "timing": {
            "burst": {
              "dispatches_per_iteration": 1,
              "gpu_elapsed": {
                "clock": "vulkan_timestamp",
                "per_iteration_us": {
                  "max": 223.836,
                  "median": 223.788,
                  "min": 223.392,
                  "n": 5,
                  "p05": 223.448,
                  "p95": 223.832,
                  "samples": 5,
                  "stdev": 0.1645240408
                },
                "sequence_us": {
                  "max": 2238.36,
                  "median": 2237.88,
                  "min": 2233.92,
                  "n": 5,
                  "p05": 2234.48,
                  "p95": 2238.32,
                  "samples": 5,
                  "stdev": 1.645240408
                },
                "status": "ok"
              },
              "host_wall": {
                "clock": "steady_clock",
                "per_iteration_us": {
                  "max": 230.4488,
                  "median": 230.2488,
                  "min": 230.0418,
                  "n": 5,
                  "p05": 230.0812,
                  "p95": 230.43578,
                  "samples": 5,
                  "stdev": 0.1402618466
                },
                "sequence_us": {
                  "max": 2304.488,
                  "median": 2302.488,
                  "min": 2300.418,
                  "n": 5,
                  "p05": 2300.812,
                  "p95": 2304.3578,
                  "samples": 5,
                  "stdev": 1.402618466
                },
                "status": "ok"
              },
              "logical_iterations": 10
            },
            "single": {
              "dispatches_per_iteration": 1,
              "gpu_elapsed": {
                "clock": "vulkan_timestamp",
                "per_iteration_us": {
                  "max": 223.96,
                  "median": 223.72,
                  "min": 223.6,
                  "n": 5,
                  "p05": 223.616,
                  "p95": 223.92,
                  "samples": 5,
                  "stdev": 0.120266371
                },
                "sequence_us": {
                  "max": 223.96,
                  "median": 223.72,
                  "min": 223.6,
                  "n": 5,
                  "p05": 223.616,
                  "p95": 223.92,
                  "samples": 5,
                  "stdev": 0.120266371
                },
                "status": "ok"
              },
              "host_wall": {
                "clock": "steady_clock",
                "per_iteration_us": {
                  "max": 285.024,
                  "median": 281.945,
                  "min": 277.945,
                  "n": 5,
                  "p05": 278.7188,
                  "p95": 284.56,
                  "samples": 5,
                  "stdev": 2.282819012
                },
                "sequence_us": {
                  "max": 285.024,
                  "median": 281.945,
                  "min": 277.945,
                  "n": 5,
                  "p05": 278.7188,
                  "p95": 284.56,
                  "samples": 5,
                  "stdev": 2.282819012
                },
                "status": "ok"
              },
              "logical_iterations": 1
            }
          },
          "timing_mode": "serial_latency",
          "workgroup_size": 64
        },
        {
          "body_repeats": 32,
          "bytes_per_us": 275.2503192,
          "correctness": {
            "single_dispatch": {
              "oracle": "deterministic CPU f32 reference with sequence tag",
              "status": "pass"
            },
            "synchronization": {
              "barrier_count": 9,
              "method": "compute_waw_barriers_and_final_chain",
              "status": "pass"
            },
            "timed_sequence": {
              "coverage": "chained_final_state",
              "logical_iterations": 10,
              "oracle": "deterministic CPU f32 reference with sequence tag",
              "status": "pass"
            }
          },
          "correctness_pass": true,
          "dependency_contract": {
            "inter_dispatch_ordering": "vulkan_compute_barrier",
            "output_partitioning": "chained_shared",
            "validation_status": "pass",
            "work_dependency": "chained"
          },
          "gflops": 2.202002554,
          "k": 2048,
          "max_abs": 0,
          "max_rel": 0,
          "max_us": 59.648,
          "median_us": 59.524,
          "min_us": 59.476,
          "p05_us": 59.4816,
          "p95_us": 59.6352,
          "rows": 1,
          "submission": {
            "completion_in_host_wall": true,
            "queue_or_stream_count": 1,
            "recording_in_timed_region": false,
            "strategy": "vulkan_command_buffer",
            "submit_in_host_wall": true
          },
          "timestamp_period_ns": 10,
          "timestamp_valid_bits": 64,
          "timing": {
            "burst": {
              "dispatches_per_iteration": 1,
              "gpu_elapsed": {
                "clock": "vulkan_timestamp",
                "per_iteration_us": {
                  "max": 59.648,
                  "median": 59.524,
                  "min": 59.476,
                  "n": 5,
                  "p05": 59.4816,
                  "p95": 59.6352,
                  "samples": 5,
                  "stdev": 0.06162596855
                },
                "sequence_us": {
                  "max": 596.48,
                  "median": 595.24,
                  "min": 594.76,
                  "n": 5,
                  "p05": 594.816,
                  "p95": 596.352,
                  "samples": 5,
                  "stdev": 0.6162596855
                },
                "status": "ok"
              },
              "host_wall": {
                "clock": "steady_clock",
                "per_iteration_us": {
                  "max": 64.227,
                  "median": 64.138,
                  "min": 63.8251,
                  "n": 5,
                  "p05": 63.8625,
                  "p95": 64.2134,
                  "samples": 5,
                  "stdev": 0.1417725869
                },
                "sequence_us": {
                  "max": 642.27,
                  "median": 641.38,
                  "min": 638.251,
                  "n": 5,
                  "p05": 638.625,
                  "p95": 642.134,
                  "samples": 5,
                  "stdev": 1.417725869
                },
                "status": "ok"
              },
              "logical_iterations": 10
            },
            "single": {
              "dispatches_per_iteration": 1,
              "gpu_elapsed": {
                "clock": "vulkan_timestamp",
                "per_iteration_us": {
                  "max": 60.12,
                  "median": 59.72,
                  "min": 59.6,
                  "n": 5,
                  "p05": 59.608,
                  "p95": 60.104,
                  "samples": 5,
                  "stdev": 0.2140654106
                },
                "sequence_us": {
                  "max": 60.12,
                  "median": 59.72,
                  "min": 59.6,
                  "n": 5,
                  "p05": 59.608,
                  "p95": 60.104,
                  "samples": 5,
                  "stdev": 0.2140654106
                },
                "status": "ok"
              },
              "host_wall": {
                "clock": "steady_clock",
                "per_iteration_us": {
                  "max": 118.642,
                  "median": 110.762,
                  "min": 107.422,
                  "n": 5,
                  "p05": 107.528,
                  "p95": 117.518,
                  "samples": 5,
                  "stdev": 4.076019627
                },
                "sequence_us": {
                  "max": 118.642,
                  "median": 110.762,
                  "min": 107.422,
                  "n": 5,
                  "p05": 107.528,
                  "p95": 117.518,
                  "samples": 5,
                  "stdev": 4.076019627
                },
                "status": "ok"
              },
              "logical_iterations": 1
            }
          },
          "timing_mode": "serial_latency",
          "workgroup_size": 256
        }
      ],
      "run_tag": "vulkan-geometry-sweep",
      "status": "diagnostic"
    },
    "vulkan:subgroup": {
      "backend": "vulkan",
      "config": {
        "body_repeats": 32,
        "k_list": [
          512,
          2048
        ],
        "method": "one workgroup per row; repeat-shifted strided f32 FMA inner loop; shared-memory tree reduction; device-local buffers",
        "reps": 10,
        "rows_list": [
          1
        ],
        "samples": 5,
        "timing_mode": "serial_latency",
        "warmup": 3,
        "workgroups": [
          64,
          256
        ]
      },
      "hardware": {
        "api_version": 4211006,
        "device_id": 30032,
        "device_name": "AMD Radeon Graphics (RADV GFX1201)",
        "device_type": 2,
        "driver_version_raw": 104865800,
        "queue_family": 0,
        "vendor_id": 4098
      },
      "rows": [
        {
          "body_repeats": 32,
          "bytes_per_us": 55.23788974,
          "correctness": {
            "single_dispatch": {
              "oracle": "deterministic CPU f32 reference with sequence tag",
              "status": "pass"
            },
            "synchronization": {
              "barrier_count": 9,
              "method": "compute_waw_barriers_and_final_chain",
              "status": "pass"
            },
            "timed_sequence": {
              "coverage": "chained_final_state",
              "logical_iterations": 10,
              "oracle": "deterministic CPU f32 reference with sequence tag",
              "status": "pass"
            }
          },
          "correctness_pass": true,
          "dependency_contract": {
            "inter_dispatch_ordering": "vulkan_compute_barrier",
            "output_partitioning": "chained_shared",
            "validation_status": "pass",
            "work_dependency": "chained"
          },
          "gflops": 0.4419031179,
          "k": 512,
          "max_abs": 0,
          "max_rel": 0,
          "max_us": 74.224,
          "median_us": 74.152,
          "min_us": 74.112,
          "p05_us": 74.112,
          "p95_us": 74.216,
          "rows": 1,
          "submission": {
            "completion_in_host_wall": true,
            "queue_or_stream_count": 1,
            "recording_in_timed_region": false,
            "strategy": "vulkan_command_buffer",
            "submit_in_host_wall": true
          },
          "timestamp_period_ns": 10,
          "timestamp_valid_bits": 64,
          "timing": {
            "burst": {
              "dispatches_per_iteration": 1,
              "gpu_elapsed": {
                "clock": "vulkan_timestamp",
                "per_iteration_us": {
                  "max": 74.224,
                  "median": 74.152,
                  "min": 74.112,
                  "n": 5,
                  "p05": 74.112,
                  "p95": 74.216,
                  "samples": 5,
                  "stdev": 0.04311101947
                },
                "sequence_us": {
                  "max": 742.24,
                  "median": 741.52,
                  "min": 741.12,
                  "n": 5,
                  "p05": 741.12,
                  "p95": 742.16,
                  "samples": 5,
                  "stdev": 0.4311101947
                },
                "status": "ok"
              },
              "host_wall": {
                "clock": "steady_clock",
                "per_iteration_us": {
                  "max": 80.6323,
                  "median": 80.4354,
                  "min": 79.9613,
                  "n": 5,
                  "p05": 79.9877,
                  "p95": 80.5971,
                  "samples": 5,
                  "stdev": 0.2487541469
                },
                "sequence_us": {
                  "max": 806.323,
                  "median": 804.354,
                  "min": 799.613,
                  "n": 5,
                  "p05": 799.877,
                  "p95": 805.971,
                  "samples": 5,
                  "stdev": 2.487541469
                },
                "status": "ok"
              },
              "logical_iterations": 10
            },
            "single": {
              "dispatches_per_iteration": 1,
              "gpu_elapsed": {
                "clock": "vulkan_timestamp",
                "per_iteration_us": {
                  "max": 76.24,
                  "median": 74.52,
                  "min": 74.44,
                  "n": 5,
                  "p05": 74.448,
                  "p95": 75.896,
                  "samples": 5,
                  "stdev": 0.7006282895
                },
                "sequence_us": {
                  "max": 76.24,
                  "median": 74.52,
                  "min": 74.44,
                  "n": 5,
                  "p05": 74.448,
                  "p95": 75.896,
                  "samples": 5,
                  "stdev": 0.7006282895
                },
                "status": "ok"
              },
              "host_wall": {
                "clock": "steady_clock",
                "per_iteration_us": {
                  "max": 133.452,
                  "median": 131.772,
                  "min": 127.392,
                  "n": 5,
                  "p05": 128.238,
                  "p95": 133.212,
                  "samples": 5,
                  "stdev": 2.056031128
                },
                "sequence_us": {
                  "max": 133.452,
                  "median": 131.772,
                  "min": 127.392,
                  "n": 5,
                  "p05": 128.238,
                  "p95": 133.212,
                  "samples": 5,
                  "stdev": 2.056031128
                },
                "status": "ok"
              },
              "logical_iterations": 1
            }
          },
          "timing_mode": "serial_latency",
          "workgroup_size": 64
        },
        {
          "body_repeats": 32,
          "bytes_per_us": 188.5472289,
          "correctness": {
            "single_dispatch": {
              "oracle": "deterministic CPU f32 reference with sequence tag",
              "status": "pass"
            },
            "synchronization": {
              "barrier_count": 9,
              "method": "compute_waw_barriers_and_final_chain",
              "status": "pass"
            },
            "timed_sequence": {
              "coverage": "chained_final_state",
              "logical_iterations": 10,
              "oracle": "deterministic CPU f32 reference with sequence tag",
              "status": "pass"
            }
          },
          "correctness_pass": true,
          "dependency_contract": {
            "inter_dispatch_ordering": "vulkan_compute_barrier",
            "output_partitioning": "chained_shared",
            "validation_status": "pass",
            "work_dependency": "chained"
          },
          "gflops": 1.508377831,
          "k": 512,
          "max_abs": 0,
          "max_rel": 0,
          "max_us": 22.924,
          "median_us": 21.724,
          "min_us": 21.488,
          "p05_us": 21.5112,
          "p95_us": 22.7,
          "rows": 1,
          "submission": {
            "completion_in_host_wall": true,
            "queue_or_stream_count": 1,
            "recording_in_timed_region": false,
            "strategy": "vulkan_command_buffer",
            "submit_in_host_wall": true
          },
          "timestamp_period_ns": 10,
          "timestamp_valid_bits": 64,
          "timing": {
            "burst": {
              "dispatches_per_iteration": 1,
              "gpu_elapsed": {
                "clock": "vulkan_timestamp",
                "per_iteration_us": {
                  "max": 22.924,
                  "median": 21.724,
                  "min": 21.488,
                  "n": 5,
                  "p05": 21.5112,
                  "p95": 22.7,
                  "samples": 5,
                  "stdev": 0.5187949113
                },
                "sequence_us": {
                  "max": 229.24,
                  "median": 217.24,
                  "min": 214.88,
                  "n": 5,
                  "p05": 215.112,
                  "p95": 227,
                  "samples": 5,
                  "stdev": 5.187949113
                },
                "status": "ok"
              },
              "host_wall": {
                "clock": "steady_clock",
                "per_iteration_us": {
                  "max": 28.2535,
                  "median": 26.9935,
                  "min": 26.7924,
                  "n": 5,
                  "p05": 26.83,
                  "p95": 28.1903,
                  "samples": 5,
                  "stdev": 0.5877904409
                },
                "sequence_us": {
                  "max": 282.535,
                  "median": 269.935,
                  "min": 267.924,
                  "n": 5,
                  "p05": 268.3,
                  "p95": 281.903,
                  "samples": 5,
                  "stdev": 5.877904409
                },
                "status": "ok"
              },
              "logical_iterations": 10
            },
            "single": {
              "dispatches_per_iteration": 1,
              "gpu_elapsed": {
                "clock": "vulkan_timestamp",
                "per_iteration_us": {
                  "max": 22.2,
                  "median": 21.96,
                  "min": 21.8,
                  "n": 5,
                  "p05": 21.824,
                  "p95": 22.2,
                  "samples": 5,
                  "stdev": 0.1591979899
                },
                "sequence_us": {
                  "max": 22.2,
                  "median": 21.96,
                  "min": 21.8,
                  "n": 5,
                  "p05": 21.824,
                  "p95": 22.2,
                  "samples": 5,
                  "stdev": 0.1591979899
                },
                "status": "ok"
              },
              "host_wall": {
                "clock": "steady_clock",
                "per_iteration_us": {
                  "max": 95.081,
                  "median": 75.341,
                  "min": 72.051,
                  "n": 5,
                  "p05": 72.2032,
                  "p95": 91.855,
                  "samples": 5,
                  "stdev": 8.467023666
                },
                "sequence_us": {
                  "max": 95.081,
                  "median": 75.341,
                  "min": 72.051,
                  "n": 5,
                  "p05": 72.2032,
                  "p95": 91.855,
                  "samples": 5,
                  "stdev": 8.467023666
                },
                "status": "ok"
              },
              "logical_iterations": 1
            }
          },
          "timing_mode": "serial_latency",
          "workgroup_size": 256
        },
        {
          "body_repeats": 32,
          "bytes_per_us": 56.88414854,
          "correctness": {
            "single_dispatch": {
              "oracle": "deterministic CPU f32 reference with sequence tag",
              "status": "pass"
            },
            "synchronization": {
              "barrier_count": 9,
              "method": "compute_waw_barriers_and_final_chain",
              "status": "pass"
            },
            "timed_sequence": {
              "coverage": "chained_final_state",
              "logical_iterations": 10,
              "oracle": "deterministic CPU f32 reference with sequence tag",
              "status": "pass"
            }
          },
          "correctness_pass": true,
          "dependency_contract": {
            "inter_dispatch_ordering": "vulkan_compute_barrier",
            "output_partitioning": "chained_shared",
            "validation_status": "pass",
            "work_dependency": "chained"
          },
          "gflops": 0.4550731883,
          "k": 2048,
          "max_abs": 0,
          "max_rel": 0,
          "max_us": 288.104,
          "median_us": 288.024,
          "min_us": 287.32,
          "p05_us": 287.4384,
          "p95_us": 288.0944,
          "rows": 1,
          "submission": {
            "completion_in_host_wall": true,
            "queue_or_stream_count": 1,
            "recording_in_timed_region": false,
            "strategy": "vulkan_command_buffer",
            "submit_in_host_wall": true
          },
          "timestamp_period_ns": 10,
          "timestamp_valid_bits": 64,
          "timing": {
            "burst": {
              "dispatches_per_iteration": 1,
              "gpu_elapsed": {
                "clock": "vulkan_timestamp",
                "per_iteration_us": {
                  "max": 288.104,
                  "median": 288.024,
                  "min": 287.32,
                  "n": 5,
                  "p05": 287.4384,
                  "p95": 288.0944,
                  "samples": 5,
                  "stdev": 0.2886038115
                },
                "sequence_us": {
                  "max": 2881.04,
                  "median": 2880.24,
                  "min": 2873.2,
                  "n": 5,
                  "p05": 2874.384,
                  "p95": 2880.944,
                  "samples": 5,
                  "stdev": 2.886038115
                },
                "status": "ok"
              },
              "host_wall": {
                "clock": "steady_clock",
                "per_iteration_us": {
                  "max": 296.2739,
                  "median": 295.3638,
                  "min": 294.9628,
                  "n": 5,
                  "p05": 295.0192,
                  "p95": 296.1851,
                  "samples": 5,
                  "stdev": 0.4634387839
                },
                "sequence_us": {
                  "max": 2962.739,
                  "median": 2953.638,
                  "min": 2949.628,
                  "n": 5,
                  "p05": 2950.192,
                  "p95": 2961.851,
                  "samples": 5,
                  "stdev": 4.634387839
                },
                "status": "ok"
              },
              "logical_iterations": 10
            },
            "single": {
              "dispatches_per_iteration": 1,
              "gpu_elapsed": {
                "clock": "vulkan_timestamp",
                "per_iteration_us": {
                  "max": 294.28,
                  "median": 286.8,
                  "min": 286.28,
                  "n": 5,
                  "p05": 286.32,
                  "p95": 292.808,
                  "samples": 5,
                  "stdev": 3.072395808
                },
                "sequence_us": {
                  "max": 294.28,
                  "median": 286.8,
                  "min": 286.28,
                  "n": 5,
                  "p05": 286.32,
                  "p95": 292.808,
                  "samples": 5,
                  "stdev": 3.072395808
                },
                "status": "ok"
              },
              "host_wall": {
                "clock": "steady_clock",
                "per_iteration_us": {
                  "max": 374.926,
                  "median": 352.446,
                  "min": 347.325,
                  "n": 5,
                  "p05": 347.8312,
                  "p95": 370.782,
                  "samples": 5,
                  "stdev": 9.866500624
                },
                "sequence_us": {
                  "max": 374.926,
                  "median": 352.446,
                  "min": 347.325,
                  "n": 5,
                  "p05": 347.8312,
                  "p95": 370.782,
                  "samples": 5,
                  "stdev": 9.866500624
                },
                "status": "ok"
              },
              "logical_iterations": 1
            }
          },
          "timing_mode": "serial_latency",
          "workgroup_size": 64
        },
        {
          "body_repeats": 32,
          "bytes_per_us": 216.8228257,
          "correctness": {
            "single_dispatch": {
              "oracle": "deterministic CPU f32 reference with sequence tag",
              "status": "pass"
            },
            "synchronization": {
              "barrier_count": 9,
              "method": "compute_waw_barriers_and_final_chain",
              "status": "pass"
            },
            "timed_sequence": {
              "coverage": "chained_final_state",
              "logical_iterations": 10,
              "oracle": "deterministic CPU f32 reference with sequence tag",
              "status": "pass"
            }
          },
          "correctness_pass": true,
          "dependency_contract": {
            "inter_dispatch_ordering": "vulkan_compute_barrier",
            "output_partitioning": "chained_shared",
            "validation_status": "pass",
            "work_dependency": "chained"
          },
          "gflops": 1.734582605,
          "k": 2048,
          "max_abs": 0,
          "max_rel": 0,
          "max_us": 75.712,
          "median_us": 75.564,
          "min_us": 75.42,
          "p05_us": 75.436,
          "p95_us": 75.6872,
          "rows": 1,
          "submission": {
            "completion_in_host_wall": true,
            "queue_or_stream_count": 1,
            "recording_in_timed_region": false,
            "strategy": "vulkan_command_buffer",
            "submit_in_host_wall": true
          },
          "timestamp_period_ns": 10,
          "timestamp_valid_bits": 64,
          "timing": {
            "burst": {
              "dispatches_per_iteration": 1,
              "gpu_elapsed": {
                "clock": "vulkan_timestamp",
                "per_iteration_us": {
                  "max": 75.712,
                  "median": 75.564,
                  "min": 75.42,
                  "n": 5,
                  "p05": 75.436,
                  "p95": 75.6872,
                  "samples": 5,
                  "stdev": 0.0970080409
                },
                "sequence_us": {
                  "max": 757.12,
                  "median": 755.64,
                  "min": 754.2,
                  "n": 5,
                  "p05": 754.36,
                  "p95": 756.872,
                  "samples": 5,
                  "stdev": 0.970080409
                },
                "status": "ok"
              },
              "host_wall": {
                "clock": "steady_clock",
                "per_iteration_us": {
                  "max": 81.7753,
                  "median": 81.4604,
                  "min": 81.3143,
                  "n": 5,
                  "p05": 81.3353,
                  "p95": 81.76912,
                  "samples": 5,
                  "stdev": 0.183822225
                },
                "sequence_us": {
                  "max": 817.753,
                  "median": 814.604,
                  "min": 813.143,
                  "n": 5,
                  "p05": 813.353,
                  "p95": 817.6912,
                  "samples": 5,
                  "stdev": 1.83822225
                },
                "status": "ok"
              },
              "logical_iterations": 10
            },
            "single": {
              "dispatches_per_iteration": 1,
              "gpu_elapsed": {
                "clock": "vulkan_timestamp",
                "per_iteration_us": {
                  "max": 76.04,
                  "median": 75.76,
                  "min": 75.56,
                  "n": 5,
                  "p05": 75.576,
                  "p95": 76.024,
                  "samples": 5,
                  "stdev": 0.1831283703
                },
                "sequence_us": {
                  "max": 76.04,
                  "median": 75.76,
                  "min": 75.56,
                  "n": 5,
                  "p05": 75.576,
                  "p95": 76.024,
                  "samples": 5,
                  "stdev": 0.1831283703
                },
                "status": "ok"
              },
              "host_wall": {
                "clock": "steady_clock",
                "per_iteration_us": {
                  "max": 136.753,
                  "median": 134.722,
                  "min": 131.472,
                  "n": 5,
                  "p05": 131.864,
                  "p95": 136.6348,
                  "samples": 5,
                  "stdev": 1.907700647
                },
                "sequence_us": {
                  "max": 136.753,
                  "median": 134.722,
                  "min": 131.472,
                  "n": 5,
                  "p05": 131.864,
                  "p95": 136.6348,
                  "samples": 5,
                  "stdev": 1.907700647
                },
                "status": "ok"
              },
              "logical_iterations": 1
            }
          },
          "timing_mode": "serial_latency",
          "workgroup_size": 256
        }
      ],
      "run_tag": "vulkan-geometry-sweep",
      "status": "diagnostic"
    }
  },
  "rows": [
    {
      "backend": "vulkan",
      "body_repeats": 32,
      "bytes_per_us": 70.3973601,
      "correctness": {
        "single_dispatch": {
          "oracle": "deterministic CPU f32 reference with sequence tag",
          "status": "pass"
        },
        "synchronization": {
          "barrier_count": 9,
          "method": "compute_waw_barriers_and_final_chain",
          "status": "pass"
        },
        "timed_sequence": {
          "coverage": "chained_final_state",
          "logical_iterations": 10,
          "oracle": "deterministic CPU f32 reference with sequence tag",
          "status": "pass"
        }
      },
      "correctness_pass": true,
      "dependency_contract": {
        "inter_dispatch_ordering": "vulkan_compute_barrier",
        "output_partitioning": "chained_shared",
        "validation_status": "pass",
        "work_dependency": "chained"
      },
      "gflops": 0.5631788808,
      "k": 512,
      "max_abs": 0,
      "max_rel": 0,
      "max_us": 58.28,
      "median_us": 58.184,
      "min_us": 58.136,
      "p05_us": 58.1456,
      "p95_us": 58.264,
      "row_key": {
        "k": 512,
        "rows": 1,
        "workgroup_size": 64
      },
      "rows": 1,
      "submission": {
        "completion_in_host_wall": true,
        "queue_or_stream_count": 1,
        "recording_in_timed_region": false,
        "strategy": "vulkan_command_buffer",
        "submit_in_host_wall": true
      },
      "timestamp_period_ns": 10,
      "timestamp_valid_bits": 64,
      "timing": {
        "burst": {
          "dispatches_per_iteration": 1,
          "gpu_elapsed": {
            "clock": "vulkan_timestamp",
            "per_iteration_us": {
              "max": 58.28,
              "median": 58.184,
              "min": 58.136,
              "n": 5,
              "p05": 58.1456,
              "p95": 58.264,
              "samples": 5,
              "stdev": 0.04681196428
            },
            "sequence_us": {
              "max": 582.8,
              "median": 581.84,
              "min": 581.36,
              "n": 5,
              "p05": 581.456,
              "p95": 582.64,
              "samples": 5,
              "stdev": 0.4681196428
            },
            "status": "ok"
          },
          "host_wall": {
            "clock": "steady_clock",
            "per_iteration_us": {
              "max": 63.62,
              "median": 63.2621,
              "min": 63.225,
              "n": 5,
              "p05": 63.22582,
              "p95": 63.559,
              "samples": 5,
              "stdev": 0.1484189557
            },
            "sequence_us": {
              "max": 636.2,
              "median": 632.621,
              "min": 632.25,
              "n": 5,
              "p05": 632.2582,
              "p95": 635.59,
              "samples": 5,
              "stdev": 1.484189557
            },
            "status": "ok"
          },
          "logical_iterations": 10
        },
        "single": {
          "dispatches_per_iteration": 1,
          "gpu_elapsed": {
            "clock": "vulkan_timestamp",
            "per_iteration_us": {
              "max": 60.8,
              "median": 58.56,
              "min": 58.36,
              "n": 5,
              "p05": 58.368,
              "p95": 60.752,
              "samples": 5,
              "stdev": 1.102027223
            },
            "sequence_us": {
              "max": 60.8,
              "median": 58.56,
              "min": 58.36,
              "n": 5,
              "p05": 58.368,
              "p95": 60.752,
              "samples": 5,
              "stdev": 1.102027223
            },
            "status": "ok"
          },
          "host_wall": {
            "clock": "steady_clock",
            "per_iteration_us": {
              "max": 121.912,
              "median": 108.442,
              "min": 106.431,
              "n": 5,
              "p05": 106.8072,
              "p95": 120.69,
              "samples": 5,
              "stdev": 5.827791637
            },
            "sequence_us": {
              "max": 121.912,
              "median": 108.442,
              "min": 106.431,
              "n": 5,
              "p05": 106.8072,
              "p95": 120.69,
              "samples": 5,
              "stdev": 5.827791637
            },
            "status": "ok"
          },
          "logical_iterations": 1
        }
      },
      "timing_mode": "serial_latency",
      "variant": "lds_tree",
      "workgroup_size": 64,
      "workgroup_specialization": "specialization_constant"
    },
    {
      "backend": "vulkan",
      "body_repeats": 32,
      "bytes_per_us": 239.4201543,
      "correctness": {
        "single_dispatch": {
          "oracle": "deterministic CPU f32 reference with sequence tag",
          "status": "pass"
        },
        "synchronization": {
          "barrier_count": 9,
          "method": "compute_waw_barriers_and_final_chain",
          "status": "pass"
        },
        "timed_sequence": {
          "coverage": "chained_final_state",
          "logical_iterations": 10,
          "oracle": "deterministic CPU f32 reference with sequence tag",
          "status": "pass"
        }
      },
      "correctness_pass": true,
      "dependency_contract": {
        "inter_dispatch_ordering": "vulkan_compute_barrier",
        "output_partitioning": "chained_shared",
        "validation_status": "pass",
        "work_dependency": "chained"
      },
      "gflops": 1.915361235,
      "k": 512,
      "max_abs": 0,
      "max_rel": 0,
      "max_us": 17.152,
      "median_us": 17.108,
      "min_us": 17.08,
      "p05_us": 17.084,
      "p95_us": 17.1496,
      "row_key": {
        "k": 512,
        "rows": 1,
        "workgroup_size": 256
      },
      "rows": 1,
      "submission": {
        "completion_in_host_wall": true,
        "queue_or_stream_count": 1,
        "recording_in_timed_region": false,
        "strategy": "vulkan_command_buffer",
        "submit_in_host_wall": true
      },
      "timestamp_period_ns": 10,
      "timestamp_valid_bits": 64,
      "timing": {
        "burst": {
          "dispatches_per_iteration": 1,
          "gpu_elapsed": {
            "clock": "vulkan_timestamp",
            "per_iteration_us": {
              "max": 17.152,
              "median": 17.108,
              "min": 17.08,
              "n": 5,
              "p05": 17.084,
              "p95": 17.1496,
              "samples": 5,
              "stdev": 0.02641211843
            },
            "sequence_us": {
              "max": 171.52,
              "median": 171.08,
              "min": 170.8,
              "n": 5,
              "p05": 170.84,
              "p95": 171.496,
              "samples": 5,
              "stdev": 0.2641211843
            },
            "status": "ok"
          },
          "host_wall": {
            "clock": "steady_clock",
            "per_iteration_us": {
              "max": 23.0684,
              "median": 22.4564,
              "min": 22.3724,
              "n": 5,
              "p05": 22.37798,
              "p95": 22.97038,
              "samples": 5,
              "stdev": 0.2565490721
            },
            "sequence_us": {
              "max": 230.684,
              "median": 224.564,
              "min": 223.724,
              "n": 5,
              "p05": 223.7798,
              "p95": 229.7038,
              "samples": 5,
              "stdev": 2.565490721
            },
            "status": "ok"
          },
          "logical_iterations": 10
        },
        "single": {
          "dispatches_per_iteration": 1,
          "gpu_elapsed": {
            "clock": "vulkan_timestamp",
            "per_iteration_us": {
              "max": 18.36,
              "median": 17.36,
              "min": 17.28,
              "n": 5,
              "p05": 17.296,
              "p95": 18.168,
              "samples": 5,
              "stdev": 0.4058768286
            },
            "sequence_us": {
              "max": 18.36,
              "median": 17.36,
              "min": 17.28,
              "n": 5,
              "p05": 17.296,
              "p95": 18.168,
              "samples": 5,
              "stdev": 0.4058768286
            },
            "status": "ok"
          },
          "host_wall": {
            "clock": "steady_clock",
            "per_iteration_us": {
              "max": 76.102,
              "median": 75.801,
              "min": 71.681,
              "n": 5,
              "p05": 72.437,
              "p95": 76.0578,
              "samples": 5,
              "stdev": 1.664893558
            },
            "sequence_us": {
              "max": 76.102,
              "median": 75.801,
              "min": 71.681,
              "n": 5,
              "p05": 72.437,
              "p95": 76.0578,
              "samples": 5,
              "stdev": 1.664893558
            },
            "status": "ok"
          },
          "logical_iterations": 1
        }
      },
      "timing_mode": "serial_latency",
      "variant": "lds_tree",
      "workgroup_size": 256,
      "workgroup_specialization": "specialization_constant"
    },
    {
      "backend": "vulkan",
      "body_repeats": 32,
      "bytes_per_us": 73.22916294,
      "correctness": {
        "single_dispatch": {
          "oracle": "deterministic CPU f32 reference with sequence tag",
          "status": "pass"
        },
        "synchronization": {
          "barrier_count": 9,
          "method": "compute_waw_barriers_and_final_chain",
          "status": "pass"
        },
        "timed_sequence": {
          "coverage": "chained_final_state",
          "logical_iterations": 10,
          "oracle": "deterministic CPU f32 reference with sequence tag",
          "status": "pass"
        }
      },
      "correctness_pass": true,
      "dependency_contract": {
        "inter_dispatch_ordering": "vulkan_compute_barrier",
        "output_partitioning": "chained_shared",
        "validation_status": "pass",
        "work_dependency": "chained"
      },
      "gflops": 0.5858333035,
      "k": 2048,
      "max_abs": 0,
      "max_rel": 0,
      "max_us": 226.32,
      "median_us": 223.736,
      "min_us": 222.108,
      "p05_us": 222.2568,
      "p95_us": 225.9464,
      "row_key": {
        "k": 2048,
        "rows": 1,
        "workgroup_size": 64
      },
      "rows": 1,
      "submission": {
        "completion_in_host_wall": true,
        "queue_or_stream_count": 1,
        "recording_in_timed_region": false,
        "strategy": "vulkan_command_buffer",
        "submit_in_host_wall": true
      },
      "timestamp_period_ns": 10,
      "timestamp_valid_bits": 64,
      "timing": {
        "burst": {
          "dispatches_per_iteration": 1,
          "gpu_elapsed": {
            "clock": "vulkan_timestamp",
            "per_iteration_us": {
              "max": 226.32,
              "median": 223.736,
              "min": 222.108,
              "n": 5,
              "p05": 222.2568,
              "p95": 225.9464,
              "samples": 5,
              "stdev": 1.448955707
            },
            "sequence_us": {
              "max": 2263.2,
              "median": 2237.36,
              "min": 2221.08,
              "n": 5,
              "p05": 2222.568,
              "p95": 2259.464,
              "samples": 5,
              "stdev": 14.48955707
            },
            "status": "ok"
          },
          "host_wall": {
            "clock": "steady_clock",
            "per_iteration_us": {
              "max": 232.8718,
              "median": 230.5307,
              "min": 229.0497,
              "n": 5,
              "p05": 229.24392,
              "p95": 232.5262,
              "samples": 5,
              "stdev": 1.27470863
            },
            "sequence_us": {
              "max": 2328.718,
              "median": 2305.307,
              "min": 2290.497,
              "n": 5,
              "p05": 2292.4392,
              "p95": 2325.262,
              "samples": 5,
              "stdev": 12.7470863
            },
            "status": "ok"
          },
          "logical_iterations": 10
        },
        "single": {
          "dispatches_per_iteration": 1,
          "gpu_elapsed": {
            "clock": "vulkan_timestamp",
            "per_iteration_us": {
              "max": 225,
              "median": 224.92,
              "min": 224.84,
              "n": 5,
              "p05": 224.848,
              "p95": 225,
              "samples": 5,
              "stdev": 0.064
            },
            "sequence_us": {
              "max": 225,
              "median": 224.92,
              "min": 224.84,
              "n": 5,
              "p05": 224.848,
              "p95": 225,
              "samples": 5,
              "stdev": 0.064
            },
            "status": "ok"
          },
          "host_wall": {
            "clock": "steady_clock",
            "per_iteration_us": {
              "max": 284.505,
              "median": 281.854,
              "min": 280.455,
              "n": 5,
              "p05": 280.6988,
              "p95": 283.977,
              "samples": 5,
              "stdev": 1.325363739
            },
            "sequence_us": {
              "max": 284.505,
              "median": 281.854,
              "min": 280.455,
              "n": 5,
              "p05": 280.6988,
              "p95": 283.977,
              "samples": 5,
              "stdev": 1.325363739
            },
            "status": "ok"
          },
          "logical_iterations": 1
        }
      },
      "timing_mode": "serial_latency",
      "variant": "lds_tree",
      "workgroup_size": 64,
      "workgroup_specialization": "specialization_constant"
    },
    {
      "backend": "vulkan",
      "body_repeats": 32,
      "bytes_per_us": 280.1641587,
      "correctness": {
        "single_dispatch": {
          "oracle": "deterministic CPU f32 reference with sequence tag",
          "status": "pass"
        },
        "synchronization": {
          "barrier_count": 9,
          "method": "compute_waw_barriers_and_final_chain",
          "status": "pass"
        },
        "timed_sequence": {
          "coverage": "chained_final_state",
          "logical_iterations": 10,
          "oracle": "deterministic CPU f32 reference with sequence tag",
          "status": "pass"
        }
      },
      "correctness_pass": true,
      "dependency_contract": {
        "inter_dispatch_ordering": "vulkan_compute_barrier",
        "output_partitioning": "chained_shared",
        "validation_status": "pass",
        "work_dependency": "chained"
      },
      "gflops": 2.241313269,
      "k": 2048,
      "max_abs": 0,
      "max_rel": 0,
      "max_us": 59.36,
      "median_us": 58.48,
      "min_us": 58.136,
      "p05_us": 58.1368,
      "p95_us": 59.2128,
      "row_key": {
        "k": 2048,
        "rows": 1,
        "workgroup_size": 256
      },
      "rows": 1,
      "submission": {
        "completion_in_host_wall": true,
        "queue_or_stream_count": 1,
        "recording_in_timed_region": false,
        "strategy": "vulkan_command_buffer",
        "submit_in_host_wall": true
      },
      "timestamp_period_ns": 10,
      "timestamp_valid_bits": 64,
      "timing": {
        "burst": {
          "dispatches_per_iteration": 1,
          "gpu_elapsed": {
            "clock": "vulkan_timestamp",
            "per_iteration_us": {
              "max": 59.36,
              "median": 58.48,
              "min": 58.136,
              "n": 5,
              "p05": 58.1368,
              "p95": 59.2128,
              "samples": 5,
              "stdev": 0.4485425286
            },
            "sequence_us": {
              "max": 593.6,
              "median": 584.8,
              "min": 581.36,
              "n": 5,
              "p05": 581.368,
              "p95": 592.128,
              "samples": 5,
              "stdev": 4.485425286
            },
            "status": "ok"
          },
          "host_wall": {
            "clock": "steady_clock",
            "per_iteration_us": {
              "max": 64.2011,
              "median": 63.46,
              "min": 63.1571,
              "n": 5,
              "p05": 63.21468,
              "p95": 64.16408,
              "samples": 5,
              "stdev": 0.3895053509
            },
            "sequence_us": {
              "max": 642.011,
              "median": 634.6,
              "min": 631.571,
              "n": 5,
              "p05": 632.1468,
              "p95": 641.6408,
              "samples": 5,
              "stdev": 3.895053509
            },
            "status": "ok"
          },
          "logical_iterations": 10
        },
        "single": {
          "dispatches_per_iteration": 1,
          "gpu_elapsed": {
            "clock": "vulkan_timestamp",
            "per_iteration_us": {
              "max": 60.12,
              "median": 59.4,
              "min": 59.12,
              "n": 5,
              "p05": 59.16,
              "p95": 60.088,
              "samples": 5,
              "stdev": 0.3866574712
            },
            "sequence_us": {
              "max": 60.12,
              "median": 59.4,
              "min": 59.12,
              "n": 5,
              "p05": 59.16,
              "p95": 60.088,
              "samples": 5,
              "stdev": 0.3866574712
            },
            "status": "ok"
          },
          "host_wall": {
            "clock": "steady_clock",
            "per_iteration_us": {
              "max": 110.392,
              "median": 107.122,
              "min": 105.842,
              "n": 5,
              "p05": 106.022,
              "p95": 109.9918,
              "samples": 5,
              "stdev": 1.576599683
            },
            "sequence_us": {
              "max": 110.392,
              "median": 107.122,
              "min": 105.842,
              "n": 5,
              "p05": 106.022,
              "p95": 109.9918,
              "samples": 5,
              "stdev": 1.576599683
            },
            "status": "ok"
          },
          "logical_iterations": 1
        }
      },
      "timing_mode": "serial_latency",
      "variant": "lds_tree",
      "workgroup_size": 256,
      "workgroup_specialization": "specialization_constant"
    },
    {
      "backend": "vulkan",
      "body_repeats": 32,
      "bytes_per_us": 51.84810127,
      "correctness": {
        "single_dispatch": {
          "oracle": "deterministic CPU f32 reference with sequence tag",
          "status": "pass"
        },
        "synchronization": {
          "barrier_count": 9,
          "method": "compute_waw_barriers_and_final_chain",
          "status": "pass"
        },
        "timed_sequence": {
          "coverage": "chained_final_state",
          "logical_iterations": 10,
          "oracle": "deterministic CPU f32 reference with sequence tag",
          "status": "pass"
        }
      },
      "correctness_pass": true,
      "dependency_contract": {
        "inter_dispatch_ordering": "vulkan_compute_barrier",
        "output_partitioning": "chained_shared",
        "validation_status": "pass",
        "work_dependency": "chained"
      },
      "gflops": 0.4147848101,
      "k": 512,
      "max_abs": 0,
      "max_rel": 0,
      "max_us": 79.028,
      "median_us": 79,
      "min_us": 78.952,
      "p05_us": 78.9608,
      "p95_us": 79.0264,
      "row_key": {
        "k": 512,
        "rows": 1,
        "workgroup_size": 64
      },
      "rows": 1,
      "submission": {
        "completion_in_host_wall": true,
        "queue_or_stream_count": 1,
        "recording_in_timed_region": false,
        "strategy": "vulkan_command_buffer",
        "submit_in_host_wall": true
      },
      "timestamp_period_ns": 10,
      "timestamp_valid_bits": 64,
      "timing": {
        "burst": {
          "dispatches_per_iteration": 1,
          "gpu_elapsed": {
            "clock": "vulkan_timestamp",
            "per_iteration_us": {
              "max": 79.028,
              "median": 79,
              "min": 78.952,
              "n": 5,
              "p05": 78.9608,
              "p95": 79.0264,
              "samples": 5,
              "stdev": 0.02646053665
            },
            "sequence_us": {
              "max": 790.28,
              "median": 790,
              "min": 789.52,
              "n": 5,
              "p05": 789.608,
              "p95": 790.264,
              "samples": 5,
              "stdev": 0.2646053665
            },
            "status": "ok"
          },
          "host_wall": {
            "clock": "steady_clock",
            "per_iteration_us": {
              "max": 85.1054,
              "median": 84.9454,
              "min": 84.7294,
              "n": 5,
              "p05": 84.7656,
              "p95": 85.0864,
              "samples": 5,
              "stdev": 0.1245558509
            },
            "sequence_us": {
              "max": 851.054,
              "median": 849.454,
              "min": 847.294,
              "n": 5,
              "p05": 847.656,
              "p95": 850.864,
              "samples": 5,
              "stdev": 1.245558509
            },
            "status": "ok"
          },
          "logical_iterations": 10
        },
        "single": {
          "dispatches_per_iteration": 1,
          "gpu_elapsed": {
            "clock": "vulkan_timestamp",
            "per_iteration_us": {
              "max": 81.28,
              "median": 79.36,
              "min": 79.16,
              "n": 5,
              "p05": 79.184,
              "p95": 80.904,
              "samples": 5,
              "stdev": 0.7962311222
            },
            "sequence_us": {
              "max": 81.28,
              "median": 79.36,
              "min": 79.16,
              "n": 5,
              "p05": 79.184,
              "p95": 80.904,
              "samples": 5,
              "stdev": 0.7962311222
            },
            "status": "ok"
          },
          "host_wall": {
            "clock": "steady_clock",
            "per_iteration_us": {
              "max": 142.433,
              "median": 138.412,
              "min": 136.302,
              "n": 5,
              "p05": 136.546,
              "p95": 141.6928,
              "samples": 5,
              "stdev": 2.056958181
            },
            "sequence_us": {
              "max": 142.433,
              "median": 138.412,
              "min": 136.302,
              "n": 5,
              "p05": 136.546,
              "p95": 141.6928,
              "samples": 5,
              "stdev": 2.056958181
            },
            "status": "ok"
          },
          "logical_iterations": 1
        }
      },
      "timing_mode": "serial_latency",
      "variant": "extra_barrier",
      "workgroup_size": 64,
      "workgroup_specialization": "specialization_constant"
    },
    {
      "backend": "vulkan",
      "body_repeats": 32,
      "bytes_per_us": 175.7939914,
      "correctness": {
        "single_dispatch": {
          "oracle": "deterministic CPU f32 reference with sequence tag",
          "status": "pass"
        },
        "synchronization": {
          "barrier_count": 9,
          "method": "compute_waw_barriers_and_final_chain",
          "status": "pass"
        },
        "timed_sequence": {
          "coverage": "chained_final_state",
          "logical_iterations": 10,
          "oracle": "deterministic CPU f32 reference with sequence tag",
          "status": "pass"
        }
      },
      "correctness_pass": true,
      "dependency_contract": {
        "inter_dispatch_ordering": "vulkan_compute_barrier",
        "output_partitioning": "chained_shared",
        "validation_status": "pass",
        "work_dependency": "chained"
      },
      "gflops": 1.406351931,
      "k": 512,
      "max_abs": 0,
      "max_rel": 0,
      "max_us": 23.348,
      "median_us": 23.3,
      "min_us": 23.244,
      "p05_us": 23.248,
      "p95_us": 23.3456,
      "row_key": {
        "k": 512,
        "rows": 1,
        "workgroup_size": 256
      },
      "rows": 1,
      "submission": {
        "completion_in_host_wall": true,
        "queue_or_stream_count": 1,
        "recording_in_timed_region": false,
        "strategy": "vulkan_command_buffer",
        "submit_in_host_wall": true
      },
      "timestamp_period_ns": 10,
      "timestamp_valid_bits": 64,
      "timing": {
        "burst": {
          "dispatches_per_iteration": 1,
          "gpu_elapsed": {
            "clock": "vulkan_timestamp",
            "per_iteration_us": {
              "max": 23.348,
              "median": 23.3,
              "min": 23.244,
              "n": 5,
              "p05": 23.248,
              "p95": 23.3456,
              "samples": 5,
              "stdev": 0.04004797123
            },
            "sequence_us": {
              "max": 233.48,
              "median": 233,
              "min": 232.44,
              "n": 5,
              "p05": 232.48,
              "p95": 233.456,
              "samples": 5,
              "stdev": 0.4004797123
            },
            "status": "ok"
          },
          "host_wall": {
            "clock": "steady_clock",
            "per_iteration_us": {
              "max": 29.5745,
              "median": 29.1555,
              "min": 28.9934,
              "n": 5,
              "p05": 29.02422,
              "p95": 29.5199,
              "samples": 5,
              "stdev": 0.1959735737
            },
            "sequence_us": {
              "max": 295.745,
              "median": 291.555,
              "min": 289.934,
              "n": 5,
              "p05": 290.2422,
              "p95": 295.199,
              "samples": 5,
              "stdev": 1.959735737
            },
            "status": "ok"
          },
          "logical_iterations": 10
        },
        "single": {
          "dispatches_per_iteration": 1,
          "gpu_elapsed": {
            "clock": "vulkan_timestamp",
            "per_iteration_us": {
              "max": 23.6,
              "median": 23.56,
              "min": 23.56,
              "n": 5,
              "p05": 23.56,
              "p95": 23.6,
              "samples": 5,
              "stdev": 0.01959591794
            },
            "sequence_us": {
              "max": 23.6,
              "median": 23.56,
              "min": 23.56,
              "n": 5,
              "p05": 23.56,
              "p95": 23.6,
              "samples": 5,
              "stdev": 0.01959591794
            },
            "status": "ok"
          },
          "host_wall": {
            "clock": "steady_clock",
            "per_iteration_us": {
              "max": 85.952,
              "median": 84.212,
              "min": 82.971,
              "n": 5,
              "p05": 83.139,
              "p95": 85.6858,
              "samples": 5,
              "stdev": 0.9843122675
            },
            "sequence_us": {
              "max": 85.952,
              "median": 84.212,
              "min": 82.971,
              "n": 5,
              "p05": 83.139,
              "p95": 85.6858,
              "samples": 5,
              "stdev": 0.9843122675
            },
            "status": "ok"
          },
          "logical_iterations": 1
        }
      },
      "timing_mode": "serial_latency",
      "variant": "extra_barrier",
      "workgroup_size": 256,
      "workgroup_specialization": "specialization_constant"
    },
    {
      "backend": "vulkan",
      "body_repeats": 32,
      "bytes_per_us": 53.43282414,
      "correctness": {
        "single_dispatch": {
          "oracle": "deterministic CPU f32 reference with sequence tag",
          "status": "pass"
        },
        "synchronization": {
          "barrier_count": 9,
          "method": "compute_waw_barriers_and_final_chain",
          "status": "pass"
        },
        "timed_sequence": {
          "coverage": "chained_final_state",
          "logical_iterations": 10,
          "oracle": "deterministic CPU f32 reference with sequence tag",
          "status": "pass"
        }
      },
      "correctness_pass": true,
      "dependency_contract": {
        "inter_dispatch_ordering": "vulkan_compute_barrier",
        "output_partitioning": "chained_shared",
        "validation_status": "pass",
        "work_dependency": "chained"
      },
      "gflops": 0.4274625931,
      "k": 2048,
      "max_abs": 0,
      "max_rel": 0,
      "max_us": 306.716,
      "median_us": 306.628,
      "min_us": 305.812,
      "p05_us": 305.9712,
      "p95_us": 306.7152,
      "row_key": {
        "k": 2048,
        "rows": 1,
        "workgroup_size": 64
      },
      "rows": 1,
      "submission": {
        "completion_in_host_wall": true,
        "queue_or_stream_count": 1,
        "recording_in_timed_region": false,
        "strategy": "vulkan_command_buffer",
        "submit_in_host_wall": true
      },
      "timestamp_period_ns": 10,
      "timestamp_valid_bits": 64,
      "timing": {
        "burst": {
          "dispatches_per_iteration": 1,
          "gpu_elapsed": {
            "clock": "vulkan_timestamp",
            "per_iteration_us": {
              "max": 306.716,
              "median": 306.628,
              "min": 305.812,
              "n": 5,
              "p05": 305.9712,
              "p95": 306.7152,
              "samples": 5,
              "stdev": 0.3443477312
            },
            "sequence_us": {
              "max": 3067.16,
              "median": 3066.28,
              "min": 3058.12,
              "n": 5,
              "p05": 3059.712,
              "p95": 3067.152,
              "samples": 5,
              "stdev": 3.443477312
            },
            "status": "ok"
          },
          "host_wall": {
            "clock": "steady_clock",
            "per_iteration_us": {
              "max": 314.0842,
              "median": 313.9541,
              "min": 313.3061,
              "n": 5,
              "p05": 313.4171,
              "p95": 314.0718,
              "samples": 5,
              "stdev": 0.2797106548
            },
            "sequence_us": {
              "max": 3140.842,
              "median": 3139.541,
              "min": 3133.061,
              "n": 5,
              "p05": 3134.171,
              "p95": 3140.718,
              "samples": 5,
              "stdev": 2.797106548
            },
            "status": "ok"
          },
          "logical_iterations": 10
        },
        "single": {
          "dispatches_per_iteration": 1,
          "gpu_elapsed": {
            "clock": "vulkan_timestamp",
            "per_iteration_us": {
              "max": 313.04,
              "median": 305.48,
              "min": 305.32,
              "n": 5,
              "p05": 305.32,
              "p95": 313.032,
              "samples": 5,
              "stdev": 3.746563225
            },
            "sequence_us": {
              "max": 313.04,
              "median": 305.48,
              "min": 305.32,
              "n": 5,
              "p05": 305.32,
              "p95": 313.032,
              "samples": 5,
              "stdev": 3.746563225
            },
            "status": "ok"
          },
          "host_wall": {
            "clock": "steady_clock",
            "per_iteration_us": {
              "max": 375.226,
              "median": 370.116,
              "min": 364.176,
              "n": 5,
              "p05": 364.396,
              "p95": 375.122,
              "samples": 5,
              "stdev": 4.59687111
            },
            "sequence_us": {
              "max": 375.226,
              "median": 370.116,
              "min": 364.176,
              "n": 5,
              "p05": 364.396,
              "p95": 375.122,
              "samples": 5,
              "stdev": 4.59687111
            },
            "status": "ok"
          },
          "logical_iterations": 1
        }
      },
      "timing_mode": "serial_latency",
      "variant": "extra_barrier",
      "workgroup_size": 64,
      "workgroup_specialization": "specialization_constant"
    },
    {
      "backend": "vulkan",
      "body_repeats": 32,
      "bytes_per_us": 202.6920032,
      "correctness": {
        "single_dispatch": {
          "oracle": "deterministic CPU f32 reference with sequence tag",
          "status": "pass"
        },
        "synchronization": {
          "barrier_count": 9,
          "method": "compute_waw_barriers_and_final_chain",
          "status": "pass"
        },
        "timed_sequence": {
          "coverage": "chained_final_state",
          "logical_iterations": 10,
          "oracle": "deterministic CPU f32 reference with sequence tag",
          "status": "pass"
        }
      },
      "correctness_pass": true,
      "dependency_contract": {
        "inter_dispatch_ordering": "vulkan_compute_barrier",
        "output_partitioning": "chained_shared",
        "validation_status": "pass",
        "work_dependency": "chained"
      },
      "gflops": 1.621536025,
      "k": 2048,
      "max_abs": 0,
      "max_rel": 0,
      "max_us": 80.996,
      "median_us": 80.832,
      "min_us": 80.724,
      "p05_us": 80.7392,
      "p95_us": 80.9672,
      "row_key": {
        "k": 2048,
        "rows": 1,
        "workgroup_size": 256
      },
      "rows": 1,
      "submission": {
        "completion_in_host_wall": true,
        "queue_or_stream_count": 1,
        "recording_in_timed_region": false,
        "strategy": "vulkan_command_buffer",
        "submit_in_host_wall": true
      },
      "timestamp_period_ns": 10,
      "timestamp_valid_bits": 64,
      "timing": {
        "burst": {
          "dispatches_per_iteration": 1,
          "gpu_elapsed": {
            "clock": "vulkan_timestamp",
            "per_iteration_us": {
              "max": 80.996,
              "median": 80.832,
              "min": 80.724,
              "n": 5,
              "p05": 80.7392,
              "p95": 80.9672,
              "samples": 5,
              "stdev": 0.08899078604
            },
            "sequence_us": {
              "max": 809.96,
              "median": 808.32,
              "min": 807.24,
              "n": 5,
              "p05": 807.392,
              "p95": 809.672,
              "samples": 5,
              "stdev": 0.8899078604
            },
            "status": "ok"
          },
          "host_wall": {
            "clock": "steady_clock",
            "per_iteration_us": {
              "max": 87.0674,
              "median": 86.8864,
              "min": 86.7064,
              "n": 5,
              "p05": 86.7078,
              "p95": 87.04122,
              "samples": 5,
              "stdev": 0.1375704096
            },
            "sequence_us": {
              "max": 870.674,
              "median": 868.864,
              "min": 867.064,
              "n": 5,
              "p05": 867.078,
              "p95": 870.4122,
              "samples": 5,
              "stdev": 1.375704096
            },
            "status": "ok"
          },
          "logical_iterations": 10
        },
        "single": {
          "dispatches_per_iteration": 1,
          "gpu_elapsed": {
            "clock": "vulkan_timestamp",
            "per_iteration_us": {
              "max": 81.28,
              "median": 81.12,
              "min": 80.76,
              "n": 5,
              "p05": 80.824,
              "p95": 81.28,
              "samples": 5,
              "stdev": 0.1903260361
            },
            "sequence_us": {
              "max": 81.28,
              "median": 81.12,
              "min": 80.76,
              "n": 5,
              "p05": 80.824,
              "p95": 81.28,
              "samples": 5,
              "stdev": 0.1903260361
            },
            "status": "ok"
          },
          "host_wall": {
            "clock": "steady_clock",
            "per_iteration_us": {
              "max": 140.683,
              "median": 139.862,
              "min": 138.833,
              "n": 5,
              "p05": 138.8728,
              "p95": 140.5348,
              "samples": 5,
              "stdev": 0.6700192833
            },
            "sequence_us": {
              "max": 140.683,
              "median": 139.862,
              "min": 138.833,
              "n": 5,
              "p05": 138.8728,
              "p95": 140.5348,
              "samples": 5,
              "stdev": 0.6700192833
            },
            "status": "ok"
          },
          "logical_iterations": 1
        }
      },
      "timing_mode": "serial_latency",
      "variant": "extra_barrier",
      "workgroup_size": 256,
      "workgroup_specialization": "specialization_constant"
    },
    {
      "backend": "vulkan",
      "body_repeats": 32,
      "bytes_per_us": 55.23788974,
      "correctness": {
        "single_dispatch": {
          "oracle": "deterministic CPU f32 reference with sequence tag",
          "status": "pass"
        },
        "synchronization": {
          "barrier_count": 9,
          "method": "compute_waw_barriers_and_final_chain",
          "status": "pass"
        },
        "timed_sequence": {
          "coverage": "chained_final_state",
          "logical_iterations": 10,
          "oracle": "deterministic CPU f32 reference with sequence tag",
          "status": "pass"
        }
      },
      "correctness_pass": true,
      "dependency_contract": {
        "inter_dispatch_ordering": "vulkan_compute_barrier",
        "output_partitioning": "chained_shared",
        "validation_status": "pass",
        "work_dependency": "chained"
      },
      "gflops": 0.4419031179,
      "k": 512,
      "max_abs": 0,
      "max_rel": 0,
      "max_us": 74.224,
      "median_us": 74.152,
      "min_us": 74.112,
      "p05_us": 74.112,
      "p95_us": 74.216,
      "row_key": {
        "k": 512,
        "rows": 1,
        "workgroup_size": 64
      },
      "rows": 1,
      "submission": {
        "completion_in_host_wall": true,
        "queue_or_stream_count": 1,
        "recording_in_timed_region": false,
        "strategy": "vulkan_command_buffer",
        "submit_in_host_wall": true
      },
      "timestamp_period_ns": 10,
      "timestamp_valid_bits": 64,
      "timing": {
        "burst": {
          "dispatches_per_iteration": 1,
          "gpu_elapsed": {
            "clock": "vulkan_timestamp",
            "per_iteration_us": {
              "max": 74.224,
              "median": 74.152,
              "min": 74.112,
              "n": 5,
              "p05": 74.112,
              "p95": 74.216,
              "samples": 5,
              "stdev": 0.04311101947
            },
            "sequence_us": {
              "max": 742.24,
              "median": 741.52,
              "min": 741.12,
              "n": 5,
              "p05": 741.12,
              "p95": 742.16,
              "samples": 5,
              "stdev": 0.4311101947
            },
            "status": "ok"
          },
          "host_wall": {
            "clock": "steady_clock",
            "per_iteration_us": {
              "max": 80.6323,
              "median": 80.4354,
              "min": 79.9613,
              "n": 5,
              "p05": 79.9877,
              "p95": 80.5971,
              "samples": 5,
              "stdev": 0.2487541469
            },
            "sequence_us": {
              "max": 806.323,
              "median": 804.354,
              "min": 799.613,
              "n": 5,
              "p05": 799.877,
              "p95": 805.971,
              "samples": 5,
              "stdev": 2.487541469
            },
            "status": "ok"
          },
          "logical_iterations": 10
        },
        "single": {
          "dispatches_per_iteration": 1,
          "gpu_elapsed": {
            "clock": "vulkan_timestamp",
            "per_iteration_us": {
              "max": 76.24,
              "median": 74.52,
              "min": 74.44,
              "n": 5,
              "p05": 74.448,
              "p95": 75.896,
              "samples": 5,
              "stdev": 0.7006282895
            },
            "sequence_us": {
              "max": 76.24,
              "median": 74.52,
              "min": 74.44,
              "n": 5,
              "p05": 74.448,
              "p95": 75.896,
              "samples": 5,
              "stdev": 0.7006282895
            },
            "status": "ok"
          },
          "host_wall": {
            "clock": "steady_clock",
            "per_iteration_us": {
              "max": 133.452,
              "median": 131.772,
              "min": 127.392,
              "n": 5,
              "p05": 128.238,
              "p95": 133.212,
              "samples": 5,
              "stdev": 2.056031128
            },
            "sequence_us": {
              "max": 133.452,
              "median": 131.772,
              "min": 127.392,
              "n": 5,
              "p05": 128.238,
              "p95": 133.212,
              "samples": 5,
              "stdev": 2.056031128
            },
            "status": "ok"
          },
          "logical_iterations": 1
        }
      },
      "timing_mode": "serial_latency",
      "variant": "subgroup",
      "workgroup_size": 64,
      "workgroup_specialization": "specialization_constant"
    },
    {
      "backend": "vulkan",
      "body_repeats": 32,
      "bytes_per_us": 188.5472289,
      "correctness": {
        "single_dispatch": {
          "oracle": "deterministic CPU f32 reference with sequence tag",
          "status": "pass"
        },
        "synchronization": {
          "barrier_count": 9,
          "method": "compute_waw_barriers_and_final_chain",
          "status": "pass"
        },
        "timed_sequence": {
          "coverage": "chained_final_state",
          "logical_iterations": 10,
          "oracle": "deterministic CPU f32 reference with sequence tag",
          "status": "pass"
        }
      },
      "correctness_pass": true,
      "dependency_contract": {
        "inter_dispatch_ordering": "vulkan_compute_barrier",
        "output_partitioning": "chained_shared",
        "validation_status": "pass",
        "work_dependency": "chained"
      },
      "gflops": 1.508377831,
      "k": 512,
      "max_abs": 0,
      "max_rel": 0,
      "max_us": 22.924,
      "median_us": 21.724,
      "min_us": 21.488,
      "p05_us": 21.5112,
      "p95_us": 22.7,
      "row_key": {
        "k": 512,
        "rows": 1,
        "workgroup_size": 256
      },
      "rows": 1,
      "submission": {
        "completion_in_host_wall": true,
        "queue_or_stream_count": 1,
        "recording_in_timed_region": false,
        "strategy": "vulkan_command_buffer",
        "submit_in_host_wall": true
      },
      "timestamp_period_ns": 10,
      "timestamp_valid_bits": 64,
      "timing": {
        "burst": {
          "dispatches_per_iteration": 1,
          "gpu_elapsed": {
            "clock": "vulkan_timestamp",
            "per_iteration_us": {
              "max": 22.924,
              "median": 21.724,
              "min": 21.488,
              "n": 5,
              "p05": 21.5112,
              "p95": 22.7,
              "samples": 5,
              "stdev": 0.5187949113
            },
            "sequence_us": {
              "max": 229.24,
              "median": 217.24,
              "min": 214.88,
              "n": 5,
              "p05": 215.112,
              "p95": 227,
              "samples": 5,
              "stdev": 5.187949113
            },
            "status": "ok"
          },
          "host_wall": {
            "clock": "steady_clock",
            "per_iteration_us": {
              "max": 28.2535,
              "median": 26.9935,
              "min": 26.7924,
              "n": 5,
              "p05": 26.83,
              "p95": 28.1903,
              "samples": 5,
              "stdev": 0.5877904409
            },
            "sequence_us": {
              "max": 282.535,
              "median": 269.935,
              "min": 267.924,
              "n": 5,
              "p05": 268.3,
              "p95": 281.903,
              "samples": 5,
              "stdev": 5.877904409
            },
            "status": "ok"
          },
          "logical_iterations": 10
        },
        "single": {
          "dispatches_per_iteration": 1,
          "gpu_elapsed": {
            "clock": "vulkan_timestamp",
            "per_iteration_us": {
              "max": 22.2,
              "median": 21.96,
              "min": 21.8,
              "n": 5,
              "p05": 21.824,
              "p95": 22.2,
              "samples": 5,
              "stdev": 0.1591979899
            },
            "sequence_us": {
              "max": 22.2,
              "median": 21.96,
              "min": 21.8,
              "n": 5,
              "p05": 21.824,
              "p95": 22.2,
              "samples": 5,
              "stdev": 0.1591979899
            },
            "status": "ok"
          },
          "host_wall": {
            "clock": "steady_clock",
            "per_iteration_us": {
              "max": 95.081,
              "median": 75.341,
              "min": 72.051,
              "n": 5,
              "p05": 72.2032,
              "p95": 91.855,
              "samples": 5,
              "stdev": 8.467023666
            },
            "sequence_us": {
              "max": 95.081,
              "median": 75.341,
              "min": 72.051,
              "n": 5,
              "p05": 72.2032,
              "p95": 91.855,
              "samples": 5,
              "stdev": 8.467023666
            },
            "status": "ok"
          },
          "logical_iterations": 1
        }
      },
      "timing_mode": "serial_latency",
      "variant": "subgroup",
      "workgroup_size": 256,
      "workgroup_specialization": "specialization_constant"
    },
    {
      "backend": "vulkan",
      "body_repeats": 32,
      "bytes_per_us": 56.88414854,
      "correctness": {
        "single_dispatch": {
          "oracle": "deterministic CPU f32 reference with sequence tag",
          "status": "pass"
        },
        "synchronization": {
          "barrier_count": 9,
          "method": "compute_waw_barriers_and_final_chain",
          "status": "pass"
        },
        "timed_sequence": {
          "coverage": "chained_final_state",
          "logical_iterations": 10,
          "oracle": "deterministic CPU f32 reference with sequence tag",
          "status": "pass"
        }
      },
      "correctness_pass": true,
      "dependency_contract": {
        "inter_dispatch_ordering": "vulkan_compute_barrier",
        "output_partitioning": "chained_shared",
        "validation_status": "pass",
        "work_dependency": "chained"
      },
      "gflops": 0.4550731883,
      "k": 2048,
      "max_abs": 0,
      "max_rel": 0,
      "max_us": 288.104,
      "median_us": 288.024,
      "min_us": 287.32,
      "p05_us": 287.4384,
      "p95_us": 288.0944,
      "row_key": {
        "k": 2048,
        "rows": 1,
        "workgroup_size": 64
      },
      "rows": 1,
      "submission": {
        "completion_in_host_wall": true,
        "queue_or_stream_count": 1,
        "recording_in_timed_region": false,
        "strategy": "vulkan_command_buffer",
        "submit_in_host_wall": true
      },
      "timestamp_period_ns": 10,
      "timestamp_valid_bits": 64,
      "timing": {
        "burst": {
          "dispatches_per_iteration": 1,
          "gpu_elapsed": {
            "clock": "vulkan_timestamp",
            "per_iteration_us": {
              "max": 288.104,
              "median": 288.024,
              "min": 287.32,
              "n": 5,
              "p05": 287.4384,
              "p95": 288.0944,
              "samples": 5,
              "stdev": 0.2886038115
            },
            "sequence_us": {
              "max": 2881.04,
              "median": 2880.24,
              "min": 2873.2,
              "n": 5,
              "p05": 2874.384,
              "p95": 2880.944,
              "samples": 5,
              "stdev": 2.886038115
            },
            "status": "ok"
          },
          "host_wall": {
            "clock": "steady_clock",
            "per_iteration_us": {
              "max": 296.2739,
              "median": 295.3638,
              "min": 294.9628,
              "n": 5,
              "p05": 295.0192,
              "p95": 296.1851,
              "samples": 5,
              "stdev": 0.4634387839
            },
            "sequence_us": {
              "max": 2962.739,
              "median": 2953.638,
              "min": 2949.628,
              "n": 5,
              "p05": 2950.192,
              "p95": 2961.851,
              "samples": 5,
              "stdev": 4.634387839
            },
            "status": "ok"
          },
          "logical_iterations": 10
        },
        "single": {
          "dispatches_per_iteration": 1,
          "gpu_elapsed": {
            "clock": "vulkan_timestamp",
            "per_iteration_us": {
              "max": 294.28,
              "median": 286.8,
              "min": 286.28,
              "n": 5,
              "p05": 286.32,
              "p95": 292.808,
              "samples": 5,
              "stdev": 3.072395808
            },
            "sequence_us": {
              "max": 294.28,
              "median": 286.8,
              "min": 286.28,
              "n": 5,
              "p05": 286.32,
              "p95": 292.808,
              "samples": 5,
              "stdev": 3.072395808
            },
            "status": "ok"
          },
          "host_wall": {
            "clock": "steady_clock",
            "per_iteration_us": {
              "max": 374.926,
              "median": 352.446,
              "min": 347.325,
              "n": 5,
              "p05": 347.8312,
              "p95": 370.782,
              "samples": 5,
              "stdev": 9.866500624
            },
            "sequence_us": {
              "max": 374.926,
              "median": 352.446,
              "min": 347.325,
              "n": 5,
              "p05": 347.8312,
              "p95": 370.782,
              "samples": 5,
              "stdev": 9.866500624
            },
            "status": "ok"
          },
          "logical_iterations": 1
        }
      },
      "timing_mode": "serial_latency",
      "variant": "subgroup",
      "workgroup_size": 64,
      "workgroup_specialization": "specialization_constant"
    },
    {
      "backend": "vulkan",
      "body_repeats": 32,
      "bytes_per_us": 216.8228257,
      "correctness": {
        "single_dispatch": {
          "oracle": "deterministic CPU f32 reference with sequence tag",
          "status": "pass"
        },
        "synchronization": {
          "barrier_count": 9,
          "method": "compute_waw_barriers_and_final_chain",
          "status": "pass"
        },
        "timed_sequence": {
          "coverage": "chained_final_state",
          "logical_iterations": 10,
          "oracle": "deterministic CPU f32 reference with sequence tag",
          "status": "pass"
        }
      },
      "correctness_pass": true,
      "dependency_contract": {
        "inter_dispatch_ordering": "vulkan_compute_barrier",
        "output_partitioning": "chained_shared",
        "validation_status": "pass",
        "work_dependency": "chained"
      },
      "gflops": 1.734582605,
      "k": 2048,
      "max_abs": 0,
      "max_rel": 0,
      "max_us": 75.712,
      "median_us": 75.564,
      "min_us": 75.42,
      "p05_us": 75.436,
      "p95_us": 75.6872,
      "row_key": {
        "k": 2048,
        "rows": 1,
        "workgroup_size": 256
      },
      "rows": 1,
      "submission": {
        "completion_in_host_wall": true,
        "queue_or_stream_count": 1,
        "recording_in_timed_region": false,
        "strategy": "vulkan_command_buffer",
        "submit_in_host_wall": true
      },
      "timestamp_period_ns": 10,
      "timestamp_valid_bits": 64,
      "timing": {
        "burst": {
          "dispatches_per_iteration": 1,
          "gpu_elapsed": {
            "clock": "vulkan_timestamp",
            "per_iteration_us": {
              "max": 75.712,
              "median": 75.564,
              "min": 75.42,
              "n": 5,
              "p05": 75.436,
              "p95": 75.6872,
              "samples": 5,
              "stdev": 0.0970080409
            },
            "sequence_us": {
              "max": 757.12,
              "median": 755.64,
              "min": 754.2,
              "n": 5,
              "p05": 754.36,
              "p95": 756.872,
              "samples": 5,
              "stdev": 0.970080409
            },
            "status": "ok"
          },
          "host_wall": {
            "clock": "steady_clock",
            "per_iteration_us": {
              "max": 81.7753,
              "median": 81.4604,
              "min": 81.3143,
              "n": 5,
              "p05": 81.3353,
              "p95": 81.76912,
              "samples": 5,
              "stdev": 0.183822225
            },
            "sequence_us": {
              "max": 817.753,
              "median": 814.604,
              "min": 813.143,
              "n": 5,
              "p05": 813.353,
              "p95": 817.6912,
              "samples": 5,
              "stdev": 1.83822225
            },
            "status": "ok"
          },
          "logical_iterations": 10
        },
        "single": {
          "dispatches_per_iteration": 1,
          "gpu_elapsed": {
            "clock": "vulkan_timestamp",
            "per_iteration_us": {
              "max": 76.04,
              "median": 75.76,
              "min": 75.56,
              "n": 5,
              "p05": 75.576,
              "p95": 76.024,
              "samples": 5,
              "stdev": 0.1831283703
            },
            "sequence_us": {
              "max": 76.04,
              "median": 75.76,
              "min": 75.56,
              "n": 5,
              "p05": 75.576,
              "p95": 76.024,
              "samples": 5,
              "stdev": 0.1831283703
            },
            "status": "ok"
          },
          "host_wall": {
            "clock": "steady_clock",
            "per_iteration_us": {
              "max": 136.753,
              "median": 134.722,
              "min": 131.472,
              "n": 5,
              "p05": 131.864,
              "p95": 136.6348,
              "samples": 5,
              "stdev": 1.907700647
            },
            "sequence_us": {
              "max": 136.753,
              "median": 134.722,
              "min": 131.472,
              "n": 5,
              "p05": 131.864,
              "p95": 136.6348,
              "samples": 5,
              "stdev": 1.907700647
            },
            "status": "ok"
          },
          "logical_iterations": 1
        }
      },
      "timing_mode": "serial_latency",
      "variant": "subgroup",
      "workgroup_size": 256,
      "workgroup_specialization": "specialization_constant"
    },
    {
      "backend": "vulkan",
      "body_repeats": 32,
      "bytes_per_us": 51.35663775,
      "correctness": {
        "single_dispatch": {
          "oracle": "deterministic CPU f32 reference with sequence tag",
          "status": "pass"
        },
        "synchronization": {
          "barrier_count": 9,
          "method": "compute_waw_barriers_and_final_chain",
          "status": "pass"
        },
        "timed_sequence": {
          "coverage": "chained_final_state",
          "logical_iterations": 10,
          "oracle": "deterministic CPU f32 reference with sequence tag",
          "status": "pass"
        }
      },
      "correctness_pass": true,
      "dependency_contract": {
        "inter_dispatch_ordering": "vulkan_compute_barrier",
        "output_partitioning": "chained_shared",
        "validation_status": "pass",
        "work_dependency": "chained"
      },
      "gflops": 0.410853102,
      "k": 512,
      "max_abs": 0,
      "max_rel": 0,
      "max_us": 79.848,
      "median_us": 79.756,
      "min_us": 79.744,
      "p05_us": 79.7464,
      "p95_us": 79.8368,
      "row_key": {
        "k": 512,
        "rows": 1,
        "workgroup_size": 64
      },
      "rows": 1,
      "submission": {
        "completion_in_host_wall": true,
        "queue_or_stream_count": 1,
        "recording_in_timed_region": false,
        "strategy": "vulkan_command_buffer",
        "submit_in_host_wall": true
      },
      "timestamp_period_ns": 10,
      "timestamp_valid_bits": 64,
      "timing": {
        "burst": {
          "dispatches_per_iteration": 1,
          "gpu_elapsed": {
            "clock": "vulkan_timestamp",
            "per_iteration_us": {
              "max": 79.848,
              "median": 79.756,
              "min": 79.744,
              "n": 5,
              "p05": 79.7464,
              "p95": 79.8368,
              "samples": 5,
              "stdev": 0.03798104791
            },
            "sequence_us": {
              "max": 798.48,
              "median": 797.56,
              "min": 797.44,
              "n": 5,
              "p05": 797.464,
              "p95": 798.368,
              "samples": 5,
              "stdev": 0.3798104791
            },
            "status": "ok"
          },
          "host_wall": {
            "clock": "steady_clock",
            "per_iteration_us": {
              "max": 85.7924,
              "median": 85.3654,
              "min": 85.2394,
              "n": 5,
              "p05": 85.2502,
              "p95": 85.728,
              "samples": 5,
              "stdev": 0.1960116323
            },
            "sequence_us": {
              "max": 857.924,
              "median": 853.654,
              "min": 852.394,
              "n": 5,
              "p05": 852.502,
              "p95": 857.28,
              "samples": 5,
              "stdev": 1.960116323
            },
            "status": "ok"
          },
          "logical_iterations": 10
        },
        "single": {
          "dispatches_per_iteration": 1,
          "gpu_elapsed": {
            "clock": "vulkan_timestamp",
            "per_iteration_us": {
              "max": 82.16,
              "median": 80.04,
              "min": 79.96,
              "n": 5,
              "p05": 79.968,
              "p95": 81.736,
              "samples": 5,
              "stdev": 0.8605114758
            },
            "sequence_us": {
              "max": 82.16,
              "median": 80.04,
              "min": 79.96,
              "n": 5,
              "p05": 79.968,
              "p95": 81.736,
              "samples": 5,
              "stdev": 0.8605114758
            },
            "status": "ok"
          },
          "host_wall": {
            "clock": "steady_clock",
            "per_iteration_us": {
              "max": 135.562,
              "median": 134.683,
              "min": 131.282,
              "n": 5,
              "p05": 131.908,
              "p95": 135.43,
              "samples": 5,
              "stdev": 1.492363816
            },
            "sequence_us": {
              "max": 135.562,
              "median": 134.683,
              "min": 131.282,
              "n": 5,
              "p05": 131.908,
              "p95": 135.43,
              "samples": 5,
              "stdev": 1.492363816
            },
            "status": "ok"
          },
          "logical_iterations": 1
        }
      },
      "timing_mode": "serial_latency",
      "variant": "multi_accum4",
      "workgroup_size": 64,
      "workgroup_specialization": "specialization_constant"
    },
    {
      "backend": "vulkan",
      "body_repeats": 32,
      "bytes_per_us": 153.3393232,
      "correctness": {
        "single_dispatch": {
          "oracle": "deterministic CPU f32 reference with sequence tag",
          "status": "pass"
        },
        "synchronization": {
          "barrier_count": 9,
          "method": "compute_waw_barriers_and_final_chain",
          "status": "pass"
        },
        "timed_sequence": {
          "coverage": "chained_final_state",
          "logical_iterations": 10,
          "oracle": "deterministic CPU f32 reference with sequence tag",
          "status": "pass"
        }
      },
      "correctness_pass": true,
      "dependency_contract": {
        "inter_dispatch_ordering": "vulkan_compute_barrier",
        "output_partitioning": "chained_shared",
        "validation_status": "pass",
        "work_dependency": "chained"
      },
      "gflops": 1.226714585,
      "k": 512,
      "max_abs": 0,
      "max_rel": 0,
      "max_us": 27.18,
      "median_us": 26.712,
      "min_us": 26.308,
      "p05_us": 26.3672,
      "p95_us": 27.088,
      "row_key": {
        "k": 512,
        "rows": 1,
        "workgroup_size": 256
      },
      "rows": 1,
      "submission": {
        "completion_in_host_wall": true,
        "queue_or_stream_count": 1,
        "recording_in_timed_region": false,
        "strategy": "vulkan_command_buffer",
        "submit_in_host_wall": true
      },
      "timestamp_period_ns": 10,
      "timestamp_valid_bits": 64,
      "timing": {
        "burst": {
          "dispatches_per_iteration": 1,
          "gpu_elapsed": {
            "clock": "vulkan_timestamp",
            "per_iteration_us": {
              "max": 27.18,
              "median": 26.712,
              "min": 26.308,
              "n": 5,
              "p05": 26.3672,
              "p95": 27.088,
              "samples": 5,
              "stdev": 0.2806096221
            },
            "sequence_us": {
              "max": 271.8,
              "median": 267.12,
              "min": 263.08,
              "n": 5,
              "p05": 263.672,
              "p95": 270.88,
              "samples": 5,
              "stdev": 2.806096221
            },
            "status": "ok"
          },
          "host_wall": {
            "clock": "steady_clock",
            "per_iteration_us": {
              "max": 32.8635,
              "median": 31.9676,
              "min": 30.8945,
              "n": 5,
              "p05": 30.9047,
              "p95": 32.8207,
              "samples": 5,
              "stdev": 0.8258711628
            },
            "sequence_us": {
              "max": 328.635,
              "median": 319.676,
              "min": 308.945,
              "n": 5,
              "p05": 309.047,
              "p95": 328.207,
              "samples": 5,
              "stdev": 8.258711628
            },
            "status": "ok"
          },
          "logical_iterations": 10
        },
        "single": {
          "dispatches_per_iteration": 1,
          "gpu_elapsed": {
            "clock": "vulkan_timestamp",
            "per_iteration_us": {
              "max": 27.56,
              "median": 26.6,
              "min": 26.52,
              "n": 5,
              "p05": 26.52,
              "p95": 27.368,
              "samples": 5,
              "stdev": 0.4015968127
            },
            "sequence_us": {
              "max": 27.56,
              "median": 26.6,
              "min": 26.52,
              "n": 5,
              "p05": 26.52,
              "p95": 27.368,
              "samples": 5,
              "stdev": 0.4015968127
            },
            "status": "ok"
          },
          "host_wall": {
            "clock": "steady_clock",
            "per_iteration_us": {
              "max": 81.022,
              "median": 74.301,
              "min": 72.471,
              "n": 5,
              "p05": 72.685,
              "p95": 80.3538,
              "samples": 5,
              "stdev": 3.138143298
            },
            "sequence_us": {
              "max": 81.022,
              "median": 74.301,
              "min": 72.471,
              "n": 5,
              "p05": 72.685,
              "p95": 80.3538,
              "samples": 5,
              "stdev": 3.138143298
            },
            "status": "ok"
          },
          "logical_iterations": 1
        }
      },
      "timing_mode": "serial_latency",
      "variant": "multi_accum4",
      "workgroup_size": 256,
      "workgroup_specialization": "specialization_constant"
    },
    {
      "backend": "vulkan",
      "body_repeats": 32,
      "bytes_per_us": 52.84479422,
      "correctness": {
        "single_dispatch": {
          "oracle": "deterministic CPU f32 reference with sequence tag",
          "status": "pass"
        },
        "synchronization": {
          "barrier_count": 9,
          "method": "compute_waw_barriers_and_final_chain",
          "status": "pass"
        },
        "timed_sequence": {
          "coverage": "chained_final_state",
          "logical_iterations": 10,
          "oracle": "deterministic CPU f32 reference with sequence tag",
          "status": "pass"
        }
      },
      "correctness_pass": true,
      "dependency_contract": {
        "inter_dispatch_ordering": "vulkan_compute_barrier",
        "output_partitioning": "chained_shared",
        "validation_status": "pass",
        "work_dependency": "chained"
      },
      "gflops": 0.4227583538,
      "k": 2048,
      "max_abs": 0,
      "max_rel": 0,
      "max_us": 310.608,
      "median_us": 310.04,
      "min_us": 308.22,
      "p05_us": 308.584,
      "p95_us": 310.5544,
      "row_key": {
        "k": 2048,
        "rows": 1,
        "workgroup_size": 64
      },
      "rows": 1,
      "submission": {
        "completion_in_host_wall": true,
        "queue_or_stream_count": 1,
        "recording_in_timed_region": false,
        "strategy": "vulkan_command_buffer",
        "submit_in_host_wall": true
      },
      "timestamp_period_ns": 10,
      "timestamp_valid_bits": 64,
      "timing": {
        "burst": {
          "dispatches_per_iteration": 1,
          "gpu_elapsed": {
            "clock": "vulkan_timestamp",
            "per_iteration_us": {
              "max": 310.608,
              "median": 310.04,
              "min": 308.22,
              "n": 5,
              "p05": 308.584,
              "p95": 310.5544,
              "samples": 5,
              "stdev": 0.84187448
            },
            "sequence_us": {
              "max": 3106.08,
              "median": 3100.4,
              "min": 3082.2,
              "n": 5,
              "p05": 3085.84,
              "p95": 3105.544,
              "samples": 5,
              "stdev": 8.4187448
            },
            "status": "ok"
          },
          "host_wall": {
            "clock": "steady_clock",
            "per_iteration_us": {
              "max": 318.0552,
              "median": 317.6743,
              "min": 315.6471,
              "n": 5,
              "p05": 315.89912,
              "p95": 318.0066,
              "samples": 5,
              "stdev": 0.8748146569
            },
            "sequence_us": {
              "max": 3180.552,
              "median": 3176.743,
              "min": 3156.471,
              "n": 5,
              "p05": 3158.9912,
              "p95": 3180.066,
              "samples": 5,
              "stdev": 8.748146569
            },
            "status": "ok"
          },
          "logical_iterations": 10
        },
        "single": {
          "dispatches_per_iteration": 1,
          "gpu_elapsed": {
            "clock": "vulkan_timestamp",
            "per_iteration_us": {
              "max": 316.8,
              "median": 308.84,
              "min": 308.56,
              "n": 5,
              "p05": 308.568,
              "p95": 315.224,
              "samples": 5,
              "stdev": 3.230910708
            },
            "sequence_us": {
              "max": 316.8,
              "median": 308.84,
              "min": 308.56,
              "n": 5,
              "p05": 308.568,
              "p95": 315.224,
              "samples": 5,
              "stdev": 3.230910708
            },
            "status": "ok"
          },
          "host_wall": {
            "clock": "steady_clock",
            "per_iteration_us": {
              "max": 377.646,
              "median": 367.486,
              "min": 357.576,
              "n": 5,
              "p05": 359.466,
              "p95": 377.58,
              "samples": 5,
              "stdev": 7.480178073
            },
            "sequence_us": {
              "max": 377.646,
              "median": 367.486,
              "min": 357.576,
              "n": 5,
              "p05": 359.466,
              "p95": 377.58,
              "samples": 5,
              "stdev": 7.480178073
            },
            "status": "ok"
          },
          "logical_iterations": 1
        }
      },
      "timing_mode": "serial_latency",
      "variant": "multi_accum4",
      "workgroup_size": 64,
      "workgroup_specialization": "specialization_constant"
    },
    {
      "backend": "vulkan",
      "body_repeats": 32,
      "bytes_per_us": 199.8341221,
      "correctness": {
        "single_dispatch": {
          "oracle": "deterministic CPU f32 reference with sequence tag",
          "status": "pass"
        },
        "synchronization": {
          "barrier_count": 9,
          "method": "compute_waw_barriers_and_final_chain",
          "status": "pass"
        },
        "timed_sequence": {
          "coverage": "chained_final_state",
          "logical_iterations": 10,
          "oracle": "deterministic CPU f32 reference with sequence tag",
          "status": "pass"
        }
      },
      "correctness_pass": true,
      "dependency_contract": {
        "inter_dispatch_ordering": "vulkan_compute_barrier",
        "output_partitioning": "chained_shared",
        "validation_status": "pass",
        "work_dependency": "chained"
      },
      "gflops": 1.598672977,
      "k": 2048,
      "max_abs": 0,
      "max_rel": 0,
      "max_us": 82.096,
      "median_us": 81.988,
      "min_us": 81.536,
      "p05_us": 81.5832,
      "p95_us": 82.0808,
      "row_key": {
        "k": 2048,
        "rows": 1,
        "workgroup_size": 256
      },
      "rows": 1,
      "submission": {
        "completion_in_host_wall": true,
        "queue_or_stream_count": 1,
        "recording_in_timed_region": false,
        "strategy": "vulkan_command_buffer",
        "submit_in_host_wall": true
      },
      "timestamp_period_ns": 10,
      "timestamp_valid_bits": 64,
      "timing": {
        "burst": {
          "dispatches_per_iteration": 1,
          "gpu_elapsed": {
            "clock": "vulkan_timestamp",
            "per_iteration_us": {
              "max": 82.096,
              "median": 81.988,
              "min": 81.536,
              "n": 5,
              "p05": 81.5832,
              "p95": 82.0808,
              "samples": 5,
              "stdev": 0.20390743
            },
            "sequence_us": {
              "max": 820.96,
              "median": 819.88,
              "min": 815.36,
              "n": 5,
              "p05": 815.832,
              "p95": 820.808,
              "samples": 5,
              "stdev": 2.0390743
            },
            "status": "ok"
          },
          "host_wall": {
            "clock": "steady_clock",
            "per_iteration_us": {
              "max": 88.2934,
              "median": 87.1564,
              "min": 86.8765,
              "n": 5,
              "p05": 86.91728,
              "p95": 88.0662,
              "samples": 5,
              "stdev": 0.5009099576
            },
            "sequence_us": {
              "max": 882.934,
              "median": 871.564,
              "min": 868.765,
              "n": 5,
              "p05": 869.1728,
              "p95": 880.662,
              "samples": 5,
              "stdev": 5.009099576
            },
            "status": "ok"
          },
          "logical_iterations": 10
        },
        "single": {
          "dispatches_per_iteration": 1,
          "gpu_elapsed": {
            "clock": "vulkan_timestamp",
            "per_iteration_us": {
              "max": 82.76,
              "median": 82.32,
              "min": 81.8,
              "n": 5,
              "p05": 81.808,
              "p95": 82.68,
              "samples": 5,
              "stdev": 0.3583071308
            },
            "sequence_us": {
              "max": 82.76,
              "median": 82.32,
              "min": 81.8,
              "n": 5,
              "p05": 81.808,
              "p95": 82.68,
              "samples": 5,
              "stdev": 0.3583071308
            },
            "status": "ok"
          },
          "host_wall": {
            "clock": "steady_clock",
            "per_iteration_us": {
              "max": 143.812,
              "median": 136.973,
              "min": 130.983,
              "n": 5,
              "p05": 131.3688,
              "p95": 142.628,
              "samples": 5,
              "stdev": 4.448297049
            },
            "sequence_us": {
              "max": 143.812,
              "median": 136.973,
              "min": 130.983,
              "n": 5,
              "p05": 131.3688,
              "p95": 142.628,
              "samples": 5,
              "stdev": 4.448297049
            },
            "status": "ok"
          },
          "logical_iterations": 1
        }
      },
      "timing_mode": "serial_latency",
      "variant": "multi_accum4",
      "workgroup_size": 256,
      "workgroup_specialization": "specialization_constant"
    },
    {
      "backend": "vulkan",
      "body_repeats": 32,
      "bytes_per_us": 70.87486157,
      "correctness": {
        "single_dispatch": {
          "oracle": "deterministic CPU f32 reference with sequence tag",
          "status": "pass"
        },
        "synchronization": {
          "barrier_count": 9,
          "method": "compute_waw_barriers_and_final_chain",
          "status": "pass"
        },
        "timed_sequence": {
          "coverage": "chained_final_state",
          "logical_iterations": 10,
          "oracle": "deterministic CPU f32 reference with sequence tag",
          "status": "pass"
        }
      },
      "correctness_pass": true,
      "dependency_contract": {
        "inter_dispatch_ordering": "vulkan_compute_barrier",
        "output_partitioning": "chained_shared",
        "validation_status": "pass",
        "work_dependency": "chained"
      },
      "gflops": 0.5669988926,
      "k": 512,
      "max_abs": 0,
      "max_rel": 0,
      "max_us": 57.808,
      "median_us": 57.792,
      "min_us": 57.772,
      "p05_us": 57.7752,
      "p95_us": 57.8072,
      "row_key": {
        "k": 512,
        "rows": 1,
        "workgroup_size": 64
      },
      "rows": 1,
      "submission": {
        "completion_in_host_wall": true,
        "queue_or_stream_count": 1,
        "recording_in_timed_region": false,
        "strategy": "vulkan_command_buffer",
        "submit_in_host_wall": true
      },
      "timestamp_period_ns": 10,
      "timestamp_valid_bits": 64,
      "timing": {
        "burst": {
          "dispatches_per_iteration": 1,
          "gpu_elapsed": {
            "clock": "vulkan_timestamp",
            "per_iteration_us": {
              "max": 57.808,
              "median": 57.792,
              "min": 57.772,
              "n": 5,
              "p05": 57.7752,
              "p95": 57.8072,
              "samples": 5,
              "stdev": 0.01274990196
            },
            "sequence_us": {
              "max": 578.08,
              "median": 577.92,
              "min": 577.72,
              "n": 5,
              "p05": 577.752,
              "p95": 578.072,
              "samples": 5,
              "stdev": 0.1274990196
            },
            "status": "ok"
          },
          "host_wall": {
            "clock": "steady_clock",
            "per_iteration_us": {
              "max": 65.7741,
              "median": 63.312,
              "min": 62.909,
              "n": 5,
              "p05": 62.9144,
              "p95": 65.3365,
              "samples": 5,
              "stdev": 1.065338055
            },
            "sequence_us": {
              "max": 657.741,
              "median": 633.12,
              "min": 629.09,
              "n": 5,
              "p05": 629.144,
              "p95": 653.365,
              "samples": 5,
              "stdev": 10.65338055
            },
            "status": "ok"
          },
          "logical_iterations": 10
        },
        "single": {
          "dispatches_per_iteration": 1,
          "gpu_elapsed": {
            "clock": "vulkan_timestamp",
            "per_iteration_us": {
              "max": 58,
              "median": 57.92,
              "min": 57.88,
              "n": 5,
              "p05": 57.888,
              "p95": 57.992,
              "samples": 5,
              "stdev": 0.04079215611
            },
            "sequence_us": {
              "max": 58,
              "median": 57.92,
              "min": 57.88,
              "n": 5,
              "p05": 57.888,
              "p95": 57.992,
              "samples": 5,
              "stdev": 0.04079215611
            },
            "status": "ok"
          },
          "host_wall": {
            "clock": "steady_clock",
            "per_iteration_us": {
              "max": 115.502,
              "median": 113.332,
              "min": 110.622,
              "n": 5,
              "p05": 110.7138,
              "p95": 115.43,
              "samples": 5,
              "stdev": 2.010155656
            },
            "sequence_us": {
              "max": 115.502,
              "median": 113.332,
              "min": 110.622,
              "n": 5,
              "p05": 110.7138,
              "p95": 115.43,
              "samples": 5,
              "stdev": 2.010155656
            },
            "status": "ok"
          },
          "logical_iterations": 1
        }
      },
      "timing_mode": "serial_latency",
      "variant": "multi_accum8",
      "workgroup_size": 64,
      "workgroup_specialization": "specialization_constant"
    },
    {
      "backend": "vulkan",
      "body_repeats": 32,
      "bytes_per_us": 177.2853186,
      "correctness": {
        "single_dispatch": {
          "oracle": "deterministic CPU f32 reference with sequence tag",
          "status": "pass"
        },
        "synchronization": {
          "barrier_count": 9,
          "method": "compute_waw_barriers_and_final_chain",
          "status": "pass"
        },
        "timed_sequence": {
          "coverage": "chained_final_state",
          "logical_iterations": 10,
          "oracle": "deterministic CPU f32 reference with sequence tag",
          "status": "pass"
        }
      },
      "correctness_pass": true,
      "dependency_contract": {
        "inter_dispatch_ordering": "vulkan_compute_barrier",
        "output_partitioning": "chained_shared",
        "validation_status": "pass",
        "work_dependency": "chained"
      },
      "gflops": 1.418282548,
      "k": 512,
      "max_abs": 0,
      "max_rel": 0,
      "max_us": 24.08,
      "median_us": 23.104,
      "min_us": 23.064,
      "p05_us": 23.0688,
      "p95_us": 23.8992,
      "row_key": {
        "k": 512,
        "rows": 1,
        "workgroup_size": 256
      },
      "rows": 1,
      "submission": {
        "completion_in_host_wall": true,
        "queue_or_stream_count": 1,
        "recording_in_timed_region": false,
        "strategy": "vulkan_command_buffer",
        "submit_in_host_wall": true
      },
      "timestamp_period_ns": 10,
      "timestamp_valid_bits": 64,
      "timing": {
        "burst": {
          "dispatches_per_iteration": 1,
          "gpu_elapsed": {
            "clock": "vulkan_timestamp",
            "per_iteration_us": {
              "max": 24.08,
              "median": 23.104,
              "min": 23.064,
              "n": 5,
              "p05": 23.0688,
              "p95": 23.8992,
              "samples": 5,
              "stdev": 0.3905901176
            },
            "sequence_us": {
              "max": 240.8,
              "median": 231.04,
              "min": 230.64,
              "n": 5,
              "p05": 230.688,
              "p95": 238.992,
              "samples": 5,
              "stdev": 3.905901176
            },
            "status": "ok"
          },
          "host_wall": {
            "clock": "steady_clock",
            "per_iteration_us": {
              "max": 29.4995,
              "median": 28.2015,
              "min": 28.1045,
              "n": 5,
              "p05": 28.1133,
              "p95": 29.24388,
              "samples": 5,
              "stdev": 0.5337827138
            },
            "sequence_us": {
              "max": 294.995,
              "median": 282.015,
              "min": 281.045,
              "n": 5,
              "p05": 281.133,
              "p95": 292.4388,
              "samples": 5,
              "stdev": 5.337827138
            },
            "status": "ok"
          },
          "logical_iterations": 10
        },
        "single": {
          "dispatches_per_iteration": 1,
          "gpu_elapsed": {
            "clock": "vulkan_timestamp",
            "per_iteration_us": {
              "max": 24.2,
              "median": 23.24,
              "min": 23.12,
              "n": 5,
              "p05": 23.136,
              "p95": 24.008,
              "samples": 5,
              "stdev": 0.4023928429
            },
            "sequence_us": {
              "max": 24.2,
              "median": 23.24,
              "min": 23.12,
              "n": 5,
              "p05": 23.136,
              "p95": 24.008,
              "samples": 5,
              "stdev": 0.4023928429
            },
            "status": "ok"
          },
          "host_wall": {
            "clock": "steady_clock",
            "per_iteration_us": {
              "max": 76.921,
              "median": 74.542,
              "min": 67.701,
              "n": 5,
              "p05": 68.519,
              "p95": 76.701,
              "samples": 5,
              "stdev": 3.305156359
            },
            "sequence_us": {
              "max": 76.921,
              "median": 74.542,
              "min": 67.701,
              "n": 5,
              "p05": 68.519,
              "p95": 76.701,
              "samples": 5,
              "stdev": 3.305156359
            },
            "status": "ok"
          },
          "logical_iterations": 1
        }
      },
      "timing_mode": "serial_latency",
      "variant": "multi_accum8",
      "workgroup_size": 256,
      "workgroup_specialization": "specialization_constant"
    },
    {
      "backend": "vulkan",
      "body_repeats": 32,
      "bytes_per_us": 73.21214721,
      "correctness": {
        "single_dispatch": {
          "oracle": "deterministic CPU f32 reference with sequence tag",
          "status": "pass"
        },
        "synchronization": {
          "barrier_count": 9,
          "method": "compute_waw_barriers_and_final_chain",
          "status": "pass"
        },
        "timed_sequence": {
          "coverage": "chained_final_state",
          "logical_iterations": 10,
          "oracle": "deterministic CPU f32 reference with sequence tag",
          "status": "pass"
        }
      },
      "correctness_pass": true,
      "dependency_contract": {
        "inter_dispatch_ordering": "vulkan_compute_barrier",
        "output_partitioning": "chained_shared",
        "validation_status": "pass",
        "work_dependency": "chained"
      },
      "gflops": 0.5856971777,
      "k": 2048,
      "max_abs": 0,
      "max_rel": 0,
      "max_us": 223.836,
      "median_us": 223.788,
      "min_us": 223.392,
      "p05_us": 223.448,
      "p95_us": 223.832,
      "row_key": {
        "k": 2048,
        "rows": 1,
        "workgroup_size": 64
      },
      "rows": 1,
      "submission": {
        "completion_in_host_wall": true,
        "queue_or_stream_count": 1,
        "recording_in_timed_region": false,
        "strategy": "vulkan_command_buffer",
        "submit_in_host_wall": true
      },
      "timestamp_period_ns": 10,
      "timestamp_valid_bits": 64,
      "timing": {
        "burst": {
          "dispatches_per_iteration": 1,
          "gpu_elapsed": {
            "clock": "vulkan_timestamp",
            "per_iteration_us": {
              "max": 223.836,
              "median": 223.788,
              "min": 223.392,
              "n": 5,
              "p05": 223.448,
              "p95": 223.832,
              "samples": 5,
              "stdev": 0.1645240408
            },
            "sequence_us": {
              "max": 2238.36,
              "median": 2237.88,
              "min": 2233.92,
              "n": 5,
              "p05": 2234.48,
              "p95": 2238.32,
              "samples": 5,
              "stdev": 1.645240408
            },
            "status": "ok"
          },
          "host_wall": {
            "clock": "steady_clock",
            "per_iteration_us": {
              "max": 230.4488,
              "median": 230.2488,
              "min": 230.0418,
              "n": 5,
              "p05": 230.0812,
              "p95": 230.43578,
              "samples": 5,
              "stdev": 0.1402618466
            },
            "sequence_us": {
              "max": 2304.488,
              "median": 2302.488,
              "min": 2300.418,
              "n": 5,
              "p05": 2300.812,
              "p95": 2304.3578,
              "samples": 5,
              "stdev": 1.402618466
            },
            "status": "ok"
          },
          "logical_iterations": 10
        },
        "single": {
          "dispatches_per_iteration": 1,
          "gpu_elapsed": {
            "clock": "vulkan_timestamp",
            "per_iteration_us": {
              "max": 223.96,
              "median": 223.72,
              "min": 223.6,
              "n": 5,
              "p05": 223.616,
              "p95": 223.92,
              "samples": 5,
              "stdev": 0.120266371
            },
            "sequence_us": {
              "max": 223.96,
              "median": 223.72,
              "min": 223.6,
              "n": 5,
              "p05": 223.616,
              "p95": 223.92,
              "samples": 5,
              "stdev": 0.120266371
            },
            "status": "ok"
          },
          "host_wall": {
            "clock": "steady_clock",
            "per_iteration_us": {
              "max": 285.024,
              "median": 281.945,
              "min": 277.945,
              "n": 5,
              "p05": 278.7188,
              "p95": 284.56,
              "samples": 5,
              "stdev": 2.282819012
            },
            "sequence_us": {
              "max": 285.024,
              "median": 281.945,
              "min": 277.945,
              "n": 5,
              "p05": 278.7188,
              "p95": 284.56,
              "samples": 5,
              "stdev": 2.282819012
            },
            "status": "ok"
          },
          "logical_iterations": 1
        }
      },
      "timing_mode": "serial_latency",
      "variant": "multi_accum8",
      "workgroup_size": 64,
      "workgroup_specialization": "specialization_constant"
    },
    {
      "backend": "vulkan",
      "body_repeats": 32,
      "bytes_per_us": 275.2503192,
      "correctness": {
        "single_dispatch": {
          "oracle": "deterministic CPU f32 reference with sequence tag",
          "status": "pass"
        },
        "synchronization": {
          "barrier_count": 9,
          "method": "compute_waw_barriers_and_final_chain",
          "status": "pass"
        },
        "timed_sequence": {
          "coverage": "chained_final_state",
          "logical_iterations": 10,
          "oracle": "deterministic CPU f32 reference with sequence tag",
          "status": "pass"
        }
      },
      "correctness_pass": true,
      "dependency_contract": {
        "inter_dispatch_ordering": "vulkan_compute_barrier",
        "output_partitioning": "chained_shared",
        "validation_status": "pass",
        "work_dependency": "chained"
      },
      "gflops": 2.202002554,
      "k": 2048,
      "max_abs": 0,
      "max_rel": 0,
      "max_us": 59.648,
      "median_us": 59.524,
      "min_us": 59.476,
      "p05_us": 59.4816,
      "p95_us": 59.6352,
      "row_key": {
        "k": 2048,
        "rows": 1,
        "workgroup_size": 256
      },
      "rows": 1,
      "submission": {
        "completion_in_host_wall": true,
        "queue_or_stream_count": 1,
        "recording_in_timed_region": false,
        "strategy": "vulkan_command_buffer",
        "submit_in_host_wall": true
      },
      "timestamp_period_ns": 10,
      "timestamp_valid_bits": 64,
      "timing": {
        "burst": {
          "dispatches_per_iteration": 1,
          "gpu_elapsed": {
            "clock": "vulkan_timestamp",
            "per_iteration_us": {
              "max": 59.648,
              "median": 59.524,
              "min": 59.476,
              "n": 5,
              "p05": 59.4816,
              "p95": 59.6352,
              "samples": 5,
              "stdev": 0.06162596855
            },
            "sequence_us": {
              "max": 596.48,
              "median": 595.24,
              "min": 594.76,
              "n": 5,
              "p05": 594.816,
              "p95": 596.352,
              "samples": 5,
              "stdev": 0.6162596855
            },
            "status": "ok"
          },
          "host_wall": {
            "clock": "steady_clock",
            "per_iteration_us": {
              "max": 64.227,
              "median": 64.138,
              "min": 63.8251,
              "n": 5,
              "p05": 63.8625,
              "p95": 64.2134,
              "samples": 5,
              "stdev": 0.1417725869
            },
            "sequence_us": {
              "max": 642.27,
              "median": 641.38,
              "min": 638.251,
              "n": 5,
              "p05": 638.625,
              "p95": 642.134,
              "samples": 5,
              "stdev": 1.417725869
            },
            "status": "ok"
          },
          "logical_iterations": 10
        },
        "single": {
          "dispatches_per_iteration": 1,
          "gpu_elapsed": {
            "clock": "vulkan_timestamp",
            "per_iteration_us": {
              "max": 60.12,
              "median": 59.72,
              "min": 59.6,
              "n": 5,
              "p05": 59.608,
              "p95": 60.104,
              "samples": 5,
              "stdev": 0.2140654106
            },
            "sequence_us": {
              "max": 60.12,
              "median": 59.72,
              "min": 59.6,
              "n": 5,
              "p05": 59.608,
              "p95": 60.104,
              "samples": 5,
              "stdev": 0.2140654106
            },
            "status": "ok"
          },
          "host_wall": {
            "clock": "steady_clock",
            "per_iteration_us": {
              "max": 118.642,
              "median": 110.762,
              "min": 107.422,
              "n": 5,
              "p05": 107.528,
              "p95": 117.518,
              "samples": 5,
              "stdev": 4.076019627
            },
            "sequence_us": {
              "max": 118.642,
              "median": 110.762,
              "min": 107.422,
              "n": 5,
              "p05": 107.528,
              "p95": 117.518,
              "samples": 5,
              "stdev": 4.076019627
            },
            "status": "ok"
          },
          "logical_iterations": 1
        }
      },
      "timing_mode": "serial_latency",
      "variant": "multi_accum8",
      "workgroup_size": 256,
      "workgroup_specialization": "specialization_constant"
    },
    {
      "backend": "vulkan",
      "body_repeats": 32,
      "bytes_per_us": 62.84136238,
      "correctness": {
        "single_dispatch": {
          "oracle": "deterministic CPU f32 reference with sequence tag",
          "status": "pass"
        },
        "synchronization": {
          "barrier_count": 9,
          "method": "compute_waw_barriers_and_final_chain",
          "status": "pass"
        },
        "timed_sequence": {
          "coverage": "chained_final_state",
          "logical_iterations": 10,
          "oracle": "deterministic CPU f32 reference with sequence tag",
          "status": "pass"
        }
      },
      "correctness_pass": true,
      "dependency_contract": {
        "inter_dispatch_ordering": "vulkan_compute_barrier",
        "output_partitioning": "chained_shared",
        "validation_status": "pass",
        "work_dependency": "chained"
      },
      "gflops": 0.502730899,
      "k": 512,
      "max_abs": 0,
      "max_rel": 0,
      "max_us": 65.272,
      "median_us": 65.18,
      "min_us": 65.112,
      "p05_us": 65.1232,
      "p95_us": 65.2648,
      "row_key": {
        "k": 512,
        "rows": 1,
        "workgroup_size": 64
      },
      "rows": 1,
      "submission": {
        "completion_in_host_wall": true,
        "queue_or_stream_count": 1,
        "recording_in_timed_region": false,
        "strategy": "vulkan_command_buffer",
        "submit_in_host_wall": true
      },
      "timestamp_period_ns": 10,
      "timestamp_valid_bits": 64,
      "timing": {
        "burst": {
          "dispatches_per_iteration": 1,
          "gpu_elapsed": {
            "clock": "vulkan_timestamp",
            "per_iteration_us": {
              "max": 65.272,
              "median": 65.18,
              "min": 65.112,
              "n": 5,
              "p05": 65.1232,
              "p95": 65.2648,
              "samples": 5,
              "stdev": 0.05557553419
            },
            "sequence_us": {
              "max": 652.72,
              "median": 651.8,
              "min": 651.12,
              "n": 5,
              "p05": 651.232,
              "p95": 652.648,
              "samples": 5,
              "stdev": 0.5557553419
            },
            "status": "ok"
          },
          "host_wall": {
            "clock": "steady_clock",
            "per_iteration_us": {
              "max": 70.9281,
              "median": 70.6852,
              "min": 70.5782,
              "n": 5,
              "p05": 70.5838,
              "p95": 70.8943,
              "samples": 5,
              "stdev": 0.1254829805
            },
            "sequence_us": {
              "max": 709.281,
              "median": 706.852,
              "min": 705.782,
              "n": 5,
              "p05": 705.838,
              "p95": 708.943,
              "samples": 5,
              "stdev": 1.254829805
            },
            "status": "ok"
          },
          "logical_iterations": 10
        },
        "single": {
          "dispatches_per_iteration": 1,
          "gpu_elapsed": {
            "clock": "vulkan_timestamp",
            "per_iteration_us": {
              "max": 65.44,
              "median": 65.28,
              "min": 65.2,
              "n": 5,
              "p05": 65.208,
              "p95": 65.416,
              "samples": 5,
              "stdev": 0.08236504113
            },
            "sequence_us": {
              "max": 65.44,
              "median": 65.28,
              "min": 65.2,
              "n": 5,
              "p05": 65.208,
              "p95": 65.416,
              "samples": 5,
              "stdev": 0.08236504113
            },
            "status": "ok"
          },
          "host_wall": {
            "clock": "steady_clock",
            "per_iteration_us": {
              "max": 119.322,
              "median": 118.232,
              "min": 114.212,
              "n": 5,
              "p05": 114.992,
              "p95": 119.212,
              "samples": 5,
              "stdev": 1.810772211
            },
            "sequence_us": {
              "max": 119.322,
              "median": 118.232,
              "min": 114.212,
              "n": 5,
              "p05": 114.992,
              "p95": 119.212,
              "samples": 5,
              "stdev": 1.810772211
            },
            "status": "ok"
          },
          "logical_iterations": 1
        }
      },
      "timing_mode": "serial_latency",
      "variant": "multi_accum16",
      "workgroup_size": 64,
      "workgroup_specialization": "specialization_constant"
    },
    {
      "backend": "vulkan",
      "body_repeats": 32,
      "bytes_per_us": 133.9612768,
      "correctness": {
        "single_dispatch": {
          "oracle": "deterministic CPU f32 reference with sequence tag",
          "status": "pass"
        },
        "synchronization": {
          "barrier_count": 9,
          "method": "compute_waw_barriers_and_final_chain",
          "status": "pass"
        },
        "timed_sequence": {
          "coverage": "chained_final_state",
          "logical_iterations": 10,
          "oracle": "deterministic CPU f32 reference with sequence tag",
          "status": "pass"
        }
      },
      "correctness_pass": true,
      "dependency_contract": {
        "inter_dispatch_ordering": "vulkan_compute_barrier",
        "output_partitioning": "chained_shared",
        "validation_status": "pass",
        "work_dependency": "chained"
      },
      "gflops": 1.071690215,
      "k": 512,
      "max_abs": 0,
      "max_rel": 0,
      "max_us": 30.684,
      "median_us": 30.576,
      "min_us": 30.504,
      "p05_us": 30.5064,
      "p95_us": 30.6672,
      "row_key": {
        "k": 512,
        "rows": 1,
        "workgroup_size": 256
      },
      "rows": 1,
      "submission": {
        "completion_in_host_wall": true,
        "queue_or_stream_count": 1,
        "recording_in_timed_region": false,
        "strategy": "vulkan_command_buffer",
        "submit_in_host_wall": true
      },
      "timestamp_period_ns": 10,
      "timestamp_valid_bits": 64,
      "timing": {
        "burst": {
          "dispatches_per_iteration": 1,
          "gpu_elapsed": {
            "clock": "vulkan_timestamp",
            "per_iteration_us": {
              "max": 30.684,
              "median": 30.576,
              "min": 30.504,
              "n": 5,
              "p05": 30.5064,
              "p95": 30.6672,
              "samples": 5,
              "stdev": 0.06484442921
            },
            "sequence_us": {
              "max": 306.84,
              "median": 305.76,
              "min": 305.04,
              "n": 5,
              "p05": 305.064,
              "p95": 306.672,
              "samples": 5,
              "stdev": 0.6484442921
            },
            "status": "ok"
          },
          "host_wall": {
            "clock": "steady_clock",
            "per_iteration_us": {
              "max": 37.1026,
              "median": 36.4436,
              "min": 36.2206,
              "n": 5,
              "p05": 36.2476,
              "p95": 36.9748,
              "samples": 5,
              "stdev": 0.3049817044
            },
            "sequence_us": {
              "max": 371.026,
              "median": 364.436,
              "min": 362.206,
              "n": 5,
              "p05": 362.476,
              "p95": 369.748,
              "samples": 5,
              "stdev": 3.049817044
            },
            "status": "ok"
          },
          "logical_iterations": 10
        },
        "single": {
          "dispatches_per_iteration": 1,
          "gpu_elapsed": {
            "clock": "vulkan_timestamp",
            "per_iteration_us": {
              "max": 30.72,
              "median": 30.68,
              "min": 30.6,
              "n": 5,
              "p05": 30.608,
              "p95": 30.712,
              "samples": 5,
              "stdev": 0.04079215611
            },
            "sequence_us": {
              "max": 30.72,
              "median": 30.68,
              "min": 30.6,
              "n": 5,
              "p05": 30.608,
              "p95": 30.712,
              "samples": 5,
              "stdev": 0.04079215611
            },
            "status": "ok"
          },
          "host_wall": {
            "clock": "steady_clock",
            "per_iteration_us": {
              "max": 88.152,
              "median": 87.031,
              "min": 86.381,
              "n": 5,
              "p05": 86.4292,
              "p95": 88.06,
              "samples": 5,
              "stdev": 0.6601207768
            },
            "sequence_us": {
              "max": 88.152,
              "median": 87.031,
              "min": 86.381,
              "n": 5,
              "p05": 86.4292,
              "p95": 88.06,
              "samples": 5,
              "stdev": 0.6601207768
            },
            "status": "ok"
          },
          "logical_iterations": 1
        }
      },
      "timing_mode": "serial_latency",
      "variant": "multi_accum16",
      "workgroup_size": 256,
      "workgroup_specialization": "specialization_constant"
    },
    {
      "backend": "vulkan",
      "body_repeats": 32,
      "bytes_per_us": 73.72873729,
      "correctness": {
        "single_dispatch": {
          "oracle": "deterministic CPU f32 reference with sequence tag",
          "status": "pass"
        },
        "synchronization": {
          "barrier_count": 9,
          "method": "compute_waw_barriers_and_final_chain",
          "status": "pass"
        },
        "timed_sequence": {
          "coverage": "chained_final_state",
          "logical_iterations": 10,
          "oracle": "deterministic CPU f32 reference with sequence tag",
          "status": "pass"
        }
      },
      "correctness_pass": true,
      "dependency_contract": {
        "inter_dispatch_ordering": "vulkan_compute_barrier",
        "output_partitioning": "chained_shared",
        "validation_status": "pass",
        "work_dependency": "chained"
      },
      "gflops": 0.5898298983,
      "k": 2048,
      "max_abs": 0,
      "max_rel": 0,
      "max_us": 222.352,
      "median_us": 222.22,
      "min_us": 221.992,
      "p05_us": 222.0224,
      "p95_us": 222.3496,
      "row_key": {
        "k": 2048,
        "rows": 1,
        "workgroup_size": 64
      },
      "rows": 1,
      "submission": {
        "completion_in_host_wall": true,
        "queue_or_stream_count": 1,
        "recording_in_timed_region": false,
        "strategy": "vulkan_command_buffer",
        "submit_in_host_wall": true
      },
      "timestamp_period_ns": 10,
      "timestamp_valid_bits": 64,
      "timing": {
        "burst": {
          "dispatches_per_iteration": 1,
          "gpu_elapsed": {
            "clock": "vulkan_timestamp",
            "per_iteration_us": {
              "max": 222.352,
              "median": 222.22,
              "min": 221.992,
              "n": 5,
              "p05": 222.0224,
              "p95": 222.3496,
              "samples": 5,
              "stdev": 0.1334490165
            },
            "sequence_us": {
              "max": 2223.52,
              "median": 2222.2,
              "min": 2219.92,
              "n": 5,
              "p05": 2220.224,
              "p95": 2223.496,
              "samples": 5,
              "stdev": 1.334490165
            },
            "status": "ok"
          },
          "host_wall": {
            "clock": "steady_clock",
            "per_iteration_us": {
              "max": 229.9407,
              "median": 229.5908,
              "min": 228.9227,
              "n": 5,
              "p05": 229.02392,
              "p95": 229.9139,
              "samples": 5,
              "stdev": 0.3543087727
            },
            "sequence_us": {
              "max": 2299.407,
              "median": 2295.908,
              "min": 2289.227,
              "n": 5,
              "p05": 2290.2392,
              "p95": 2299.139,
              "samples": 5,
              "stdev": 3.543087727
            },
            "status": "ok"
          },
          "logical_iterations": 10
        },
        "single": {
          "dispatches_per_iteration": 1,
          "gpu_elapsed": {
            "clock": "vulkan_timestamp",
            "per_iteration_us": {
              "max": 224,
              "median": 223.64,
              "min": 223.08,
              "n": 5,
              "p05": 223.08,
              "p95": 223.984,
              "samples": 5,
              "stdev": 0.3972706886
            },
            "sequence_us": {
              "max": 224,
              "median": 223.64,
              "min": 223.08,
              "n": 5,
              "p05": 223.08,
              "p95": 223.984,
              "samples": 5,
              "stdev": 0.3972706886
            },
            "status": "ok"
          },
          "host_wall": {
            "clock": "steady_clock",
            "per_iteration_us": {
              "max": 299.415,
              "median": 279.124,
              "min": 269.955,
              "n": 5,
              "p05": 271.021,
              "p95": 295.7648,
              "samples": 5,
              "stdev": 9.973074723
            },
            "sequence_us": {
              "max": 299.415,
              "median": 279.124,
              "min": 269.955,
              "n": 5,
              "p05": 271.021,
              "p95": 295.7648,
              "samples": 5,
              "stdev": 9.973074723
            },
            "status": "ok"
          },
          "logical_iterations": 1
        }
      },
      "timing_mode": "serial_latency",
      "variant": "multi_accum16",
      "workgroup_size": 64,
      "workgroup_specialization": "specialization_constant"
    },
    {
      "backend": "vulkan",
      "body_repeats": 32,
      "bytes_per_us": 242.8554488,
      "correctness": {
        "single_dispatch": {
          "oracle": "deterministic CPU f32 reference with sequence tag",
          "status": "pass"
        },
        "synchronization": {
          "barrier_count": 9,
          "method": "compute_waw_barriers_and_final_chain",
          "status": "pass"
        },
        "timed_sequence": {
          "coverage": "chained_final_state",
          "logical_iterations": 10,
          "oracle": "deterministic CPU f32 reference with sequence tag",
          "status": "pass"
        }
      },
      "correctness_pass": true,
      "dependency_contract": {
        "inter_dispatch_ordering": "vulkan_compute_barrier",
        "output_partitioning": "chained_shared",
        "validation_status": "pass",
        "work_dependency": "chained"
      },
      "gflops": 1.942843591,
      "k": 2048,
      "max_abs": 0,
      "max_rel": 0,
      "max_us": 67.68,
      "median_us": 67.464,
      "min_us": 67.396,
      "p05_us": 67.4016,
      "p95_us": 67.6376,
      "row_key": {
        "k": 2048,
        "rows": 1,
        "workgroup_size": 256
      },
      "rows": 1,
      "submission": {
        "completion_in_host_wall": true,
        "queue_or_stream_count": 1,
        "recording_in_timed_region": false,
        "strategy": "vulkan_command_buffer",
        "submit_in_host_wall": true
      },
      "timestamp_period_ns": 10,
      "timestamp_valid_bits": 64,
      "timing": {
        "burst": {
          "dispatches_per_iteration": 1,
          "gpu_elapsed": {
            "clock": "vulkan_timestamp",
            "per_iteration_us": {
              "max": 67.68,
              "median": 67.464,
              "min": 67.396,
              "n": 5,
              "p05": 67.4016,
              "p95": 67.6376,
              "samples": 5,
              "stdev": 0.1003864533
            },
            "sequence_us": {
              "max": 676.8,
              "median": 674.64,
              "min": 673.96,
              "n": 5,
              "p05": 674.016,
              "p95": 676.376,
              "samples": 5,
              "stdev": 1.003864533
            },
            "status": "ok"
          },
          "host_wall": {
            "clock": "steady_clock",
            "per_iteration_us": {
              "max": 72.7652,
              "median": 72.7271,
              "min": 72.3601,
              "n": 5,
              "p05": 72.38372,
              "p95": 72.7644,
              "samples": 5,
              "stdev": 0.1674112852
            },
            "sequence_us": {
              "max": 727.652,
              "median": 727.271,
              "min": 723.601,
              "n": 5,
              "p05": 723.8372,
              "p95": 727.644,
              "samples": 5,
              "stdev": 1.674112852
            },
            "status": "ok"
          },
          "logical_iterations": 10
        },
        "single": {
          "dispatches_per_iteration": 1,
          "gpu_elapsed": {
            "clock": "vulkan_timestamp",
            "per_iteration_us": {
              "max": 67.08,
              "median": 66.88,
              "min": 66.44,
              "n": 5,
              "p05": 66.52,
              "p95": 67.056,
              "samples": 5,
              "stdev": 0.2161480974
            },
            "sequence_us": {
              "max": 67.08,
              "median": 66.88,
              "min": 66.44,
              "n": 5,
              "p05": 66.52,
              "p95": 67.056,
              "samples": 5,
              "stdev": 0.2161480974
            },
            "status": "ok"
          },
          "host_wall": {
            "clock": "steady_clock",
            "per_iteration_us": {
              "max": 122.842,
              "median": 115.482,
              "min": 111.292,
              "n": 5,
              "p05": 112.092,
              "p95": 121.852,
              "samples": 5,
              "stdev": 3.788389631
            },
            "sequence_us": {
              "max": 122.842,
              "median": 115.482,
              "min": 111.292,
              "n": 5,
              "p05": 112.092,
              "p95": 121.852,
              "samples": 5,
              "stdev": 3.788389631
            },
            "status": "ok"
          },
          "logical_iterations": 1
        }
      },
      "timing_mode": "serial_latency",
      "variant": "multi_accum16",
      "workgroup_size": 256,
      "workgroup_specialization": "specialization_constant"
    }
  ],
  "schema": "hipengine.micro.reduction_sweep.v2",
  "schema_version": 2,
  "source": {
    "branch": "",
    "commit": "f2c3ad6d74c86e3641ce09ff9fd759eaa6cd75e0",
    "dirty": false,
    "repo": "/tmp/hipEngine-f2c",
    "source_hash": "sha256:9ac12bc1aad5c4ba4b89ec2c43856b112c7f94a80fd12c280a7d1f9b1e147878"
  },
  "source_coverage": {
    "backend_hash_status": {
      "hip": "covered_by_combined_source_hash",
      "vulkan": "covered_by_combined_source_hash"
    },
    "backend_source_hashes": {
      "hip": [],
      "vulkan": []
    },
    "combined_hash_backends": [
      "hip",
      "vulkan"
    ],
    "combined_hash_files": [
      "benchmarks/micro/runners/reduction_sweep.py",
      "benchmarks/micro/runners/hip_geometry_sweep.hip",
      "benchmarks/micro/runners/vulkan_geometry_sweep.cpp",
      "benchmarks/micro/kernels/vulkan/geometry_sweep.comp",
      "benchmarks/micro/kernels/vulkan/reduction_extra_barrier.comp",
      "benchmarks/micro/kernels/vulkan/reduction_subgroup.comp",
      "benchmarks/micro/kernels/vulkan/reduction_multi_accum.comp",
      "benchmarks/micro/runners/micro_timing_hip.hpp",
      "benchmarks/micro/runners/micro_timing_vulkan.hpp",
      "benchmarks/micro/timing_contract.py",
      "benchmarks/micro/comparison_claim.py"
    ],
    "combined_source_hash": "sha256:9ac12bc1aad5c4ba4b89ec2c43856b112c7f94a80fd12c280a7d1f9b1e147878",
    "scope": "single_joint_wrapper_invocation"
  },
  "sources": {
    "shared": {
      "branch": "",
      "commit": "f2c3ad6d74c86e3641ce09ff9fd759eaa6cd75e0",
      "dirty": false,
      "repo": "/tmp/hipEngine-f2c",
      "source_hash": "sha256:9ac12bc1aad5c4ba4b89ec2c43856b112c7f94a80fd12c280a7d1f9b1e147878"
    }
  },
  "summary": {
    "all_correctness_pass": true,
    "backend_ratio_summary": {},
    "host_wall_status": "not_comparable_direct_vs_command_buffer",
    "performance_claim": false,
    "primary_domain": "gpu_elapsed",
    "variant_ratio_summary": {
      "vulkan_extra_barrier_vs_lds_tree": {
        "max": 0.736506329113924,
        "median": 0.7342489270386267,
        "min": 0.7234758511480602
      },
      "vulkan_multi_accum16_vs_lds_tree": {
        "max": 1.006822068220682,
        "median": 0.89266646210494,
        "min": 0.5595238095238095
      },
      "vulkan_multi_accum4_vs_lds_tree": {
        "max": 0.7295250514067907,
        "median": 0.7216359179460714,
        "min": 0.640461215932914
      },
      "vulkan_multi_accum8_vs_lds_tree": {
        "max": 1.0067829457364341,
        "median": 0.9997676372280908,
        "min": 0.7404778393351801
      },
      "vulkan_subgroup_vs_lds_tree": {
        "max": 0.7875161112134046,
        "median": 0.7846585392167439,
        "min": 0.7739135037848711
      }
    }
  },
  "wrapper": {
    "build_dir": "/home/kaden/ClaudeCode/autorocm/redline-pub/examples/hipengine-6409/results/gfx1201/2026-07-12/build/vulkan/reduction",
    "command": [
      "python3",
      "/tmp/hipEngine-f2c/benchmarks/micro/runners/reduction_sweep.py",
      "--backend",
      "vulkan",
      "--timing-mode",
      "serial_latency",
      "--independent-streams",
      "4",
      "--reps",
      "10",
      "--warmup",
      "3",
      "--samples",
      "5",
      "--environment-json",
      "/home/kaden/ClaudeCode/autorocm/redline-pub/examples/hipengine-6409/results/gfx1201/2026-07-12/environment.json",
      "--environment-ref",
      "/home/kaden/ClaudeCode/autorocm/redline-pub/examples/hipengine-6409/results/gfx1201/2026-07-12/environment.json",
      "--gfx-arch",
      "gfx1201",
      "--hardware-gpu",
      "AMD Radeon Graphics",
      "--build-dir",
      "/home/kaden/ClaudeCode/autorocm/redline-pub/examples/hipengine-6409/results/gfx1201/2026-07-12/build/vulkan/reduction",
      "--k-list",
      "512,2048",
      "--rows-list",
      "1",
      "--workgroups",
      "64,256",
      "--body-repeats",
      "32",
      "--out",
      "/home/kaden/ClaudeCode/autorocm/redline-pub/examples/hipengine-6409/results/gfx1201/2026-07-12/serial_latency/vulkan-reduction.json",
      "--pretty"
    ],
    "cwd": "/tmp/hipEngine-f2c"
  }
}
