{
  "artifact_ref": "/home/kaden/ClaudeCode/autorocm/redline-pub/examples/hipengine-6409/results/gfx1201/2026-07-13-radiowave-redline/serial_latency/hip-dense-q8.json",
  "backend": "hip",
  "bench": "q8_0_dense_real_slice",
  "classification": "real_slice_probe",
  "command": [
    "python3",
    "/tmp/hipEngine-f2c/benchmarks/micro/runners/q8_0_dense_real_slice.py",
    "--backend",
    "hip",
    "--timing-mode",
    "serial_latency",
    "--independent-streams",
    "4",
    "--reps",
    "10",
    "--warmup",
    "3",
    "--samples",
    "5",
    "--environment-json",
    "/home/kaden/ClaudeCode/autorocm/redline-pub/examples/hipengine-6409/results/gfx1201/2026-07-13-radiowave-redline/environment.json",
    "--environment-ref",
    "/home/kaden/ClaudeCode/autorocm/redline-pub/examples/hipengine-6409/results/gfx1201/2026-07-13-radiowave-redline/environment.json",
    "--gfx-arch",
    "gfx1201",
    "--hardware-gpu",
    "AMD Radeon Graphics",
    "--build-dir",
    "/home/kaden/ClaudeCode/autorocm/redline-pub/examples/hipengine-6409/results/gfx1201/2026-07-13-radiowave-redline/build/hip/dense-q8",
    "--shapes",
    "768x2048,2048x2048",
    "--rows-list",
    "1,4",
    "--local-sizes",
    "32,64,128",
    "--row-tiles",
    "1,4",
    "--out",
    "/home/kaden/ClaudeCode/autorocm/redline-pub/examples/hipengine-6409/results/gfx1201/2026-07-13-radiowave-redline/serial_latency/hip-dense-q8.json",
    "--pretty"
  ],
  "correctness": {
    "all_pass": true,
    "oracle": "CPU q8_1 quantize plus raw GGUF Q8_0 dense dp4a",
    "rows": 20,
    "status": "pass"
  },
  "environment_ref": "/home/kaden/ClaudeCode/autorocm/redline-pub/examples/hipengine-6409/results/gfx1201/2026-07-13-radiowave-redline/environment.json",
  "hardware": {
    "gfx_arch": "gfx1201",
    "gpu_name": "AMD Radeon Graphics"
  },
  "kind": "hipengine_micro_result",
  "measurements": {
    "rows": [
      {
        "backend": "hip",
        "correctness": {
          "single_dispatch": {
            "oracle": "CPU Q8_0 dense q8_1+dp4a BF16 logits with KL <= 0.05 and top-1 >= 90%",
            "status": "pass"
          },
          "synchronization": {
            "barrier_count": 0,
            "method": "hip_stream_order",
            "status": "pass"
          },
          "timed_sequence": {
            "coverage": "chained_final_state",
            "logical_iterations": 10,
            "oracle": "CPU Q8_0 dense q8_1+dp4a BF16 logits with KL <= 0.05 and top-1 >= 90%",
            "status": "pass"
          }
        },
        "correctness_pass": true,
        "dependency_contract": {
          "inter_dispatch_ordering": "hip_stream_order",
          "output_partitioning": "chained_shared",
          "validation_status": "pass",
          "work_dependency": "chained"
        },
        "execution": {
          "actual_parallel_lanes": 1,
          "calibrated_timestamp_domain": false,
          "lane_assignment": "ordered_stream",
          "requested_parallel_lanes": 4,
          "submission_strategy": "direct"
        },
        "in_features": 768,
        "local_size": 32,
        "median_us": 4.927900061011314,
        "numeric_correctness": {
          "burst": {
            "expected_repetitions": [
              9
            ],
            "kl_divergence": 2.2535773514599988e-05,
            "max_abs": 0.015050888061523438,
            "mean_abs": 0.001746454043313861,
            "oracle": "CPU Q8_0 dense q8_1+dp4a BF16 logits with KL/top-1 gate",
            "outputs_checked": 1,
            "pass": true,
            "top1": 1.0
          },
          "single": {
            "expected_repetitions": [
              0
            ],
            "kl_divergence": 1.1279088939565726e-05,
            "max_abs": 0.015120506286621094,
            "mean_abs": 0.0016973668243736029,
            "oracle": "CPU Q8_0 dense q8_1+dp4a BF16 logits with KL/top-1 gate",
            "outputs_checked": 1,
            "pass": true,
            "top1": 1.0
          }
        },
        "operation": "q8_1_quantize",
        "out_features": 2048,
        "q8_0_weight_bytes": 1671168,
        "q8_blocks_per_row": 24,
        "row_tile": 0,
        "rows": 1,
        "sequence_validation": {
          "burst_expected_repetitions": [
            9
          ],
          "input_repetition_pattern": "distinct_deterministic_salt",
          "output_partitioning": "shared",
          "single_expected_repetitions": [
            0
          ],
          "xq_partitioning": "shared"
        },
        "submission": {
          "completion_in_host_wall": true,
          "queue_or_stream_count": 1,
          "recording_in_timed_region": false,
          "strategy": "direct",
          "submit_in_host_wall": true
        },
        "timing": {
          "burst": {
            "dispatches_per_iteration": 1,
            "gpu_elapsed": {
              "clock": "hip_event",
              "per_iteration_us": {
                "max": 5.008000135421753,
                "median": 4.927900061011314,
                "min": 4.839999973773956,
                "n": 5,
                "p05": 4.856799989938736,
                "p95": 4.9984001368284225,
                "samples": 5,
                "stdev": 0.05496333328326283
              },
              "sequence_us": {
                "max": 50.08000135421753,
                "median": 49.279000610113144,
                "min": 48.39999973773956,
                "n": 5,
                "p05": 48.56799989938736,
                "p95": 49.984001368284225,
                "samples": 5,
                "stdev": 0.5496333328326283
              },
              "status": "ok"
            },
            "host_wall": {
              "clock": "steady_clock",
              "per_iteration_us": {
                "max": 7.573,
                "median": 7.495099999999999,
                "min": 7.26,
                "n": 5,
                "p05": 7.30642,
                "p95": 7.5624,
                "samples": 5,
                "stdev": 0.10798908463358711
              },
              "sequence_us": {
                "max": 75.73,
                "median": 74.951,
                "min": 72.6,
                "n": 5,
                "p05": 73.0642,
                "p95": 75.624,
                "samples": 5,
                "stdev": 1.0798908463358725
              },
              "status": "ok"
            },
            "logical_iterations": 10
          },
          "single": {
            "dispatches_per_iteration": 1,
            "gpu_elapsed": {
              "clock": "hip_event",
              "per_iteration_us": {
                "max": 13.679999858140945,
                "median": 13.079999946057796,
                "min": 11.599999852478504,
                "n": 5,
                "p05": 11.895999871194363,
                "p95": 13.679999858140945,
                "samples": 5,
                "stdev": 0.7608837014708644
              },
              "sequence_us": {
                "max": 13.679999858140945,
                "median": 13.079999946057796,
                "min": 11.599999852478504,
                "n": 5,
                "p05": 11.895999871194363,
                "p95": 13.679999858140945,
                "samples": 5,
                "stdev": 0.7608837014708644
              },
              "status": "ok"
            },
            "host_wall": {
              "clock": "steady_clock",
              "per_iteration_us": {
                "max": 47.57,
                "median": 43.78,
                "min": 41.251,
                "n": 5,
                "p05": 41.6088,
                "p95": 46.8142,
                "samples": 5,
                "stdev": 2.0616040939035805
              },
              "sequence_us": {
                "max": 47.57,
                "median": 43.78,
                "min": 41.251,
                "n": 5,
                "p05": 41.6088,
                "p95": 46.8142,
                "samples": 5,
                "stdev": 2.0616040939035805
              },
              "status": "ok"
            },
            "logical_iterations": 1
          }
        },
        "timing_mode": "serial_latency",
        "variant": "quantize",
        "workgroup_match": "exact_hip_wave32"
      },
      {
        "backend": "hip",
        "correctness": {
          "single_dispatch": {
            "oracle": "CPU Q8_0 dense q8_1+dp4a BF16 logits with KL <= 0.05 and top-1 >= 90%",
            "status": "pass"
          },
          "synchronization": {
            "barrier_count": 0,
            "method": "hip_stream_order",
            "status": "pass"
          },
          "timed_sequence": {
            "coverage": "chained_final_state",
            "logical_iterations": 10,
            "oracle": "CPU Q8_0 dense q8_1+dp4a BF16 logits with KL <= 0.05 and top-1 >= 90%",
            "status": "pass"
          }
        },
        "correctness_pass": true,
        "dependency_contract": {
          "inter_dispatch_ordering": "hip_stream_order",
          "output_partitioning": "chained_shared",
          "validation_status": "pass",
          "work_dependency": "chained"
        },
        "execution": {
          "actual_parallel_lanes": 1,
          "calibrated_timestamp_domain": false,
          "lane_assignment": "ordered_stream",
          "requested_parallel_lanes": 4,
          "submission_strategy": "direct"
        },
        "in_features": 768,
        "local_size": 32,
        "median_us": 17.507900297641754,
        "numeric_correctness": {
          "burst": {
            "expected_repetitions": [
              9
            ],
            "kl_divergence": 2.2535773514599988e-05,
            "max_abs": 0.015050888061523438,
            "mean_abs": 0.001746454043313861,
            "oracle": "CPU Q8_0 dense q8_1+dp4a BF16 logits with KL/top-1 gate",
            "outputs_checked": 1,
            "pass": true,
            "top1": 1.0
          },
          "single": {
            "expected_repetitions": [
              0
            ],
            "kl_divergence": 1.1279088939565726e-05,
            "max_abs": 0.015120506286621094,
            "mean_abs": 0.0016973668243736029,
            "oracle": "CPU Q8_0 dense q8_1+dp4a BF16 logits with KL/top-1 gate",
            "outputs_checked": 1,
            "pass": true,
            "top1": 1.0
          }
        },
        "operation": "q8_0_dense_dp4a_dot_prequantized",
        "out_features": 2048,
        "q8_0_weight_bytes": 1671168,
        "q8_blocks_per_row": 24,
        "row_tile": 1,
        "rows": 1,
        "sequence_validation": {
          "burst_expected_repetitions": [
            9
          ],
          "input_repetition_pattern": "distinct_deterministic_salt",
          "output_partitioning": "shared",
          "single_expected_repetitions": [
            0
          ],
          "xq_partitioning": "shared"
        },
        "submission": {
          "completion_in_host_wall": true,
          "queue_or_stream_count": 1,
          "recording_in_timed_region": false,
          "strategy": "direct",
          "submit_in_host_wall": true
        },
        "timing": {
          "burst": {
            "dispatches_per_iteration": 1,
            "gpu_elapsed": {
              "clock": "hip_event",
              "per_iteration_us": {
                "max": 17.89200007915497,
                "median": 17.507900297641754,
                "min": 17.475999891757965,
                "n": 5,
                "p05": 17.47677981853485,
                "p95": 17.826400101184845,
                "samples": 5,
                "stdev": 0.15719804707870375
              },
              "sequence_us": {
                "max": 178.92000079154968,
                "median": 175.07900297641754,
                "min": 174.75999891757965,
                "n": 5,
                "p05": 174.7677981853485,
                "p95": 178.26400101184845,
                "samples": 5,
                "stdev": 1.5719804707870373
              },
              "status": "ok"
            },
            "host_wall": {
              "clock": "steady_clock",
              "per_iteration_us": {
                "max": 20.202099999999998,
                "median": 19.7252,
                "min": 19.6721,
                "n": 5,
                "p05": 19.682720000000003,
                "p95": 20.123499999999996,
                "samples": 5,
                "stdev": 0.19273846113321436
              },
              "sequence_us": {
                "max": 202.021,
                "median": 197.252,
                "min": 196.721,
                "n": 5,
                "p05": 196.8272,
                "p95": 201.23499999999999,
                "samples": 5,
                "stdev": 1.9273846113321464
              },
              "status": "ok"
            },
            "logical_iterations": 10
          },
          "single": {
            "dispatches_per_iteration": 1,
            "gpu_elapsed": {
              "clock": "hip_event",
              "per_iteration_us": {
                "max": 29.839999973773956,
                "median": 29.479999095201492,
                "min": 26.319999247789383,
                "n": 5,
                "p05": 26.607999578118324,
                "p95": 29.83199991285801,
                "samples": 5,
                "stdev": 1.3891003964279844
              },
              "sequence_us": {
                "max": 29.839999973773956,
                "median": 29.479999095201492,
                "min": 26.319999247789383,
                "n": 5,
                "p05": 26.607999578118324,
                "p95": 29.83199991285801,
                "samples": 5,
                "stdev": 1.3891003964279844
              },
              "status": "ok"
            },
            "host_wall": {
              "clock": "steady_clock",
              "per_iteration_us": {
                "max": 56.99,
                "median": 56.44,
                "min": 52.691,
                "n": 5,
                "p05": 52.704800000000006,
                "p95": 56.9022,
                "samples": 5,
                "stdev": 1.9365462659074275
              },
              "sequence_us": {
                "max": 56.99,
                "median": 56.44,
                "min": 52.691,
                "n": 5,
                "p05": 52.704800000000006,
                "p95": 56.9022,
                "samples": 5,
                "stdev": 1.9365462659074275
              },
              "status": "ok"
            },
            "logical_iterations": 1
          }
        },
        "timing_mode": "serial_latency",
        "variant": "single",
        "workgroup_match": "exact_hip_wave32"
      },
      {
        "backend": "hip",
        "correctness": {
          "single_dispatch": {
            "oracle": "CPU Q8_0 dense q8_1+dp4a BF16 logits with KL <= 0.05 and top-1 >= 90%",
            "status": "pass"
          },
          "synchronization": {
            "barrier_count": 0,
            "method": "hip_stream_order",
            "status": "pass"
          },
          "timed_sequence": {
            "coverage": "chained_final_state",
            "logical_iterations": 10,
            "oracle": "CPU Q8_0 dense q8_1+dp4a BF16 logits with KL <= 0.05 and top-1 >= 90%",
            "status": "pass"
          }
        },
        "correctness_pass": true,
        "dependency_contract": {
          "inter_dispatch_ordering": "hip_stream_order",
          "output_partitioning": "chained_shared",
          "validation_status": "pass",
          "work_dependency": "chained"
        },
        "execution": {
          "actual_parallel_lanes": 1,
          "calibrated_timestamp_domain": false,
          "lane_assignment": "ordered_stream",
          "requested_parallel_lanes": 4,
          "submission_strategy": "direct"
        },
        "in_features": 768,
        "local_size": 32,
        "median_us": 20.8639994263649,
        "numeric_correctness": {
          "burst": {
            "expected_repetitions": [
              9
            ],
            "kl_divergence": 2.2535773514599988e-05,
            "max_abs": 0.015050888061523438,
            "mean_abs": 0.001746454043313861,
            "oracle": "CPU Q8_0 dense q8_1+dp4a BF16 logits with KL/top-1 gate",
            "outputs_checked": 1,
            "pass": true,
            "top1": 1.0
          },
          "single": {
            "expected_repetitions": [
              0
            ],
            "kl_divergence": 1.1279088939565726e-05,
            "max_abs": 0.015120506286621094,
            "mean_abs": 0.0016973668243736029,
            "oracle": "CPU Q8_0 dense q8_1+dp4a BF16 logits with KL/top-1 gate",
            "outputs_checked": 1,
            "pass": true,
            "top1": 1.0
          }
        },
        "operation": "q8_0_dense_dp4a_quantize_plus_dot",
        "out_features": 2048,
        "q8_0_weight_bytes": 1671168,
        "q8_blocks_per_row": 24,
        "row_tile": 1,
        "rows": 1,
        "sequence_validation": {
          "burst_expected_repetitions": [
            9
          ],
          "input_repetition_pattern": "distinct_deterministic_salt",
          "output_partitioning": "shared",
          "single_expected_repetitions": [
            0
          ],
          "xq_partitioning": "shared"
        },
        "submission": {
          "completion_in_host_wall": true,
          "queue_or_stream_count": 1,
          "recording_in_timed_region": false,
          "strategy": "direct",
          "submit_in_host_wall": true
        },
        "timing": {
          "burst": {
            "dispatches_per_iteration": 2,
            "gpu_elapsed": {
              "clock": "hip_event",
              "per_iteration_us": {
                "max": 27.39199995994568,
                "median": 20.8639994263649,
                "min": 20.759999752044678,
                "n": 5,
                "p05": 20.761579871177673,
                "p95": 26.087999939918518,
                "samples": 5,
                "stdev": 2.6308239988772293
              },
              "sequence_us": {
                "max": 273.9199995994568,
                "median": 208.639994263649,
                "min": 207.59999752044678,
                "n": 5,
                "p05": 207.61579871177673,
                "p95": 260.8799993991852,
                "samples": 5,
                "stdev": 26.308239988772293
              },
              "status": "ok"
            },
            "host_wall": {
              "clock": "steady_clock",
              "per_iteration_us": {
                "max": 30.1072,
                "median": 23.1772,
                "min": 23.121199999999998,
                "n": 5,
                "p05": 23.129599999999996,
                "p95": 28.792579999999997,
                "samples": 5,
                "stdev": 2.747321622526201
              },
              "sequence_us": {
                "max": 301.072,
                "median": 231.772,
                "min": 231.212,
                "n": 5,
                "p05": 231.29600000000002,
                "p95": 287.9258,
                "samples": 5,
                "stdev": 27.473216225262018
              },
              "status": "ok"
            },
            "logical_iterations": 10
          },
          "single": {
            "dispatches_per_iteration": 2,
            "gpu_elapsed": {
              "clock": "hip_event",
              "per_iteration_us": {
                "max": 31.560000032186508,
                "median": 25.56000091135502,
                "min": 25.39999969303608,
                "n": 5,
                "p05": 25.423799827694893,
                "p95": 30.367999896407124,
                "samples": 5,
                "stdev": 2.417026949405304
              },
              "sequence_us": {
                "max": 31.560000032186508,
                "median": 25.56000091135502,
                "min": 25.39999969303608,
                "n": 5,
                "p05": 25.423799827694893,
                "p95": 30.367999896407124,
                "samples": 5,
                "stdev": 2.417026949405304
              },
              "status": "ok"
            },
            "host_wall": {
              "clock": "steady_clock",
              "per_iteration_us": {
                "max": 55.53,
                "median": 48.081,
                "min": 47.92,
                "n": 5,
                "p05": 47.92620000000001,
                "p95": 54.136,
                "samples": 5,
                "stdev": 2.969683794615177
              },
              "sequence_us": {
                "max": 55.53,
                "median": 48.081,
                "min": 47.92,
                "n": 5,
                "p05": 47.92620000000001,
                "p95": 54.136,
                "samples": 5,
                "stdev": 2.969683794615177
              },
              "status": "ok"
            },
            "logical_iterations": 1
          }
        },
        "timing_mode": "serial_latency",
        "variant": "single",
        "workgroup_match": "exact_hip_wave32"
      },
      {
        "backend": "hip",
        "correctness": {
          "single_dispatch": {
            "oracle": "CPU Q8_0 dense q8_1+dp4a BF16 logits with KL <= 0.05 and top-1 >= 90%",
            "status": "pass"
          },
          "synchronization": {
            "barrier_count": 0,
            "method": "hip_stream_order",
            "status": "pass"
          },
          "timed_sequence": {
            "coverage": "chained_final_state",
            "logical_iterations": 10,
            "oracle": "CPU Q8_0 dense q8_1+dp4a BF16 logits with KL <= 0.05 and top-1 >= 90%",
            "status": "pass"
          }
        },
        "correctness_pass": true,
        "dependency_contract": {
          "inter_dispatch_ordering": "hip_stream_order",
          "output_partitioning": "chained_shared",
          "validation_status": "pass",
          "work_dependency": "chained"
        },
        "execution": {
          "actual_parallel_lanes": 1,
          "calibrated_timestamp_domain": false,
          "lane_assignment": "ordered_stream",
          "requested_parallel_lanes": 4,
          "submission_strategy": "direct"
        },
        "in_features": 768,
        "local_size": 32,
        "median_us": 17.504000663757324,
        "numeric_correctness": {
          "burst": {
            "expected_repetitions": [
              9
            ],
            "kl_divergence": 2.2535773514599988e-05,
            "max_abs": 0.015050888061523438,
            "mean_abs": 0.001746454043313861,
            "oracle": "CPU Q8_0 dense q8_1+dp4a BF16 logits with KL/top-1 gate",
            "outputs_checked": 1,
            "pass": true,
            "top1": 1.0
          },
          "single": {
            "expected_repetitions": [
              0
            ],
            "kl_divergence": 1.1279088939565726e-05,
            "max_abs": 0.015120506286621094,
            "mean_abs": 0.0016973668243736029,
            "oracle": "CPU Q8_0 dense q8_1+dp4a BF16 logits with KL/top-1 gate",
            "outputs_checked": 1,
            "pass": true,
            "top1": 1.0
          }
        },
        "operation": "q8_0_dense_dp4a_dot_prequantized",
        "out_features": 2048,
        "q8_0_weight_bytes": 1671168,
        "q8_blocks_per_row": 24,
        "row_tile": 4,
        "rows": 1,
        "sequence_validation": {
          "burst_expected_repetitions": [
            9
          ],
          "input_repetition_pattern": "distinct_deterministic_salt",
          "output_partitioning": "shared",
          "single_expected_repetitions": [
            0
          ],
          "xq_partitioning": "shared"
        },
        "submission": {
          "completion_in_host_wall": true,
          "queue_or_stream_count": 1,
          "recording_in_timed_region": false,
          "strategy": "direct",
          "submit_in_host_wall": true
        },
        "timing": {
          "burst": {
            "dispatches_per_iteration": 1,
            "gpu_elapsed": {
              "clock": "hip_event",
              "per_iteration_us": {
                "max": 21.18390053510666,
                "median": 17.504000663757324,
                "min": 17.40799993276596,
                "n": 5,
                "p05": 17.415179908275604,
                "p95": 20.871120393276215,
                "samples": 5,
                "stdev": 1.5277748994606044
              },
              "sequence_us": {
                "max": 211.8390053510666,
                "median": 175.04000663757324,
                "min": 174.0799993276596,
                "n": 5,
                "p05": 174.15179908275604,
                "p95": 208.71120393276215,
                "samples": 5,
                "stdev": 15.277748994606045
              },
              "status": "ok"
            },
            "host_wall": {
              "clock": "steady_clock",
              "per_iteration_us": {
                "max": 24.0981,
                "median": 20.153200000000002,
                "min": 19.5532,
                "n": 5,
                "p05": 19.57578,
                "p95": 23.7125,
                "samples": 5,
                "stdev": 1.759252569246382
              },
              "sequence_us": {
                "max": 240.981,
                "median": 201.532,
                "min": 195.532,
                "n": 5,
                "p05": 195.75780000000003,
                "p95": 237.125,
                "samples": 5,
                "stdev": 17.592525692463827
              },
              "status": "ok"
            },
            "logical_iterations": 10
          },
          "single": {
            "dispatches_per_iteration": 1,
            "gpu_elapsed": {
              "clock": "hip_event",
              "per_iteration_us": {
                "max": 32.51999989151955,
                "median": 32.40000084042549,
                "min": 32.32000023126602,
                "n": 5,
                "p05": 32.32799991965294,
                "p95": 32.51999989151955,
                "samples": 5,
                "stdev": 0.08236508936748771
              },
              "sequence_us": {
                "max": 32.51999989151955,
                "median": 32.40000084042549,
                "min": 32.32000023126602,
                "n": 5,
                "p05": 32.32799991965294,
                "p95": 32.51999989151955,
                "samples": 5,
                "stdev": 0.08236508936748771
              },
              "status": "ok"
            },
            "host_wall": {
              "clock": "steady_clock",
              "per_iteration_us": {
                "max": 64.211,
                "median": 62.43,
                "min": 62.27,
                "n": 5,
                "p05": 62.2702,
                "p95": 63.855,
                "samples": 5,
                "stdev": 0.7476321555417469
              },
              "sequence_us": {
                "max": 64.211,
                "median": 62.43,
                "min": 62.27,
                "n": 5,
                "p05": 62.2702,
                "p95": 63.855,
                "samples": 5,
                "stdev": 0.7476321555417469
              },
              "status": "ok"
            },
            "logical_iterations": 1
          }
        },
        "timing_mode": "serial_latency",
        "variant": "rowtile4",
        "workgroup_match": "exact_hip_wave32"
      },
      {
        "backend": "hip",
        "correctness": {
          "single_dispatch": {
            "oracle": "CPU Q8_0 dense q8_1+dp4a BF16 logits with KL <= 0.05 and top-1 >= 90%",
            "status": "pass"
          },
          "synchronization": {
            "barrier_count": 0,
            "method": "hip_stream_order",
            "status": "pass"
          },
          "timed_sequence": {
            "coverage": "chained_final_state",
            "logical_iterations": 10,
            "oracle": "CPU Q8_0 dense q8_1+dp4a BF16 logits with KL <= 0.05 and top-1 >= 90%",
            "status": "pass"
          }
        },
        "correctness_pass": true,
        "dependency_contract": {
          "inter_dispatch_ordering": "hip_stream_order",
          "output_partitioning": "chained_shared",
          "validation_status": "pass",
          "work_dependency": "chained"
        },
        "execution": {
          "actual_parallel_lanes": 1,
          "calibrated_timestamp_domain": false,
          "lane_assignment": "ordered_stream",
          "requested_parallel_lanes": 4,
          "submission_strategy": "direct"
        },
        "in_features": 768,
        "local_size": 32,
        "median_us": 20.855900645256042,
        "numeric_correctness": {
          "burst": {
            "expected_repetitions": [
              9
            ],
            "kl_divergence": 2.2535773514599988e-05,
            "max_abs": 0.015050888061523438,
            "mean_abs": 0.001746454043313861,
            "oracle": "CPU Q8_0 dense q8_1+dp4a BF16 logits with KL/top-1 gate",
            "outputs_checked": 1,
            "pass": true,
            "top1": 1.0
          },
          "single": {
            "expected_repetitions": [
              0
            ],
            "kl_divergence": 1.1279088939565726e-05,
            "max_abs": 0.015120506286621094,
            "mean_abs": 0.0016973668243736029,
            "oracle": "CPU Q8_0 dense q8_1+dp4a BF16 logits with KL/top-1 gate",
            "outputs_checked": 1,
            "pass": true,
            "top1": 1.0
          }
        },
        "operation": "q8_0_dense_dp4a_quantize_plus_dot",
        "out_features": 2048,
        "q8_0_weight_bytes": 1671168,
        "q8_blocks_per_row": 24,
        "row_tile": 4,
        "rows": 1,
        "sequence_validation": {
          "burst_expected_repetitions": [
            9
          ],
          "input_repetition_pattern": "distinct_deterministic_salt",
          "output_partitioning": "shared",
          "single_expected_repetitions": [
            0
          ],
          "xq_partitioning": "shared"
        },
        "submission": {
          "completion_in_host_wall": true,
          "queue_or_stream_count": 1,
          "recording_in_timed_region": false,
          "strategy": "direct",
          "submit_in_host_wall": true
        },
        "timing": {
          "burst": {
            "dispatches_per_iteration": 2,
            "gpu_elapsed": {
              "clock": "hip_event",
              "per_iteration_us": {
                "max": 26.892000436782837,
                "median": 20.855900645256042,
                "min": 20.824000239372253,
                "n": 5,
                "p05": 20.8296000957489,
                "p95": 25.695200264453888,
                "samples": 5,
                "stdev": 2.4129627221999903
              },
              "sequence_us": {
                "max": 268.92000436782837,
                "median": 208.55900645256042,
                "min": 208.24000239372253,
                "n": 5,
                "p05": 208.296000957489,
                "p95": 256.9520026445389,
                "samples": 5,
                "stdev": 24.129627221999904
              },
              "status": "ok"
            },
            "host_wall": {
              "clock": "steady_clock",
              "per_iteration_us": {
                "max": 29.611200000000004,
                "median": 23.3262,
                "min": 23.153100000000002,
                "n": 5,
                "p05": 23.175120000000003,
                "p95": 28.355800000000002,
                "samples": 5,
                "stdev": 2.5376372509876197
              },
              "sequence_us": {
                "max": 296.112,
                "median": 233.262,
                "min": 231.531,
                "n": 5,
                "p05": 231.7512,
                "p95": 283.558,
                "samples": 5,
                "stdev": 25.376372509876198
              },
              "status": "ok"
            },
            "logical_iterations": 10
          },
          "single": {
            "dispatches_per_iteration": 2,
            "gpu_elapsed": {
              "clock": "hip_event",
              "per_iteration_us": {
                "max": 33.959999680519104,
                "median": 25.800000876188278,
                "min": 25.39999969303608,
                "n": 5,
                "p05": 25.415999814867973,
                "p95": 33.39979983866215,
                "samples": 5,
                "stdev": 3.544121765704167
              },
              "sequence_us": {
                "max": 33.959999680519104,
                "median": 25.800000876188278,
                "min": 25.39999969303608,
                "n": 5,
                "p05": 25.415999814867973,
                "p95": 33.39979983866215,
                "samples": 5,
                "stdev": 3.544121765704167
              },
              "status": "ok"
            },
            "host_wall": {
              "clock": "steady_clock",
              "per_iteration_us": {
                "max": 60.97,
                "median": 49.06,
                "min": 48.41,
                "n": 5,
                "p05": 48.422000000000004,
                "p95": 59.7422,
                "samples": 5,
                "stdev": 4.936837951563734
              },
              "sequence_us": {
                "max": 60.97,
                "median": 49.06,
                "min": 48.41,
                "n": 5,
                "p05": 48.422000000000004,
                "p95": 59.7422,
                "samples": 5,
                "stdev": 4.936837951563734
              },
              "status": "ok"
            },
            "logical_iterations": 1
          }
        },
        "timing_mode": "serial_latency",
        "variant": "rowtile4",
        "workgroup_match": "exact_hip_wave32"
      },
      {
        "backend": "hip",
        "correctness": {
          "single_dispatch": {
            "oracle": "CPU Q8_0 dense q8_1+dp4a BF16 logits with KL <= 0.05 and top-1 >= 90%",
            "status": "pass"
          },
          "synchronization": {
            "barrier_count": 0,
            "method": "hip_stream_order",
            "status": "pass"
          },
          "timed_sequence": {
            "coverage": "chained_final_state",
            "logical_iterations": 10,
            "oracle": "CPU Q8_0 dense q8_1+dp4a BF16 logits with KL <= 0.05 and top-1 >= 90%",
            "status": "pass"
          }
        },
        "correctness_pass": true,
        "dependency_contract": {
          "inter_dispatch_ordering": "hip_stream_order",
          "output_partitioning": "chained_shared",
          "validation_status": "pass",
          "work_dependency": "chained"
        },
        "execution": {
          "actual_parallel_lanes": 1,
          "calibrated_timestamp_domain": false,
          "lane_assignment": "ordered_stream",
          "requested_parallel_lanes": 4,
          "submission_strategy": "direct"
        },
        "in_features": 768,
        "local_size": 32,
        "median_us": 4.38000001013279,
        "numeric_correctness": {
          "burst": {
            "expected_repetitions": [
              9
            ],
            "kl_divergence": 2.2535773514599988e-05,
            "max_abs": 0.015050888061523438,
            "mean_abs": 0.0016667910385876894,
            "oracle": "CPU Q8_0 dense q8_1+dp4a BF16 logits with KL/top-1 gate",
            "outputs_checked": 1,
            "pass": true,
            "top1": 1.0
          },
          "single": {
            "expected_repetitions": [
              0
            ],
            "kl_divergence": 1.1543760246709147e-05,
            "max_abs": 0.015120506286621094,
            "mean_abs": 0.0017210077494382858,
            "oracle": "CPU Q8_0 dense q8_1+dp4a BF16 logits with KL/top-1 gate",
            "outputs_checked": 1,
            "pass": true,
            "top1": 1.0
          }
        },
        "operation": "q8_1_quantize",
        "out_features": 2048,
        "q8_0_weight_bytes": 1671168,
        "q8_blocks_per_row": 24,
        "row_tile": 0,
        "rows": 4,
        "sequence_validation": {
          "burst_expected_repetitions": [
            9
          ],
          "input_repetition_pattern": "distinct_deterministic_salt",
          "output_partitioning": "shared",
          "single_expected_repetitions": [
            0
          ],
          "xq_partitioning": "shared"
        },
        "submission": {
          "completion_in_host_wall": true,
          "queue_or_stream_count": 1,
          "recording_in_timed_region": false,
          "strategy": "direct",
          "submit_in_host_wall": true
        },
        "timing": {
          "burst": {
            "dispatches_per_iteration": 1,
            "gpu_elapsed": {
              "clock": "hip_event",
              "per_iteration_us": {
                "max": 4.391999915242195,
                "median": 4.38000001013279,
                "min": 4.315999895334244,
                "n": 5,
                "p05": 4.326399937272072,
                "p95": 4.389599934220314,
                "samples": 5,
                "stdev": 0.026701337796638993
              },
              "sequence_us": {
                "max": 43.91999915242195,
                "median": 43.800000101327896,
                "min": 43.15999895334244,
                "n": 5,
                "p05": 43.26399937272072,
                "p95": 43.89599934220314,
                "samples": 5,
                "stdev": 0.2670133779663899
              },
              "status": "ok"
            },
            "host_wall": {
              "clock": "steady_clock",
              "per_iteration_us": {
                "max": 7.1911000000000005,
                "median": 7.123,
                "min": 6.9181,
                "n": 5,
                "p05": 6.9253,
                "p95": 7.190480000000001,
                "samples": 5,
                "stdev": 0.11643584671397397
              },
              "sequence_us": {
                "max": 71.911,
                "median": 71.23,
                "min": 69.181,
                "n": 5,
                "p05": 69.253,
                "p95": 71.9048,
                "samples": 5,
                "stdev": 1.164358467139739
              },
              "status": "ok"
            },
            "logical_iterations": 10
          },
          "single": {
            "dispatches_per_iteration": 1,
            "gpu_elapsed": {
              "clock": "hip_event",
              "per_iteration_us": {
                "max": 12.079999782145023,
                "median": 9.560000151395798,
                "min": 9.519999846816063,
                "n": 5,
                "p05": 9.52799990773201,
                "p95": 11.583999916911125,
                "samples": 5,
                "stdev": 1.0083172675218777
              },
              "sequence_us": {
                "max": 12.079999782145023,
                "median": 9.560000151395798,
                "min": 9.519999846816063,
                "n": 5,
                "p05": 9.52799990773201,
                "p95": 11.583999916911125,
                "samples": 5,
                "stdev": 1.0083172675218777
              },
              "status": "ok"
            },
            "host_wall": {
              "clock": "steady_clock",
              "per_iteration_us": {
                "max": 45.39,
                "median": 35.55,
                "min": 35.46,
                "n": 5,
                "p05": 35.474000000000004,
                "p95": 43.630199999999995,
                "samples": 5,
                "stdev": 3.8656149006335334
              },
              "sequence_us": {
                "max": 45.39,
                "median": 35.55,
                "min": 35.46,
                "n": 5,
                "p05": 35.474000000000004,
                "p95": 43.630199999999995,
                "samples": 5,
                "stdev": 3.8656149006335334
              },
              "status": "ok"
            },
            "logical_iterations": 1
          }
        },
        "timing_mode": "serial_latency",
        "variant": "quantize",
        "workgroup_match": "exact_hip_wave32"
      },
      {
        "backend": "hip",
        "correctness": {
          "single_dispatch": {
            "oracle": "CPU Q8_0 dense q8_1+dp4a BF16 logits with KL <= 0.05 and top-1 >= 90%",
            "status": "pass"
          },
          "synchronization": {
            "barrier_count": 0,
            "method": "hip_stream_order",
            "status": "pass"
          },
          "timed_sequence": {
            "coverage": "chained_final_state",
            "logical_iterations": 10,
            "oracle": "CPU Q8_0 dense q8_1+dp4a BF16 logits with KL <= 0.05 and top-1 >= 90%",
            "status": "pass"
          }
        },
        "correctness_pass": true,
        "dependency_contract": {
          "inter_dispatch_ordering": "hip_stream_order",
          "output_partitioning": "chained_shared",
          "validation_status": "pass",
          "work_dependency": "chained"
        },
        "execution": {
          "actual_parallel_lanes": 1,
          "calibrated_timestamp_domain": false,
          "lane_assignment": "ordered_stream",
          "requested_parallel_lanes": 4,
          "submission_strategy": "direct"
        },
        "in_features": 768,
        "local_size": 32,
        "median_us": 7.851999998092651,
        "numeric_correctness": {
          "burst": {
            "expected_repetitions": [
              9
            ],
            "kl_divergence": 2.2535773514599988e-05,
            "max_abs": 0.015050888061523438,
            "mean_abs": 0.0016667910385876894,
            "oracle": "CPU Q8_0 dense q8_1+dp4a BF16 logits with KL/top-1 gate",
            "outputs_checked": 1,
            "pass": true,
            "top1": 1.0
          },
          "single": {
            "expected_repetitions": [
              0
            ],
            "kl_divergence": 1.1543760246709147e-05,
            "max_abs": 0.015120506286621094,
            "mean_abs": 0.0017210077494382858,
            "oracle": "CPU Q8_0 dense q8_1+dp4a BF16 logits with KL/top-1 gate",
            "outputs_checked": 1,
            "pass": true,
            "top1": 1.0
          }
        },
        "operation": "q8_0_dense_dp4a_dot_prequantized",
        "out_features": 2048,
        "q8_0_weight_bytes": 1671168,
        "q8_blocks_per_row": 24,
        "row_tile": 1,
        "rows": 4,
        "sequence_validation": {
          "burst_expected_repetitions": [
            9
          ],
          "input_repetition_pattern": "distinct_deterministic_salt",
          "output_partitioning": "shared",
          "single_expected_repetitions": [
            0
          ],
          "xq_partitioning": "shared"
        },
        "submission": {
          "completion_in_host_wall": true,
          "queue_or_stream_count": 1,
          "recording_in_timed_region": false,
          "strategy": "direct",
          "submit_in_host_wall": true
        },
        "timing": {
          "burst": {
            "dispatches_per_iteration": 1,
            "gpu_elapsed": {
              "clock": "hip_event",
              "per_iteration_us": {
                "max": 9.839999675750732,
                "median": 7.851999998092651,
                "min": 7.580000162124634,
                "n": 5,
                "p05": 7.585600167512894,
                "p95": 9.486399739980698,
                "samples": 5,
                "stdev": 0.8439774539780163
              },
              "sequence_us": {
                "max": 98.39999675750732,
                "median": 78.51999998092651,
                "min": 75.80000162124634,
                "n": 5,
                "p05": 75.85600167512894,
                "p95": 94.86399739980698,
                "samples": 5,
                "stdev": 8.439774539780164
              },
              "status": "ok"
            },
            "host_wall": {
              "clock": "steady_clock",
              "per_iteration_us": {
                "max": 12.4231,
                "median": 10.6341,
                "min": 10.0801,
                "n": 5,
                "p05": 10.0859,
                "p95": 12.1013,
                "samples": 5,
                "stdev": 0.855224181136151
              },
              "sequence_us": {
                "max": 124.231,
                "median": 106.341,
                "min": 100.801,
                "n": 5,
                "p05": 100.85900000000001,
                "p95": 121.01299999999999,
                "samples": 5,
                "stdev": 8.552241811361508
              },
              "status": "ok"
            },
            "logical_iterations": 10
          },
          "single": {
            "dispatches_per_iteration": 1,
            "gpu_elapsed": {
              "clock": "hip_event",
              "per_iteration_us": {
                "max": 18.120000138878822,
                "median": 17.839999869465828,
                "min": 13.399999588727951,
                "n": 5,
                "p05": 13.81599958986044,
                "p95": 18.120000138878822,
                "samples": 5,
                "stdev": 1.878961630829693
              },
              "sequence_us": {
                "max": 18.120000138878822,
                "median": 17.839999869465828,
                "min": 13.399999588727951,
                "n": 5,
                "p05": 13.81599958986044,
                "p95": 18.120000138878822,
                "samples": 5,
                "stdev": 1.878961630829693
              },
              "status": "ok"
            },
            "host_wall": {
              "clock": "steady_clock",
              "per_iteration_us": {
                "max": 49.381,
                "median": 48.24,
                "min": 39.24,
                "n": 5,
                "p05": 40.4802,
                "p95": 49.2308,
                "samples": 5,
                "stdev": 3.72026926982443
              },
              "sequence_us": {
                "max": 49.381,
                "median": 48.24,
                "min": 39.24,
                "n": 5,
                "p05": 40.4802,
                "p95": 49.2308,
                "samples": 5,
                "stdev": 3.72026926982443
              },
              "status": "ok"
            },
            "logical_iterations": 1
          }
        },
        "timing_mode": "serial_latency",
        "variant": "single",
        "workgroup_match": "exact_hip_wave32"
      },
      {
        "backend": "hip",
        "correctness": {
          "single_dispatch": {
            "oracle": "CPU Q8_0 dense q8_1+dp4a BF16 logits with KL <= 0.05 and top-1 >= 90%",
            "status": "pass"
          },
          "synchronization": {
            "barrier_count": 0,
            "method": "hip_stream_order",
            "status": "pass"
          },
          "timed_sequence": {
            "coverage": "chained_final_state",
            "logical_iterations": 10,
            "oracle": "CPU Q8_0 dense q8_1+dp4a BF16 logits with KL <= 0.05 and top-1 >= 90%",
            "status": "pass"
          }
        },
        "correctness_pass": true,
        "dependency_contract": {
          "inter_dispatch_ordering": "hip_stream_order",
          "output_partitioning": "chained_shared",
          "validation_status": "pass",
          "work_dependency": "chained"
        },
        "execution": {
          "actual_parallel_lanes": 1,
          "calibrated_timestamp_domain": false,
          "lane_assignment": "ordered_stream",
          "requested_parallel_lanes": 4,
          "submission_strategy": "direct"
        },
        "in_features": 768,
        "local_size": 32,
        "median_us": 12.011999636888504,
        "numeric_correctness": {
          "burst": {
            "expected_repetitions": [
              9
            ],
            "kl_divergence": 2.2535773514599988e-05,
            "max_abs": 0.015050888061523438,
            "mean_abs": 0.0016667910385876894,
            "oracle": "CPU Q8_0 dense q8_1+dp4a BF16 logits with KL/top-1 gate",
            "outputs_checked": 1,
            "pass": true,
            "top1": 1.0
          },
          "single": {
            "expected_repetitions": [
              0
            ],
            "kl_divergence": 1.1543760246709147e-05,
            "max_abs": 0.015120506286621094,
            "mean_abs": 0.0017210077494382858,
            "oracle": "CPU Q8_0 dense q8_1+dp4a BF16 logits with KL/top-1 gate",
            "outputs_checked": 1,
            "pass": true,
            "top1": 1.0
          }
        },
        "operation": "q8_0_dense_dp4a_quantize_plus_dot",
        "out_features": 2048,
        "q8_0_weight_bytes": 1671168,
        "q8_blocks_per_row": 24,
        "row_tile": 1,
        "rows": 4,
        "sequence_validation": {
          "burst_expected_repetitions": [
            9
          ],
          "input_repetition_pattern": "distinct_deterministic_salt",
          "output_partitioning": "shared",
          "single_expected_repetitions": [
            0
          ],
          "xq_partitioning": "shared"
        },
        "submission": {
          "completion_in_host_wall": true,
          "queue_or_stream_count": 1,
          "recording_in_timed_region": false,
          "strategy": "direct",
          "submit_in_host_wall": true
        },
        "timing": {
          "burst": {
            "dispatches_per_iteration": 2,
            "gpu_elapsed": {
              "clock": "hip_event",
              "per_iteration_us": {
                "max": 16.21599942445755,
                "median": 12.011999636888504,
                "min": 11.855900287628174,
                "n": 5,
                "p05": 11.885500252246857,
                "p95": 15.384799540042875,
                "samples": 5,
                "stdev": 1.694598890654718
              },
              "sequence_us": {
                "max": 162.1599942445755,
                "median": 120.11999636888504,
                "min": 118.55900287628174,
                "n": 5,
                "p05": 118.85500252246857,
                "p95": 153.84799540042877,
                "samples": 5,
                "stdev": 16.94598890654718
              },
              "status": "ok"
            },
            "host_wall": {
              "clock": "steady_clock",
              "per_iteration_us": {
                "max": 19.7451,
                "median": 14.943100000000001,
                "min": 14.7841,
                "n": 5,
                "p05": 14.786900000000003,
                "p95": 18.7979,
                "samples": 5,
                "stdev": 1.9464761390780008
              },
              "sequence_us": {
                "max": 197.451,
                "median": 149.431,
                "min": 147.841,
                "n": 5,
                "p05": 147.86900000000003,
                "p95": 187.97899999999998,
                "samples": 5,
                "stdev": 19.46476139078
              },
              "status": "ok"
            },
            "logical_iterations": 10
          },
          "single": {
            "dispatches_per_iteration": 2,
            "gpu_elapsed": {
              "clock": "hip_event",
              "per_iteration_us": {
                "max": 21.60000056028366,
                "median": 21.3600005954504,
                "min": 21.320000290870667,
                "n": 5,
                "p05": 21.328000351786613,
                "p95": 21.592000499367714,
                "samples": 5,
                "stdev": 0.11593099698246578
              },
              "sequence_us": {
                "max": 21.60000056028366,
                "median": 21.3600005954504,
                "min": 21.320000290870667,
                "n": 5,
                "p05": 21.328000351786613,
                "p95": 21.592000499367714,
                "samples": 5,
                "stdev": 0.11593099698246578
              },
              "status": "ok"
            },
            "host_wall": {
              "clock": "steady_clock",
              "per_iteration_us": {
                "max": 49.74,
                "median": 48.731,
                "min": 48.261,
                "n": 5,
                "p05": 48.3188,
                "p95": 49.574,
                "samples": 5,
                "stdev": 0.4992212335227742
              },
              "sequence_us": {
                "max": 49.74,
                "median": 48.731,
                "min": 48.261,
                "n": 5,
                "p05": 48.3188,
                "p95": 49.574,
                "samples": 5,
                "stdev": 0.4992212335227742
              },
              "status": "ok"
            },
            "logical_iterations": 1
          }
        },
        "timing_mode": "serial_latency",
        "variant": "single",
        "workgroup_match": "exact_hip_wave32"
      },
      {
        "backend": "hip",
        "correctness": {
          "single_dispatch": {
            "oracle": "CPU Q8_0 dense q8_1+dp4a BF16 logits with KL <= 0.05 and top-1 >= 90%",
            "status": "pass"
          },
          "synchronization": {
            "barrier_count": 0,
            "method": "hip_stream_order",
            "status": "pass"
          },
          "timed_sequence": {
            "coverage": "chained_final_state",
            "logical_iterations": 10,
            "oracle": "CPU Q8_0 dense q8_1+dp4a BF16 logits with KL <= 0.05 and top-1 >= 90%",
            "status": "pass"
          }
        },
        "correctness_pass": true,
        "dependency_contract": {
          "inter_dispatch_ordering": "hip_stream_order",
          "output_partitioning": "chained_shared",
          "validation_status": "pass",
          "work_dependency": "chained"
        },
        "execution": {
          "actual_parallel_lanes": 1,
          "calibrated_timestamp_domain": false,
          "lane_assignment": "ordered_stream",
          "requested_parallel_lanes": 4,
          "submission_strategy": "direct"
        },
        "in_features": 768,
        "local_size": 32,
        "median_us": 17.511899769306183,
        "numeric_correctness": {
          "burst": {
            "expected_repetitions": [
              9
            ],
            "kl_divergence": 2.2535773514599988e-05,
            "max_abs": 0.015050888061523438,
            "mean_abs": 0.0016667910385876894,
            "oracle": "CPU Q8_0 dense q8_1+dp4a BF16 logits with KL/top-1 gate",
            "outputs_checked": 1,
            "pass": true,
            "top1": 1.0
          },
          "single": {
            "expected_repetitions": [
              0
            ],
            "kl_divergence": 1.1543760246709147e-05,
            "max_abs": 0.015120506286621094,
            "mean_abs": 0.0017210077494382858,
            "oracle": "CPU Q8_0 dense q8_1+dp4a BF16 logits with KL/top-1 gate",
            "outputs_checked": 1,
            "pass": true,
            "top1": 1.0
          }
        },
        "operation": "q8_0_dense_dp4a_dot_prequantized",
        "out_features": 2048,
        "q8_0_weight_bytes": 1671168,
        "q8_blocks_per_row": 24,
        "row_tile": 4,
        "rows": 4,
        "sequence_validation": {
          "burst_expected_repetitions": [
            9
          ],
          "input_repetition_pattern": "distinct_deterministic_salt",
          "output_partitioning": "shared",
          "single_expected_repetitions": [
            0
          ],
          "xq_partitioning": "shared"
        },
        "submission": {
          "completion_in_host_wall": true,
          "queue_or_stream_count": 1,
          "recording_in_timed_region": false,
          "strategy": "direct",
          "submit_in_host_wall": true
        },
        "timing": {
          "burst": {
            "dispatches_per_iteration": 1,
            "gpu_elapsed": {
              "clock": "hip_event",
              "per_iteration_us": {
                "max": 20.28000056743622,
                "median": 17.511899769306183,
                "min": 17.443999648094177,
                "n": 5,
                "p05": 17.445599734783173,
                "p95": 19.781580567359924,
                "samples": 5,
                "stdev": 1.0996175376526562
              },
              "sequence_us": {
                "max": 202.80000567436218,
                "median": 175.11899769306183,
                "min": 174.43999648094177,
                "n": 5,
                "p05": 174.45599734783173,
                "p95": 197.81580567359924,
                "samples": 5,
                "stdev": 10.996175376526564
              },
              "status": "ok"
            },
            "host_wall": {
              "clock": "steady_clock",
              "per_iteration_us": {
                "max": 22.7701,
                "median": 20.0051,
                "min": 19.833099999999998,
                "n": 5,
                "p05": 19.8521,
                "p95": 22.2853,
                "samples": 5,
                "stdev": 1.1103629316579333
              },
              "sequence_us": {
                "max": 227.701,
                "median": 200.051,
                "min": 198.331,
                "n": 5,
                "p05": 198.52100000000002,
                "p95": 222.853,
                "samples": 5,
                "stdev": 11.103629316579331
              },
              "status": "ok"
            },
            "logical_iterations": 10
          },
          "single": {
            "dispatches_per_iteration": 1,
            "gpu_elapsed": {
              "clock": "hip_event",
              "per_iteration_us": {
                "max": 32.55999833345413,
                "median": 25.960000231862068,
                "min": 25.72000026702881,
                "n": 5,
                "p05": 25.736000388860703,
                "p95": 31.39199875295162,
                "samples": 5,
                "stdev": 2.6280204664262983
              },
              "sequence_us": {
                "max": 32.55999833345413,
                "median": 25.960000231862068,
                "min": 25.72000026702881,
                "n": 5,
                "p05": 25.736000388860703,
                "p95": 31.39199875295162,
                "samples": 5,
                "stdev": 2.6280204664262983
              },
              "status": "ok"
            },
            "host_wall": {
              "clock": "steady_clock",
              "per_iteration_us": {
                "max": 65.031,
                "median": 52.06,
                "min": 51.531,
                "n": 5,
                "p05": 51.539,
                "p95": 63.022800000000004,
                "samples": 5,
                "stdev": 5.158487475995267
              },
              "sequence_us": {
                "max": 65.031,
                "median": 52.06,
                "min": 51.531,
                "n": 5,
                "p05": 51.539,
                "p95": 63.022800000000004,
                "samples": 5,
                "stdev": 5.158487475995267
              },
              "status": "ok"
            },
            "logical_iterations": 1
          }
        },
        "timing_mode": "serial_latency",
        "variant": "rowtile4",
        "workgroup_match": "exact_hip_wave32"
      },
      {
        "backend": "hip",
        "correctness": {
          "single_dispatch": {
            "oracle": "CPU Q8_0 dense q8_1+dp4a BF16 logits with KL <= 0.05 and top-1 >= 90%",
            "status": "pass"
          },
          "synchronization": {
            "barrier_count": 0,
            "method": "hip_stream_order",
            "status": "pass"
          },
          "timed_sequence": {
            "coverage": "chained_final_state",
            "logical_iterations": 10,
            "oracle": "CPU Q8_0 dense q8_1+dp4a BF16 logits with KL <= 0.05 and top-1 >= 90%",
            "status": "pass"
          }
        },
        "correctness_pass": true,
        "dependency_contract": {
          "inter_dispatch_ordering": "hip_stream_order",
          "output_partitioning": "chained_shared",
          "validation_status": "pass",
          "work_dependency": "chained"
        },
        "execution": {
          "actual_parallel_lanes": 1,
          "calibrated_timestamp_domain": false,
          "lane_assignment": "ordered_stream",
          "requested_parallel_lanes": 4,
          "submission_strategy": "direct"
        },
        "in_features": 768,
        "local_size": 32,
        "median_us": 20.827899873256683,
        "numeric_correctness": {
          "burst": {
            "expected_repetitions": [
              9
            ],
            "kl_divergence": 2.2535773514599988e-05,
            "max_abs": 0.015050888061523438,
            "mean_abs": 0.0016667910385876894,
            "oracle": "CPU Q8_0 dense q8_1+dp4a BF16 logits with KL/top-1 gate",
            "outputs_checked": 1,
            "pass": true,
            "top1": 1.0
          },
          "single": {
            "expected_repetitions": [
              0
            ],
            "kl_divergence": 1.1543760246709147e-05,
            "max_abs": 0.015120506286621094,
            "mean_abs": 0.0017210077494382858,
            "oracle": "CPU Q8_0 dense q8_1+dp4a BF16 logits with KL/top-1 gate",
            "outputs_checked": 1,
            "pass": true,
            "top1": 1.0
          }
        },
        "operation": "q8_0_dense_dp4a_quantize_plus_dot",
        "out_features": 2048,
        "q8_0_weight_bytes": 1671168,
        "q8_blocks_per_row": 24,
        "row_tile": 4,
        "rows": 4,
        "sequence_validation": {
          "burst_expected_repetitions": [
            9
          ],
          "input_repetition_pattern": "distinct_deterministic_salt",
          "output_partitioning": "shared",
          "single_expected_repetitions": [
            0
          ],
          "xq_partitioning": "shared"
        },
        "submission": {
          "completion_in_host_wall": true,
          "queue_or_stream_count": 1,
          "recording_in_timed_region": false,
          "strategy": "direct",
          "submit_in_host_wall": true
        },
        "timing": {
          "burst": {
            "dispatches_per_iteration": 2,
            "gpu_elapsed": {
              "clock": "hip_event",
              "per_iteration_us": {
                "max": 20.88789939880371,
                "median": 20.827899873256683,
                "min": 20.764000713825226,
                "n": 5,
                "p05": 20.76480060815811,
                "p95": 20.88389962911606,
                "samples": 5,
                "stdev": 0.05051296330497456
              },
              "sequence_us": {
                "max": 208.8789939880371,
                "median": 208.27899873256683,
                "min": 207.64000713825226,
                "n": 5,
                "p05": 207.64800608158112,
                "p95": 208.83899629116058,
                "samples": 5,
                "stdev": 0.5051296330497456
              },
              "status": "ok"
            },
            "host_wall": {
              "clock": "steady_clock",
              "per_iteration_us": {
                "max": 23.4301,
                "median": 23.3992,
                "min": 23.1782,
                "n": 5,
                "p05": 23.213,
                "p95": 23.4297,
                "samples": 5,
                "stdev": 0.0939899696776203
              },
              "sequence_us": {
                "max": 234.301,
                "median": 233.992,
                "min": 231.782,
                "n": 5,
                "p05": 232.13000000000002,
                "p95": 234.29699999999997,
                "samples": 5,
                "stdev": 0.939899696776198
              },
              "status": "ok"
            },
            "logical_iterations": 10
          },
          "single": {
            "dispatches_per_iteration": 2,
            "gpu_elapsed": {
              "clock": "hip_event",
              "per_iteration_us": {
                "max": 33.799998462200165,
                "median": 27.03999914228916,
                "min": 25.63999965786934,
                "n": 5,
                "p05": 25.63999965786934,
                "p95": 33.775998651981354,
                "samples": 5,
                "stdev": 3.7745248405464604
              },
              "sequence_us": {
                "max": 33.799998462200165,
                "median": 27.03999914228916,
                "min": 25.63999965786934,
                "n": 5,
                "p05": 25.63999965786934,
                "p95": 33.775998651981354,
                "samples": 5,
                "stdev": 3.7745248405464604
              },
              "status": "ok"
            },
            "host_wall": {
              "clock": "steady_clock",
              "per_iteration_us": {
                "max": 61.52,
                "median": 52.81,
                "min": 48.28,
                "n": 5,
                "p05": 48.342200000000005,
                "p95": 61.400200000000005,
                "samples": 5,
                "stdev": 5.778266958180454
              },
              "sequence_us": {
                "max": 61.52,
                "median": 52.81,
                "min": 48.28,
                "n": 5,
                "p05": 48.342200000000005,
                "p95": 61.400200000000005,
                "samples": 5,
                "stdev": 5.778266958180454
              },
              "status": "ok"
            },
            "logical_iterations": 1
          }
        },
        "timing_mode": "serial_latency",
        "variant": "rowtile4",
        "workgroup_match": "exact_hip_wave32"
      },
      {
        "backend": "hip",
        "correctness": {
          "single_dispatch": {
            "oracle": "CPU Q8_0 dense q8_1+dp4a BF16 logits with KL <= 0.05 and top-1 >= 90%",
            "status": "pass"
          },
          "synchronization": {
            "barrier_count": 0,
            "method": "hip_stream_order",
            "status": "pass"
          },
          "timed_sequence": {
            "coverage": "chained_final_state",
            "logical_iterations": 10,
            "oracle": "CPU Q8_0 dense q8_1+dp4a BF16 logits with KL <= 0.05 and top-1 >= 90%",
            "status": "pass"
          }
        },
        "correctness_pass": true,
        "dependency_contract": {
          "inter_dispatch_ordering": "hip_stream_order",
          "output_partitioning": "chained_shared",
          "validation_status": "pass",
          "work_dependency": "chained"
        },
        "execution": {
          "actual_parallel_lanes": 1,
          "calibrated_timestamp_domain": false,
          "lane_assignment": "ordered_stream",
          "requested_parallel_lanes": 4,
          "submission_strategy": "direct"
        },
        "in_features": 2048,
        "local_size": 32,
        "median_us": 4.011999815702438,
        "numeric_correctness": {
          "burst": {
            "expected_repetitions": [
              9
            ],
            "kl_divergence": 3.700663128005921e-05,
            "max_abs": 0.02789306640625,
            "mean_abs": 0.0034960899502038956,
            "oracle": "CPU Q8_0 dense q8_1+dp4a BF16 logits with KL/top-1 gate",
            "outputs_checked": 1,
            "pass": true,
            "top1": 1.0
          },
          "single": {
            "expected_repetitions": [
              0
            ],
            "kl_divergence": 2.433502797593441e-05,
            "max_abs": 0.015345096588134766,
            "mean_abs": 0.0030660531483590603,
            "oracle": "CPU Q8_0 dense q8_1+dp4a BF16 logits with KL/top-1 gate",
            "outputs_checked": 1,
            "pass": true,
            "top1": 1.0
          }
        },
        "operation": "q8_1_quantize",
        "out_features": 2048,
        "q8_0_weight_bytes": 4456448,
        "q8_blocks_per_row": 64,
        "row_tile": 0,
        "rows": 1,
        "sequence_validation": {
          "burst_expected_repetitions": [
            9
          ],
          "input_repetition_pattern": "distinct_deterministic_salt",
          "output_partitioning": "shared",
          "single_expected_repetitions": [
            0
          ],
          "xq_partitioning": "shared"
        },
        "submission": {
          "completion_in_host_wall": true,
          "queue_or_stream_count": 1,
          "recording_in_timed_region": false,
          "strategy": "direct",
          "submit_in_host_wall": true
        },
        "timing": {
          "burst": {
            "dispatches_per_iteration": 1,
            "gpu_elapsed": {
              "clock": "hip_event",
              "per_iteration_us": {
                "max": 4.227999970316887,
                "median": 4.011999815702438,
                "min": 3.975899890065193,
                "n": 5,
                "p05": 3.9791198819875717,
                "p95": 4.195199981331825,
                "samples": 5,
                "stdev": 0.09174195312082148
              },
              "sequence_us": {
                "max": 42.27999970316887,
                "median": 40.11999815702438,
                "min": 39.75899890065193,
                "n": 5,
                "p05": 39.79119881987572,
                "p95": 41.95199981331825,
                "samples": 5,
                "stdev": 0.9174195312082148
              },
              "status": "ok"
            },
            "host_wall": {
              "clock": "steady_clock",
              "per_iteration_us": {
                "max": 6.9661,
                "median": 6.6960999999999995,
                "min": 6.556,
                "n": 5,
                "p05": 6.571000000000001,
                "p95": 6.957879999999999,
                "samples": 5,
                "stdev": 0.16242493158379345
              },
              "sequence_us": {
                "max": 69.661,
                "median": 66.961,
                "min": 65.56,
                "n": 5,
                "p05": 65.71000000000001,
                "p95": 69.5788,
                "samples": 5,
                "stdev": 1.6242493158379345
              },
              "status": "ok"
            },
            "logical_iterations": 10
          },
          "single": {
            "dispatches_per_iteration": 1,
            "gpu_elapsed": {
              "clock": "hip_event",
              "per_iteration_us": {
                "max": 9.960000403225422,
                "median": 9.200000204145908,
                "min": 8.87999963015318,
                "n": 5,
                "p05": 8.887999691069126,
                "p95": 9.960000403225422,
                "samples": 5,
                "stdev": 0.48305719894844146
              },
              "sequence_us": {
                "max": 9.960000403225422,
                "median": 9.200000204145908,
                "min": 8.87999963015318,
                "n": 5,
                "p05": 8.887999691069126,
                "p95": 9.960000403225422,
                "samples": 5,
                "stdev": 0.48305719894844146
              },
              "status": "ok"
            },
            "host_wall": {
              "clock": "steady_clock",
              "per_iteration_us": {
                "max": 39.1,
                "median": 35.49,
                "min": 33.691,
                "n": 5,
                "p05": 33.79280000000001,
                "p95": 38.6122,
                "samples": 5,
                "stdev": 1.935524177064187
              },
              "sequence_us": {
                "max": 39.1,
                "median": 35.49,
                "min": 33.691,
                "n": 5,
                "p05": 33.79280000000001,
                "p95": 38.6122,
                "samples": 5,
                "stdev": 1.935524177064187
              },
              "status": "ok"
            },
            "logical_iterations": 1
          }
        },
        "timing_mode": "serial_latency",
        "variant": "quantize",
        "workgroup_match": "exact_hip_wave32"
      },
      {
        "backend": "hip",
        "correctness": {
          "single_dispatch": {
            "oracle": "CPU Q8_0 dense q8_1+dp4a BF16 logits with KL <= 0.05 and top-1 >= 90%",
            "status": "pass"
          },
          "synchronization": {
            "barrier_count": 0,
            "method": "hip_stream_order",
            "status": "pass"
          },
          "timed_sequence": {
            "coverage": "chained_final_state",
            "logical_iterations": 10,
            "oracle": "CPU Q8_0 dense q8_1+dp4a BF16 logits with KL <= 0.05 and top-1 >= 90%",
            "status": "pass"
          }
        },
        "correctness_pass": true,
        "dependency_contract": {
          "inter_dispatch_ordering": "hip_stream_order",
          "output_partitioning": "chained_shared",
          "validation_status": "pass",
          "work_dependency": "chained"
        },
        "execution": {
          "actual_parallel_lanes": 1,
          "calibrated_timestamp_domain": false,
          "lane_assignment": "ordered_stream",
          "requested_parallel_lanes": 4,
          "submission_strategy": "direct"
        },
        "in_features": 2048,
        "local_size": 32,
        "median_us": 19.395899772644043,
        "numeric_correctness": {
          "burst": {
            "expected_repetitions": [
              9
            ],
            "kl_divergence": 3.700663128005921e-05,
            "max_abs": 0.02789306640625,
            "mean_abs": 0.0034960899502038956,
            "oracle": "CPU Q8_0 dense q8_1+dp4a BF16 logits with KL/top-1 gate",
            "outputs_checked": 1,
            "pass": true,
            "top1": 1.0
          },
          "single": {
            "expected_repetitions": [
              0
            ],
            "kl_divergence": 2.433502797593441e-05,
            "max_abs": 0.015345096588134766,
            "mean_abs": 0.0030660531483590603,
            "oracle": "CPU Q8_0 dense q8_1+dp4a BF16 logits with KL/top-1 gate",
            "outputs_checked": 1,
            "pass": true,
            "top1": 1.0
          }
        },
        "operation": "q8_0_dense_dp4a_dot_prequantized",
        "out_features": 2048,
        "q8_0_weight_bytes": 4456448,
        "q8_blocks_per_row": 64,
        "row_tile": 1,
        "rows": 1,
        "sequence_validation": {
          "burst_expected_repetitions": [
            9
          ],
          "input_repetition_pattern": "distinct_deterministic_salt",
          "output_partitioning": "shared",
          "single_expected_repetitions": [
            0
          ],
          "xq_partitioning": "shared"
        },
        "submission": {
          "completion_in_host_wall": true,
          "queue_or_stream_count": 1,
          "recording_in_timed_region": false,
          "strategy": "direct",
          "submit_in_host_wall": true
        },
        "timing": {
          "burst": {
            "dispatches_per_iteration": 1,
            "gpu_elapsed": {
              "clock": "hip_event",
              "per_iteration_us": {
                "max": 20.27200013399124,
                "median": 19.395899772644043,
                "min": 17.40799993276596,
                "n": 5,
                "p05": 17.712000012397766,
                "p95": 20.098380148410797,
                "samples": 5,
                "stdev": 0.9427878111591501
              },
              "sequence_us": {
                "max": 202.72000133991241,
                "median": 193.95899772644043,
                "min": 174.0799993276596,
                "n": 5,
                "p05": 177.12000012397766,
                "p95": 200.98380148410797,
                "samples": 5,
                "stdev": 9.4278781115915
              },
              "status": "ok"
            },
            "host_wall": {
              "clock": "steady_clock",
              "per_iteration_us": {
                "max": 22.9182,
                "median": 22.1991,
                "min": 19.961199999999998,
                "n": 5,
                "p05": 20.2908,
                "p95": 22.82938,
                "samples": 5,
                "stdev": 1.0272698858625229
              },
              "sequence_us": {
                "max": 229.182,
                "median": 221.991,
                "min": 199.612,
                "n": 5,
                "p05": 202.90800000000002,
                "p95": 228.2938,
                "samples": 5,
                "stdev": 10.272698858625226
              },
              "status": "ok"
            },
            "logical_iterations": 10
          },
          "single": {
            "dispatches_per_iteration": 1,
            "gpu_elapsed": {
              "clock": "hip_event",
              "per_iteration_us": {
                "max": 25.15999972820282,
                "median": 24.76000040769577,
                "min": 24.52000044286251,
                "n": 5,
                "p05": 24.528000503778458,
                "p95": 25.127999857068062,
                "samples": 5,
                "stdev": 0.24787065737083658
              },
              "sequence_us": {
                "max": 25.15999972820282,
                "median": 24.76000040769577,
                "min": 24.52000044286251,
                "n": 5,
                "p05": 24.528000503778458,
                "p95": 25.127999857068062,
                "samples": 5,
                "stdev": 0.24787065737083658
              },
              "status": "ok"
            },
            "host_wall": {
              "clock": "steady_clock",
              "per_iteration_us": {
                "max": 50.65,
                "median": 49.09,
                "min": 48.86,
                "n": 5,
                "p05": 48.8962,
                "p95": 50.3542,
                "samples": 5,
                "stdev": 0.6518363598327417
              },
              "sequence_us": {
                "max": 50.65,
                "median": 49.09,
                "min": 48.86,
                "n": 5,
                "p05": 48.8962,
                "p95": 50.3542,
                "samples": 5,
                "stdev": 0.6518363598327417
              },
              "status": "ok"
            },
            "logical_iterations": 1
          }
        },
        "timing_mode": "serial_latency",
        "variant": "single",
        "workgroup_match": "exact_hip_wave32"
      },
      {
        "backend": "hip",
        "correctness": {
          "single_dispatch": {
            "oracle": "CPU Q8_0 dense q8_1+dp4a BF16 logits with KL <= 0.05 and top-1 >= 90%",
            "status": "pass"
          },
          "synchronization": {
            "barrier_count": 0,
            "method": "hip_stream_order",
            "status": "pass"
          },
          "timed_sequence": {
            "coverage": "chained_final_state",
            "logical_iterations": 10,
            "oracle": "CPU Q8_0 dense q8_1+dp4a BF16 logits with KL <= 0.05 and top-1 >= 90%",
            "status": "pass"
          }
        },
        "correctness_pass": true,
        "dependency_contract": {
          "inter_dispatch_ordering": "hip_stream_order",
          "output_partitioning": "chained_shared",
          "validation_status": "pass",
          "work_dependency": "chained"
        },
        "execution": {
          "actual_parallel_lanes": 1,
          "calibrated_timestamp_domain": false,
          "lane_assignment": "ordered_stream",
          "requested_parallel_lanes": 4,
          "submission_strategy": "direct"
        },
        "in_features": 2048,
        "local_size": 32,
        "median_us": 20.843900740146637,
        "numeric_correctness": {
          "burst": {
            "expected_repetitions": [
              9
            ],
            "kl_divergence": 3.700663128005921e-05,
            "max_abs": 0.02789306640625,
            "mean_abs": 0.0034960899502038956,
            "oracle": "CPU Q8_0 dense q8_1+dp4a BF16 logits with KL/top-1 gate",
            "outputs_checked": 1,
            "pass": true,
            "top1": 1.0
          },
          "single": {
            "expected_repetitions": [
              0
            ],
            "kl_divergence": 2.433502797593441e-05,
            "max_abs": 0.015345096588134766,
            "mean_abs": 0.0030660531483590603,
            "oracle": "CPU Q8_0 dense q8_1+dp4a BF16 logits with KL/top-1 gate",
            "outputs_checked": 1,
            "pass": true,
            "top1": 1.0
          }
        },
        "operation": "q8_0_dense_dp4a_quantize_plus_dot",
        "out_features": 2048,
        "q8_0_weight_bytes": 4456448,
        "q8_blocks_per_row": 64,
        "row_tile": 1,
        "rows": 1,
        "sequence_validation": {
          "burst_expected_repetitions": [
            9
          ],
          "input_repetition_pattern": "distinct_deterministic_salt",
          "output_partitioning": "shared",
          "single_expected_repetitions": [
            0
          ],
          "xq_partitioning": "shared"
        },
        "submission": {
          "completion_in_host_wall": true,
          "queue_or_stream_count": 1,
          "recording_in_timed_region": false,
          "strategy": "direct",
          "submit_in_host_wall": true
        },
        "timing": {
          "burst": {
            "dispatches_per_iteration": 2,
            "gpu_elapsed": {
              "clock": "hip_event",
              "per_iteration_us": {
                "max": 20.99190056324005,
                "median": 20.843900740146637,
                "min": 20.819999277591705,
                "n": 5,
                "p05": 20.82239955663681,
                "p95": 20.968700349330902,
                "samples": 5,
                "stdev": 0.06242147342112684
              },
              "sequence_us": {
                "max": 209.9190056324005,
                "median": 208.43900740146637,
                "min": 208.19999277591705,
                "n": 5,
                "p05": 208.2239955663681,
                "p95": 209.68700349330902,
                "samples": 5,
                "stdev": 0.6242147342112684
              },
              "status": "ok"
            },
            "host_wall": {
              "clock": "steady_clock",
              "per_iteration_us": {
                "max": 23.3131,
                "median": 23.1482,
                "min": 23.0861,
                "n": 5,
                "p05": 23.09472,
                "p95": 23.295299999999997,
                "samples": 5,
                "stdev": 0.08008671799992793
              },
              "sequence_us": {
                "max": 233.131,
                "median": 231.482,
                "min": 230.861,
                "n": 5,
                "p05": 230.9472,
                "p95": 232.953,
                "samples": 5,
                "stdev": 0.8008671799992844
              },
              "status": "ok"
            },
            "logical_iterations": 10
          },
          "single": {
            "dispatches_per_iteration": 2,
            "gpu_elapsed": {
              "clock": "hip_event",
              "per_iteration_us": {
                "max": 26.079000905156136,
                "median": 25.760000571608543,
                "min": 25.48000030219555,
                "n": 5,
                "p05": 25.496000424027443,
                "p95": 26.023200899362564,
                "samples": 5,
                "stdev": 0.20920472577464597
              },
              "sequence_us": {
                "max": 26.079000905156136,
                "median": 25.760000571608543,
                "min": 25.48000030219555,
                "n": 5,
                "p05": 25.496000424027443,
                "p95": 26.023200899362564,
                "samples": 5,
                "stdev": 0.20920472577464597
              },
              "status": "ok"
            },
            "host_wall": {
              "clock": "steady_clock",
              "per_iteration_us": {
                "max": 48.88,
                "median": 48.791,
                "min": 48.36,
                "n": 5,
                "p05": 48.372,
                "p95": 48.8742,
                "samples": 5,
                "stdev": 0.22344627989742835
              },
              "sequence_us": {
                "max": 48.88,
                "median": 48.791,
                "min": 48.36,
                "n": 5,
                "p05": 48.372,
                "p95": 48.8742,
                "samples": 5,
                "stdev": 0.22344627989742835
              },
              "status": "ok"
            },
            "logical_iterations": 1
          }
        },
        "timing_mode": "serial_latency",
        "variant": "single",
        "workgroup_match": "exact_hip_wave32"
      },
      {
        "backend": "hip",
        "correctness": {
          "single_dispatch": {
            "oracle": "CPU Q8_0 dense q8_1+dp4a BF16 logits with KL <= 0.05 and top-1 >= 90%",
            "status": "pass"
          },
          "synchronization": {
            "barrier_count": 0,
            "method": "hip_stream_order",
            "status": "pass"
          },
          "timed_sequence": {
            "coverage": "chained_final_state",
            "logical_iterations": 10,
            "oracle": "CPU Q8_0 dense q8_1+dp4a BF16 logits with KL <= 0.05 and top-1 >= 90%",
            "status": "pass"
          }
        },
        "correctness_pass": true,
        "dependency_contract": {
          "inter_dispatch_ordering": "hip_stream_order",
          "output_partitioning": "chained_shared",
          "validation_status": "pass",
          "work_dependency": "chained"
        },
        "execution": {
          "actual_parallel_lanes": 1,
          "calibrated_timestamp_domain": false,
          "lane_assignment": "ordered_stream",
          "requested_parallel_lanes": 4,
          "submission_strategy": "direct"
        },
        "in_features": 2048,
        "local_size": 32,
        "median_us": 17.507900297641754,
        "numeric_correctness": {
          "burst": {
            "expected_repetitions": [
              9
            ],
            "kl_divergence": 3.700663128005921e-05,
            "max_abs": 0.02789306640625,
            "mean_abs": 0.0034960899502038956,
            "oracle": "CPU Q8_0 dense q8_1+dp4a BF16 logits with KL/top-1 gate",
            "outputs_checked": 1,
            "pass": true,
            "top1": 1.0
          },
          "single": {
            "expected_repetitions": [
              0
            ],
            "kl_divergence": 2.433502797593441e-05,
            "max_abs": 0.015345096588134766,
            "mean_abs": 0.0030660531483590603,
            "oracle": "CPU Q8_0 dense q8_1+dp4a BF16 logits with KL/top-1 gate",
            "outputs_checked": 1,
            "pass": true,
            "top1": 1.0
          }
        },
        "operation": "q8_0_dense_dp4a_dot_prequantized",
        "out_features": 2048,
        "q8_0_weight_bytes": 4456448,
        "q8_blocks_per_row": 64,
        "row_tile": 4,
        "rows": 1,
        "sequence_validation": {
          "burst_expected_repetitions": [
            9
          ],
          "input_repetition_pattern": "distinct_deterministic_salt",
          "output_partitioning": "shared",
          "single_expected_repetitions": [
            0
          ],
          "xq_partitioning": "shared"
        },
        "submission": {
          "completion_in_host_wall": true,
          "queue_or_stream_count": 1,
          "recording_in_timed_region": false,
          "strategy": "direct",
          "submit_in_host_wall": true
        },
        "timing": {
          "burst": {
            "dispatches_per_iteration": 1,
            "gpu_elapsed": {
              "clock": "hip_event",
              "per_iteration_us": {
                "max": 20.259900391101837,
                "median": 17.507900297641754,
                "min": 17.448000609874725,
                "n": 5,
                "p05": 17.452000379562378,
                "p95": 19.721500277519226,
                "samples": 5,
                "stdev": 1.1055387577295503
              },
              "sequence_us": {
                "max": 202.59900391101837,
                "median": 175.07900297641754,
                "min": 174.48000609874725,
                "n": 5,
                "p05": 174.52000379562378,
                "p95": 197.21500277519226,
                "samples": 5,
                "stdev": 11.055387577295505
              },
              "status": "ok"
            },
            "host_wall": {
              "clock": "steady_clock",
              "per_iteration_us": {
                "max": 22.8802,
                "median": 19.827199999999998,
                "min": 19.5841,
                "n": 5,
                "p05": 19.60032,
                "p95": 22.30018,
                "samples": 5,
                "stdev": 1.2538447186155068
              },
              "sequence_us": {
                "max": 228.802,
                "median": 198.272,
                "min": 195.841,
                "n": 5,
                "p05": 196.00320000000002,
                "p95": 223.0018,
                "samples": 5,
                "stdev": 12.53844718615507
              },
              "status": "ok"
            },
            "logical_iterations": 10
          },
          "single": {
            "dispatches_per_iteration": 1,
            "gpu_elapsed": {
              "clock": "hip_event",
              "per_iteration_us": {
                "max": 32.600000500679016,
                "median": 32.23999962210655,
                "min": 26.559999212622643,
                "n": 5,
                "p05": 27.54399925470352,
                "p95": 32.58400037884712,
                "samples": 5,
                "stdev": 2.2943411685815884
              },
              "sequence_us": {
                "max": 32.600000500679016,
                "median": 32.23999962210655,
                "min": 26.559999212622643,
                "n": 5,
                "p05": 27.54399925470352,
                "p95": 32.58400037884712,
                "samples": 5,
                "stdev": 2.2943411685815884
              },
              "status": "ok"
            },
            "host_wall": {
              "clock": "steady_clock",
              "per_iteration_us": {
                "max": 62.891,
                "median": 62.451,
                "min": 54.59,
                "n": 5,
                "p05": 56.02,
                "p95": 62.8088,
                "samples": 5,
                "stdev": 3.142087242582546
              },
              "sequence_us": {
                "max": 62.891,
                "median": 62.451,
                "min": 54.59,
                "n": 5,
                "p05": 56.02,
                "p95": 62.8088,
                "samples": 5,
                "stdev": 3.142087242582546
              },
              "status": "ok"
            },
            "logical_iterations": 1
          }
        },
        "timing_mode": "serial_latency",
        "variant": "rowtile4",
        "workgroup_match": "exact_hip_wave32"
      },
      {
        "backend": "hip",
        "correctness": {
          "single_dispatch": {
            "oracle": "CPU Q8_0 dense q8_1+dp4a BF16 logits with KL <= 0.05 and top-1 >= 90%",
            "status": "pass"
          },
          "synchronization": {
            "barrier_count": 0,
            "method": "hip_stream_order",
            "status": "pass"
          },
          "timed_sequence": {
            "coverage": "chained_final_state",
            "logical_iterations": 10,
            "oracle": "CPU Q8_0 dense q8_1+dp4a BF16 logits with KL <= 0.05 and top-1 >= 90%",
            "status": "pass"
          }
        },
        "correctness_pass": true,
        "dependency_contract": {
          "inter_dispatch_ordering": "hip_stream_order",
          "output_partitioning": "chained_shared",
          "validation_status": "pass",
          "work_dependency": "chained"
        },
        "execution": {
          "actual_parallel_lanes": 1,
          "calibrated_timestamp_domain": false,
          "lane_assignment": "ordered_stream",
          "requested_parallel_lanes": 4,
          "submission_strategy": "direct"
        },
        "in_features": 2048,
        "local_size": 32,
        "median_us": 20.931899547576904,
        "numeric_correctness": {
          "burst": {
            "expected_repetitions": [
              9
            ],
            "kl_divergence": 3.700663128005921e-05,
            "max_abs": 0.02789306640625,
            "mean_abs": 0.0034960899502038956,
            "oracle": "CPU Q8_0 dense q8_1+dp4a BF16 logits with KL/top-1 gate",
            "outputs_checked": 1,
            "pass": true,
            "top1": 1.0
          },
          "single": {
            "expected_repetitions": [
              0
            ],
            "kl_divergence": 2.433502797593441e-05,
            "max_abs": 0.015345096588134766,
            "mean_abs": 0.0030660531483590603,
            "oracle": "CPU Q8_0 dense q8_1+dp4a BF16 logits with KL/top-1 gate",
            "outputs_checked": 1,
            "pass": true,
            "top1": 1.0
          }
        },
        "operation": "q8_0_dense_dp4a_quantize_plus_dot",
        "out_features": 2048,
        "q8_0_weight_bytes": 4456448,
        "q8_blocks_per_row": 64,
        "row_tile": 4,
        "rows": 1,
        "sequence_validation": {
          "burst_expected_repetitions": [
            9
          ],
          "input_repetition_pattern": "distinct_deterministic_salt",
          "output_partitioning": "shared",
          "single_expected_repetitions": [
            0
          ],
          "xq_partitioning": "shared"
        },
        "submission": {
          "completion_in_host_wall": true,
          "queue_or_stream_count": 1,
          "recording_in_timed_region": false,
          "strategy": "direct",
          "submit_in_host_wall": true
        },
        "timing": {
          "burst": {
            "dispatches_per_iteration": 2,
            "gpu_elapsed": {
              "clock": "hip_event",
              "per_iteration_us": {
                "max": 20.99590003490448,
                "median": 20.931899547576904,
                "min": 20.824000239372253,
                "n": 5,
                "p05": 20.82478016614914,
                "p95": 20.992720127105713,
                "samples": 5,
                "stdev": 0.07331581890223945
              },
              "sequence_us": {
                "max": 209.9590003490448,
                "median": 209.31899547576904,
                "min": 208.24000239372253,
                "n": 5,
                "p05": 208.2478016614914,
                "p95": 209.92720127105713,
                "samples": 5,
                "stdev": 0.7331581890223945
              },
              "status": "ok"
            },
            "host_wall": {
              "clock": "steady_clock",
              "per_iteration_us": {
                "max": 24.8492,
                "median": 23.4922,
                "min": 23.1402,
                "n": 5,
                "p05": 23.190800000000003,
                "p95": 24.619799999999998,
                "samples": 5,
                "stdev": 0.5950063529072608
              },
              "sequence_us": {
                "max": 248.492,
                "median": 234.922,
                "min": 231.402,
                "n": 5,
                "p05": 231.90800000000002,
                "p95": 246.19799999999998,
                "samples": 5,
                "stdev": 5.95006352907261
              },
              "status": "ok"
            },
            "logical_iterations": 10
          },
          "single": {
            "dispatches_per_iteration": 2,
            "gpu_elapsed": {
              "clock": "hip_event",
              "per_iteration_us": {
                "max": 34.00000184774399,
                "median": 33.479999750852585,
                "min": 25.960000231862068,
                "n": 5,
                "p05": 26.671800017356873,
                "p95": 33.928001672029495,
                "samples": 5,
                "stdev": 3.1369926575573888
              },
              "sequence_us": {
                "max": 34.00000184774399,
                "median": 33.479999750852585,
                "min": 25.960000231862068,
                "n": 5,
                "p05": 26.671800017356873,
                "p95": 33.928001672029495,
                "samples": 5,
                "stdev": 3.1369926575573888
              },
              "status": "ok"
            },
            "host_wall": {
              "clock": "steady_clock",
              "per_iteration_us": {
                "max": 61.65,
                "median": 60.311,
                "min": 48.69,
                "n": 5,
                "p05": 50.272,
                "p95": 61.474199999999996,
                "samples": 5,
                "stdev": 4.779022184505949
              },
              "sequence_us": {
                "max": 61.65,
                "median": 60.311,
                "min": 48.69,
                "n": 5,
                "p05": 50.272,
                "p95": 61.474199999999996,
                "samples": 5,
                "stdev": 4.779022184505949
              },
              "status": "ok"
            },
            "logical_iterations": 1
          }
        },
        "timing_mode": "serial_latency",
        "variant": "rowtile4",
        "workgroup_match": "exact_hip_wave32"
      },
      {
        "backend": "hip",
        "correctness": {
          "single_dispatch": {
            "oracle": "CPU Q8_0 dense q8_1+dp4a BF16 logits with KL <= 0.05 and top-1 >= 90%",
            "status": "pass"
          },
          "synchronization": {
            "barrier_count": 0,
            "method": "hip_stream_order",
            "status": "pass"
          },
          "timed_sequence": {
            "coverage": "chained_final_state",
            "logical_iterations": 10,
            "oracle": "CPU Q8_0 dense q8_1+dp4a BF16 logits with KL <= 0.05 and top-1 >= 90%",
            "status": "pass"
          }
        },
        "correctness_pass": true,
        "dependency_contract": {
          "inter_dispatch_ordering": "hip_stream_order",
          "output_partitioning": "chained_shared",
          "validation_status": "pass",
          "work_dependency": "chained"
        },
        "execution": {
          "actual_parallel_lanes": 1,
          "calibrated_timestamp_domain": false,
          "lane_assignment": "ordered_stream",
          "requested_parallel_lanes": 4,
          "submission_strategy": "direct"
        },
        "in_features": 2048,
        "local_size": 32,
        "median_us": 4.06000018119812,
        "numeric_correctness": {
          "burst": {
            "expected_repetitions": [
              9
            ],
            "kl_divergence": 5.4467423134534185e-05,
            "max_abs": 0.02789306640625,
            "mean_abs": 0.002122038509696722,
            "oracle": "CPU Q8_0 dense q8_1+dp4a BF16 logits with KL/top-1 gate",
            "outputs_checked": 1,
            "pass": true,
            "top1": 1.0
          },
          "single": {
            "expected_repetitions": [
              0
            ],
            "kl_divergence": 4.218463729143969e-05,
            "max_abs": 0.022086143493652344,
            "mean_abs": 0.0026487447321414948,
            "oracle": "CPU Q8_0 dense q8_1+dp4a BF16 logits with KL/top-1 gate",
            "outputs_checked": 1,
            "pass": true,
            "top1": 1.0
          }
        },
        "operation": "q8_1_quantize",
        "out_features": 2048,
        "q8_0_weight_bytes": 4456448,
        "q8_blocks_per_row": 64,
        "row_tile": 0,
        "rows": 4,
        "sequence_validation": {
          "burst_expected_repetitions": [
            9
          ],
          "input_repetition_pattern": "distinct_deterministic_salt",
          "output_partitioning": "shared",
          "single_expected_repetitions": [
            0
          ],
          "xq_partitioning": "shared"
        },
        "submission": {
          "completion_in_host_wall": true,
          "queue_or_stream_count": 1,
          "recording_in_timed_region": false,
          "strategy": "direct",
          "submit_in_host_wall": true
        },
        "timing": {
          "burst": {
            "dispatches_per_iteration": 1,
            "gpu_elapsed": {
              "clock": "hip_event",
              "per_iteration_us": {
                "max": 4.115999862551689,
                "median": 4.06000018119812,
                "min": 3.968000039458275,
                "n": 5,
                "p05": 3.983200043439865,
                "p95": 4.111199900507927,
                "samples": 5,
                "stdev": 0.0505964037345759
              },
              "sequence_us": {
                "max": 41.15999862551689,
                "median": 40.6000018119812,
                "min": 39.68000039458275,
                "n": 5,
                "p05": 39.83200043439865,
                "p95": 41.11199900507927,
                "samples": 5,
                "stdev": 0.505964037345759
              },
              "status": "ok"
            },
            "host_wall": {
              "clock": "steady_clock",
              "per_iteration_us": {
                "max": 7.08,
                "median": 6.709099999999999,
                "min": 6.6051,
                "n": 5,
                "p05": 6.61308,
                "p95": 7.026,
                "samples": 5,
                "stdev": 0.16983856570284614
              },
              "sequence_us": {
                "max": 70.8,
                "median": 67.091,
                "min": 66.051,
                "n": 5,
                "p05": 66.13080000000001,
                "p95": 70.25999999999999,
                "samples": 5,
                "stdev": 1.6983856570284601
              },
              "status": "ok"
            },
            "logical_iterations": 10
          },
          "single": {
            "dispatches_per_iteration": 1,
            "gpu_elapsed": {
              "clock": "hip_event",
              "per_iteration_us": {
                "max": 10.200000368058681,
                "median": 9.920000098645687,
                "min": 9.840000420808792,
                "n": 5,
                "p05": 9.856000356376171,
                "p95": 10.15200037509203,
                "samples": 5,
                "stdev": 0.12237649910069112
              },
              "sequence_us": {
                "max": 10.200000368058681,
                "median": 9.920000098645687,
                "min": 9.840000420808792,
                "n": 5,
                "p05": 9.856000356376171,
                "p95": 10.15200037509203,
                "samples": 5,
                "stdev": 0.12237649910069112
              },
              "status": "ok"
            },
            "host_wall": {
              "clock": "steady_clock",
              "per_iteration_us": {
                "max": 38.63,
                "median": 36.73,
                "min": 36.321,
                "n": 5,
                "p05": 36.3428,
                "p95": 38.336,
                "samples": 5,
                "stdev": 0.8398396037339526
              },
              "sequence_us": {
                "max": 38.63,
                "median": 36.73,
                "min": 36.321,
                "n": 5,
                "p05": 36.3428,
                "p95": 38.336,
                "samples": 5,
                "stdev": 0.8398396037339526
              },
              "status": "ok"
            },
            "logical_iterations": 1
          }
        },
        "timing_mode": "serial_latency",
        "variant": "quantize",
        "workgroup_match": "exact_hip_wave32"
      },
      {
        "backend": "hip",
        "correctness": {
          "single_dispatch": {
            "oracle": "CPU Q8_0 dense q8_1+dp4a BF16 logits with KL <= 0.05 and top-1 >= 90%",
            "status": "pass"
          },
          "synchronization": {
            "barrier_count": 0,
            "method": "hip_stream_order",
            "status": "pass"
          },
          "timed_sequence": {
            "coverage": "chained_final_state",
            "logical_iterations": 10,
            "oracle": "CPU Q8_0 dense q8_1+dp4a BF16 logits with KL <= 0.05 and top-1 >= 90%",
            "status": "pass"
          }
        },
        "correctness_pass": true,
        "dependency_contract": {
          "inter_dispatch_ordering": "hip_stream_order",
          "output_partitioning": "chained_shared",
          "validation_status": "pass",
          "work_dependency": "chained"
        },
        "execution": {
          "actual_parallel_lanes": 1,
          "calibrated_timestamp_domain": false,
          "lane_assignment": "ordered_stream",
          "requested_parallel_lanes": 4,
          "submission_strategy": "direct"
        },
        "in_features": 2048,
        "local_size": 32,
        "median_us": 11.840000003576279,
        "numeric_correctness": {
          "burst": {
            "expected_repetitions": [
              9
            ],
            "kl_divergence": 5.4467423134534185e-05,
            "max_abs": 0.02789306640625,
            "mean_abs": 0.002122038509696722,
            "oracle": "CPU Q8_0 dense q8_1+dp4a BF16 logits with KL/top-1 gate",
            "outputs_checked": 1,
            "pass": true,
            "top1": 1.0
          },
          "single": {
            "expected_repetitions": [
              0
            ],
            "kl_divergence": 4.218463729143969e-05,
            "max_abs": 0.022086143493652344,
            "mean_abs": 0.0026487447321414948,
            "oracle": "CPU Q8_0 dense q8_1+dp4a BF16 logits with KL/top-1 gate",
            "outputs_checked": 1,
            "pass": true,
            "top1": 1.0
          }
        },
        "operation": "q8_0_dense_dp4a_dot_prequantized",
        "out_features": 2048,
        "q8_0_weight_bytes": 4456448,
        "q8_blocks_per_row": 64,
        "row_tile": 1,
        "rows": 4,
        "sequence_validation": {
          "burst_expected_repetitions": [
            9
          ],
          "input_repetition_pattern": "distinct_deterministic_salt",
          "output_partitioning": "shared",
          "single_expected_repetitions": [
            0
          ],
          "xq_partitioning": "shared"
        },
        "submission": {
          "completion_in_host_wall": true,
          "queue_or_stream_count": 1,
          "recording_in_timed_region": false,
          "strategy": "direct",
          "submit_in_host_wall": true
        },
        "timing": {
          "burst": {
            "dispatches_per_iteration": 1,
            "gpu_elapsed": {
              "clock": "hip_event",
              "per_iteration_us": {
                "max": 13.171899318695068,
                "median": 11.840000003576279,
                "min": 11.779899895191193,
                "n": 5,
                "p05": 11.779919862747192,
                "p95": 13.170319497585297,
                "samples": 5,
                "stdev": 0.6705354479206314
              },
              "sequence_us": {
                "max": 131.71899318695068,
                "median": 118.40000003576279,
                "min": 117.79899895191193,
                "n": 5,
                "p05": 117.79919862747192,
                "p95": 131.70319497585297,
                "samples": 5,
                "stdev": 6.705354479206314
              },
              "status": "ok"
            },
            "host_wall": {
              "clock": "steady_clock",
              "per_iteration_us": {
                "max": 15.6491,
                "median": 14.1801,
                "min": 14.0511,
                "n": 5,
                "p05": 14.0585,
                "p95": 15.629900000000001,
                "samples": 5,
                "stdev": 0.7340663185298726
              },
              "sequence_us": {
                "max": 156.491,
                "median": 141.801,
                "min": 140.511,
                "n": 5,
                "p05": 140.585,
                "p95": 156.299,
                "samples": 5,
                "stdev": 7.340663185298731
              },
              "status": "ok"
            },
            "logical_iterations": 10
          },
          "single": {
            "dispatches_per_iteration": 1,
            "gpu_elapsed": {
              "clock": "hip_event",
              "per_iteration_us": {
                "max": 19.600000232458115,
                "median": 19.23999935388565,
                "min": 16.24000072479248,
                "n": 5,
                "p05": 16.3440003991127,
                "p95": 19.592000171542168,
                "samples": 5,
                "stdev": 1.4679508832607742
              },
              "sequence_us": {
                "max": 19.600000232458115,
                "median": 19.23999935388565,
                "min": 16.24000072479248,
                "n": 5,
                "p05": 16.3440003991127,
                "p95": 19.592000171542168,
                "samples": 5,
                "stdev": 1.4679508832607742
              },
              "status": "ok"
            },
            "host_wall": {
              "clock": "steady_clock",
              "per_iteration_us": {
                "max": 44.471,
                "median": 43.28,
                "min": 38.14,
                "n": 5,
                "p05": 38.2582,
                "p95": 44.3288,
                "samples": 5,
                "stdev": 2.6797095812792833
              },
              "sequence_us": {
                "max": 44.471,
                "median": 43.28,
                "min": 38.14,
                "n": 5,
                "p05": 38.2582,
                "p95": 44.3288,
                "samples": 5,
                "stdev": 2.6797095812792833
              },
              "status": "ok"
            },
            "logical_iterations": 1
          }
        },
        "timing_mode": "serial_latency",
        "variant": "single",
        "workgroup_match": "exact_hip_wave32"
      },
      {
        "backend": "hip",
        "correctness": {
          "single_dispatch": {
            "oracle": "CPU Q8_0 dense q8_1+dp4a BF16 logits with KL <= 0.05 and top-1 >= 90%",
            "status": "pass"
          },
          "synchronization": {
            "barrier_count": 0,
            "method": "hip_stream_order",
            "status": "pass"
          },
          "timed_sequence": {
            "coverage": "chained_final_state",
            "logical_iterations": 10,
            "oracle": "CPU Q8_0 dense q8_1+dp4a BF16 logits with KL <= 0.05 and top-1 >= 90%",
            "status": "pass"
          }
        },
        "correctness_pass": true,
        "dependency_contract": {
          "inter_dispatch_ordering": "hip_stream_order",
          "output_partitioning": "chained_shared",
          "validation_status": "pass",
          "work_dependency": "chained"
        },
        "execution": {
          "actual_parallel_lanes": 1,
          "calibrated_timestamp_domain": false,
          "lane_assignment": "ordered_stream",
          "requested_parallel_lanes": 4,
          "submission_strategy": "direct"
        },
        "in_features": 2048,
        "local_size": 32,
        "median_us": 16.447900235652924,
        "numeric_correctness": {
          "burst": {
            "expected_repetitions": [
              9
            ],
            "kl_divergence": 5.4467423134534185e-05,
            "max_abs": 0.02789306640625,
            "mean_abs": 0.002122038509696722,
            "oracle": "CPU Q8_0 dense q8_1+dp4a BF16 logits with KL/top-1 gate",
            "outputs_checked": 1,
            "pass": true,
            "top1": 1.0
          },
          "single": {
            "expected_repetitions": [
              0
            ],
            "kl_divergence": 4.218463729143969e-05,
            "max_abs": 0.022086143493652344,
            "mean_abs": 0.0026487447321414948,
            "oracle": "CPU Q8_0 dense q8_1+dp4a BF16 logits with KL/top-1 gate",
            "outputs_checked": 1,
            "pass": true,
            "top1": 1.0
          }
        },
        "operation": "q8_0_dense_dp4a_quantize_plus_dot",
        "out_features": 2048,
        "q8_0_weight_bytes": 4456448,
        "q8_blocks_per_row": 64,
        "row_tile": 1,
        "rows": 4,
        "sequence_validation": {
          "burst_expected_repetitions": [
            9
          ],
          "input_repetition_pattern": "distinct_deterministic_salt",
          "output_partitioning": "shared",
          "single_expected_repetitions": [
            0
          ],
          "xq_partitioning": "shared"
        },
        "submission": {
          "completion_in_host_wall": true,
          "queue_or_stream_count": 1,
          "recording_in_timed_region": false,
          "strategy": "direct",
          "submit_in_host_wall": true
        },
        "timing": {
          "burst": {
            "dispatches_per_iteration": 2,
            "gpu_elapsed": {
              "clock": "hip_event",
              "per_iteration_us": {
                "max": 16.55600070953369,
                "median": 16.447900235652924,
                "min": 15.199899673461914,
                "n": 5,
                "p05": 15.207919776439667,
                "p95": 16.536000669002533,
                "samples": 5,
                "stdev": 0.621842450025088
              },
              "sequence_us": {
                "max": 165.5600070953369,
                "median": 164.47900235652924,
                "min": 151.99899673461914,
                "n": 5,
                "p05": 152.07919776439667,
                "p95": 165.36000669002533,
                "samples": 5,
                "stdev": 6.21842450025088
              },
              "status": "ok"
            },
            "host_wall": {
              "clock": "steady_clock",
              "per_iteration_us": {
                "max": 18.8662,
                "median": 18.685200000000002,
                "min": 17.418100000000003,
                "n": 5,
                "p05": 17.497100000000003,
                "p95": 18.83578,
                "samples": 5,
                "stdev": 0.5753707208400504
              },
              "sequence_us": {
                "max": 188.662,
                "median": 186.852,
                "min": 174.181,
                "n": 5,
                "p05": 174.97100000000003,
                "p95": 188.3578,
                "samples": 5,
                "stdev": 5.753707208400508
              },
              "status": "ok"
            },
            "logical_iterations": 10
          },
          "single": {
            "dispatches_per_iteration": 2,
            "gpu_elapsed": {
              "clock": "hip_event",
              "per_iteration_us": {
                "max": 23.560000583529472,
                "median": 23.19999970495701,
                "min": 19.600000232458115,
                "n": 5,
                "p05": 19.680000096559525,
                "p95": 23.504000529646873,
                "samples": 5,
                "stdev": 1.7462005981480981
              },
              "sequence_us": {
                "max": 23.560000583529472,
                "median": 23.19999970495701,
                "min": 19.600000232458115,
                "n": 5,
                "p05": 19.680000096559525,
                "p95": 23.504000529646873,
                "samples": 5,
                "stdev": 1.7462005981480981
              },
              "status": "ok"
            },
            "host_wall": {
              "clock": "steady_clock",
              "per_iteration_us": {
                "max": 48.67,
                "median": 47.62,
                "min": 42.21,
                "n": 5,
                "p05": 42.3962,
                "p95": 48.5782,
                "samples": 5,
                "stdev": 2.7267350879760945
              },
              "sequence_us": {
                "max": 48.67,
                "median": 47.62,
                "min": 42.21,
                "n": 5,
                "p05": 42.3962,
                "p95": 48.5782,
                "samples": 5,
                "stdev": 2.7267350879760945
              },
              "status": "ok"
            },
            "logical_iterations": 1
          }
        },
        "timing_mode": "serial_latency",
        "variant": "single",
        "workgroup_match": "exact_hip_wave32"
      },
      {
        "backend": "hip",
        "correctness": {
          "single_dispatch": {
            "oracle": "CPU Q8_0 dense q8_1+dp4a BF16 logits with KL <= 0.05 and top-1 >= 90%",
            "status": "pass"
          },
          "synchronization": {
            "barrier_count": 0,
            "method": "hip_stream_order",
            "status": "pass"
          },
          "timed_sequence": {
            "coverage": "chained_final_state",
            "logical_iterations": 10,
            "oracle": "CPU Q8_0 dense q8_1+dp4a BF16 logits with KL <= 0.05 and top-1 >= 90%",
            "status": "pass"
          }
        },
        "correctness_pass": true,
        "dependency_contract": {
          "inter_dispatch_ordering": "hip_stream_order",
          "output_partitioning": "chained_shared",
          "validation_status": "pass",
          "work_dependency": "chained"
        },
        "execution": {
          "actual_parallel_lanes": 1,
          "calibrated_timestamp_domain": false,
          "lane_assignment": "ordered_stream",
          "requested_parallel_lanes": 4,
          "submission_strategy": "direct"
        },
        "in_features": 2048,
        "local_size": 32,
        "median_us": 18.6039000749588,
        "numeric_correctness": {
          "burst": {
            "expected_repetitions": [
              9
            ],
            "kl_divergence": 5.4467423134534185e-05,
            "max_abs": 0.02789306640625,
            "mean_abs": 0.002122038509696722,
            "oracle": "CPU Q8_0 dense q8_1+dp4a BF16 logits with KL/top-1 gate",
            "outputs_checked": 1,
            "pass": true,
            "top1": 1.0
          },
          "single": {
            "expected_repetitions": [
              0
            ],
            "kl_divergence": 4.218463729143969e-05,
            "max_abs": 0.022086143493652344,
            "mean_abs": 0.0026487447321414948,
            "oracle": "CPU Q8_0 dense q8_1+dp4a BF16 logits with KL/top-1 gate",
            "outputs_checked": 1,
            "pass": true,
            "top1": 1.0
          }
        },
        "operation": "q8_0_dense_dp4a_dot_prequantized",
        "out_features": 2048,
        "q8_0_weight_bytes": 4456448,
        "q8_blocks_per_row": 64,
        "row_tile": 4,
        "rows": 4,
        "sequence_validation": {
          "burst_expected_repetitions": [
            9
          ],
          "input_repetition_pattern": "distinct_deterministic_salt",
          "output_partitioning": "shared",
          "single_expected_repetitions": [
            0
          ],
          "xq_partitioning": "shared"
        },
        "submission": {
          "completion_in_host_wall": true,
          "queue_or_stream_count": 1,
          "recording_in_timed_region": false,
          "strategy": "direct",
          "submit_in_host_wall": true
        },
        "timing": {
          "burst": {
            "dispatches_per_iteration": 1,
            "gpu_elapsed": {
              "clock": "hip_event",
              "per_iteration_us": {
                "max": 20.27200013399124,
                "median": 18.6039000749588,
                "min": 17.416000366210938,
                "n": 5,
                "p05": 17.41998016834259,
                "p95": 20.256800055503845,
                "samples": 5,
                "stdev": 1.2592949656458954
              },
              "sequence_us": {
                "max": 202.72000133991241,
                "median": 186.039000749588,
                "min": 174.16000366210938,
                "n": 5,
                "p05": 174.1998016834259,
                "p95": 202.56800055503845,
                "samples": 5,
                "stdev": 12.592949656458954
              },
              "status": "ok"
            },
            "host_wall": {
              "clock": "steady_clock",
              "per_iteration_us": {
                "max": 22.8172,
                "median": 21.3982,
                "min": 19.9671,
                "n": 5,
                "p05": 19.994320000000002,
                "p95": 22.8104,
                "samples": 5,
                "stdev": 1.2373879365825418
              },
              "sequence_us": {
                "max": 228.172,
                "median": 213.982,
                "min": 199.671,
                "n": 5,
                "p05": 199.94320000000002,
                "p95": 228.104,
                "samples": 5,
                "stdev": 12.373879365825413
              },
              "status": "ok"
            },
            "logical_iterations": 10
          },
          "single": {
            "dispatches_per_iteration": 1,
            "gpu_elapsed": {
              "clock": "hip_event",
              "per_iteration_us": {
                "max": 31.440000981092453,
                "median": 25.679999962449074,
                "min": 25.63999965786934,
                "n": 5,
                "p05": 25.647999718785286,
                "p95": 30.32000064849853,
                "samples": 5,
                "stdev": 2.2930299339054785
              },
              "sequence_us": {
                "max": 31.440000981092453,
                "median": 25.679999962449074,
                "min": 25.63999965786934,
                "n": 5,
                "p05": 25.647999718785286,
                "p95": 30.32000064849853,
                "samples": 5,
                "stdev": 2.2930299339054785
              },
              "status": "ok"
            },
            "host_wall": {
              "clock": "steady_clock",
              "per_iteration_us": {
                "max": 64.65,
                "median": 52.08,
                "min": 51.57,
                "n": 5,
                "p05": 51.580200000000005,
                "p95": 62.3022,
                "samples": 5,
                "stdev": 5.064687891667168
              },
              "sequence_us": {
                "max": 64.65,
                "median": 52.08,
                "min": 51.57,
                "n": 5,
                "p05": 51.580200000000005,
                "p95": 62.3022,
                "samples": 5,
                "stdev": 5.064687891667168
              },
              "status": "ok"
            },
            "logical_iterations": 1
          }
        },
        "timing_mode": "serial_latency",
        "variant": "rowtile4",
        "workgroup_match": "exact_hip_wave32"
      },
      {
        "backend": "hip",
        "correctness": {
          "single_dispatch": {
            "oracle": "CPU Q8_0 dense q8_1+dp4a BF16 logits with KL <= 0.05 and top-1 >= 90%",
            "status": "pass"
          },
          "synchronization": {
            "barrier_count": 0,
            "method": "hip_stream_order",
            "status": "pass"
          },
          "timed_sequence": {
            "coverage": "chained_final_state",
            "logical_iterations": 10,
            "oracle": "CPU Q8_0 dense q8_1+dp4a BF16 logits with KL <= 0.05 and top-1 >= 90%",
            "status": "pass"
          }
        },
        "correctness_pass": true,
        "dependency_contract": {
          "inter_dispatch_ordering": "hip_stream_order",
          "output_partitioning": "chained_shared",
          "validation_status": "pass",
          "work_dependency": "chained"
        },
        "execution": {
          "actual_parallel_lanes": 1,
          "calibrated_timestamp_domain": false,
          "lane_assignment": "ordered_stream",
          "requested_parallel_lanes": 4,
          "submission_strategy": "direct"
        },
        "in_features": 2048,
        "local_size": 32,
        "median_us": 20.895899832248688,
        "numeric_correctness": {
          "burst": {
            "expected_repetitions": [
              9
            ],
            "kl_divergence": 5.4467423134534185e-05,
            "max_abs": 0.02789306640625,
            "mean_abs": 0.002122038509696722,
            "oracle": "CPU Q8_0 dense q8_1+dp4a BF16 logits with KL/top-1 gate",
            "outputs_checked": 1,
            "pass": true,
            "top1": 1.0
          },
          "single": {
            "expected_repetitions": [
              0
            ],
            "kl_divergence": 4.218463729143969e-05,
            "max_abs": 0.022086143493652344,
            "mean_abs": 0.0026487447321414948,
            "oracle": "CPU Q8_0 dense q8_1+dp4a BF16 logits with KL/top-1 gate",
            "outputs_checked": 1,
            "pass": true,
            "top1": 1.0
          }
        },
        "operation": "q8_0_dense_dp4a_quantize_plus_dot",
        "out_features": 2048,
        "q8_0_weight_bytes": 4456448,
        "q8_blocks_per_row": 64,
        "row_tile": 4,
        "rows": 4,
        "sequence_validation": {
          "burst_expected_repetitions": [
            9
          ],
          "input_repetition_pattern": "distinct_deterministic_salt",
          "output_partitioning": "shared",
          "single_expected_repetitions": [
            0
          ],
          "xq_partitioning": "shared"
        },
        "submission": {
          "completion_in_host_wall": true,
          "queue_or_stream_count": 1,
          "recording_in_timed_region": false,
          "strategy": "direct",
          "submit_in_host_wall": true
        },
        "timing": {
          "burst": {
            "dispatches_per_iteration": 2,
            "gpu_elapsed": {
              "clock": "hip_event",
              "per_iteration_us": {
                "max": 24.027900397777557,
                "median": 20.895899832248688,
                "min": 20.659999549388885,
                "n": 5,
                "p05": 20.66797971725464,
                "p95": 23.780700266361237,
                "samples": 5,
                "stdev": 1.3618722043005493
              },
              "sequence_us": {
                "max": 240.27900397777557,
                "median": 208.95899832248688,
                "min": 206.59999549388885,
                "n": 5,
                "p05": 206.6797971725464,
                "p95": 237.80700266361237,
                "samples": 5,
                "stdev": 13.618722043005492
              },
              "status": "ok"
            },
            "host_wall": {
              "clock": "steady_clock",
              "per_iteration_us": {
                "max": 26.630200000000002,
                "median": 23.3532,
                "min": 23.2712,
                "n": 5,
                "p05": 23.274800000000003,
                "p95": 26.4478,
                "samples": 5,
                "stdev": 1.435379448090296
              },
              "sequence_us": {
                "max": 266.302,
                "median": 233.532,
                "min": 232.712,
                "n": 5,
                "p05": 232.748,
                "p95": 264.478,
                "samples": 5,
                "stdev": 14.35379448090296
              },
              "status": "ok"
            },
            "logical_iterations": 10
          },
          "single": {
            "dispatches_per_iteration": 2,
            "gpu_elapsed": {
              "clock": "hip_event",
              "per_iteration_us": {
                "max": 37.59999945759773,
                "median": 30.079999938607216,
                "min": 29.279999434947968,
                "n": 5,
                "p05": 29.311799630522728,
                "p95": 36.33599951863289,
                "samples": 5,
                "stdev": 3.1127000285836943
              },
              "sequence_us": {
                "max": 37.59999945759773,
                "median": 30.079999938607216,
                "min": 29.279999434947968,
                "n": 5,
                "p05": 29.311799630522728,
                "p95": 36.33599951863289,
                "samples": 5,
                "stdev": 3.1127000285836943
              },
              "status": "ok"
            },
            "host_wall": {
              "clock": "steady_clock",
              "per_iteration_us": {
                "max": 68.89,
                "median": 56.17,
                "min": 55.33,
                "n": 5,
                "p05": 55.34,
                "p95": 67.3102,
                "samples": 5,
                "stdev": 5.210338891089523
              },
              "sequence_us": {
                "max": 68.89,
                "median": 56.17,
                "min": 55.33,
                "n": 5,
                "p05": 55.34,
                "p95": 67.3102,
                "samples": 5,
                "stdev": 5.210338891089523
              },
              "status": "ok"
            },
            "logical_iterations": 1
          }
        },
        "timing_mode": "serial_latency",
        "variant": "rowtile4",
        "workgroup_match": "exact_hip_wave32"
      }
    ]
  },
  "notes": "HIP raw GGUF Q8_0 dense q8_1+dp4a production-shaped probe using single-row and rowtile4 kernels.",
  "parameters": {
    "actual_parallel_lanes": 1,
    "exact_local_size": 32,
    "independent_streams": 4,
    "input_scale": 0.1,
    "repetitions": 10,
    "row_tiles": "1,4",
    "rows_list": "1,4",
    "samples": 5,
    "shapes": "768x2048,2048x2048",
    "timing_mode": "serial_latency",
    "warmup_sequences": 3
  },
  "schema_version": 2,
  "source": {
    "branch": "",
    "commit": "f2c3ad6d74c86e3641ce09ff9fd759eaa6cd75e0",
    "dirty": false,
    "repo": "/tmp/hipEngine-f2c",
    "source_hash": "sha256:214f6025d39d0db222fdb915dba10e2000c598c23589a925a6147e97013926c6"
  },
  "timing_config": {
    "actual_parallel_lanes": 1,
    "independent_streams": 4,
    "method": "HIP events plus host wall for one-dispatch and exact repeated sequences",
    "reps": 10,
    "samples": 5,
    "timing_mode": "serial_latency",
    "warmup": 3
  },
  "wrapper": {
    "build_dir": "/home/kaden/ClaudeCode/autorocm/redline-pub/examples/hipengine-6409/results/gfx1201/2026-07-13-radiowave-redline/build/hip/dense-q8",
    "command": [
      "python3",
      "/tmp/hipEngine-f2c/benchmarks/micro/runners/q8_0_dense_real_slice.py",
      "--backend",
      "hip",
      "--timing-mode",
      "serial_latency",
      "--independent-streams",
      "4",
      "--reps",
      "10",
      "--warmup",
      "3",
      "--samples",
      "5",
      "--environment-json",
      "/home/kaden/ClaudeCode/autorocm/redline-pub/examples/hipengine-6409/results/gfx1201/2026-07-13-radiowave-redline/environment.json",
      "--environment-ref",
      "/home/kaden/ClaudeCode/autorocm/redline-pub/examples/hipengine-6409/results/gfx1201/2026-07-13-radiowave-redline/environment.json",
      "--gfx-arch",
      "gfx1201",
      "--hardware-gpu",
      "AMD Radeon Graphics",
      "--build-dir",
      "/home/kaden/ClaudeCode/autorocm/redline-pub/examples/hipengine-6409/results/gfx1201/2026-07-13-radiowave-redline/build/hip/dense-q8",
      "--shapes",
      "768x2048,2048x2048",
      "--rows-list",
      "1,4",
      "--local-sizes",
      "32,64,128",
      "--row-tiles",
      "1,4",
      "--out",
      "/home/kaden/ClaudeCode/autorocm/redline-pub/examples/hipengine-6409/results/gfx1201/2026-07-13-radiowave-redline/serial_latency/hip-dense-q8.json",
      "--pretty"
    ],
    "commands": [],
    "cwd": "/tmp/hipEngine-f2c",
    "schema": "hipengine.micro.q8_0_dense_real_slice_runner.v2"
  }
}

