[hip-two-stage] K=8192 rows=1 wg=128 splits=2 median=63.9118 us correctness=pass
[hip-two-stage] K=8192 rows=1 wg=128 splits=4 median=34.9039 us correctness=pass
[hip-two-stage] K=8192 rows=4 wg=128 splits=2 median=67.0037 us correctness=pass
[hip-two-stage] K=8192 rows=4 wg=128 splits=4 median=34.9399 us correctness=pass
[hip-two-stage] K=32768 rows=1 wg=128 splits=2 median=322.387 us correctness=pass
[hip-two-stage] K=32768 rows=1 wg=128 splits=4 median=171.399 us correctness=pass
[hip-two-stage] K=32768 rows=4 wg=128 splits=2 median=340.894 us correctness=pass
[hip-two-stage] K=32768 rows=4 wg=128 splits=4 median=173.019 us correctness=pass
[hip-two-stage] K=8192 rows=1 wg=256 splits=2 median=37.0919 us correctness=pass
[hip-two-stage] K=8192 rows=1 wg=256 splits=4 median=22.5039 us correctness=pass
[hip-two-stage] K=8192 rows=4 wg=256 splits=2 median=38.9158 us correctness=pass
[hip-two-stage] K=8192 rows=4 wg=256 splits=4 median=22.5719 us correctness=pass
[hip-two-stage] K=32768 rows=1 wg=256 splits=2 median=172.627 us correctness=pass
[hip-two-stage] K=32768 rows=1 wg=256 splits=4 median=90.6795 us correctness=pass
[hip-two-stage] K=32768 rows=4 wg=256 splits=2 median=174.623 us correctness=pass
[hip-two-stage] K=32768 rows=4 wg=256 splits=4 median=92.0156 us correctness=pass
{
  "artifact_ref": "/home/kaden/ClaudeCode/autorocm/redline-pub/examples/hipengine-6409/results/gfx1201/2026-07-13-radiowave-redline/serial_latency/hip-two-stage-reduction.json",
  "bench": "two_stage_reduction",
  "claim_gate": {
    "blocking_reasons": [
      "raw_result_identity_mismatch_or_missing",
      "device_identity_mismatch_or_missing",
      "comparison_matrix_incomplete"
    ],
    "clean_source": true,
    "correctness_pass": true,
    "device_match": false,
    "gfx_arch_match": true,
    "hip_device_fingerprint": "radeon_graphics",
    "matrix": {
      "actual_matched_rows": 0,
      "actual_rows": 16,
      "backend_pair_requested": false,
      "comparison_set_complete": false,
      "exact_raw_result_set": false,
      "exact_row_set": false,
      "expected_matched_rows": 16,
      "expected_rows": 32,
      "row_metadata_pass": true
    },
    "matrix_complete": false,
    "performance_claim": false,
    "raw_evidence": {
      "hip": {
        "device_fingerprints": [
          "radeon_graphics"
        ],
        "device_names": [
          "AMD Radeon Graphics"
        ],
        "gfx_arches": [
          "gfx1201"
        ],
        "identity_pass": true,
        "raw_result_count": 2,
        "source_hashes": []
      },
      "identity_pass": false,
      "vulkan": {
        "device_fingerprints": [],
        "device_names": [],
        "gfx_arches": [],
        "identity_pass": false,
        "raw_result_count": 0,
        "source_hashes": []
      }
    },
    "raw_result_identity_pass": false,
    "same_commit": true,
    "source_hash_present": true,
    "source_scope": "single_joint_wrapper_invocation",
    "status": "blocked",
    "vulkan_device_fingerprint": ""
  },
  "classification": "diagnostic_unclassified",
  "command": [
    "python3",
    "/tmp/hipEngine-f2c/benchmarks/micro/runners/two_stage_reduction.py",
    "--backend",
    "hip",
    "--timing-mode",
    "serial_latency",
    "--independent-streams",
    "4",
    "--reps",
    "10",
    "--warmup",
    "3",
    "--samples",
    "5",
    "--environment-json",
    "/home/kaden/ClaudeCode/autorocm/redline-pub/examples/hipengine-6409/results/gfx1201/2026-07-13-radiowave-redline/environment.json",
    "--environment-ref",
    "/home/kaden/ClaudeCode/autorocm/redline-pub/examples/hipengine-6409/results/gfx1201/2026-07-13-radiowave-redline/environment.json",
    "--gfx-arch",
    "gfx1201",
    "--hardware-gpu",
    "AMD Radeon Graphics",
    "--build-dir",
    "/home/kaden/ClaudeCode/autorocm/redline-pub/examples/hipengine-6409/results/gfx1201/2026-07-13-radiowave-redline/build/hip/two-stage-reduction",
    "--k-list",
    "8192,32768",
    "--rows-list",
    "1,4",
    "--workgroups",
    "128,256",
    "--split-counts",
    "2,4",
    "--body-repeats",
    "16",
    "--out",
    "/home/kaden/ClaudeCode/autorocm/redline-pub/examples/hipengine-6409/results/gfx1201/2026-07-13-radiowave-redline/serial_latency/hip-two-stage-reduction.json",
    "--pretty"
  ],
  "commands": [
    {
      "build_command": [
        "/usr/bin/hipcc",
        "--offload-arch=gfx1201",
        "-O3",
        "-std=c++17",
        "-DHIPENGINE_FIXED_WORKGROUP_SIZE=128",
        "/tmp/hipEngine-f2c/benchmarks/micro/runners/hip_two_stage_reduction.hip",
        "-o",
        "/home/kaden/ClaudeCode/autorocm/redline-pub/examples/hipengine-6409/results/gfx1201/2026-07-13-radiowave-redline/build/hip/two-stage-reduction/hip_two_stage_reduction_wg128"
      ],
      "kind": "hip",
      "run_command": [
        "/home/kaden/ClaudeCode/autorocm/redline-pub/examples/hipengine-6409/results/gfx1201/2026-07-13-radiowave-redline/build/hip/two-stage-reduction/hip_two_stage_reduction_wg128",
        "--json",
        "/home/kaden/ClaudeCode/autorocm/redline-pub/examples/hipengine-6409/results/gfx1201/2026-07-13-radiowave-redline/build/hip/two-stage-reduction/hip-two-stage-wg128.json",
        "--k-list",
        "8192,32768",
        "--rows-list",
        "1,4",
        "--workgroups",
        "128",
        "--split-counts",
        "2,4",
        "--body-repeats",
        "16",
        "--reps",
        "10",
        "--warmup",
        "3",
        "--samples",
        "5",
        "--timing-mode",
        "serial_latency",
        "--device-index",
        "0",
        "--independent-streams",
        "4"
      ],
      "workgroup": 128
    },
    {
      "build_command": [
        "/usr/bin/hipcc",
        "--offload-arch=gfx1201",
        "-O3",
        "-std=c++17",
        "-DHIPENGINE_FIXED_WORKGROUP_SIZE=256",
        "/tmp/hipEngine-f2c/benchmarks/micro/runners/hip_two_stage_reduction.hip",
        "-o",
        "/home/kaden/ClaudeCode/autorocm/redline-pub/examples/hipengine-6409/results/gfx1201/2026-07-13-radiowave-redline/build/hip/two-stage-reduction/hip_two_stage_reduction_wg256"
      ],
      "kind": "hip",
      "run_command": [
        "/home/kaden/ClaudeCode/autorocm/redline-pub/examples/hipengine-6409/results/gfx1201/2026-07-13-radiowave-redline/build/hip/two-stage-reduction/hip_two_stage_reduction_wg256",
        "--json",
        "/home/kaden/ClaudeCode/autorocm/redline-pub/examples/hipengine-6409/results/gfx1201/2026-07-13-radiowave-redline/build/hip/two-stage-reduction/hip-two-stage-wg256.json",
        "--k-list",
        "8192,32768",
        "--rows-list",
        "1,4",
        "--workgroups",
        "256",
        "--split-counts",
        "2,4",
        "--body-repeats",
        "16",
        "--reps",
        "10",
        "--warmup",
        "3",
        "--samples",
        "5",
        "--timing-mode",
        "serial_latency",
        "--device-index",
        "0",
        "--independent-streams",
        "4"
      ],
      "workgroup": 256
    }
  ],
  "comparisons": [],
  "config": {
    "backend": "hip",
    "body_repeats": 16,
    "independent_queues": 4,
    "independent_streams": 4,
    "k_list": [
      8192,
      32768
    ],
    "reps": 10,
    "rows_list": [
      1,
      4
    ],
    "samples": 5,
    "split_counts": [
      2,
      4
    ],
    "timing_mode": "serial_latency",
    "warmup": 3,
    "workgroups": [
      128,
      256
    ]
  },
  "correctness": {
    "all_rows_pass": true,
    "hip": {
      "all_rows_pass": true,
      "row_count": 16,
      "status": "pass"
    },
    "row_count": 16,
    "status": "pass",
    "vulkan": {
      "row_count": 0,
      "status": "not_run"
    }
  },
  "environment": {
    "captured": null,
    "ref": "/home/kaden/ClaudeCode/autorocm/redline-pub/examples/hipengine-6409/results/gfx1201/2026-07-13-radiowave-redline/environment.json"
  },
  "hardware": {
    "hip": {
      "gfx_arch": "gfx1201",
      "gpu_name": "AMD Radeon Graphics"
    },
    "vulkan": {
      "gfx_arch": "gfx1201",
      "gpu_name": "AMD Radeon Graphics"
    }
  },
  "inputs": {
    "backend": "hip",
    "body_repeats": 16,
    "independent_queues": 4,
    "independent_streams": 4,
    "k_list": [
      8192,
      32768
    ],
    "reps": 10,
    "rows_list": [
      1,
      4
    ],
    "samples": 5,
    "split_counts": [
      2,
      4
    ],
    "timing_mode": "serial_latency",
    "warmup": 3,
    "workgroups": [
      128,
      256
    ]
  },
  "interpretation": "True two-stage f32 reduction control. serial_latency orders each partial and final dispatch and reuses shared state. independent_throughput uses disjoint slices with one intra-operation partial-to-final dependency per logical operation, distributed over matched HIP stream and Vulkan queue lanes. Vulkan cross-queue GPU span uses calibrated timestamps. GPU ratios are comparable; unlike host submission classes are intentionally not compared.",
  "kind": "hipengine_micro_comparison",
  "matched_rows": [],
  "performance_claim": false,
  "raw_results": {
    "hip:wg128": {
      "backend": "hip",
      "config": {
        "body_repeats": 16,
        "hip_fixed_workgroup_size": 128,
        "independent_streams": 4,
        "k_list": [
          8192,
          32768
        ],
        "method": "two dispatches per repetition: block partials plus final reduction",
        "reps": 10,
        "rows_list": [
          1,
          4
        ],
        "samples": 5,
        "split_counts": [
          2,
          4
        ],
        "timing_mode": "serial_latency",
        "warmup": 3,
        "workgroups": [
          128
        ]
      },
      "hardware": {
        "device_name": "AMD Radeon Graphics",
        "gcn_arch_name": "gfx1201",
        "multi_processor_count": 32
      },
      "rows": [
        {
          "body_repeats": 16,
          "bytes_per_us": 1025.538295,
          "correctness": {
            "single_dispatch": {
              "oracle": "deterministic CPU two-stage reference with sequence tag",
              "status": "pass"
            },
            "synchronization": {
              "barrier_count": 0,
              "method": "ordered_stream_final_chain",
              "status": "pass"
            },
            "timed_sequence": {
              "coverage": "chained_final_state",
              "logical_iterations": 10,
              "oracle": "deterministic CPU two-stage reference with sequence tag",
              "status": "pass"
            }
          },
          "correctness_pass": true,
          "dependency_contract": {
            "inter_dispatch_ordering": "hip_stream_order",
            "output_partitioning": "chained_shared",
            "validation_status": "pass",
            "work_dependency": "chained"
          },
          "gflops": 4.101652489,
          "k": 8192,
          "max_abs": 0,
          "max_rel": 0,
          "max_us": 64.5837009,
          "median_us": 63.91180158,
          "min_us": 63.09170127,
          "p05_us": 63.24290156,
          "p95_us": 64.45250034,
          "rows": 1,
          "split_count": 2,
          "submission": {
            "completion_in_host_wall": true,
            "queue_or_stream_count": 1,
            "recording_in_timed_region": false,
            "strategy": "direct",
            "submit_in_host_wall": true
          },
          "timing": {
            "burst": {
              "dispatches_per_iteration": 2,
              "gpu_elapsed": {
                "clock": "hip_event",
                "per_iteration_us": {
                  "max": 64.5837009,
                  "median": 63.91180158,
                  "min": 63.09170127,
                  "n": 5,
                  "p05": 63.24290156,
                  "p95": 64.45250034,
                  "samples": 5,
                  "stdev": 0.4734257537
                },
                "sequence_us": {
                  "max": 645.837009,
                  "median": 639.1180158,
                  "min": 630.9170127,
                  "n": 5,
                  "p05": 632.4290156,
                  "p95": 644.5250034,
                  "samples": 5,
                  "stdev": 4.734257537
                },
                "status": "ok"
              },
              "host_wall": {
                "clock": "steady_clock",
                "per_iteration_us": {
                  "max": 66.9364,
                  "median": 65.8463,
                  "min": 65.0404,
                  "n": 5,
                  "p05": 65.1994,
                  "p95": 66.7308,
                  "samples": 5,
                  "stdev": 0.6032030186
                },
                "sequence_us": {
                  "max": 669.364,
                  "median": 658.463,
                  "min": 650.404,
                  "n": 5,
                  "p05": 651.994,
                  "p95": 667.308,
                  "samples": 5,
                  "stdev": 6.032030186
                },
                "status": "ok"
              },
              "logical_iterations": 10
            },
            "single": {
              "dispatches_per_iteration": 2,
              "gpu_elapsed": {
                "clock": "hip_event",
                "per_iteration_us": {
                  "max": 81.32000268,
                  "median": 72.55999744,
                  "min": 69.95999813,
                  "n": 5,
                  "p05": 70.01599818,
                  "p95": 81.16000146,
                  "samples": 5,
                  "stdev": 4.987858089
                },
                "sequence_us": {
                  "max": 81.32000268,
                  "median": 72.55999744,
                  "min": 69.95999813,
                  "n": 5,
                  "p05": 70.01599818,
                  "p95": 81.16000146,
                  "samples": 5,
                  "stdev": 4.987858089
                },
                "status": "ok"
              },
              "host_wall": {
                "clock": "steady_clock",
                "per_iteration_us": {
                  "max": 119.041,
                  "median": 100.16,
                  "min": 94.34,
                  "n": 5,
                  "p05": 94.4022,
                  "p95": 117.227,
                  "samples": 5,
                  "stdev": 9.556930566
                },
                "sequence_us": {
                  "max": 119.041,
                  "median": 100.16,
                  "min": 94.34,
                  "n": 5,
                  "p05": 94.4022,
                  "p95": 117.227,
                  "samples": 5,
                  "stdev": 9.556930566
                },
                "status": "ok"
              },
              "logical_iterations": 1
            }
          },
          "timing_mode": "serial_latency",
          "workgroup_size": 128
        },
        {
          "body_repeats": 16,
          "bytes_per_us": 1878.070995,
          "correctness": {
            "single_dispatch": {
              "oracle": "deterministic CPU two-stage reference with sequence tag",
              "status": "pass"
            },
            "synchronization": {
              "barrier_count": 0,
              "method": "ordered_stream_final_chain",
              "status": "pass"
            },
            "timed_sequence": {
              "coverage": "chained_final_state",
              "logical_iterations": 10,
              "oracle": "deterministic CPU two-stage reference with sequence tag",
              "status": "pass"
            }
          },
          "correctness_pass": true,
          "dependency_contract": {
            "inter_dispatch_ordering": "hip_stream_order",
            "output_partitioning": "chained_shared",
            "validation_status": "pass",
            "work_dependency": "chained"
          },
          "gflops": 7.510450372,
          "k": 8192,
          "max_abs": 0,
          "max_rel": 0,
          "max_us": 35.85579991,
          "median_us": 34.90389884,
          "min_us": 34.87580121,
          "p05_us": 34.87902105,
          "p95_us": 35.67582011,
          "rows": 1,
          "split_count": 4,
          "submission": {
            "completion_in_host_wall": true,
            "queue_or_stream_count": 1,
            "recording_in_timed_region": false,
            "strategy": "direct",
            "submit_in_host_wall": true
          },
          "timing": {
            "burst": {
              "dispatches_per_iteration": 2,
              "gpu_elapsed": {
                "clock": "hip_event",
                "per_iteration_us": {
                  "max": 35.85579991,
                  "median": 34.90389884,
                  "min": 34.87580121,
                  "n": 5,
                  "p05": 34.87902105,
                  "p95": 35.67582011,
                  "samples": 5,
                  "stdev": 0.3805176709
                },
                "sequence_us": {
                  "max": 358.5579991,
                  "median": 349.0389884,
                  "min": 348.7580121,
                  "n": 5,
                  "p05": 348.7902105,
                  "p95": 356.7582011,
                  "samples": 5,
                  "stdev": 3.805176709
                },
                "status": "ok"
              },
              "host_wall": {
                "clock": "steady_clock",
                "per_iteration_us": {
                  "max": 38.4942,
                  "median": 36.9052,
                  "min": 36.8042,
                  "n": 5,
                  "p05": 36.8186,
                  "p95": 38.2116,
                  "samples": 5,
                  "stdev": 0.6375412144
                },
                "sequence_us": {
                  "max": 384.942,
                  "median": 369.052,
                  "min": 368.042,
                  "n": 5,
                  "p05": 368.186,
                  "p95": 382.116,
                  "samples": 5,
                  "stdev": 6.375412144
                },
                "status": "ok"
              },
              "logical_iterations": 10
            },
            "single": {
              "dispatches_per_iteration": 2,
              "gpu_elapsed": {
                "clock": "hip_event",
                "per_iteration_us": {
                  "max": 47.75999859,
                  "median": 47.6000011,
                  "min": 47.27900028,
                  "n": 5,
                  "p05": 47.30320051,
                  "p95": 47.7519989,
                  "samples": 5,
                  "stdev": 0.1851614312
                },
                "sequence_us": {
                  "max": 47.75999859,
                  "median": 47.6000011,
                  "min": 47.27900028,
                  "n": 5,
                  "p05": 47.30320051,
                  "p95": 47.7519989,
                  "samples": 5,
                  "stdev": 0.1851614312
                },
                "status": "ok"
              },
              "host_wall": {
                "clock": "steady_clock",
                "per_iteration_us": {
                  "max": 78.63,
                  "median": 76.86,
                  "min": 74.841,
                  "n": 5,
                  "p05": 74.9988,
                  "p95": 78.3422,
                  "samples": 5,
                  "stdev": 1.30905624
                },
                "sequence_us": {
                  "max": 78.63,
                  "median": 76.86,
                  "min": 74.841,
                  "n": 5,
                  "p05": 74.9988,
                  "p95": 78.3422,
                  "samples": 5,
                  "stdev": 1.30905624
                },
                "status": "ok"
              },
              "logical_iterations": 1
            }
          },
          "timing_mode": "serial_latency",
          "workgroup_size": 128
        },
        {
          "body_repeats": 16,
          "bytes_per_us": 2445.715788,
          "correctness": {
            "single_dispatch": {
              "oracle": "deterministic CPU two-stage reference with sequence tag",
              "status": "pass"
            },
            "synchronization": {
              "barrier_count": 0,
              "method": "ordered_stream_final_chain",
              "status": "pass"
            },
            "timed_sequence": {
              "coverage": "chained_final_state",
              "logical_iterations": 10,
              "oracle": "deterministic CPU two-stage reference with sequence tag",
              "status": "pass"
            }
          },
          "correctness_pass": true,
          "dependency_contract": {
            "inter_dispatch_ordering": "hip_stream_order",
            "output_partitioning": "chained_shared",
            "validation_status": "pass",
            "work_dependency": "chained"
          },
          "gflops": 15.6495245,
          "k": 8192,
          "max_abs": 0,
          "max_rel": 0,
          "max_us": 67.3996985,
          "median_us": 67.00369716,
          "min_us": 66.99169874,
          "p05_us": 66.99329853,
          "p95_us": 67.37729907,
          "rows": 4,
          "split_count": 2,
          "submission": {
            "completion_in_host_wall": true,
            "queue_or_stream_count": 1,
            "recording_in_timed_region": false,
            "strategy": "direct",
            "submit_in_host_wall": true
          },
          "timing": {
            "burst": {
              "dispatches_per_iteration": 2,
              "gpu_elapsed": {
                "clock": "hip_event",
                "per_iteration_us": {
                  "max": 67.3996985,
                  "median": 67.00369716,
                  "min": 66.99169874,
                  "n": 5,
                  "p05": 66.99329853,
                  "p95": 67.37729907,
                  "samples": 5,
                  "stdev": 0.1728896612
                },
                "sequence_us": {
                  "max": 673.996985,
                  "median": 670.0369716,
                  "min": 669.9169874,
                  "n": 5,
                  "p05": 669.9329853,
                  "p95": 673.7729907,
                  "samples": 5,
                  "stdev": 1.728896612
                },
                "status": "ok"
              },
              "host_wall": {
                "clock": "steady_clock",
                "per_iteration_us": {
                  "max": 69.7294,
                  "median": 68.9473,
                  "min": 68.8513,
                  "n": 5,
                  "p05": 68.85232,
                  "p95": 69.6628,
                  "samples": 5,
                  "stdev": 0.3500678597
                },
                "sequence_us": {
                  "max": 697.294,
                  "median": 689.473,
                  "min": 688.513,
                  "n": 5,
                  "p05": 688.5232,
                  "p95": 696.628,
                  "samples": 5,
                  "stdev": 3.500678597
                },
                "status": "ok"
              },
              "logical_iterations": 10
            },
            "single": {
              "dispatches_per_iteration": 2,
              "gpu_elapsed": {
                "clock": "hip_event",
                "per_iteration_us": {
                  "max": 82.80000091,
                  "median": 79.99999821,
                  "min": 73.16000015,
                  "n": 5,
                  "p05": 73.20780009,
                  "p95": 82.60800093,
                  "samples": 5,
                  "stdev": 4.149527445
                },
                "sequence_us": {
                  "max": 82.80000091,
                  "median": 79.99999821,
                  "min": 73.16000015,
                  "n": 5,
                  "p05": 73.20780009,
                  "p95": 82.60800093,
                  "samples": 5,
                  "stdev": 4.149527445
                },
                "status": "ok"
              },
              "host_wall": {
                "clock": "steady_clock",
                "per_iteration_us": {
                  "max": 113.65,
                  "median": 108.221,
                  "min": 97.14,
                  "n": 5,
                  "p05": 97.2042,
                  "p95": 113.1162,
                  "samples": 5,
                  "stdev": 6.904815439
                },
                "sequence_us": {
                  "max": 113.65,
                  "median": 108.221,
                  "min": 97.14,
                  "n": 5,
                  "p05": 97.2042,
                  "p95": 113.1162,
                  "samples": 5,
                  "stdev": 6.904815439
                },
                "status": "ok"
              },
              "logical_iterations": 1
            }
          },
          "timing_mode": "serial_latency",
          "workgroup_size": 128
        },
        {
          "body_repeats": 16,
          "bytes_per_us": 4691.026586,
          "correctness": {
            "single_dispatch": {
              "oracle": "deterministic CPU two-stage reference with sequence tag",
              "status": "pass"
            },
            "synchronization": {
              "barrier_count": 0,
              "method": "ordered_stream_final_chain",
              "status": "pass"
            },
            "timed_sequence": {
              "coverage": "chained_final_state",
              "logical_iterations": 10,
              "oracle": "deterministic CPU two-stage reference with sequence tag",
              "status": "pass"
            }
          },
          "correctness_pass": true,
          "dependency_contract": {
            "inter_dispatch_ordering": "hip_stream_order",
            "output_partitioning": "chained_shared",
            "validation_status": "pass",
            "work_dependency": "chained"
          },
          "gflops": 30.01084716,
          "k": 8192,
          "max_abs": 0,
          "max_rel": 0,
          "max_us": 35.76390147,
          "median_us": 34.93990004,
          "min_us": 34.89179909,
          "p05_us": 34.89739954,
          "p95_us": 35.6142813,
          "rows": 4,
          "split_count": 4,
          "submission": {
            "completion_in_host_wall": true,
            "queue_or_stream_count": 1,
            "recording_in_timed_region": false,
            "strategy": "direct",
            "submit_in_host_wall": true
          },
          "timing": {
            "burst": {
              "dispatches_per_iteration": 2,
              "gpu_elapsed": {
                "clock": "hip_event",
                "per_iteration_us": {
                  "max": 35.76390147,
                  "median": 34.93990004,
                  "min": 34.89179909,
                  "n": 5,
                  "p05": 34.89739954,
                  "p95": 35.6142813,
                  "samples": 5,
                  "stdev": 0.3313943727
                },
                "sequence_us": {
                  "max": 357.6390147,
                  "median": 349.3990004,
                  "min": 348.9179909,
                  "n": 5,
                  "p05": 348.9739954,
                  "p95": 356.142813,
                  "samples": 5,
                  "stdev": 3.313943727
                },
                "status": "ok"
              },
              "host_wall": {
                "clock": "steady_clock",
                "per_iteration_us": {
                  "max": 38.1312,
                  "median": 36.8192,
                  "min": 36.7882,
                  "n": 5,
                  "p05": 36.7886,
                  "p95": 37.9124,
                  "samples": 5,
                  "stdev": 0.5173954001
                },
                "sequence_us": {
                  "max": 381.312,
                  "median": 368.192,
                  "min": 367.882,
                  "n": 5,
                  "p05": 367.886,
                  "p95": 379.124,
                  "samples": 5,
                  "stdev": 5.173954001
                },
                "status": "ok"
              },
              "logical_iterations": 10
            },
            "single": {
              "dispatches_per_iteration": 2,
              "gpu_elapsed": {
                "clock": "hip_event",
                "per_iteration_us": {
                  "max": 47.71900177,
                  "median": 47.40000144,
                  "min": 45.19899935,
                  "n": 5,
                  "p05": 45.59919983,
                  "p95": 47.67120108,
                  "samples": 5,
                  "stdev": 0.9155289567
                },
                "sequence_us": {
                  "max": 47.71900177,
                  "median": 47.40000144,
                  "min": 45.19899935,
                  "n": 5,
                  "p05": 45.59919983,
                  "p95": 47.67120108,
                  "samples": 5,
                  "stdev": 0.9155289567
                },
                "status": "ok"
              },
              "host_wall": {
                "clock": "steady_clock",
                "per_iteration_us": {
                  "max": 77.701,
                  "median": 75.73,
                  "min": 72.16,
                  "n": 5,
                  "p05": 72.6962,
                  "p95": 77.5588,
                  "samples": 5,
                  "stdev": 1.934221559
                },
                "sequence_us": {
                  "max": 77.701,
                  "median": 75.73,
                  "min": 72.16,
                  "n": 5,
                  "p05": 72.6962,
                  "p95": 77.5588,
                  "samples": 5,
                  "stdev": 1.934221559
                },
                "status": "ok"
              },
              "logical_iterations": 1
            }
          },
          "timing_mode": "serial_latency",
          "workgroup_size": 128
        },
        {
          "body_repeats": 16,
          "bytes_per_us": 813.1605926,
          "correctness": {
            "single_dispatch": {
              "oracle": "deterministic CPU two-stage reference with sequence tag",
              "status": "pass"
            },
            "synchronization": {
              "barrier_count": 0,
              "method": "ordered_stream_final_chain",
              "status": "pass"
            },
            "timed_sequence": {
              "coverage": "chained_final_state",
              "logical_iterations": 10,
              "oracle": "deterministic CPU two-stage reference with sequence tag",
              "status": "pass"
            }
          },
          "correctness_pass": true,
          "dependency_contract": {
            "inter_dispatch_ordering": "hip_stream_order",
            "output_partitioning": "chained_shared",
            "validation_status": "pass",
            "work_dependency": "chained"
          },
          "gflops": 3.252543111,
          "k": 32768,
          "max_abs": 0,
          "max_rel": 0,
          "max_us": 340.4824972,
          "median_us": 322.3865032,
          "min_us": 282.4947119,
          "p05_us": 284.5618916,
          "p95_us": 339.3680763,
          "rows": 1,
          "split_count": 2,
          "submission": {
            "completion_in_host_wall": true,
            "queue_or_stream_count": 1,
            "recording_in_timed_region": false,
            "strategy": "direct",
            "submit_in_host_wall": true
          },
          "timing": {
            "burst": {
              "dispatches_per_iteration": 2,
              "gpu_elapsed": {
                "clock": "hip_event",
                "per_iteration_us": {
                  "max": 340.4824972,
                  "median": 322.3865032,
                  "min": 282.4947119,
                  "n": 5,
                  "p05": 284.5618916,
                  "p95": 339.3680763,
                  "samples": 5,
                  "stdev": 23.01173183
                },
                "sequence_us": {
                  "max": 3404.824972,
                  "median": 3223.865032,
                  "min": 2824.947119,
                  "n": 5,
                  "p05": 2845.618916,
                  "p95": 3393.680763,
                  "samples": 5,
                  "stdev": 230.1173183
                },
                "status": "ok"
              },
              "host_wall": {
                "clock": "steady_clock",
                "per_iteration_us": {
                  "max": 342.5319,
                  "median": 324.2388,
                  "min": 284.3746,
                  "n": 5,
                  "p05": 286.4316,
                  "p95": 341.39328,
                  "samples": 5,
                  "stdev": 23.06623461
                },
                "sequence_us": {
                  "max": 3425.319,
                  "median": 3242.388,
                  "min": 2843.746,
                  "n": 5,
                  "p05": 2864.316,
                  "p95": 3413.9328,
                  "samples": 5,
                  "stdev": 230.6623461
                },
                "status": "ok"
              },
              "logical_iterations": 10
            },
            "single": {
              "dispatches_per_iteration": 2,
              "gpu_elapsed": {
                "clock": "hip_event",
                "per_iteration_us": {
                  "max": 364.5580113,
                  "median": 346.9589949,
                  "min": 335.5990052,
                  "n": 5,
                  "p05": 337.3188019,
                  "p95": 363.6062086,
                  "samples": 5,
                  "stdev": 10.5641658
                },
                "sequence_us": {
                  "max": 364.5580113,
                  "median": 346.9589949,
                  "min": 335.5990052,
                  "n": 5,
                  "p05": 337.3188019,
                  "p95": 363.6062086,
                  "samples": 5,
                  "stdev": 10.5641658
                },
                "status": "ok"
              },
              "host_wall": {
                "clock": "steady_clock",
                "per_iteration_us": {
                  "max": 388.442,
                  "median": 367.662,
                  "min": 359.212,
                  "n": 5,
                  "p05": 360.496,
                  "p95": 387.878,
                  "samples": 5,
                  "stdev": 11.57728707
                },
                "sequence_us": {
                  "max": 388.442,
                  "median": 367.662,
                  "min": 359.212,
                  "n": 5,
                  "p05": 360.496,
                  "p95": 387.878,
                  "samples": 5,
                  "stdev": 11.57728707
                },
                "status": "ok"
              },
              "logical_iterations": 1
            }
          },
          "timing_mode": "serial_latency",
          "workgroup_size": 128
        },
        {
          "body_repeats": 16,
          "bytes_per_us": 1529.529577,
          "correctness": {
            "single_dispatch": {
              "oracle": "deterministic CPU two-stage reference with sequence tag",
              "status": "pass"
            },
            "synchronization": {
              "barrier_count": 0,
              "method": "ordered_stream_final_chain",
              "status": "pass"
            },
            "timed_sequence": {
              "coverage": "chained_final_state",
              "logical_iterations": 10,
              "oracle": "deterministic CPU two-stage reference with sequence tag",
              "status": "pass"
            }
          },
          "correctness_pass": true,
          "dependency_contract": {
            "inter_dispatch_ordering": "hip_stream_order",
            "output_partitioning": "chained_shared",
            "validation_status": "pass",
            "work_dependency": "chained"
          },
          "gflops": 6.117744912,
          "k": 32768,
          "max_abs": 0,
          "max_rel": 0,
          "max_us": 171.7352033,
          "median_us": 171.3991046,
          "min_us": 170.5711961,
          "p05_us": 170.6215763,
          "p95_us": 171.7160034,
          "rows": 1,
          "split_count": 4,
          "submission": {
            "completion_in_host_wall": true,
            "queue_or_stream_count": 1,
            "recording_in_timed_region": false,
            "strategy": "direct",
            "submit_in_host_wall": true
          },
          "timing": {
            "burst": {
              "dispatches_per_iteration": 2,
              "gpu_elapsed": {
                "clock": "hip_event",
                "per_iteration_us": {
                  "max": 171.7352033,
                  "median": 171.3991046,
                  "min": 170.5711961,
                  "n": 5,
                  "p05": 170.6215763,
                  "p95": 171.7160034,
                  "samples": 5,
                  "stdev": 0.4584329187
                },
                "sequence_us": {
                  "max": 1717.352033,
                  "median": 1713.991046,
                  "min": 1705.711961,
                  "n": 5,
                  "p05": 1706.215763,
                  "p95": 1717.160034,
                  "samples": 5,
                  "stdev": 4.584329187
                },
                "status": "ok"
              },
              "host_wall": {
                "clock": "steady_clock",
                "per_iteration_us": {
                  "max": 173.6709,
                  "median": 173.311,
                  "min": 172.4249,
                  "n": 5,
                  "p05": 172.5333,
                  "p95": 173.65652,
                  "samples": 5,
                  "stdev": 0.4578723342
                },
                "sequence_us": {
                  "max": 1736.709,
                  "median": 1733.11,
                  "min": 1724.249,
                  "n": 5,
                  "p05": 1725.333,
                  "p95": 1736.5652,
                  "samples": 5,
                  "stdev": 4.578723342
                },
                "status": "ok"
              },
              "logical_iterations": 10
            },
            "single": {
              "dispatches_per_iteration": 2,
              "gpu_elapsed": {
                "clock": "hip_event",
                "per_iteration_us": {
                  "max": 178.9599955,
                  "median": 176.7590046,
                  "min": 173.8390028,
                  "n": 5,
                  "p05": 174.3832022,
                  "p95": 178.9037973,
                  "samples": 5,
                  "stdev": 1.838258892
                },
                "sequence_us": {
                  "max": 178.9599955,
                  "median": 176.7590046,
                  "min": 173.8390028,
                  "n": 5,
                  "p05": 174.3832022,
                  "p95": 178.9037973,
                  "samples": 5,
                  "stdev": 1.838258892
                },
                "status": "ok"
              },
              "host_wall": {
                "clock": "steady_clock",
                "per_iteration_us": {
                  "max": 203.561,
                  "median": 199.902,
                  "min": 197.621,
                  "n": 5,
                  "p05": 198.037,
                  "p95": 203.379,
                  "samples": 5,
                  "stdev": 2.149695271
                },
                "sequence_us": {
                  "max": 203.561,
                  "median": 199.902,
                  "min": 197.621,
                  "n": 5,
                  "p05": 198.037,
                  "p95": 203.379,
                  "samples": 5,
                  "stdev": 2.149695271
                },
                "status": "ok"
              },
              "logical_iterations": 1
            }
          },
          "timing_mode": "serial_latency",
          "workgroup_size": 128
        },
        {
          "body_repeats": 16,
          "bytes_per_us": 1922.566111,
          "correctness": {
            "single_dispatch": {
              "oracle": "deterministic CPU two-stage reference with sequence tag",
              "status": "pass"
            },
            "synchronization": {
              "barrier_count": 0,
              "method": "ordered_stream_final_chain",
              "status": "pass"
            },
            "timed_sequence": {
              "coverage": "chained_final_state",
              "logical_iterations": 10,
              "oracle": "deterministic CPU two-stage reference with sequence tag",
              "status": "pass"
            }
          },
          "correctness_pass": true,
          "dependency_contract": {
            "inter_dispatch_ordering": "hip_stream_order",
            "output_partitioning": "chained_shared",
            "validation_status": "pass",
            "work_dependency": "chained"
          },
          "gflops": 12.30382234,
          "k": 32768,
          "max_abs": 0,
          "max_rel": 0,
          "max_us": 342.0104027,
          "median_us": 340.8943892,
          "min_us": 337.1784925,
          "p05_us": 337.1912718,
          "p95_us": 341.9816208,
          "rows": 4,
          "split_count": 2,
          "submission": {
            "completion_in_host_wall": true,
            "queue_or_stream_count": 1,
            "recording_in_timed_region": false,
            "strategy": "direct",
            "submit_in_host_wall": true
          },
          "timing": {
            "burst": {
              "dispatches_per_iteration": 2,
              "gpu_elapsed": {
                "clock": "hip_event",
                "per_iteration_us": {
                  "max": 342.0104027,
                  "median": 340.8943892,
                  "min": 337.1784925,
                  "n": 5,
                  "p05": 337.1912718,
                  "p95": 341.9816208,
                  "samples": 5,
                  "stdev": 2.179919863
                },
                "sequence_us": {
                  "max": 3420.104027,
                  "median": 3408.943892,
                  "min": 3371.784925,
                  "n": 5,
                  "p05": 3371.912718,
                  "p95": 3419.816208,
                  "samples": 5,
                  "stdev": 21.79919863
                },
                "status": "ok"
              },
              "host_wall": {
                "clock": "steady_clock",
                "per_iteration_us": {
                  "max": 344.4089,
                  "median": 342.7469,
                  "min": 339.1359,
                  "n": 5,
                  "p05": 339.1867,
                  "p95": 344.27208,
                  "samples": 5,
                  "stdev": 2.203670233
                },
                "sequence_us": {
                  "max": 3444.089,
                  "median": 3427.469,
                  "min": 3391.359,
                  "n": 5,
                  "p05": 3391.867,
                  "p95": 3442.7208,
                  "samples": 5,
                  "stdev": 22.03670233
                },
                "status": "ok"
              },
              "logical_iterations": 10
            },
            "single": {
              "dispatches_per_iteration": 2,
              "gpu_elapsed": {
                "clock": "hip_event",
                "per_iteration_us": {
                  "max": 358.758986,
                  "median": 348.9179909,
                  "min": 343.1580067,
                  "n": 5,
                  "p05": 343.614006,
                  "p95": 358.3107889,
                  "samples": 5,
                  "stdev": 6.106417449
                },
                "sequence_us": {
                  "max": 358.758986,
                  "median": 348.9179909,
                  "min": 343.1580067,
                  "n": 5,
                  "p05": 343.614006,
                  "p95": 358.3107889,
                  "samples": 5,
                  "stdev": 6.106417449
                },
                "status": "ok"
              },
              "host_wall": {
                "clock": "steady_clock",
                "per_iteration_us": {
                  "max": 384.152,
                  "median": 371.992,
                  "min": 363.702,
                  "n": 5,
                  "p05": 365.076,
                  "p95": 383.77,
                  "samples": 5,
                  "stdev": 7.634272722
                },
                "sequence_us": {
                  "max": 384.152,
                  "median": 371.992,
                  "min": 363.702,
                  "n": 5,
                  "p05": 365.076,
                  "p95": 383.77,
                  "samples": 5,
                  "stdev": 7.634272722
                },
                "status": "ok"
              },
              "logical_iterations": 1
            }
          },
          "timing_mode": "serial_latency",
          "workgroup_size": 128
        },
        {
          "body_repeats": 16,
          "bytes_per_us": 3788.157733,
          "correctness": {
            "single_dispatch": {
              "oracle": "deterministic CPU two-stage reference with sequence tag",
              "status": "pass"
            },
            "synchronization": {
              "barrier_count": 0,
              "method": "ordered_stream_final_chain",
              "status": "pass"
            },
            "timed_sequence": {
              "coverage": "chained_final_state",
              "logical_iterations": 10,
              "oracle": "deterministic CPU two-stage reference with sequence tag",
              "status": "pass"
            }
          },
          "correctness_pass": true,
          "dependency_contract": {
            "inter_dispatch_ordering": "hip_stream_order",
            "output_partitioning": "chained_shared",
            "validation_status": "pass",
            "work_dependency": "chained"
          },
          "gflops": 24.24184212,
          "k": 32768,
          "max_abs": 0,
          "max_rel": 0,
          "max_us": 173.723197,
          "median_us": 173.0191946,
          "min_us": 172.5592017,
          "p05_us": 172.6064205,
          "p95_us": 173.643198,
          "rows": 4,
          "split_count": 4,
          "submission": {
            "completion_in_host_wall": true,
            "queue_or_stream_count": 1,
            "recording_in_timed_region": false,
            "strategy": "direct",
            "submit_in_host_wall": true
          },
          "timing": {
            "burst": {
              "dispatches_per_iteration": 2,
              "gpu_elapsed": {
                "clock": "hip_event",
                "per_iteration_us": {
                  "max": 173.723197,
                  "median": 173.0191946,
                  "min": 172.5592017,
                  "n": 5,
                  "p05": 172.6064205,
                  "p95": 173.643198,
                  "samples": 5,
                  "stdev": 0.4071249399
                },
                "sequence_us": {
                  "max": 1737.23197,
                  "median": 1730.191946,
                  "min": 1725.592017,
                  "n": 5,
                  "p05": 1726.064205,
                  "p95": 1736.43198,
                  "samples": 5,
                  "stdev": 4.071249399
                },
                "status": "ok"
              },
              "host_wall": {
                "clock": "steady_clock",
                "per_iteration_us": {
                  "max": 175.941,
                  "median": 175.3799,
                  "min": 174.494,
                  "n": 5,
                  "p05": 174.534,
                  "p95": 175.865,
                  "samples": 5,
                  "stdev": 0.5413429242
                },
                "sequence_us": {
                  "max": 1759.41,
                  "median": 1753.799,
                  "min": 1744.94,
                  "n": 5,
                  "p05": 1745.34,
                  "p95": 1758.65,
                  "samples": 5,
                  "stdev": 5.413429242
                },
                "status": "ok"
              },
              "logical_iterations": 10
            },
            "single": {
              "dispatches_per_iteration": 2,
              "gpu_elapsed": {
                "clock": "hip_event",
                "per_iteration_us": {
                  "max": 180.8390021,
                  "median": 179.3989986,
                  "min": 177.5590032,
                  "n": 5,
                  "p05": 177.8870016,
                  "p95": 180.8390021,
                  "samples": 5,
                  "stdev": 1.219153955
                },
                "sequence_us": {
                  "max": 180.8390021,
                  "median": 179.3989986,
                  "min": 177.5590032,
                  "n": 5,
                  "p05": 177.8870016,
                  "p95": 180.8390021,
                  "samples": 5,
                  "stdev": 1.219153955
                },
                "status": "ok"
              },
              "host_wall": {
                "clock": "steady_clock",
                "per_iteration_us": {
                  "max": 205.471,
                  "median": 204.671,
                  "min": 200.851,
                  "n": 5,
                  "p05": 200.859,
                  "p95": 205.425,
                  "samples": 5,
                  "stdev": 2.101576551
                },
                "sequence_us": {
                  "max": 205.471,
                  "median": 204.671,
                  "min": 200.851,
                  "n": 5,
                  "p05": 200.859,
                  "p95": 205.425,
                  "samples": 5,
                  "stdev": 2.101576551
                },
                "status": "ok"
              },
              "logical_iterations": 1
            }
          },
          "timing_mode": "serial_latency",
          "workgroup_size": 128
        }
      ],
      "run_tag": "hip-two-stage-reduction",
      "status": "diagnostic"
    },
    "hip:wg256": {
      "backend": "hip",
      "config": {
        "body_repeats": 16,
        "hip_fixed_workgroup_size": 256,
        "independent_streams": 4,
        "k_list": [
          8192,
          32768
        ],
        "method": "two dispatches per repetition: block partials plus final reduction",
        "reps": 10,
        "rows_list": [
          1,
          4
        ],
        "samples": 5,
        "split_counts": [
          2,
          4
        ],
        "timing_mode": "serial_latency",
        "warmup": 3,
        "workgroups": [
          256
        ]
      },
      "hardware": {
        "device_name": "AMD Radeon Graphics",
        "gcn_arch_name": "gfx1201",
        "multi_processor_count": 32
      },
      "rows": [
        {
          "body_repeats": 16,
          "bytes_per_us": 1767.07049,
          "correctness": {
            "single_dispatch": {
              "oracle": "deterministic CPU two-stage reference with sequence tag",
              "status": "pass"
            },
            "synchronization": {
              "barrier_count": 0,
              "method": "ordered_stream_final_chain",
              "status": "pass"
            },
            "timed_sequence": {
              "coverage": "chained_final_state",
              "logical_iterations": 10,
              "oracle": "deterministic CPU two-stage reference with sequence tag",
              "status": "pass"
            }
          },
          "correctness_pass": true,
          "dependency_contract": {
            "inter_dispatch_ordering": "hip_stream_order",
            "output_partitioning": "chained_shared",
            "validation_status": "pass",
            "work_dependency": "chained"
          },
          "gflops": 7.067419238,
          "k": 8192,
          "max_abs": 0,
          "max_rel": 0,
          "max_us": 37.82779872,
          "median_us": 37.09189892,
          "min_us": 36.21979952,
          "p05_us": 36.35899961,
          "p95_us": 37.68539906,
          "rows": 1,
          "split_count": 2,
          "submission": {
            "completion_in_host_wall": true,
            "queue_or_stream_count": 1,
            "recording_in_timed_region": false,
            "strategy": "direct",
            "submit_in_host_wall": true
          },
          "timing": {
            "burst": {
              "dispatches_per_iteration": 2,
              "gpu_elapsed": {
                "clock": "hip_event",
                "per_iteration_us": {
                  "max": 37.82779872,
                  "median": 37.09189892,
                  "min": 36.21979952,
                  "n": 5,
                  "p05": 36.35899961,
                  "p95": 37.68539906,
                  "samples": 5,
                  "stdev": 0.5132355074
                },
                "sequence_us": {
                  "max": 378.2779872,
                  "median": 370.9189892,
                  "min": 362.1979952,
                  "n": 5,
                  "p05": 363.5899961,
                  "p95": 376.8539906,
                  "samples": 5,
                  "stdev": 5.132355074
                },
                "status": "ok"
              },
              "host_wall": {
                "clock": "steady_clock",
                "per_iteration_us": {
                  "max": 40.1752,
                  "median": 39.0132,
                  "min": 38.1202,
                  "n": 5,
                  "p05": 38.2558,
                  "p95": 39.9704,
                  "samples": 5,
                  "stdev": 0.6641670272
                },
                "sequence_us": {
                  "max": 401.752,
                  "median": 390.132,
                  "min": 381.202,
                  "n": 5,
                  "p05": 382.558,
                  "p95": 399.704,
                  "samples": 5,
                  "stdev": 6.641670272
                },
                "status": "ok"
              },
              "logical_iterations": 10
            },
            "single": {
              "dispatches_per_iteration": 2,
              "gpu_elapsed": {
                "clock": "hip_event",
                "per_iteration_us": {
                  "max": 51.80000141,
                  "median": 46.03999853,
                  "min": 43.15900058,
                  "n": 5,
                  "p05": 43.26320067,
                  "p95": 51.54400095,
                  "samples": 5,
                  "stdev": 3.524762673
                },
                "sequence_us": {
                  "max": 51.80000141,
                  "median": 46.03999853,
                  "min": 43.15900058,
                  "n": 5,
                  "p05": 43.26320067,
                  "p95": 51.54400095,
                  "samples": 5,
                  "stdev": 3.524762673
                },
                "status": "ok"
              },
              "host_wall": {
                "clock": "steady_clock",
                "per_iteration_us": {
                  "max": 89.73,
                  "median": 74.31,
                  "min": 67.53,
                  "n": 5,
                  "p05": 67.7342,
                  "p95": 87.7502,
                  "samples": 5,
                  "stdev": 8.16423421
                },
                "sequence_us": {
                  "max": 89.73,
                  "median": 74.31,
                  "min": 67.53,
                  "n": 5,
                  "p05": 67.7342,
                  "p95": 87.7502,
                  "samples": 5,
                  "stdev": 8.16423421
                },
                "status": "ok"
              },
              "logical_iterations": 1
            }
          },
          "timing_mode": "serial_latency",
          "workgroup_size": 256
        },
        {
          "body_repeats": 16,
          "bytes_per_us": 2912.917248,
          "correctness": {
            "single_dispatch": {
              "oracle": "deterministic CPU two-stage reference with sequence tag",
              "status": "pass"
            },
            "synchronization": {
              "barrier_count": 0,
              "method": "ordered_stream_final_chain",
              "status": "pass"
            },
            "timed_sequence": {
              "coverage": "chained_final_state",
              "logical_iterations": 10,
              "oracle": "deterministic CPU two-stage reference with sequence tag",
              "status": "pass"
            }
          },
          "correctness_pass": true,
          "dependency_contract": {
            "inter_dispatch_ordering": "hip_stream_order",
            "output_partitioning": "chained_shared",
            "validation_status": "pass",
            "work_dependency": "chained"
          },
          "gflops": 11.64882504,
          "k": 8192,
          "max_abs": 0,
          "max_rel": 0,
          "max_us": 23.31590056,
          "median_us": 22.50390053,
          "min_us": 21.71189934,
          "p05_us": 21.75989956,
          "p95_us": 23.16870034,
          "rows": 1,
          "split_count": 4,
          "submission": {
            "completion_in_host_wall": true,
            "queue_or_stream_count": 1,
            "recording_in_timed_region": false,
            "strategy": "direct",
            "submit_in_host_wall": true
          },
          "timing": {
            "burst": {
              "dispatches_per_iteration": 2,
              "gpu_elapsed": {
                "clock": "hip_event",
                "per_iteration_us": {
                  "max": 23.31590056,
                  "median": 22.50390053,
                  "min": 21.71189934,
                  "n": 5,
                  "p05": 21.75989956,
                  "p95": 23.16870034,
                  "samples": 5,
                  "stdev": 0.5577637959
                },
                "sequence_us": {
                  "max": 233.1590056,
                  "median": 225.0390053,
                  "min": 217.1189934,
                  "n": 5,
                  "p05": 217.5989956,
                  "p95": 231.6870034,
                  "samples": 5,
                  "stdev": 5.577637959
                },
                "status": "ok"
              },
              "host_wall": {
                "clock": "steady_clock",
                "per_iteration_us": {
                  "max": 26.0721,
                  "median": 24.8992,
                  "min": 23.5921,
                  "n": 5,
                  "p05": 23.76892,
                  "p95": 25.8395,
                  "samples": 5,
                  "stdev": 0.8004154386
                },
                "sequence_us": {
                  "max": 260.721,
                  "median": 248.992,
                  "min": 235.921,
                  "n": 5,
                  "p05": 237.6892,
                  "p95": 258.395,
                  "samples": 5,
                  "stdev": 8.004154386
                },
                "status": "ok"
              },
              "logical_iterations": 10
            },
            "single": {
              "dispatches_per_iteration": 2,
              "gpu_elapsed": {
                "clock": "hip_event",
                "per_iteration_us": {
                  "max": 33.31999853,
                  "median": 33.19999948,
                  "min": 32.5989984,
                  "n": 5,
                  "p05": 32.60719851,
                  "p95": 33.29599872,
                  "samples": 5,
                  "stdev": 0.3073972699
                },
                "sequence_us": {
                  "max": 33.31999853,
                  "median": 33.19999948,
                  "min": 32.5989984,
                  "n": 5,
                  "p05": 32.60719851,
                  "p95": 33.29599872,
                  "samples": 5,
                  "stdev": 0.3073972699
                },
                "status": "ok"
              },
              "host_wall": {
                "clock": "steady_clock",
                "per_iteration_us": {
                  "max": 63.77,
                  "median": 62.12,
                  "min": 60.11,
                  "n": 5,
                  "p05": 60.3782,
                  "p95": 63.4402,
                  "samples": 5,
                  "stdev": 1.183114973
                },
                "sequence_us": {
                  "max": 63.77,
                  "median": 62.12,
                  "min": 60.11,
                  "n": 5,
                  "p05": 60.3782,
                  "p95": 63.4402,
                  "samples": 5,
                  "stdev": 1.183114973
                },
                "status": "ok"
              },
              "logical_iterations": 1
            }
          },
          "timing_mode": "serial_latency",
          "workgroup_size": 256
        },
        {
          "body_repeats": 16,
          "bytes_per_us": 4210.937346,
          "correctness": {
            "single_dispatch": {
              "oracle": "deterministic CPU two-stage reference with sequence tag",
              "status": "pass"
            },
            "synchronization": {
              "barrier_count": 0,
              "method": "ordered_stream_final_chain",
              "status": "pass"
            },
            "timed_sequence": {
              "coverage": "chained_final_state",
              "logical_iterations": 10,
              "oracle": "deterministic CPU two-stage reference with sequence tag",
              "status": "pass"
            }
          },
          "correctness_pass": true,
          "dependency_contract": {
            "inter_dispatch_ordering": "hip_stream_order",
            "output_partitioning": "chained_shared",
            "validation_status": "pass",
            "work_dependency": "chained"
          },
          "gflops": 26.94473637,
          "k": 8192,
          "max_abs": 0,
          "max_rel": 0,
          "max_us": 40.07570148,
          "median_us": 38.91580105,
          "min_us": 38.6597991,
          "p05_us": 38.69019926,
          "p95_us": 39.98292089,
          "rows": 4,
          "split_count": 2,
          "submission": {
            "completion_in_host_wall": true,
            "queue_or_stream_count": 1,
            "recording_in_timed_region": false,
            "strategy": "direct",
            "submit_in_host_wall": true
          },
          "timing": {
            "burst": {
              "dispatches_per_iteration": 2,
              "gpu_elapsed": {
                "clock": "hip_event",
                "per_iteration_us": {
                  "max": 40.07570148,
                  "median": 38.91580105,
                  "min": 38.6597991,
                  "n": 5,
                  "p05": 38.69019926,
                  "p95": 39.98292089,
                  "samples": 5,
                  "stdev": 0.5401100783
                },
                "sequence_us": {
                  "max": 400.7570148,
                  "median": 389.1580105,
                  "min": 386.597991,
                  "n": 5,
                  "p05": 386.9019926,
                  "p95": 399.8292089,
                  "samples": 5,
                  "stdev": 5.401100783
                },
                "status": "ok"
              },
              "host_wall": {
                "clock": "steady_clock",
                "per_iteration_us": {
                  "max": 42.7772,
                  "median": 41.1492,
                  "min": 40.9303,
                  "n": 5,
                  "p05": 40.94788,
                  "p95": 42.5926,
                  "samples": 5,
                  "stdev": 0.6965558252
                },
                "sequence_us": {
                  "max": 427.772,
                  "median": 411.492,
                  "min": 409.303,
                  "n": 5,
                  "p05": 409.4788,
                  "p95": 425.926,
                  "samples": 5,
                  "stdev": 6.965558252
                },
                "status": "ok"
              },
              "logical_iterations": 10
            },
            "single": {
              "dispatches_per_iteration": 2,
              "gpu_elapsed": {
                "clock": "hip_event",
                "per_iteration_us": {
                  "max": 52.68000066,
                  "median": 51.60000175,
                  "min": 51.07999966,
                  "n": 5,
                  "p05": 51.09599978,
                  "p95": 52.49600038,
                  "samples": 5,
                  "stdev": 0.572768913
                },
                "sequence_us": {
                  "max": 52.68000066,
                  "median": 51.60000175,
                  "min": 51.07999966,
                  "n": 5,
                  "p05": 51.09599978,
                  "p95": 52.49600038,
                  "samples": 5,
                  "stdev": 0.572768913
                },
                "status": "ok"
              },
              "host_wall": {
                "clock": "steady_clock",
                "per_iteration_us": {
                  "max": 82.11,
                  "median": 81.401,
                  "min": 78.44,
                  "n": 5,
                  "p05": 78.54,
                  "p95": 81.9782,
                  "samples": 5,
                  "stdev": 1.481925045
                },
                "sequence_us": {
                  "max": 82.11,
                  "median": 81.401,
                  "min": 78.44,
                  "n": 5,
                  "p05": 78.54,
                  "p95": 81.9782,
                  "samples": 5,
                  "stdev": 1.481925045
                },
                "status": "ok"
              },
              "logical_iterations": 1
            }
          },
          "timing_mode": "serial_latency",
          "workgroup_size": 256
        },
        {
          "body_repeats": 16,
          "bytes_per_us": 7261.417801,
          "correctness": {
            "single_dispatch": {
              "oracle": "deterministic CPU two-stage reference with sequence tag",
              "status": "pass"
            },
            "synchronization": {
              "barrier_count": 0,
              "method": "ordered_stream_final_chain",
              "status": "pass"
            },
            "timed_sequence": {
              "coverage": "chained_final_state",
              "logical_iterations": 10,
              "oracle": "deterministic CPU two-stage reference with sequence tag",
              "status": "pass"
            }
          },
          "correctness_pass": true,
          "dependency_contract": {
            "inter_dispatch_ordering": "hip_stream_order",
            "output_partitioning": "chained_shared",
            "validation_status": "pass",
            "work_dependency": "chained"
          },
          "gflops": 46.45492747,
          "k": 8192,
          "max_abs": 0,
          "max_rel": 0,
          "max_us": 23.97589982,
          "median_us": 22.57190049,
          "min_us": 21.73990011,
          "p05_us": 21.83430016,
          "p95_us": 23.69909972,
          "rows": 4,
          "split_count": 4,
          "submission": {
            "completion_in_host_wall": true,
            "queue_or_stream_count": 1,
            "recording_in_timed_region": false,
            "strategy": "direct",
            "submit_in_host_wall": true
          },
          "timing": {
            "burst": {
              "dispatches_per_iteration": 2,
              "gpu_elapsed": {
                "clock": "hip_event",
                "per_iteration_us": {
                  "max": 23.97589982,
                  "median": 22.57190049,
                  "min": 21.73990011,
                  "n": 5,
                  "p05": 21.83430016,
                  "p95": 23.69909972,
                  "samples": 5,
                  "stdev": 0.7460126279
                },
                "sequence_us": {
                  "max": 239.7589982,
                  "median": 225.7190049,
                  "min": 217.3990011,
                  "n": 5,
                  "p05": 218.3430016,
                  "p95": 236.9909972,
                  "samples": 5,
                  "stdev": 7.460126279
                },
                "status": "ok"
              },
              "host_wall": {
                "clock": "steady_clock",
                "per_iteration_us": {
                  "max": 26.7431,
                  "median": 24.9111,
                  "min": 23.8441,
                  "n": 5,
                  "p05": 23.95052,
                  "p95": 26.38012,
                  "samples": 5,
                  "stdev": 0.9766167981
                },
                "sequence_us": {
                  "max": 267.431,
                  "median": 249.111,
                  "min": 238.441,
                  "n": 5,
                  "p05": 239.5052,
                  "p95": 263.8012,
                  "samples": 5,
                  "stdev": 9.766167981
                },
                "status": "ok"
              },
              "logical_iterations": 10
            },
            "single": {
              "dispatches_per_iteration": 2,
              "gpu_elapsed": {
                "clock": "hip_event",
                "per_iteration_us": {
                  "max": 33.16000104,
                  "median": 32.83900023,
                  "min": 32.55999833,
                  "n": 5,
                  "p05": 32.6079987,
                  "p95": 33.13600048,
                  "samples": 5,
                  "stdev": 0.2071143877
                },
                "sequence_us": {
                  "max": 33.16000104,
                  "median": 32.83900023,
                  "min": 32.55999833,
                  "n": 5,
                  "p05": 32.6079987,
                  "p95": 33.13600048,
                  "samples": 5,
                  "stdev": 0.2071143877
                },
                "status": "ok"
              },
              "host_wall": {
                "clock": "steady_clock",
                "per_iteration_us": {
                  "max": 63.29,
                  "median": 61.381,
                  "min": 60.27,
                  "n": 5,
                  "p05": 60.394,
                  "p95": 63.0462,
                  "samples": 5,
                  "stdev": 1.03893996
                },
                "sequence_us": {
                  "max": 63.29,
                  "median": 61.381,
                  "min": 60.27,
                  "n": 5,
                  "p05": 60.394,
                  "p95": 63.0462,
                  "samples": 5,
                  "stdev": 1.03893996
                },
                "status": "ok"
              },
              "logical_iterations": 1
            }
          },
          "timing_mode": "serial_latency",
          "workgroup_size": 256
        },
        {
          "body_repeats": 16,
          "bytes_per_us": 1518.602786,
          "correctness": {
            "single_dispatch": {
              "oracle": "deterministic CPU two-stage reference with sequence tag",
              "status": "pass"
            },
            "synchronization": {
              "barrier_count": 0,
              "method": "ordered_stream_final_chain",
              "status": "pass"
            },
            "timed_sequence": {
              "coverage": "chained_final_state",
              "logical_iterations": 10,
              "oracle": "deterministic CPU two-stage reference with sequence tag",
              "status": "pass"
            }
          },
          "correctness_pass": true,
          "dependency_contract": {
            "inter_dispatch_ordering": "hip_stream_order",
            "output_partitioning": "chained_shared",
            "validation_status": "pass",
            "work_dependency": "chained"
          },
          "gflops": 6.074225772,
          "k": 32768,
          "max_abs": 0,
          "max_rel": 0,
          "max_us": 173.2872009,
          "median_us": 172.6271033,
          "min_us": 172.4951982,
          "p05_us": 172.5087976,
          "p95_us": 173.1831813,
          "rows": 1,
          "split_count": 2,
          "submission": {
            "completion_in_host_wall": true,
            "queue_or_stream_count": 1,
            "recording_in_timed_region": false,
            "strategy": "direct",
            "submit_in_host_wall": true
          },
          "timing": {
            "burst": {
              "dispatches_per_iteration": 2,
              "gpu_elapsed": {
                "clock": "hip_event",
                "per_iteration_us": {
                  "max": 173.2872009,
                  "median": 172.6271033,
                  "min": 172.4951982,
                  "n": 5,
                  "p05": 172.5087976,
                  "p95": 173.1831813,
                  "samples": 5,
                  "stdev": 0.2841760299
                },
                "sequence_us": {
                  "max": 1732.872009,
                  "median": 1726.271033,
                  "min": 1724.951982,
                  "n": 5,
                  "p05": 1725.087976,
                  "p95": 1731.831813,
                  "samples": 5,
                  "stdev": 2.841760299
                },
                "status": "ok"
              },
              "host_wall": {
                "clock": "steady_clock",
                "per_iteration_us": {
                  "max": 175.4109,
                  "median": 174.8749,
                  "min": 174.517,
                  "n": 5,
                  "p05": 174.53978,
                  "p95": 175.35832,
                  "samples": 5,
                  "stdev": 0.3289138647
                },
                "sequence_us": {
                  "max": 1754.109,
                  "median": 1748.749,
                  "min": 1745.17,
                  "n": 5,
                  "p05": 1745.3978,
                  "p95": 1753.5832,
                  "samples": 5,
                  "stdev": 3.289138647
                },
                "status": "ok"
              },
              "logical_iterations": 10
            },
            "single": {
              "dispatches_per_iteration": 2,
              "gpu_elapsed": {
                "clock": "hip_event",
                "per_iteration_us": {
                  "max": 181.5599948,
                  "median": 179.0000051,
                  "min": 175.2000004,
                  "n": 5,
                  "p05": 175.5600005,
                  "p95": 181.1679959,
                  "samples": 5,
                  "stdev": 2.189047667
                },
                "sequence_us": {
                  "max": 181.5599948,
                  "median": 179.0000051,
                  "min": 175.2000004,
                  "n": 5,
                  "p05": 175.5600005,
                  "p95": 181.1679959,
                  "samples": 5,
                  "stdev": 2.189047667
                },
                "status": "ok"
              },
              "host_wall": {
                "clock": "steady_clock",
                "per_iteration_us": {
                  "max": 202.651,
                  "median": 200.711,
                  "min": 199.241,
                  "n": 5,
                  "p05": 199.4192,
                  "p95": 202.313,
                  "samples": 5,
                  "stdev": 1.124123196
                },
                "sequence_us": {
                  "max": 202.651,
                  "median": 200.711,
                  "min": 199.241,
                  "n": 5,
                  "p05": 199.4192,
                  "p95": 202.313,
                  "samples": 5,
                  "stdev": 1.124123196
                },
                "status": "ok"
              },
              "logical_iterations": 1
            }
          },
          "timing_mode": "serial_latency",
          "workgroup_size": 256
        },
        {
          "body_repeats": 16,
          "bytes_per_us": 2891.061296,
          "correctness": {
            "single_dispatch": {
              "oracle": "deterministic CPU two-stage reference with sequence tag",
              "status": "pass"
            },
            "synchronization": {
              "barrier_count": 0,
              "method": "ordered_stream_final_chain",
              "status": "pass"
            },
            "timed_sequence": {
              "coverage": "chained_final_state",
              "logical_iterations": 10,
              "oracle": "deterministic CPU two-stage reference with sequence tag",
              "status": "pass"
            }
          },
          "correctness_pass": true,
          "dependency_contract": {
            "inter_dispatch_ordering": "hip_stream_order",
            "output_partitioning": "chained_shared",
            "validation_status": "pass",
            "work_dependency": "chained"
          },
          "gflops": 11.5635394,
          "k": 32768,
          "max_abs": 0,
          "max_rel": 0,
          "max_us": 91.17159843,
          "median_us": 90.67950249,
          "min_us": 90.31159878,
          "p05_us": 90.34597874,
          "p95_us": 91.11799836,
          "rows": 1,
          "split_count": 4,
          "submission": {
            "completion_in_host_wall": true,
            "queue_or_stream_count": 1,
            "recording_in_timed_region": false,
            "strategy": "direct",
            "submit_in_host_wall": true
          },
          "timing": {
            "burst": {
              "dispatches_per_iteration": 2,
              "gpu_elapsed": {
                "clock": "hip_event",
                "per_iteration_us": {
                  "max": 91.17159843,
                  "median": 90.67950249,
                  "min": 90.31159878,
                  "n": 5,
                  "p05": 90.34597874,
                  "p95": 91.11799836,
                  "samples": 5,
                  "stdev": 0.303812392
                },
                "sequence_us": {
                  "max": 911.7159843,
                  "median": 906.7950249,
                  "min": 903.1159878,
                  "n": 5,
                  "p05": 903.4597874,
                  "p95": 911.1799836,
                  "samples": 5,
                  "stdev": 3.03812392
                },
                "status": "ok"
              },
              "host_wall": {
                "clock": "steady_clock",
                "per_iteration_us": {
                  "max": 93.4785,
                  "median": 92.5696,
                  "min": 92.3796,
                  "n": 5,
                  "p05": 92.41138,
                  "p95": 93.3299,
                  "samples": 5,
                  "stdev": 0.3859866557
                },
                "sequence_us": {
                  "max": 934.785,
                  "median": 925.696,
                  "min": 923.796,
                  "n": 5,
                  "p05": 924.1138,
                  "p95": 933.299,
                  "samples": 5,
                  "stdev": 3.859866557
                },
                "status": "ok"
              },
              "logical_iterations": 10
            },
            "single": {
              "dispatches_per_iteration": 2,
              "gpu_elapsed": {
                "clock": "hip_event",
                "per_iteration_us": {
                  "max": 146.4899927,
                  "median": 103.7589982,
                  "min": 96.91999853,
                  "n": 5,
                  "p05": 97.19979912,
                  "p95": 138.2797942,
                  "samples": 5,
                  "stdev": 18.43167219
                },
                "sequence_us": {
                  "max": 146.4899927,
                  "median": 103.7589982,
                  "min": 96.91999853,
                  "n": 5,
                  "p05": 97.19979912,
                  "p95": 138.2797942,
                  "samples": 5,
                  "stdev": 18.43167219
                },
                "status": "ok"
              },
              "host_wall": {
                "clock": "steady_clock",
                "per_iteration_us": {
                  "max": 170.951,
                  "median": 132.251,
                  "min": 120.901,
                  "n": 5,
                  "p05": 121.2448,
                  "p95": 163.9708,
                  "samples": 5,
                  "stdev": 18.116822
                },
                "sequence_us": {
                  "max": 170.951,
                  "median": 132.251,
                  "min": 120.901,
                  "n": 5,
                  "p05": 121.2448,
                  "p95": 163.9708,
                  "samples": 5,
                  "stdev": 18.116822
                },
                "status": "ok"
              },
              "logical_iterations": 1
            }
          },
          "timing_mode": "serial_latency",
          "workgroup_size": 256
        },
        {
          "body_repeats": 16,
          "bytes_per_us": 3753.178201,
          "correctness": {
            "single_dispatch": {
              "oracle": "deterministic CPU two-stage reference with sequence tag",
              "status": "pass"
            },
            "synchronization": {
              "barrier_count": 0,
              "method": "ordered_stream_final_chain",
              "status": "pass"
            },
            "timed_sequence": {
              "coverage": "chained_final_state",
              "logical_iterations": 10,
              "oracle": "deterministic CPU two-stage reference with sequence tag",
              "status": "pass"
            }
          },
          "correctness_pass": true,
          "dependency_contract": {
            "inter_dispatch_ordering": "hip_stream_order",
            "output_partitioning": "chained_shared",
            "validation_status": "pass",
            "work_dependency": "chained"
          },
          "gflops": 24.01916768,
          "k": 32768,
          "max_abs": 0,
          "max_rel": 0,
          "max_us": 174.843204,
          "median_us": 174.6232033,
          "min_us": 174.3150949,
          "p05_us": 174.3663168,
          "p95_us": 174.8407841,
          "rows": 4,
          "split_count": 2,
          "submission": {
            "completion_in_host_wall": true,
            "queue_or_stream_count": 1,
            "recording_in_timed_region": false,
            "strategy": "direct",
            "submit_in_host_wall": true
          },
          "timing": {
            "burst": {
              "dispatches_per_iteration": 2,
              "gpu_elapsed": {
                "clock": "hip_event",
                "per_iteration_us": {
                  "max": 174.843204,
                  "median": 174.6232033,
                  "min": 174.3150949,
                  "n": 5,
                  "p05": 174.3663168,
                  "p95": 174.8407841,
                  "samples": 5,
                  "stdev": 0.1940817291
                },
                "sequence_us": {
                  "max": 1748.43204,
                  "median": 1746.232033,
                  "min": 1743.150949,
                  "n": 5,
                  "p05": 1743.663168,
                  "p95": 1748.407841,
                  "samples": 5,
                  "stdev": 1.940817291
                },
                "status": "ok"
              },
              "host_wall": {
                "clock": "steady_clock",
                "per_iteration_us": {
                  "max": 176.907,
                  "median": 176.709,
                  "min": 176.144,
                  "n": 5,
                  "p05": 176.20418,
                  "p95": 176.868,
                  "samples": 5,
                  "stdev": 0.264304706
                },
                "sequence_us": {
                  "max": 1769.07,
                  "median": 1767.09,
                  "min": 1761.44,
                  "n": 5,
                  "p05": 1762.0418,
                  "p95": 1768.68,
                  "samples": 5,
                  "stdev": 2.64304706
                },
                "status": "ok"
              },
              "logical_iterations": 10
            },
            "single": {
              "dispatches_per_iteration": 2,
              "gpu_elapsed": {
                "clock": "hip_event",
                "per_iteration_us": {
                  "max": 184.4799966,
                  "median": 181.9999963,
                  "min": 176.8400073,
                  "n": 5,
                  "p05": 177.1200061,
                  "p95": 184.2319965,
                  "samples": 5,
                  "stdev": 2.934044482
                },
                "sequence_us": {
                  "max": 184.4799966,
                  "median": 181.9999963,
                  "min": 176.8400073,
                  "n": 5,
                  "p05": 177.1200061,
                  "p95": 184.2319965,
                  "samples": 5,
                  "stdev": 2.934044482
                },
                "status": "ok"
              },
              "host_wall": {
                "clock": "steady_clock",
                "per_iteration_us": {
                  "max": 213.772,
                  "median": 206.081,
                  "min": 201.551,
                  "n": 5,
                  "p05": 201.673,
                  "p95": 212.5378,
                  "samples": 5,
                  "stdev": 4.40983802
                },
                "sequence_us": {
                  "max": 213.772,
                  "median": 206.081,
                  "min": 201.551,
                  "n": 5,
                  "p05": 201.673,
                  "p95": 212.5378,
                  "samples": 5,
                  "stdev": 4.40983802
                },
                "status": "ok"
              },
              "logical_iterations": 1
            }
          },
          "timing_mode": "serial_latency",
          "workgroup_size": 256
        },
        {
          "body_repeats": 16,
          "bytes_per_us": 7122.96609,
          "correctness": {
            "single_dispatch": {
              "oracle": "deterministic CPU two-stage reference with sequence tag",
              "status": "pass"
            },
            "synchronization": {
              "barrier_count": 0,
              "method": "ordered_stream_final_chain",
              "status": "pass"
            },
            "timed_sequence": {
              "coverage": "chained_final_state",
              "logical_iterations": 10,
              "oracle": "deterministic CPU two-stage reference with sequence tag",
              "status": "pass"
            }
          },
          "correctness_pass": true,
          "dependency_contract": {
            "inter_dispatch_ordering": "hip_stream_order",
            "output_partitioning": "chained_shared",
            "validation_status": "pass",
            "work_dependency": "chained"
          },
          "gflops": 45.58253156,
          "k": 32768,
          "max_abs": 0,
          "max_rel": 0,
          "max_us": 92.06749797,
          "median_us": 92.0156002,
          "min_us": 91.93549752,
          "p05_us": 91.94509745,
          "p95_us": 92.06511855,
          "rows": 4,
          "split_count": 4,
          "submission": {
            "completion_in_host_wall": true,
            "queue_or_stream_count": 1,
            "recording_in_timed_region": false,
            "strategy": "direct",
            "submit_in_host_wall": true
          },
          "timing": {
            "burst": {
              "dispatches_per_iteration": 2,
              "gpu_elapsed": {
                "clock": "hip_event",
                "per_iteration_us": {
                  "max": 92.06749797,
                  "median": 92.0156002,
                  "min": 91.93549752,
                  "n": 5,
                  "p05": 91.94509745,
                  "p95": 92.06511855,
                  "samples": 5,
                  "stdev": 0.04828664628
                },
                "sequence_us": {
                  "max": 920.6749797,
                  "median": 920.156002,
                  "min": 919.3549752,
                  "n": 5,
                  "p05": 919.4509745,
                  "p95": 920.6511855,
                  "samples": 5,
                  "stdev": 0.4828664628
                },
                "status": "ok"
              },
              "host_wall": {
                "clock": "steady_clock",
                "per_iteration_us": {
                  "max": 94.1555,
                  "median": 93.9336,
                  "min": 93.8625,
                  "n": 5,
                  "p05": 93.8759,
                  "p95": 94.1379,
                  "samples": 5,
                  "stdev": 0.1062954072
                },
                "sequence_us": {
                  "max": 941.555,
                  "median": 939.336,
                  "min": 938.625,
                  "n": 5,
                  "p05": 938.759,
                  "p95": 941.379,
                  "samples": 5,
                  "stdev": 1.062954072
                },
                "status": "ok"
              },
              "logical_iterations": 10
            },
            "single": {
              "dispatches_per_iteration": 2,
              "gpu_elapsed": {
                "clock": "hip_event",
                "per_iteration_us": {
                  "max": 98.36000204,
                  "median": 97.63900191,
                  "min": 96.559003,
                  "n": 5,
                  "p05": 96.59920186,
                  "p95": 98.34400117,
                  "samples": 5,
                  "stdev": 0.7481283221
                },
                "sequence_us": {
                  "max": 98.36000204,
                  "median": 97.63900191,
                  "min": 96.559003,
                  "n": 5,
                  "p05": 96.59920186,
                  "p95": 98.34400117,
                  "samples": 5,
                  "stdev": 0.7481283221
                },
                "status": "ok"
              },
              "host_wall": {
                "clock": "steady_clock",
                "per_iteration_us": {
                  "max": 124.461,
                  "median": 122.53,
                  "min": 117.751,
                  "n": 5,
                  "p05": 118.289,
                  "p95": 124.149,
                  "samples": 5,
                  "stdev": 2.319460834
                },
                "sequence_us": {
                  "max": 124.461,
                  "median": 122.53,
                  "min": 117.751,
                  "n": 5,
                  "p05": 118.289,
                  "p95": 124.149,
                  "samples": 5,
                  "stdev": 2.319460834
                },
                "status": "ok"
              },
              "logical_iterations": 1
            }
          },
          "timing_mode": "serial_latency",
          "workgroup_size": 256
        }
      ],
      "run_tag": "hip-two-stage-reduction",
      "status": "diagnostic"
    }
  },
  "rows": [
    {
      "backend": "hip",
      "body_repeats": 16,
      "bytes_per_us": 1025.538295,
      "correctness": {
        "single_dispatch": {
          "oracle": "deterministic CPU two-stage reference with sequence tag",
          "status": "pass"
        },
        "synchronization": {
          "barrier_count": 0,
          "method": "ordered_stream_final_chain",
          "status": "pass"
        },
        "timed_sequence": {
          "coverage": "chained_final_state",
          "logical_iterations": 10,
          "oracle": "deterministic CPU two-stage reference with sequence tag",
          "status": "pass"
        }
      },
      "correctness_pass": true,
      "dependency_contract": {
        "inter_dispatch_ordering": "hip_stream_order",
        "output_partitioning": "chained_shared",
        "validation_status": "pass",
        "work_dependency": "chained"
      },
      "gflops": 4.101652489,
      "k": 8192,
      "max_abs": 0,
      "max_rel": 0,
      "max_us": 64.5837009,
      "median_us": 63.91180158,
      "min_us": 63.09170127,
      "p05_us": 63.24290156,
      "p95_us": 64.45250034,
      "rows": 1,
      "split_count": 2,
      "submission": {
        "completion_in_host_wall": true,
        "queue_or_stream_count": 1,
        "recording_in_timed_region": false,
        "strategy": "direct",
        "submit_in_host_wall": true
      },
      "timing": {
        "burst": {
          "dispatches_per_iteration": 2,
          "gpu_elapsed": {
            "clock": "hip_event",
            "per_iteration_us": {
              "max": 64.5837009,
              "median": 63.91180158,
              "min": 63.09170127,
              "n": 5,
              "p05": 63.24290156,
              "p95": 64.45250034,
              "samples": 5,
              "stdev": 0.4734257537
            },
            "sequence_us": {
              "max": 645.837009,
              "median": 639.1180158,
              "min": 630.9170127,
              "n": 5,
              "p05": 632.4290156,
              "p95": 644.5250034,
              "samples": 5,
              "stdev": 4.734257537
            },
            "status": "ok"
          },
          "host_wall": {
            "clock": "steady_clock",
            "per_iteration_us": {
              "max": 66.9364,
              "median": 65.8463,
              "min": 65.0404,
              "n": 5,
              "p05": 65.1994,
              "p95": 66.7308,
              "samples": 5,
              "stdev": 0.6032030186
            },
            "sequence_us": {
              "max": 669.364,
              "median": 658.463,
              "min": 650.404,
              "n": 5,
              "p05": 651.994,
              "p95": 667.308,
              "samples": 5,
              "stdev": 6.032030186
            },
            "status": "ok"
          },
          "logical_iterations": 10
        },
        "single": {
          "dispatches_per_iteration": 2,
          "gpu_elapsed": {
            "clock": "hip_event",
            "per_iteration_us": {
              "max": 81.32000268,
              "median": 72.55999744,
              "min": 69.95999813,
              "n": 5,
              "p05": 70.01599818,
              "p95": 81.16000146,
              "samples": 5,
              "stdev": 4.987858089
            },
            "sequence_us": {
              "max": 81.32000268,
              "median": 72.55999744,
              "min": 69.95999813,
              "n": 5,
              "p05": 70.01599818,
              "p95": 81.16000146,
              "samples": 5,
              "stdev": 4.987858089
            },
            "status": "ok"
          },
          "host_wall": {
            "clock": "steady_clock",
            "per_iteration_us": {
              "max": 119.041,
              "median": 100.16,
              "min": 94.34,
              "n": 5,
              "p05": 94.4022,
              "p95": 117.227,
              "samples": 5,
              "stdev": 9.556930566
            },
            "sequence_us": {
              "max": 119.041,
              "median": 100.16,
              "min": 94.34,
              "n": 5,
              "p05": 94.4022,
              "p95": 117.227,
              "samples": 5,
              "stdev": 9.556930566
            },
            "status": "ok"
          },
          "logical_iterations": 1
        }
      },
      "timing_mode": "serial_latency",
      "variant": "two_stage",
      "workgroup_size": 128,
      "workgroup_specialization": "fixed"
    },
    {
      "backend": "hip",
      "body_repeats": 16,
      "bytes_per_us": 1878.070995,
      "correctness": {
        "single_dispatch": {
          "oracle": "deterministic CPU two-stage reference with sequence tag",
          "status": "pass"
        },
        "synchronization": {
          "barrier_count": 0,
          "method": "ordered_stream_final_chain",
          "status": "pass"
        },
        "timed_sequence": {
          "coverage": "chained_final_state",
          "logical_iterations": 10,
          "oracle": "deterministic CPU two-stage reference with sequence tag",
          "status": "pass"
        }
      },
      "correctness_pass": true,
      "dependency_contract": {
        "inter_dispatch_ordering": "hip_stream_order",
        "output_partitioning": "chained_shared",
        "validation_status": "pass",
        "work_dependency": "chained"
      },
      "gflops": 7.510450372,
      "k": 8192,
      "max_abs": 0,
      "max_rel": 0,
      "max_us": 35.85579991,
      "median_us": 34.90389884,
      "min_us": 34.87580121,
      "p05_us": 34.87902105,
      "p95_us": 35.67582011,
      "rows": 1,
      "split_count": 4,
      "submission": {
        "completion_in_host_wall": true,
        "queue_or_stream_count": 1,
        "recording_in_timed_region": false,
        "strategy": "direct",
        "submit_in_host_wall": true
      },
      "timing": {
        "burst": {
          "dispatches_per_iteration": 2,
          "gpu_elapsed": {
            "clock": "hip_event",
            "per_iteration_us": {
              "max": 35.85579991,
              "median": 34.90389884,
              "min": 34.87580121,
              "n": 5,
              "p05": 34.87902105,
              "p95": 35.67582011,
              "samples": 5,
              "stdev": 0.3805176709
            },
            "sequence_us": {
              "max": 358.5579991,
              "median": 349.0389884,
              "min": 348.7580121,
              "n": 5,
              "p05": 348.7902105,
              "p95": 356.7582011,
              "samples": 5,
              "stdev": 3.805176709
            },
            "status": "ok"
          },
          "host_wall": {
            "clock": "steady_clock",
            "per_iteration_us": {
              "max": 38.4942,
              "median": 36.9052,
              "min": 36.8042,
              "n": 5,
              "p05": 36.8186,
              "p95": 38.2116,
              "samples": 5,
              "stdev": 0.6375412144
            },
            "sequence_us": {
              "max": 384.942,
              "median": 369.052,
              "min": 368.042,
              "n": 5,
              "p05": 368.186,
              "p95": 382.116,
              "samples": 5,
              "stdev": 6.375412144
            },
            "status": "ok"
          },
          "logical_iterations": 10
        },
        "single": {
          "dispatches_per_iteration": 2,
          "gpu_elapsed": {
            "clock": "hip_event",
            "per_iteration_us": {
              "max": 47.75999859,
              "median": 47.6000011,
              "min": 47.27900028,
              "n": 5,
              "p05": 47.30320051,
              "p95": 47.7519989,
              "samples": 5,
              "stdev": 0.1851614312
            },
            "sequence_us": {
              "max": 47.75999859,
              "median": 47.6000011,
              "min": 47.27900028,
              "n": 5,
              "p05": 47.30320051,
              "p95": 47.7519989,
              "samples": 5,
              "stdev": 0.1851614312
            },
            "status": "ok"
          },
          "host_wall": {
            "clock": "steady_clock",
            "per_iteration_us": {
              "max": 78.63,
              "median": 76.86,
              "min": 74.841,
              "n": 5,
              "p05": 74.9988,
              "p95": 78.3422,
              "samples": 5,
              "stdev": 1.30905624
            },
            "sequence_us": {
              "max": 78.63,
              "median": 76.86,
              "min": 74.841,
              "n": 5,
              "p05": 74.9988,
              "p95": 78.3422,
              "samples": 5,
              "stdev": 1.30905624
            },
            "status": "ok"
          },
          "logical_iterations": 1
        }
      },
      "timing_mode": "serial_latency",
      "variant": "two_stage",
      "workgroup_size": 128,
      "workgroup_specialization": "fixed"
    },
    {
      "backend": "hip",
      "body_repeats": 16,
      "bytes_per_us": 2445.715788,
      "correctness": {
        "single_dispatch": {
          "oracle": "deterministic CPU two-stage reference with sequence tag",
          "status": "pass"
        },
        "synchronization": {
          "barrier_count": 0,
          "method": "ordered_stream_final_chain",
          "status": "pass"
        },
        "timed_sequence": {
          "coverage": "chained_final_state",
          "logical_iterations": 10,
          "oracle": "deterministic CPU two-stage reference with sequence tag",
          "status": "pass"
        }
      },
      "correctness_pass": true,
      "dependency_contract": {
        "inter_dispatch_ordering": "hip_stream_order",
        "output_partitioning": "chained_shared",
        "validation_status": "pass",
        "work_dependency": "chained"
      },
      "gflops": 15.6495245,
      "k": 8192,
      "max_abs": 0,
      "max_rel": 0,
      "max_us": 67.3996985,
      "median_us": 67.00369716,
      "min_us": 66.99169874,
      "p05_us": 66.99329853,
      "p95_us": 67.37729907,
      "rows": 4,
      "split_count": 2,
      "submission": {
        "completion_in_host_wall": true,
        "queue_or_stream_count": 1,
        "recording_in_timed_region": false,
        "strategy": "direct",
        "submit_in_host_wall": true
      },
      "timing": {
        "burst": {
          "dispatches_per_iteration": 2,
          "gpu_elapsed": {
            "clock": "hip_event",
            "per_iteration_us": {
              "max": 67.3996985,
              "median": 67.00369716,
              "min": 66.99169874,
              "n": 5,
              "p05": 66.99329853,
              "p95": 67.37729907,
              "samples": 5,
              "stdev": 0.1728896612
            },
            "sequence_us": {
              "max": 673.996985,
              "median": 670.0369716,
              "min": 669.9169874,
              "n": 5,
              "p05": 669.9329853,
              "p95": 673.7729907,
              "samples": 5,
              "stdev": 1.728896612
            },
            "status": "ok"
          },
          "host_wall": {
            "clock": "steady_clock",
            "per_iteration_us": {
              "max": 69.7294,
              "median": 68.9473,
              "min": 68.8513,
              "n": 5,
              "p05": 68.85232,
              "p95": 69.6628,
              "samples": 5,
              "stdev": 0.3500678597
            },
            "sequence_us": {
              "max": 697.294,
              "median": 689.473,
              "min": 688.513,
              "n": 5,
              "p05": 688.5232,
              "p95": 696.628,
              "samples": 5,
              "stdev": 3.500678597
            },
            "status": "ok"
          },
          "logical_iterations": 10
        },
        "single": {
          "dispatches_per_iteration": 2,
          "gpu_elapsed": {
            "clock": "hip_event",
            "per_iteration_us": {
              "max": 82.80000091,
              "median": 79.99999821,
              "min": 73.16000015,
              "n": 5,
              "p05": 73.20780009,
              "p95": 82.60800093,
              "samples": 5,
              "stdev": 4.149527445
            },
            "sequence_us": {
              "max": 82.80000091,
              "median": 79.99999821,
              "min": 73.16000015,
              "n": 5,
              "p05": 73.20780009,
              "p95": 82.60800093,
              "samples": 5,
              "stdev": 4.149527445
            },
            "status": "ok"
          },
          "host_wall": {
            "clock": "steady_clock",
            "per_iteration_us": {
              "max": 113.65,
              "median": 108.221,
              "min": 97.14,
              "n": 5,
              "p05": 97.2042,
              "p95": 113.1162,
              "samples": 5,
              "stdev": 6.904815439
            },
            "sequence_us": {
              "max": 113.65,
              "median": 108.221,
              "min": 97.14,
              "n": 5,
              "p05": 97.2042,
              "p95": 113.1162,
              "samples": 5,
              "stdev": 6.904815439
            },
            "status": "ok"
          },
          "logical_iterations": 1
        }
      },
      "timing_mode": "serial_latency",
      "variant": "two_stage",
      "workgroup_size": 128,
      "workgroup_specialization": "fixed"
    },
    {
      "backend": "hip",
      "body_repeats": 16,
      "bytes_per_us": 4691.026586,
      "correctness": {
        "single_dispatch": {
          "oracle": "deterministic CPU two-stage reference with sequence tag",
          "status": "pass"
        },
        "synchronization": {
          "barrier_count": 0,
          "method": "ordered_stream_final_chain",
          "status": "pass"
        },
        "timed_sequence": {
          "coverage": "chained_final_state",
          "logical_iterations": 10,
          "oracle": "deterministic CPU two-stage reference with sequence tag",
          "status": "pass"
        }
      },
      "correctness_pass": true,
      "dependency_contract": {
        "inter_dispatch_ordering": "hip_stream_order",
        "output_partitioning": "chained_shared",
        "validation_status": "pass",
        "work_dependency": "chained"
      },
      "gflops": 30.01084716,
      "k": 8192,
      "max_abs": 0,
      "max_rel": 0,
      "max_us": 35.76390147,
      "median_us": 34.93990004,
      "min_us": 34.89179909,
      "p05_us": 34.89739954,
      "p95_us": 35.6142813,
      "rows": 4,
      "split_count": 4,
      "submission": {
        "completion_in_host_wall": true,
        "queue_or_stream_count": 1,
        "recording_in_timed_region": false,
        "strategy": "direct",
        "submit_in_host_wall": true
      },
      "timing": {
        "burst": {
          "dispatches_per_iteration": 2,
          "gpu_elapsed": {
            "clock": "hip_event",
            "per_iteration_us": {
              "max": 35.76390147,
              "median": 34.93990004,
              "min": 34.89179909,
              "n": 5,
              "p05": 34.89739954,
              "p95": 35.6142813,
              "samples": 5,
              "stdev": 0.3313943727
            },
            "sequence_us": {
              "max": 357.6390147,
              "median": 349.3990004,
              "min": 348.9179909,
              "n": 5,
              "p05": 348.9739954,
              "p95": 356.142813,
              "samples": 5,
              "stdev": 3.313943727
            },
            "status": "ok"
          },
          "host_wall": {
            "clock": "steady_clock",
            "per_iteration_us": {
              "max": 38.1312,
              "median": 36.8192,
              "min": 36.7882,
              "n": 5,
              "p05": 36.7886,
              "p95": 37.9124,
              "samples": 5,
              "stdev": 0.5173954001
            },
            "sequence_us": {
              "max": 381.312,
              "median": 368.192,
              "min": 367.882,
              "n": 5,
              "p05": 367.886,
              "p95": 379.124,
              "samples": 5,
              "stdev": 5.173954001
            },
            "status": "ok"
          },
          "logical_iterations": 10
        },
        "single": {
          "dispatches_per_iteration": 2,
          "gpu_elapsed": {
            "clock": "hip_event",
            "per_iteration_us": {
              "max": 47.71900177,
              "median": 47.40000144,
              "min": 45.19899935,
              "n": 5,
              "p05": 45.59919983,
              "p95": 47.67120108,
              "samples": 5,
              "stdev": 0.9155289567
            },
            "sequence_us": {
              "max": 47.71900177,
              "median": 47.40000144,
              "min": 45.19899935,
              "n": 5,
              "p05": 45.59919983,
              "p95": 47.67120108,
              "samples": 5,
              "stdev": 0.9155289567
            },
            "status": "ok"
          },
          "host_wall": {
            "clock": "steady_clock",
            "per_iteration_us": {
              "max": 77.701,
              "median": 75.73,
              "min": 72.16,
              "n": 5,
              "p05": 72.6962,
              "p95": 77.5588,
              "samples": 5,
              "stdev": 1.934221559
            },
            "sequence_us": {
              "max": 77.701,
              "median": 75.73,
              "min": 72.16,
              "n": 5,
              "p05": 72.6962,
              "p95": 77.5588,
              "samples": 5,
              "stdev": 1.934221559
            },
            "status": "ok"
          },
          "logical_iterations": 1
        }
      },
      "timing_mode": "serial_latency",
      "variant": "two_stage",
      "workgroup_size": 128,
      "workgroup_specialization": "fixed"
    },
    {
      "backend": "hip",
      "body_repeats": 16,
      "bytes_per_us": 813.1605926,
      "correctness": {
        "single_dispatch": {
          "oracle": "deterministic CPU two-stage reference with sequence tag",
          "status": "pass"
        },
        "synchronization": {
          "barrier_count": 0,
          "method": "ordered_stream_final_chain",
          "status": "pass"
        },
        "timed_sequence": {
          "coverage": "chained_final_state",
          "logical_iterations": 10,
          "oracle": "deterministic CPU two-stage reference with sequence tag",
          "status": "pass"
        }
      },
      "correctness_pass": true,
      "dependency_contract": {
        "inter_dispatch_ordering": "hip_stream_order",
        "output_partitioning": "chained_shared",
        "validation_status": "pass",
        "work_dependency": "chained"
      },
      "gflops": 3.252543111,
      "k": 32768,
      "max_abs": 0,
      "max_rel": 0,
      "max_us": 340.4824972,
      "median_us": 322.3865032,
      "min_us": 282.4947119,
      "p05_us": 284.5618916,
      "p95_us": 339.3680763,
      "rows": 1,
      "split_count": 2,
      "submission": {
        "completion_in_host_wall": true,
        "queue_or_stream_count": 1,
        "recording_in_timed_region": false,
        "strategy": "direct",
        "submit_in_host_wall": true
      },
      "timing": {
        "burst": {
          "dispatches_per_iteration": 2,
          "gpu_elapsed": {
            "clock": "hip_event",
            "per_iteration_us": {
              "max": 340.4824972,
              "median": 322.3865032,
              "min": 282.4947119,
              "n": 5,
              "p05": 284.5618916,
              "p95": 339.3680763,
              "samples": 5,
              "stdev": 23.01173183
            },
            "sequence_us": {
              "max": 3404.824972,
              "median": 3223.865032,
              "min": 2824.947119,
              "n": 5,
              "p05": 2845.618916,
              "p95": 3393.680763,
              "samples": 5,
              "stdev": 230.1173183
            },
            "status": "ok"
          },
          "host_wall": {
            "clock": "steady_clock",
            "per_iteration_us": {
              "max": 342.5319,
              "median": 324.2388,
              "min": 284.3746,
              "n": 5,
              "p05": 286.4316,
              "p95": 341.39328,
              "samples": 5,
              "stdev": 23.06623461
            },
            "sequence_us": {
              "max": 3425.319,
              "median": 3242.388,
              "min": 2843.746,
              "n": 5,
              "p05": 2864.316,
              "p95": 3413.9328,
              "samples": 5,
              "stdev": 230.6623461
            },
            "status": "ok"
          },
          "logical_iterations": 10
        },
        "single": {
          "dispatches_per_iteration": 2,
          "gpu_elapsed": {
            "clock": "hip_event",
            "per_iteration_us": {
              "max": 364.5580113,
              "median": 346.9589949,
              "min": 335.5990052,
              "n": 5,
              "p05": 337.3188019,
              "p95": 363.6062086,
              "samples": 5,
              "stdev": 10.5641658
            },
            "sequence_us": {
              "max": 364.5580113,
              "median": 346.9589949,
              "min": 335.5990052,
              "n": 5,
              "p05": 337.3188019,
              "p95": 363.6062086,
              "samples": 5,
              "stdev": 10.5641658
            },
            "status": "ok"
          },
          "host_wall": {
            "clock": "steady_clock",
            "per_iteration_us": {
              "max": 388.442,
              "median": 367.662,
              "min": 359.212,
              "n": 5,
              "p05": 360.496,
              "p95": 387.878,
              "samples": 5,
              "stdev": 11.57728707
            },
            "sequence_us": {
              "max": 388.442,
              "median": 367.662,
              "min": 359.212,
              "n": 5,
              "p05": 360.496,
              "p95": 387.878,
              "samples": 5,
              "stdev": 11.57728707
            },
            "status": "ok"
          },
          "logical_iterations": 1
        }
      },
      "timing_mode": "serial_latency",
      "variant": "two_stage",
      "workgroup_size": 128,
      "workgroup_specialization": "fixed"
    },
    {
      "backend": "hip",
      "body_repeats": 16,
      "bytes_per_us": 1529.529577,
      "correctness": {
        "single_dispatch": {
          "oracle": "deterministic CPU two-stage reference with sequence tag",
          "status": "pass"
        },
        "synchronization": {
          "barrier_count": 0,
          "method": "ordered_stream_final_chain",
          "status": "pass"
        },
        "timed_sequence": {
          "coverage": "chained_final_state",
          "logical_iterations": 10,
          "oracle": "deterministic CPU two-stage reference with sequence tag",
          "status": "pass"
        }
      },
      "correctness_pass": true,
      "dependency_contract": {
        "inter_dispatch_ordering": "hip_stream_order",
        "output_partitioning": "chained_shared",
        "validation_status": "pass",
        "work_dependency": "chained"
      },
      "gflops": 6.117744912,
      "k": 32768,
      "max_abs": 0,
      "max_rel": 0,
      "max_us": 171.7352033,
      "median_us": 171.3991046,
      "min_us": 170.5711961,
      "p05_us": 170.6215763,
      "p95_us": 171.7160034,
      "rows": 1,
      "split_count": 4,
      "submission": {
        "completion_in_host_wall": true,
        "queue_or_stream_count": 1,
        "recording_in_timed_region": false,
        "strategy": "direct",
        "submit_in_host_wall": true
      },
      "timing": {
        "burst": {
          "dispatches_per_iteration": 2,
          "gpu_elapsed": {
            "clock": "hip_event",
            "per_iteration_us": {
              "max": 171.7352033,
              "median": 171.3991046,
              "min": 170.5711961,
              "n": 5,
              "p05": 170.6215763,
              "p95": 171.7160034,
              "samples": 5,
              "stdev": 0.4584329187
            },
            "sequence_us": {
              "max": 1717.352033,
              "median": 1713.991046,
              "min": 1705.711961,
              "n": 5,
              "p05": 1706.215763,
              "p95": 1717.160034,
              "samples": 5,
              "stdev": 4.584329187
            },
            "status": "ok"
          },
          "host_wall": {
            "clock": "steady_clock",
            "per_iteration_us": {
              "max": 173.6709,
              "median": 173.311,
              "min": 172.4249,
              "n": 5,
              "p05": 172.5333,
              "p95": 173.65652,
              "samples": 5,
              "stdev": 0.4578723342
            },
            "sequence_us": {
              "max": 1736.709,
              "median": 1733.11,
              "min": 1724.249,
              "n": 5,
              "p05": 1725.333,
              "p95": 1736.5652,
              "samples": 5,
              "stdev": 4.578723342
            },
            "status": "ok"
          },
          "logical_iterations": 10
        },
        "single": {
          "dispatches_per_iteration": 2,
          "gpu_elapsed": {
            "clock": "hip_event",
            "per_iteration_us": {
              "max": 178.9599955,
              "median": 176.7590046,
              "min": 173.8390028,
              "n": 5,
              "p05": 174.3832022,
              "p95": 178.9037973,
              "samples": 5,
              "stdev": 1.838258892
            },
            "sequence_us": {
              "max": 178.9599955,
              "median": 176.7590046,
              "min": 173.8390028,
              "n": 5,
              "p05": 174.3832022,
              "p95": 178.9037973,
              "samples": 5,
              "stdev": 1.838258892
            },
            "status": "ok"
          },
          "host_wall": {
            "clock": "steady_clock",
            "per_iteration_us": {
              "max": 203.561,
              "median": 199.902,
              "min": 197.621,
              "n": 5,
              "p05": 198.037,
              "p95": 203.379,
              "samples": 5,
              "stdev": 2.149695271
            },
            "sequence_us": {
              "max": 203.561,
              "median": 199.902,
              "min": 197.621,
              "n": 5,
              "p05": 198.037,
              "p95": 203.379,
              "samples": 5,
              "stdev": 2.149695271
            },
            "status": "ok"
          },
          "logical_iterations": 1
        }
      },
      "timing_mode": "serial_latency",
      "variant": "two_stage",
      "workgroup_size": 128,
      "workgroup_specialization": "fixed"
    },
    {
      "backend": "hip",
      "body_repeats": 16,
      "bytes_per_us": 1922.566111,
      "correctness": {
        "single_dispatch": {
          "oracle": "deterministic CPU two-stage reference with sequence tag",
          "status": "pass"
        },
        "synchronization": {
          "barrier_count": 0,
          "method": "ordered_stream_final_chain",
          "status": "pass"
        },
        "timed_sequence": {
          "coverage": "chained_final_state",
          "logical_iterations": 10,
          "oracle": "deterministic CPU two-stage reference with sequence tag",
          "status": "pass"
        }
      },
      "correctness_pass": true,
      "dependency_contract": {
        "inter_dispatch_ordering": "hip_stream_order",
        "output_partitioning": "chained_shared",
        "validation_status": "pass",
        "work_dependency": "chained"
      },
      "gflops": 12.30382234,
      "k": 32768,
      "max_abs": 0,
      "max_rel": 0,
      "max_us": 342.0104027,
      "median_us": 340.8943892,
      "min_us": 337.1784925,
      "p05_us": 337.1912718,
      "p95_us": 341.9816208,
      "rows": 4,
      "split_count": 2,
      "submission": {
        "completion_in_host_wall": true,
        "queue_or_stream_count": 1,
        "recording_in_timed_region": false,
        "strategy": "direct",
        "submit_in_host_wall": true
      },
      "timing": {
        "burst": {
          "dispatches_per_iteration": 2,
          "gpu_elapsed": {
            "clock": "hip_event",
            "per_iteration_us": {
              "max": 342.0104027,
              "median": 340.8943892,
              "min": 337.1784925,
              "n": 5,
              "p05": 337.1912718,
              "p95": 341.9816208,
              "samples": 5,
              "stdev": 2.179919863
            },
            "sequence_us": {
              "max": 3420.104027,
              "median": 3408.943892,
              "min": 3371.784925,
              "n": 5,
              "p05": 3371.912718,
              "p95": 3419.816208,
              "samples": 5,
              "stdev": 21.79919863
            },
            "status": "ok"
          },
          "host_wall": {
            "clock": "steady_clock",
            "per_iteration_us": {
              "max": 344.4089,
              "median": 342.7469,
              "min": 339.1359,
              "n": 5,
              "p05": 339.1867,
              "p95": 344.27208,
              "samples": 5,
              "stdev": 2.203670233
            },
            "sequence_us": {
              "max": 3444.089,
              "median": 3427.469,
              "min": 3391.359,
              "n": 5,
              "p05": 3391.867,
              "p95": 3442.7208,
              "samples": 5,
              "stdev": 22.03670233
            },
            "status": "ok"
          },
          "logical_iterations": 10
        },
        "single": {
          "dispatches_per_iteration": 2,
          "gpu_elapsed": {
            "clock": "hip_event",
            "per_iteration_us": {
              "max": 358.758986,
              "median": 348.9179909,
              "min": 343.1580067,
              "n": 5,
              "p05": 343.614006,
              "p95": 358.3107889,
              "samples": 5,
              "stdev": 6.106417449
            },
            "sequence_us": {
              "max": 358.758986,
              "median": 348.9179909,
              "min": 343.1580067,
              "n": 5,
              "p05": 343.614006,
              "p95": 358.3107889,
              "samples": 5,
              "stdev": 6.106417449
            },
            "status": "ok"
          },
          "host_wall": {
            "clock": "steady_clock",
            "per_iteration_us": {
              "max": 384.152,
              "median": 371.992,
              "min": 363.702,
              "n": 5,
              "p05": 365.076,
              "p95": 383.77,
              "samples": 5,
              "stdev": 7.634272722
            },
            "sequence_us": {
              "max": 384.152,
              "median": 371.992,
              "min": 363.702,
              "n": 5,
              "p05": 365.076,
              "p95": 383.77,
              "samples": 5,
              "stdev": 7.634272722
            },
            "status": "ok"
          },
          "logical_iterations": 1
        }
      },
      "timing_mode": "serial_latency",
      "variant": "two_stage",
      "workgroup_size": 128,
      "workgroup_specialization": "fixed"
    },
    {
      "backend": "hip",
      "body_repeats": 16,
      "bytes_per_us": 3788.157733,
      "correctness": {
        "single_dispatch": {
          "oracle": "deterministic CPU two-stage reference with sequence tag",
          "status": "pass"
        },
        "synchronization": {
          "barrier_count": 0,
          "method": "ordered_stream_final_chain",
          "status": "pass"
        },
        "timed_sequence": {
          "coverage": "chained_final_state",
          "logical_iterations": 10,
          "oracle": "deterministic CPU two-stage reference with sequence tag",
          "status": "pass"
        }
      },
      "correctness_pass": true,
      "dependency_contract": {
        "inter_dispatch_ordering": "hip_stream_order",
        "output_partitioning": "chained_shared",
        "validation_status": "pass",
        "work_dependency": "chained"
      },
      "gflops": 24.24184212,
      "k": 32768,
      "max_abs": 0,
      "max_rel": 0,
      "max_us": 173.723197,
      "median_us": 173.0191946,
      "min_us": 172.5592017,
      "p05_us": 172.6064205,
      "p95_us": 173.643198,
      "rows": 4,
      "split_count": 4,
      "submission": {
        "completion_in_host_wall": true,
        "queue_or_stream_count": 1,
        "recording_in_timed_region": false,
        "strategy": "direct",
        "submit_in_host_wall": true
      },
      "timing": {
        "burst": {
          "dispatches_per_iteration": 2,
          "gpu_elapsed": {
            "clock": "hip_event",
            "per_iteration_us": {
              "max": 173.723197,
              "median": 173.0191946,
              "min": 172.5592017,
              "n": 5,
              "p05": 172.6064205,
              "p95": 173.643198,
              "samples": 5,
              "stdev": 0.4071249399
            },
            "sequence_us": {
              "max": 1737.23197,
              "median": 1730.191946,
              "min": 1725.592017,
              "n": 5,
              "p05": 1726.064205,
              "p95": 1736.43198,
              "samples": 5,
              "stdev": 4.071249399
            },
            "status": "ok"
          },
          "host_wall": {
            "clock": "steady_clock",
            "per_iteration_us": {
              "max": 175.941,
              "median": 175.3799,
              "min": 174.494,
              "n": 5,
              "p05": 174.534,
              "p95": 175.865,
              "samples": 5,
              "stdev": 0.5413429242
            },
            "sequence_us": {
              "max": 1759.41,
              "median": 1753.799,
              "min": 1744.94,
              "n": 5,
              "p05": 1745.34,
              "p95": 1758.65,
              "samples": 5,
              "stdev": 5.413429242
            },
            "status": "ok"
          },
          "logical_iterations": 10
        },
        "single": {
          "dispatches_per_iteration": 2,
          "gpu_elapsed": {
            "clock": "hip_event",
            "per_iteration_us": {
              "max": 180.8390021,
              "median": 179.3989986,
              "min": 177.5590032,
              "n": 5,
              "p05": 177.8870016,
              "p95": 180.8390021,
              "samples": 5,
              "stdev": 1.219153955
            },
            "sequence_us": {
              "max": 180.8390021,
              "median": 179.3989986,
              "min": 177.5590032,
              "n": 5,
              "p05": 177.8870016,
              "p95": 180.8390021,
              "samples": 5,
              "stdev": 1.219153955
            },
            "status": "ok"
          },
          "host_wall": {
            "clock": "steady_clock",
            "per_iteration_us": {
              "max": 205.471,
              "median": 204.671,
              "min": 200.851,
              "n": 5,
              "p05": 200.859,
              "p95": 205.425,
              "samples": 5,
              "stdev": 2.101576551
            },
            "sequence_us": {
              "max": 205.471,
              "median": 204.671,
              "min": 200.851,
              "n": 5,
              "p05": 200.859,
              "p95": 205.425,
              "samples": 5,
              "stdev": 2.101576551
            },
            "status": "ok"
          },
          "logical_iterations": 1
        }
      },
      "timing_mode": "serial_latency",
      "variant": "two_stage",
      "workgroup_size": 128,
      "workgroup_specialization": "fixed"
    },
    {
      "backend": "hip",
      "body_repeats": 16,
      "bytes_per_us": 1767.07049,
      "correctness": {
        "single_dispatch": {
          "oracle": "deterministic CPU two-stage reference with sequence tag",
          "status": "pass"
        },
        "synchronization": {
          "barrier_count": 0,
          "method": "ordered_stream_final_chain",
          "status": "pass"
        },
        "timed_sequence": {
          "coverage": "chained_final_state",
          "logical_iterations": 10,
          "oracle": "deterministic CPU two-stage reference with sequence tag",
          "status": "pass"
        }
      },
      "correctness_pass": true,
      "dependency_contract": {
        "inter_dispatch_ordering": "hip_stream_order",
        "output_partitioning": "chained_shared",
        "validation_status": "pass",
        "work_dependency": "chained"
      },
      "gflops": 7.067419238,
      "k": 8192,
      "max_abs": 0,
      "max_rel": 0,
      "max_us": 37.82779872,
      "median_us": 37.09189892,
      "min_us": 36.21979952,
      "p05_us": 36.35899961,
      "p95_us": 37.68539906,
      "rows": 1,
      "split_count": 2,
      "submission": {
        "completion_in_host_wall": true,
        "queue_or_stream_count": 1,
        "recording_in_timed_region": false,
        "strategy": "direct",
        "submit_in_host_wall": true
      },
      "timing": {
        "burst": {
          "dispatches_per_iteration": 2,
          "gpu_elapsed": {
            "clock": "hip_event",
            "per_iteration_us": {
              "max": 37.82779872,
              "median": 37.09189892,
              "min": 36.21979952,
              "n": 5,
              "p05": 36.35899961,
              "p95": 37.68539906,
              "samples": 5,
              "stdev": 0.5132355074
            },
            "sequence_us": {
              "max": 378.2779872,
              "median": 370.9189892,
              "min": 362.1979952,
              "n": 5,
              "p05": 363.5899961,
              "p95": 376.8539906,
              "samples": 5,
              "stdev": 5.132355074
            },
            "status": "ok"
          },
          "host_wall": {
            "clock": "steady_clock",
            "per_iteration_us": {
              "max": 40.1752,
              "median": 39.0132,
              "min": 38.1202,
              "n": 5,
              "p05": 38.2558,
              "p95": 39.9704,
              "samples": 5,
              "stdev": 0.6641670272
            },
            "sequence_us": {
              "max": 401.752,
              "median": 390.132,
              "min": 381.202,
              "n": 5,
              "p05": 382.558,
              "p95": 399.704,
              "samples": 5,
              "stdev": 6.641670272
            },
            "status": "ok"
          },
          "logical_iterations": 10
        },
        "single": {
          "dispatches_per_iteration": 2,
          "gpu_elapsed": {
            "clock": "hip_event",
            "per_iteration_us": {
              "max": 51.80000141,
              "median": 46.03999853,
              "min": 43.15900058,
              "n": 5,
              "p05": 43.26320067,
              "p95": 51.54400095,
              "samples": 5,
              "stdev": 3.524762673
            },
            "sequence_us": {
              "max": 51.80000141,
              "median": 46.03999853,
              "min": 43.15900058,
              "n": 5,
              "p05": 43.26320067,
              "p95": 51.54400095,
              "samples": 5,
              "stdev": 3.524762673
            },
            "status": "ok"
          },
          "host_wall": {
            "clock": "steady_clock",
            "per_iteration_us": {
              "max": 89.73,
              "median": 74.31,
              "min": 67.53,
              "n": 5,
              "p05": 67.7342,
              "p95": 87.7502,
              "samples": 5,
              "stdev": 8.16423421
            },
            "sequence_us": {
              "max": 89.73,
              "median": 74.31,
              "min": 67.53,
              "n": 5,
              "p05": 67.7342,
              "p95": 87.7502,
              "samples": 5,
              "stdev": 8.16423421
            },
            "status": "ok"
          },
          "logical_iterations": 1
        }
      },
      "timing_mode": "serial_latency",
      "variant": "two_stage",
      "workgroup_size": 256,
      "workgroup_specialization": "fixed"
    },
    {
      "backend": "hip",
      "body_repeats": 16,
      "bytes_per_us": 2912.917248,
      "correctness": {
        "single_dispatch": {
          "oracle": "deterministic CPU two-stage reference with sequence tag",
          "status": "pass"
        },
        "synchronization": {
          "barrier_count": 0,
          "method": "ordered_stream_final_chain",
          "status": "pass"
        },
        "timed_sequence": {
          "coverage": "chained_final_state",
          "logical_iterations": 10,
          "oracle": "deterministic CPU two-stage reference with sequence tag",
          "status": "pass"
        }
      },
      "correctness_pass": true,
      "dependency_contract": {
        "inter_dispatch_ordering": "hip_stream_order",
        "output_partitioning": "chained_shared",
        "validation_status": "pass",
        "work_dependency": "chained"
      },
      "gflops": 11.64882504,
      "k": 8192,
      "max_abs": 0,
      "max_rel": 0,
      "max_us": 23.31590056,
      "median_us": 22.50390053,
      "min_us": 21.71189934,
      "p05_us": 21.75989956,
      "p95_us": 23.16870034,
      "rows": 1,
      "split_count": 4,
      "submission": {
        "completion_in_host_wall": true,
        "queue_or_stream_count": 1,
        "recording_in_timed_region": false,
        "strategy": "direct",
        "submit_in_host_wall": true
      },
      "timing": {
        "burst": {
          "dispatches_per_iteration": 2,
          "gpu_elapsed": {
            "clock": "hip_event",
            "per_iteration_us": {
              "max": 23.31590056,
              "median": 22.50390053,
              "min": 21.71189934,
              "n": 5,
              "p05": 21.75989956,
              "p95": 23.16870034,
              "samples": 5,
              "stdev": 0.5577637959
            },
            "sequence_us": {
              "max": 233.1590056,
              "median": 225.0390053,
              "min": 217.1189934,
              "n": 5,
              "p05": 217.5989956,
              "p95": 231.6870034,
              "samples": 5,
              "stdev": 5.577637959
            },
            "status": "ok"
          },
          "host_wall": {
            "clock": "steady_clock",
            "per_iteration_us": {
              "max": 26.0721,
              "median": 24.8992,
              "min": 23.5921,
              "n": 5,
              "p05": 23.76892,
              "p95": 25.8395,
              "samples": 5,
              "stdev": 0.8004154386
            },
            "sequence_us": {
              "max": 260.721,
              "median": 248.992,
              "min": 235.921,
              "n": 5,
              "p05": 237.6892,
              "p95": 258.395,
              "samples": 5,
              "stdev": 8.004154386
            },
            "status": "ok"
          },
          "logical_iterations": 10
        },
        "single": {
          "dispatches_per_iteration": 2,
          "gpu_elapsed": {
            "clock": "hip_event",
            "per_iteration_us": {
              "max": 33.31999853,
              "median": 33.19999948,
              "min": 32.5989984,
              "n": 5,
              "p05": 32.60719851,
              "p95": 33.29599872,
              "samples": 5,
              "stdev": 0.3073972699
            },
            "sequence_us": {
              "max": 33.31999853,
              "median": 33.19999948,
              "min": 32.5989984,
              "n": 5,
              "p05": 32.60719851,
              "p95": 33.29599872,
              "samples": 5,
              "stdev": 0.3073972699
            },
            "status": "ok"
          },
          "host_wall": {
            "clock": "steady_clock",
            "per_iteration_us": {
              "max": 63.77,
              "median": 62.12,
              "min": 60.11,
              "n": 5,
              "p05": 60.3782,
              "p95": 63.4402,
              "samples": 5,
              "stdev": 1.183114973
            },
            "sequence_us": {
              "max": 63.77,
              "median": 62.12,
              "min": 60.11,
              "n": 5,
              "p05": 60.3782,
              "p95": 63.4402,
              "samples": 5,
              "stdev": 1.183114973
            },
            "status": "ok"
          },
          "logical_iterations": 1
        }
      },
      "timing_mode": "serial_latency",
      "variant": "two_stage",
      "workgroup_size": 256,
      "workgroup_specialization": "fixed"
    },
    {
      "backend": "hip",
      "body_repeats": 16,
      "bytes_per_us": 4210.937346,
      "correctness": {
        "single_dispatch": {
          "oracle": "deterministic CPU two-stage reference with sequence tag",
          "status": "pass"
        },
        "synchronization": {
          "barrier_count": 0,
          "method": "ordered_stream_final_chain",
          "status": "pass"
        },
        "timed_sequence": {
          "coverage": "chained_final_state",
          "logical_iterations": 10,
          "oracle": "deterministic CPU two-stage reference with sequence tag",
          "status": "pass"
        }
      },
      "correctness_pass": true,
      "dependency_contract": {
        "inter_dispatch_ordering": "hip_stream_order",
        "output_partitioning": "chained_shared",
        "validation_status": "pass",
        "work_dependency": "chained"
      },
      "gflops": 26.94473637,
      "k": 8192,
      "max_abs": 0,
      "max_rel": 0,
      "max_us": 40.07570148,
      "median_us": 38.91580105,
      "min_us": 38.6597991,
      "p05_us": 38.69019926,
      "p95_us": 39.98292089,
      "rows": 4,
      "split_count": 2,
      "submission": {
        "completion_in_host_wall": true,
        "queue_or_stream_count": 1,
        "recording_in_timed_region": false,
        "strategy": "direct",
        "submit_in_host_wall": true
      },
      "timing": {
        "burst": {
          "dispatches_per_iteration": 2,
          "gpu_elapsed": {
            "clock": "hip_event",
            "per_iteration_us": {
              "max": 40.07570148,
              "median": 38.91580105,
              "min": 38.6597991,
              "n": 5,
              "p05": 38.69019926,
              "p95": 39.98292089,
              "samples": 5,
              "stdev": 0.5401100783
            },
            "sequence_us": {
              "max": 400.7570148,
              "median": 389.1580105,
              "min": 386.597991,
              "n": 5,
              "p05": 386.9019926,
              "p95": 399.8292089,
              "samples": 5,
              "stdev": 5.401100783
            },
            "status": "ok"
          },
          "host_wall": {
            "clock": "steady_clock",
            "per_iteration_us": {
              "max": 42.7772,
              "median": 41.1492,
              "min": 40.9303,
              "n": 5,
              "p05": 40.94788,
              "p95": 42.5926,
              "samples": 5,
              "stdev": 0.6965558252
            },
            "sequence_us": {
              "max": 427.772,
              "median": 411.492,
              "min": 409.303,
              "n": 5,
              "p05": 409.4788,
              "p95": 425.926,
              "samples": 5,
              "stdev": 6.965558252
            },
            "status": "ok"
          },
          "logical_iterations": 10
        },
        "single": {
          "dispatches_per_iteration": 2,
          "gpu_elapsed": {
            "clock": "hip_event",
            "per_iteration_us": {
              "max": 52.68000066,
              "median": 51.60000175,
              "min": 51.07999966,
              "n": 5,
              "p05": 51.09599978,
              "p95": 52.49600038,
              "samples": 5,
              "stdev": 0.572768913
            },
            "sequence_us": {
              "max": 52.68000066,
              "median": 51.60000175,
              "min": 51.07999966,
              "n": 5,
              "p05": 51.09599978,
              "p95": 52.49600038,
              "samples": 5,
              "stdev": 0.572768913
            },
            "status": "ok"
          },
          "host_wall": {
            "clock": "steady_clock",
            "per_iteration_us": {
              "max": 82.11,
              "median": 81.401,
              "min": 78.44,
              "n": 5,
              "p05": 78.54,
              "p95": 81.9782,
              "samples": 5,
              "stdev": 1.481925045
            },
            "sequence_us": {
              "max": 82.11,
              "median": 81.401,
              "min": 78.44,
              "n": 5,
              "p05": 78.54,
              "p95": 81.9782,
              "samples": 5,
              "stdev": 1.481925045
            },
            "status": "ok"
          },
          "logical_iterations": 1
        }
      },
      "timing_mode": "serial_latency",
      "variant": "two_stage",
      "workgroup_size": 256,
      "workgroup_specialization": "fixed"
    },
    {
      "backend": "hip",
      "body_repeats": 16,
      "bytes_per_us": 7261.417801,
      "correctness": {
        "single_dispatch": {
          "oracle": "deterministic CPU two-stage reference with sequence tag",
          "status": "pass"
        },
        "synchronization": {
          "barrier_count": 0,
          "method": "ordered_stream_final_chain",
          "status": "pass"
        },
        "timed_sequence": {
          "coverage": "chained_final_state",
          "logical_iterations": 10,
          "oracle": "deterministic CPU two-stage reference with sequence tag",
          "status": "pass"
        }
      },
      "correctness_pass": true,
      "dependency_contract": {
        "inter_dispatch_ordering": "hip_stream_order",
        "output_partitioning": "chained_shared",
        "validation_status": "pass",
        "work_dependency": "chained"
      },
      "gflops": 46.45492747,
      "k": 8192,
      "max_abs": 0,
      "max_rel": 0,
      "max_us": 23.97589982,
      "median_us": 22.57190049,
      "min_us": 21.73990011,
      "p05_us": 21.83430016,
      "p95_us": 23.69909972,
      "rows": 4,
      "split_count": 4,
      "submission": {
        "completion_in_host_wall": true,
        "queue_or_stream_count": 1,
        "recording_in_timed_region": false,
        "strategy": "direct",
        "submit_in_host_wall": true
      },
      "timing": {
        "burst": {
          "dispatches_per_iteration": 2,
          "gpu_elapsed": {
            "clock": "hip_event",
            "per_iteration_us": {
              "max": 23.97589982,
              "median": 22.57190049,
              "min": 21.73990011,
              "n": 5,
              "p05": 21.83430016,
              "p95": 23.69909972,
              "samples": 5,
              "stdev": 0.7460126279
            },
            "sequence_us": {
              "max": 239.7589982,
              "median": 225.7190049,
              "min": 217.3990011,
              "n": 5,
              "p05": 218.3430016,
              "p95": 236.9909972,
              "samples": 5,
              "stdev": 7.460126279
            },
            "status": "ok"
          },
          "host_wall": {
            "clock": "steady_clock",
            "per_iteration_us": {
              "max": 26.7431,
              "median": 24.9111,
              "min": 23.8441,
              "n": 5,
              "p05": 23.95052,
              "p95": 26.38012,
              "samples": 5,
              "stdev": 0.9766167981
            },
            "sequence_us": {
              "max": 267.431,
              "median": 249.111,
              "min": 238.441,
              "n": 5,
              "p05": 239.5052,
              "p95": 263.8012,
              "samples": 5,
              "stdev": 9.766167981
            },
            "status": "ok"
          },
          "logical_iterations": 10
        },
        "single": {
          "dispatches_per_iteration": 2,
          "gpu_elapsed": {
            "clock": "hip_event",
            "per_iteration_us": {
              "max": 33.16000104,
              "median": 32.83900023,
              "min": 32.55999833,
              "n": 5,
              "p05": 32.6079987,
              "p95": 33.13600048,
              "samples": 5,
              "stdev": 0.2071143877
            },
            "sequence_us": {
              "max": 33.16000104,
              "median": 32.83900023,
              "min": 32.55999833,
              "n": 5,
              "p05": 32.6079987,
              "p95": 33.13600048,
              "samples": 5,
              "stdev": 0.2071143877
            },
            "status": "ok"
          },
          "host_wall": {
            "clock": "steady_clock",
            "per_iteration_us": {
              "max": 63.29,
              "median": 61.381,
              "min": 60.27,
              "n": 5,
              "p05": 60.394,
              "p95": 63.0462,
              "samples": 5,
              "stdev": 1.03893996
            },
            "sequence_us": {
              "max": 63.29,
              "median": 61.381,
              "min": 60.27,
              "n": 5,
              "p05": 60.394,
              "p95": 63.0462,
              "samples": 5,
              "stdev": 1.03893996
            },
            "status": "ok"
          },
          "logical_iterations": 1
        }
      },
      "timing_mode": "serial_latency",
      "variant": "two_stage",
      "workgroup_size": 256,
      "workgroup_specialization": "fixed"
    },
    {
      "backend": "hip",
      "body_repeats": 16,
      "bytes_per_us": 1518.602786,
      "correctness": {
        "single_dispatch": {
          "oracle": "deterministic CPU two-stage reference with sequence tag",
          "status": "pass"
        },
        "synchronization": {
          "barrier_count": 0,
          "method": "ordered_stream_final_chain",
          "status": "pass"
        },
        "timed_sequence": {
          "coverage": "chained_final_state",
          "logical_iterations": 10,
          "oracle": "deterministic CPU two-stage reference with sequence tag",
          "status": "pass"
        }
      },
      "correctness_pass": true,
      "dependency_contract": {
        "inter_dispatch_ordering": "hip_stream_order",
        "output_partitioning": "chained_shared",
        "validation_status": "pass",
        "work_dependency": "chained"
      },
      "gflops": 6.074225772,
      "k": 32768,
      "max_abs": 0,
      "max_rel": 0,
      "max_us": 173.2872009,
      "median_us": 172.6271033,
      "min_us": 172.4951982,
      "p05_us": 172.5087976,
      "p95_us": 173.1831813,
      "rows": 1,
      "split_count": 2,
      "submission": {
        "completion_in_host_wall": true,
        "queue_or_stream_count": 1,
        "recording_in_timed_region": false,
        "strategy": "direct",
        "submit_in_host_wall": true
      },
      "timing": {
        "burst": {
          "dispatches_per_iteration": 2,
          "gpu_elapsed": {
            "clock": "hip_event",
            "per_iteration_us": {
              "max": 173.2872009,
              "median": 172.6271033,
              "min": 172.4951982,
              "n": 5,
              "p05": 172.5087976,
              "p95": 173.1831813,
              "samples": 5,
              "stdev": 0.2841760299
            },
            "sequence_us": {
              "max": 1732.872009,
              "median": 1726.271033,
              "min": 1724.951982,
              "n": 5,
              "p05": 1725.087976,
              "p95": 1731.831813,
              "samples": 5,
              "stdev": 2.841760299
            },
            "status": "ok"
          },
          "host_wall": {
            "clock": "steady_clock",
            "per_iteration_us": {
              "max": 175.4109,
              "median": 174.8749,
              "min": 174.517,
              "n": 5,
              "p05": 174.53978,
              "p95": 175.35832,
              "samples": 5,
              "stdev": 0.3289138647
            },
            "sequence_us": {
              "max": 1754.109,
              "median": 1748.749,
              "min": 1745.17,
              "n": 5,
              "p05": 1745.3978,
              "p95": 1753.5832,
              "samples": 5,
              "stdev": 3.289138647
            },
            "status": "ok"
          },
          "logical_iterations": 10
        },
        "single": {
          "dispatches_per_iteration": 2,
          "gpu_elapsed": {
            "clock": "hip_event",
            "per_iteration_us": {
              "max": 181.5599948,
              "median": 179.0000051,
              "min": 175.2000004,
              "n": 5,
              "p05": 175.5600005,
              "p95": 181.1679959,
              "samples": 5,
              "stdev": 2.189047667
            },
            "sequence_us": {
              "max": 181.5599948,
              "median": 179.0000051,
              "min": 175.2000004,
              "n": 5,
              "p05": 175.5600005,
              "p95": 181.1679959,
              "samples": 5,
              "stdev": 2.189047667
            },
            "status": "ok"
          },
          "host_wall": {
            "clock": "steady_clock",
            "per_iteration_us": {
              "max": 202.651,
              "median": 200.711,
              "min": 199.241,
              "n": 5,
              "p05": 199.4192,
              "p95": 202.313,
              "samples": 5,
              "stdev": 1.124123196
            },
            "sequence_us": {
              "max": 202.651,
              "median": 200.711,
              "min": 199.241,
              "n": 5,
              "p05": 199.4192,
              "p95": 202.313,
              "samples": 5,
              "stdev": 1.124123196
            },
            "status": "ok"
          },
          "logical_iterations": 1
        }
      },
      "timing_mode": "serial_latency",
      "variant": "two_stage",
      "workgroup_size": 256,
      "workgroup_specialization": "fixed"
    },
    {
      "backend": "hip",
      "body_repeats": 16,
      "bytes_per_us": 2891.061296,
      "correctness": {
        "single_dispatch": {
          "oracle": "deterministic CPU two-stage reference with sequence tag",
          "status": "pass"
        },
        "synchronization": {
          "barrier_count": 0,
          "method": "ordered_stream_final_chain",
          "status": "pass"
        },
        "timed_sequence": {
          "coverage": "chained_final_state",
          "logical_iterations": 10,
          "oracle": "deterministic CPU two-stage reference with sequence tag",
          "status": "pass"
        }
      },
      "correctness_pass": true,
      "dependency_contract": {
        "inter_dispatch_ordering": "hip_stream_order",
        "output_partitioning": "chained_shared",
        "validation_status": "pass",
        "work_dependency": "chained"
      },
      "gflops": 11.5635394,
      "k": 32768,
      "max_abs": 0,
      "max_rel": 0,
      "max_us": 91.17159843,
      "median_us": 90.67950249,
      "min_us": 90.31159878,
      "p05_us": 90.34597874,
      "p95_us": 91.11799836,
      "rows": 1,
      "split_count": 4,
      "submission": {
        "completion_in_host_wall": true,
        "queue_or_stream_count": 1,
        "recording_in_timed_region": false,
        "strategy": "direct",
        "submit_in_host_wall": true
      },
      "timing": {
        "burst": {
          "dispatches_per_iteration": 2,
          "gpu_elapsed": {
            "clock": "hip_event",
            "per_iteration_us": {
              "max": 91.17159843,
              "median": 90.67950249,
              "min": 90.31159878,
              "n": 5,
              "p05": 90.34597874,
              "p95": 91.11799836,
              "samples": 5,
              "stdev": 0.303812392
            },
            "sequence_us": {
              "max": 911.7159843,
              "median": 906.7950249,
              "min": 903.1159878,
              "n": 5,
              "p05": 903.4597874,
              "p95": 911.1799836,
              "samples": 5,
              "stdev": 3.03812392
            },
            "status": "ok"
          },
          "host_wall": {
            "clock": "steady_clock",
            "per_iteration_us": {
              "max": 93.4785,
              "median": 92.5696,
              "min": 92.3796,
              "n": 5,
              "p05": 92.41138,
              "p95": 93.3299,
              "samples": 5,
              "stdev": 0.3859866557
            },
            "sequence_us": {
              "max": 934.785,
              "median": 925.696,
              "min": 923.796,
              "n": 5,
              "p05": 924.1138,
              "p95": 933.299,
              "samples": 5,
              "stdev": 3.859866557
            },
            "status": "ok"
          },
          "logical_iterations": 10
        },
        "single": {
          "dispatches_per_iteration": 2,
          "gpu_elapsed": {
            "clock": "hip_event",
            "per_iteration_us": {
              "max": 146.4899927,
              "median": 103.7589982,
              "min": 96.91999853,
              "n": 5,
              "p05": 97.19979912,
              "p95": 138.2797942,
              "samples": 5,
              "stdev": 18.43167219
            },
            "sequence_us": {
              "max": 146.4899927,
              "median": 103.7589982,
              "min": 96.91999853,
              "n": 5,
              "p05": 97.19979912,
              "p95": 138.2797942,
              "samples": 5,
              "stdev": 18.43167219
            },
            "status": "ok"
          },
          "host_wall": {
            "clock": "steady_clock",
            "per_iteration_us": {
              "max": 170.951,
              "median": 132.251,
              "min": 120.901,
              "n": 5,
              "p05": 121.2448,
              "p95": 163.9708,
              "samples": 5,
              "stdev": 18.116822
            },
            "sequence_us": {
              "max": 170.951,
              "median": 132.251,
              "min": 120.901,
              "n": 5,
              "p05": 121.2448,
              "p95": 163.9708,
              "samples": 5,
              "stdev": 18.116822
            },
            "status": "ok"
          },
          "logical_iterations": 1
        }
      },
      "timing_mode": "serial_latency",
      "variant": "two_stage",
      "workgroup_size": 256,
      "workgroup_specialization": "fixed"
    },
    {
      "backend": "hip",
      "body_repeats": 16,
      "bytes_per_us": 3753.178201,
      "correctness": {
        "single_dispatch": {
          "oracle": "deterministic CPU two-stage reference with sequence tag",
          "status": "pass"
        },
        "synchronization": {
          "barrier_count": 0,
          "method": "ordered_stream_final_chain",
          "status": "pass"
        },
        "timed_sequence": {
          "coverage": "chained_final_state",
          "logical_iterations": 10,
          "oracle": "deterministic CPU two-stage reference with sequence tag",
          "status": "pass"
        }
      },
      "correctness_pass": true,
      "dependency_contract": {
        "inter_dispatch_ordering": "hip_stream_order",
        "output_partitioning": "chained_shared",
        "validation_status": "pass",
        "work_dependency": "chained"
      },
      "gflops": 24.01916768,
      "k": 32768,
      "max_abs": 0,
      "max_rel": 0,
      "max_us": 174.843204,
      "median_us": 174.6232033,
      "min_us": 174.3150949,
      "p05_us": 174.3663168,
      "p95_us": 174.8407841,
      "rows": 4,
      "split_count": 2,
      "submission": {
        "completion_in_host_wall": true,
        "queue_or_stream_count": 1,
        "recording_in_timed_region": false,
        "strategy": "direct",
        "submit_in_host_wall": true
      },
      "timing": {
        "burst": {
          "dispatches_per_iteration": 2,
          "gpu_elapsed": {
            "clock": "hip_event",
            "per_iteration_us": {
              "max": 174.843204,
              "median": 174.6232033,
              "min": 174.3150949,
              "n": 5,
              "p05": 174.3663168,
              "p95": 174.8407841,
              "samples": 5,
              "stdev": 0.1940817291
            },
            "sequence_us": {
              "max": 1748.43204,
              "median": 1746.232033,
              "min": 1743.150949,
              "n": 5,
              "p05": 1743.663168,
              "p95": 1748.407841,
              "samples": 5,
              "stdev": 1.940817291
            },
            "status": "ok"
          },
          "host_wall": {
            "clock": "steady_clock",
            "per_iteration_us": {
              "max": 176.907,
              "median": 176.709,
              "min": 176.144,
              "n": 5,
              "p05": 176.20418,
              "p95": 176.868,
              "samples": 5,
              "stdev": 0.264304706
            },
            "sequence_us": {
              "max": 1769.07,
              "median": 1767.09,
              "min": 1761.44,
              "n": 5,
              "p05": 1762.0418,
              "p95": 1768.68,
              "samples": 5,
              "stdev": 2.64304706
            },
            "status": "ok"
          },
          "logical_iterations": 10
        },
        "single": {
          "dispatches_per_iteration": 2,
          "gpu_elapsed": {
            "clock": "hip_event",
            "per_iteration_us": {
              "max": 184.4799966,
              "median": 181.9999963,
              "min": 176.8400073,
              "n": 5,
              "p05": 177.1200061,
              "p95": 184.2319965,
              "samples": 5,
              "stdev": 2.934044482
            },
            "sequence_us": {
              "max": 184.4799966,
              "median": 181.9999963,
              "min": 176.8400073,
              "n": 5,
              "p05": 177.1200061,
              "p95": 184.2319965,
              "samples": 5,
              "stdev": 2.934044482
            },
            "status": "ok"
          },
          "host_wall": {
            "clock": "steady_clock",
            "per_iteration_us": {
              "max": 213.772,
              "median": 206.081,
              "min": 201.551,
              "n": 5,
              "p05": 201.673,
              "p95": 212.5378,
              "samples": 5,
              "stdev": 4.40983802
            },
            "sequence_us": {
              "max": 213.772,
              "median": 206.081,
              "min": 201.551,
              "n": 5,
              "p05": 201.673,
              "p95": 212.5378,
              "samples": 5,
              "stdev": 4.40983802
            },
            "status": "ok"
          },
          "logical_iterations": 1
        }
      },
      "timing_mode": "serial_latency",
      "variant": "two_stage",
      "workgroup_size": 256,
      "workgroup_specialization": "fixed"
    },
    {
      "backend": "hip",
      "body_repeats": 16,
      "bytes_per_us": 7122.96609,
      "correctness": {
        "single_dispatch": {
          "oracle": "deterministic CPU two-stage reference with sequence tag",
          "status": "pass"
        },
        "synchronization": {
          "barrier_count": 0,
          "method": "ordered_stream_final_chain",
          "status": "pass"
        },
        "timed_sequence": {
          "coverage": "chained_final_state",
          "logical_iterations": 10,
          "oracle": "deterministic CPU two-stage reference with sequence tag",
          "status": "pass"
        }
      },
      "correctness_pass": true,
      "dependency_contract": {
        "inter_dispatch_ordering": "hip_stream_order",
        "output_partitioning": "chained_shared",
        "validation_status": "pass",
        "work_dependency": "chained"
      },
      "gflops": 45.58253156,
      "k": 32768,
      "max_abs": 0,
      "max_rel": 0,
      "max_us": 92.06749797,
      "median_us": 92.0156002,
      "min_us": 91.93549752,
      "p05_us": 91.94509745,
      "p95_us": 92.06511855,
      "rows": 4,
      "split_count": 4,
      "submission": {
        "completion_in_host_wall": true,
        "queue_or_stream_count": 1,
        "recording_in_timed_region": false,
        "strategy": "direct",
        "submit_in_host_wall": true
      },
      "timing": {
        "burst": {
          "dispatches_per_iteration": 2,
          "gpu_elapsed": {
            "clock": "hip_event",
            "per_iteration_us": {
              "max": 92.06749797,
              "median": 92.0156002,
              "min": 91.93549752,
              "n": 5,
              "p05": 91.94509745,
              "p95": 92.06511855,
              "samples": 5,
              "stdev": 0.04828664628
            },
            "sequence_us": {
              "max": 920.6749797,
              "median": 920.156002,
              "min": 919.3549752,
              "n": 5,
              "p05": 919.4509745,
              "p95": 920.6511855,
              "samples": 5,
              "stdev": 0.4828664628
            },
            "status": "ok"
          },
          "host_wall": {
            "clock": "steady_clock",
            "per_iteration_us": {
              "max": 94.1555,
              "median": 93.9336,
              "min": 93.8625,
              "n": 5,
              "p05": 93.8759,
              "p95": 94.1379,
              "samples": 5,
              "stdev": 0.1062954072
            },
            "sequence_us": {
              "max": 941.555,
              "median": 939.336,
              "min": 938.625,
              "n": 5,
              "p05": 938.759,
              "p95": 941.379,
              "samples": 5,
              "stdev": 1.062954072
            },
            "status": "ok"
          },
          "logical_iterations": 10
        },
        "single": {
          "dispatches_per_iteration": 2,
          "gpu_elapsed": {
            "clock": "hip_event",
            "per_iteration_us": {
              "max": 98.36000204,
              "median": 97.63900191,
              "min": 96.559003,
              "n": 5,
              "p05": 96.59920186,
              "p95": 98.34400117,
              "samples": 5,
              "stdev": 0.7481283221
            },
            "sequence_us": {
              "max": 98.36000204,
              "median": 97.63900191,
              "min": 96.559003,
              "n": 5,
              "p05": 96.59920186,
              "p95": 98.34400117,
              "samples": 5,
              "stdev": 0.7481283221
            },
            "status": "ok"
          },
          "host_wall": {
            "clock": "steady_clock",
            "per_iteration_us": {
              "max": 124.461,
              "median": 122.53,
              "min": 117.751,
              "n": 5,
              "p05": 118.289,
              "p95": 124.149,
              "samples": 5,
              "stdev": 2.319460834
            },
            "sequence_us": {
              "max": 124.461,
              "median": 122.53,
              "min": 117.751,
              "n": 5,
              "p05": 118.289,
              "p95": 124.149,
              "samples": 5,
              "stdev": 2.319460834
            },
            "status": "ok"
          },
          "logical_iterations": 1
        }
      },
      "timing_mode": "serial_latency",
      "variant": "two_stage",
      "workgroup_size": 256,
      "workgroup_specialization": "fixed"
    }
  ],
  "schema": "hipengine.micro.two_stage_reduction.v2",
  "schema_version": 2,
  "source": {
    "branch": "",
    "commit": "f2c3ad6d74c86e3641ce09ff9fd759eaa6cd75e0",
    "dirty": false,
    "repo": "/tmp/hipEngine-f2c",
    "source_hash": "sha256:434549c58262048626636385801b133dbde02f4a053b75bb766f076a1e023794"
  },
  "source_coverage": {
    "backend_hash_status": {
      "hip": "covered_by_combined_source_hash",
      "vulkan": "covered_by_combined_source_hash"
    },
    "backend_source_hashes": {
      "hip": [],
      "vulkan": []
    },
    "combined_hash_backends": [
      "hip",
      "vulkan"
    ],
    "combined_hash_files": [
      "benchmarks/micro/runners/two_stage_reduction.py",
      "benchmarks/micro/runners/hip_two_stage_reduction.hip",
      "benchmarks/micro/runners/vulkan_two_stage_reduction.cpp",
      "benchmarks/micro/kernels/vulkan/reduction_two_stage_partial.comp",
      "benchmarks/micro/kernels/vulkan/reduction_two_stage_final.comp",
      "benchmarks/micro/runners/micro_timing_hip.hpp",
      "benchmarks/micro/runners/micro_timing_vulkan.hpp",
      "benchmarks/micro/timing_contract.py",
      "benchmarks/micro/comparison_claim.py"
    ],
    "combined_source_hash": "sha256:434549c58262048626636385801b133dbde02f4a053b75bb766f076a1e023794",
    "scope": "single_joint_wrapper_invocation"
  },
  "sources": {
    "shared": {
      "branch": "",
      "commit": "f2c3ad6d74c86e3641ce09ff9fd759eaa6cd75e0",
      "dirty": false,
      "repo": "/tmp/hipEngine-f2c",
      "source_hash": "sha256:434549c58262048626636385801b133dbde02f4a053b75bb766f076a1e023794"
    }
  },
  "summary": {
    "all_correctness_pass": true,
    "host_wall_status": "not_comparable_direct_vs_command_buffer",
    "matched_rows": 0,
    "performance_claim": false,
    "primary_domain": "gpu_elapsed",
    "speedup_max": null,
    "speedup_median": null,
    "speedup_min": null
  },
  "wrapper": {
    "build_dir": "/home/kaden/ClaudeCode/autorocm/redline-pub/examples/hipengine-6409/results/gfx1201/2026-07-13-radiowave-redline/build/hip/two-stage-reduction",
    "command": [
      "python3",
      "/tmp/hipEngine-f2c/benchmarks/micro/runners/two_stage_reduction.py",
      "--backend",
      "hip",
      "--timing-mode",
      "serial_latency",
      "--independent-streams",
      "4",
      "--reps",
      "10",
      "--warmup",
      "3",
      "--samples",
      "5",
      "--environment-json",
      "/home/kaden/ClaudeCode/autorocm/redline-pub/examples/hipengine-6409/results/gfx1201/2026-07-13-radiowave-redline/environment.json",
      "--environment-ref",
      "/home/kaden/ClaudeCode/autorocm/redline-pub/examples/hipengine-6409/results/gfx1201/2026-07-13-radiowave-redline/environment.json",
      "--gfx-arch",
      "gfx1201",
      "--hardware-gpu",
      "AMD Radeon Graphics",
      "--build-dir",
      "/home/kaden/ClaudeCode/autorocm/redline-pub/examples/hipengine-6409/results/gfx1201/2026-07-13-radiowave-redline/build/hip/two-stage-reduction",
      "--k-list",
      "8192,32768",
      "--rows-list",
      "1,4",
      "--workgroups",
      "128,256",
      "--split-counts",
      "2,4",
      "--body-repeats",
      "16",
      "--out",
      "/home/kaden/ClaudeCode/autorocm/redline-pub/examples/hipengine-6409/results/gfx1201/2026-07-13-radiowave-redline/serial_latency/hip-two-stage-reduction.json",
      "--pretty"
    ],
    "cwd": "/tmp/hipEngine-f2c"
  }
}
