[hip] K=512 rows=1 wg=64 median=25.944 us correctness=pass
[hip] K=2048 rows=1 wg=64 median=96.764 us correctness=pass
[hip] K=512 rows=1 wg=256 median=8.568 us correctness=pass
[hip] K=2048 rows=1 wg=256 median=26.768 us correctness=pass
[hip] K=512 rows=1 wg=64 median=26.208 us correctness=pass
[hip] K=2048 rows=1 wg=64 median=96.88 us correctness=pass
[hip] K=512 rows=1 wg=256 median=9 us correctness=pass
[hip] K=2048 rows=1 wg=256 median=27.056 us correctness=pass
[hip] K=512 rows=1 wg=64 median=25.912 us correctness=pass
[hip] K=2048 rows=1 wg=64 median=96.684 us correctness=pass
[hip] K=512 rows=1 wg=256 median=8.416 us correctness=pass
[hip] K=2048 rows=1 wg=256 median=26.592 us correctness=pass
[hip] K=512 rows=1 wg=64 median=27.068 us correctness=pass
[hip] K=2048 rows=1 wg=64 median=100.952 us correctness=pass
[hip] K=512 rows=1 wg=256 median=10.068 us correctness=pass
[hip] K=2048 rows=1 wg=256 median=28.216 us correctness=pass
[hip] K=512 rows=1 wg=64 median=26.768 us correctness=pass
[hip] K=2048 rows=1 wg=64 median=99.392 us correctness=pass
[hip] K=512 rows=1 wg=256 median=12.084 us correctness=pass
[hip] K=2048 rows=1 wg=256 median=27.724 us correctness=pass
[hip] K=512 rows=1 wg=64 median=31.12 us correctness=pass
[hip] K=2048 rows=1 wg=64 median=99.736 us correctness=pass
[hip] K=512 rows=1 wg=256 median=16.492 us correctness=pass
[hip] K=2048 rows=1 wg=256 median=31.812 us correctness=pass
compiled /home/kaden/ClaudeCode/autorocm/redline-pub/examples/hipengine-6409/results/gfx1201/2026-07-13-radiowave-redline/build/redline/reduction/hip_reduction_lds_tree_wg64.redline.co sha256=a1d54a6116f4ea55cb9f34ddcc8c5a00aed2ce9e3b4c5b38f530a613598a1eb4 kernels=1 manifest=/home/kaden/ClaudeCode/autorocm/redline-pub/examples/hipengine-6409/results/gfx1201/2026-07-13-radiowave-redline/build/redline/reduction/hip_reduction_lds_tree_wg64.redline.radiowave.json
compiled /home/kaden/ClaudeCode/autorocm/redline-pub/examples/hipengine-6409/results/gfx1201/2026-07-13-radiowave-redline/build/redline/reduction/hip_reduction_lds_tree_wg256.redline.co sha256=bdff5ac88ecf7bae25d19f8bbaba53ccdd56c30f3ce8cc355bc6cf55f78afd8e kernels=1 manifest=/home/kaden/ClaudeCode/autorocm/redline-pub/examples/hipengine-6409/results/gfx1201/2026-07-13-radiowave-redline/build/redline/reduction/hip_reduction_lds_tree_wg256.redline.radiowave.json
compiled /home/kaden/ClaudeCode/autorocm/redline-pub/examples/hipengine-6409/results/gfx1201/2026-07-13-radiowave-redline/build/redline/reduction/hip_reduction_extra_barrier_wg64.redline.co sha256=1e0fa4f84ab5945c5d2a6145e5bc151fe2fa84d5baa084429e57f4a4f4316e77 kernels=1 manifest=/home/kaden/ClaudeCode/autorocm/redline-pub/examples/hipengine-6409/results/gfx1201/2026-07-13-radiowave-redline/build/redline/reduction/hip_reduction_extra_barrier_wg64.redline.radiowave.json
compiled /home/kaden/ClaudeCode/autorocm/redline-pub/examples/hipengine-6409/results/gfx1201/2026-07-13-radiowave-redline/build/redline/reduction/hip_reduction_extra_barrier_wg256.redline.co sha256=147087dd74b3a78fb74c0a8d7ee0de1712107af7d1f495fea232a1c7ab538797 kernels=1 manifest=/home/kaden/ClaudeCode/autorocm/redline-pub/examples/hipengine-6409/results/gfx1201/2026-07-13-radiowave-redline/build/redline/reduction/hip_reduction_extra_barrier_wg256.redline.radiowave.json
compiled /home/kaden/ClaudeCode/autorocm/redline-pub/examples/hipengine-6409/results/gfx1201/2026-07-13-radiowave-redline/build/redline/reduction/hip_reduction_wave_shuffle_wg64.redline.co sha256=abbbdd0ddc644d425d706e5f7ceadec9ad2c0b362e7b4ee622a0f7145a21597a kernels=1 manifest=/home/kaden/ClaudeCode/autorocm/redline-pub/examples/hipengine-6409/results/gfx1201/2026-07-13-radiowave-redline/build/redline/reduction/hip_reduction_wave_shuffle_wg64.redline.radiowave.json
compiled /home/kaden/ClaudeCode/autorocm/redline-pub/examples/hipengine-6409/results/gfx1201/2026-07-13-radiowave-redline/build/redline/reduction/hip_reduction_wave_shuffle_wg256.redline.co sha256=35080cb959f2e943529fa895763291db2e7c11224c53381556de839193136a32 kernels=1 manifest=/home/kaden/ClaudeCode/autorocm/redline-pub/examples/hipengine-6409/results/gfx1201/2026-07-13-radiowave-redline/build/redline/reduction/hip_reduction_wave_shuffle_wg256.redline.radiowave.json
compiled /home/kaden/ClaudeCode/autorocm/redline-pub/examples/hipengine-6409/results/gfx1201/2026-07-13-radiowave-redline/build/redline/reduction/hip_reduction_multi_accum4_wg64.redline.co sha256=b26a579f30c79ad1a416f3f260169de3a4690de1b952fa07fbc2f2f6f83dc05f kernels=1 manifest=/home/kaden/ClaudeCode/autorocm/redline-pub/examples/hipengine-6409/results/gfx1201/2026-07-13-radiowave-redline/build/redline/reduction/hip_reduction_multi_accum4_wg64.redline.radiowave.json
compiled /home/kaden/ClaudeCode/autorocm/redline-pub/examples/hipengine-6409/results/gfx1201/2026-07-13-radiowave-redline/build/redline/reduction/hip_reduction_multi_accum4_wg256.redline.co sha256=39262cbc05fd082b03df8845b01658c92376f93615a2a18681a802f5beae5010 kernels=1 manifest=/home/kaden/ClaudeCode/autorocm/redline-pub/examples/hipengine-6409/results/gfx1201/2026-07-13-radiowave-redline/build/redline/reduction/hip_reduction_multi_accum4_wg256.redline.radiowave.json
compiled /home/kaden/ClaudeCode/autorocm/redline-pub/examples/hipengine-6409/results/gfx1201/2026-07-13-radiowave-redline/build/redline/reduction/hip_reduction_multi_accum8_wg64.redline.co sha256=25a1e94ca5a39c0cb579f3a28adb8c85bcd369f0373e50e6077609fc358cd742 kernels=1 manifest=/home/kaden/ClaudeCode/autorocm/redline-pub/examples/hipengine-6409/results/gfx1201/2026-07-13-radiowave-redline/build/redline/reduction/hip_reduction_multi_accum8_wg64.redline.radiowave.json
compiled /home/kaden/ClaudeCode/autorocm/redline-pub/examples/hipengine-6409/results/gfx1201/2026-07-13-radiowave-redline/build/redline/reduction/hip_reduction_multi_accum8_wg256.redline.co sha256=fdd8507b2c18b751e1be7cf5c51af5731eefa45e58174c07e765ec3d16ba22bc kernels=1 manifest=/home/kaden/ClaudeCode/autorocm/redline-pub/examples/hipengine-6409/results/gfx1201/2026-07-13-radiowave-redline/build/redline/reduction/hip_reduction_multi_accum8_wg256.redline.radiowave.json
compiled /home/kaden/ClaudeCode/autorocm/redline-pub/examples/hipengine-6409/results/gfx1201/2026-07-13-radiowave-redline/build/redline/reduction/hip_reduction_multi_accum16_wg64.redline.co sha256=d43e42e27ef9bd409bd9dc4c82d2499223e1c34fe0c438e6d6752fffa42f2c16 kernels=1 manifest=/home/kaden/ClaudeCode/autorocm/redline-pub/examples/hipengine-6409/results/gfx1201/2026-07-13-radiowave-redline/build/redline/reduction/hip_reduction_multi_accum16_wg64.redline.radiowave.json
compiled /home/kaden/ClaudeCode/autorocm/redline-pub/examples/hipengine-6409/results/gfx1201/2026-07-13-radiowave-redline/build/redline/reduction/hip_reduction_multi_accum16_wg256.redline.co sha256=b5e16fff6935bc2f093b01e88bebe54ef9798d5a20acdf5dd80554eb3f0f59fa kernels=1 manifest=/home/kaden/ClaudeCode/autorocm/redline-pub/examples/hipengine-6409/results/gfx1201/2026-07-13-radiowave-redline/build/redline/reduction/hip_reduction_multi_accum16_wg256.redline.radiowave.json
{
  "artifact_ref": "/home/kaden/ClaudeCode/autorocm/redline-pub/examples/hipengine-6409/results/gfx1201/2026-07-13-radiowave-redline/serial_latency/redline-reduction.raw.json",
  "bench": "reduction_sweep",
  "claim_gate": {
    "blocking_reasons": [
      "raw_result_identity_mismatch_or_missing",
      "device_identity_mismatch_or_missing",
      "comparison_matrix_incomplete"
    ],
    "clean_source": true,
    "correctness_pass": true,
    "device_match": false,
    "gfx_arch_match": true,
    "hip_device_fingerprint": "radeon_graphics",
    "matrix": {
      "actual_backend_pairs": 0,
      "actual_rows": 24,
      "backend_pair_requested": false,
      "comparison_set_complete": false,
      "exact_raw_result_set": false,
      "exact_row_set": false,
      "expected_backend_pairs": 20,
      "expected_rows": 48,
      "row_metadata_pass": true
    },
    "matrix_complete": false,
    "performance_claim": false,
    "raw_evidence": {
      "hip": {
        "device_fingerprints": [
          "radeon_graphics"
        ],
        "device_names": [
          "AMD Radeon Graphics"
        ],
        "gfx_arches": [
          "gfx1201"
        ],
        "identity_pass": true,
        "raw_result_count": 12,
        "source_hashes": []
      },
      "identity_pass": false,
      "vulkan": {
        "device_fingerprints": [],
        "device_names": [],
        "gfx_arches": [],
        "identity_pass": false,
        "raw_result_count": 0,
        "source_hashes": []
      }
    },
    "raw_result_identity_pass": false,
    "same_commit": true,
    "source_hash_present": true,
    "source_scope": "single_joint_wrapper_invocation",
    "status": "blocked",
    "vulkan_device_fingerprint": ""
  },
  "classification": "diagnostic_unclassified",
  "command": [
    "python3",
    "/tmp/hipEngine-f2c/benchmarks/micro/runners/reduction_sweep.py",
    "--backend",
    "hip",
    "--timing-mode",
    "serial_latency",
    "--independent-streams",
    "4",
    "--reps",
    "10",
    "--warmup",
    "3",
    "--samples",
    "5",
    "--environment-json",
    "/home/kaden/ClaudeCode/autorocm/redline-pub/examples/hipengine-6409/results/gfx1201/2026-07-13-radiowave-redline/environment.json",
    "--environment-ref",
    "/home/kaden/ClaudeCode/autorocm/redline-pub/examples/hipengine-6409/results/gfx1201/2026-07-13-radiowave-redline/environment.json",
    "--gfx-arch",
    "gfx1201",
    "--hardware-gpu",
    "AMD Radeon Graphics",
    "--build-dir",
    "/home/kaden/ClaudeCode/autorocm/redline-pub/examples/hipengine-6409/results/gfx1201/2026-07-13-radiowave-redline/build/redline/reduction",
    "--k-list",
    "512,2048",
    "--rows-list",
    "1",
    "--workgroups",
    "64,256",
    "--body-repeats",
    "32",
    "--out",
    "/home/kaden/ClaudeCode/autorocm/redline-pub/examples/hipengine-6409/results/gfx1201/2026-07-13-radiowave-redline/serial_latency/redline-reduction.raw.json",
    "--pretty"
  ],
  "commands": [
    {
      "build_command": [
        "/home/kaden/ClaudeCode/autorocm/redline-pub/examples/hipengine-6409/toolchain/hipcc",
        "--offload-arch=gfx1201",
        "-O3",
        "-std=c++17",
        "-DHIPENGINE_REDUCTION_VARIANT=0",
        "-DHIPENGINE_FIXED_WORKGROUP_SIZE=64",
        "/tmp/hipEngine-f2c/benchmarks/micro/runners/hip_geometry_sweep.hip",
        "-o",
        "/home/kaden/ClaudeCode/autorocm/redline-pub/examples/hipengine-6409/results/gfx1201/2026-07-13-radiowave-redline/build/redline/reduction/hip_reduction_lds_tree_wg64"
      ],
      "kind": "hip",
      "run_command": [
        "/home/kaden/ClaudeCode/autorocm/redline-pub/examples/hipengine-6409/results/gfx1201/2026-07-13-radiowave-redline/build/redline/reduction/hip_reduction_lds_tree_wg64",
        "--json",
        "/home/kaden/ClaudeCode/autorocm/redline-pub/examples/hipengine-6409/results/gfx1201/2026-07-13-radiowave-redline/build/redline/reduction/hip-lds_tree-wg64.json",
        "--k-list",
        "512,2048",
        "--rows-list",
        "1",
        "--workgroups",
        "64",
        "--body-repeats",
        "32",
        "--reps",
        "10",
        "--warmup",
        "3",
        "--samples",
        "5",
        "--timing-mode",
        "serial_latency",
        "--independent-streams",
        "4",
        "--device-index",
        "0"
      ],
      "variant": "lds_tree",
      "workgroup": 64
    },
    {
      "build_command": [
        "/home/kaden/ClaudeCode/autorocm/redline-pub/examples/hipengine-6409/toolchain/hipcc",
        "--offload-arch=gfx1201",
        "-O3",
        "-std=c++17",
        "-DHIPENGINE_REDUCTION_VARIANT=0",
        "-DHIPENGINE_FIXED_WORKGROUP_SIZE=256",
        "/tmp/hipEngine-f2c/benchmarks/micro/runners/hip_geometry_sweep.hip",
        "-o",
        "/home/kaden/ClaudeCode/autorocm/redline-pub/examples/hipengine-6409/results/gfx1201/2026-07-13-radiowave-redline/build/redline/reduction/hip_reduction_lds_tree_wg256"
      ],
      "kind": "hip",
      "run_command": [
        "/home/kaden/ClaudeCode/autorocm/redline-pub/examples/hipengine-6409/results/gfx1201/2026-07-13-radiowave-redline/build/redline/reduction/hip_reduction_lds_tree_wg256",
        "--json",
        "/home/kaden/ClaudeCode/autorocm/redline-pub/examples/hipengine-6409/results/gfx1201/2026-07-13-radiowave-redline/build/redline/reduction/hip-lds_tree-wg256.json",
        "--k-list",
        "512,2048",
        "--rows-list",
        "1",
        "--workgroups",
        "256",
        "--body-repeats",
        "32",
        "--reps",
        "10",
        "--warmup",
        "3",
        "--samples",
        "5",
        "--timing-mode",
        "serial_latency",
        "--independent-streams",
        "4",
        "--device-index",
        "0"
      ],
      "variant": "lds_tree",
      "workgroup": 256
    },
    {
      "build_command": [
        "/home/kaden/ClaudeCode/autorocm/redline-pub/examples/hipengine-6409/toolchain/hipcc",
        "--offload-arch=gfx1201",
        "-O3",
        "-std=c++17",
        "-DHIPENGINE_REDUCTION_VARIANT=1",
        "-DHIPENGINE_FIXED_WORKGROUP_SIZE=64",
        "/tmp/hipEngine-f2c/benchmarks/micro/runners/hip_geometry_sweep.hip",
        "-o",
        "/home/kaden/ClaudeCode/autorocm/redline-pub/examples/hipengine-6409/results/gfx1201/2026-07-13-radiowave-redline/build/redline/reduction/hip_reduction_extra_barrier_wg64"
      ],
      "kind": "hip",
      "run_command": [
        "/home/kaden/ClaudeCode/autorocm/redline-pub/examples/hipengine-6409/results/gfx1201/2026-07-13-radiowave-redline/build/redline/reduction/hip_reduction_extra_barrier_wg64",
        "--json",
        "/home/kaden/ClaudeCode/autorocm/redline-pub/examples/hipengine-6409/results/gfx1201/2026-07-13-radiowave-redline/build/redline/reduction/hip-extra_barrier-wg64.json",
        "--k-list",
        "512,2048",
        "--rows-list",
        "1",
        "--workgroups",
        "64",
        "--body-repeats",
        "32",
        "--reps",
        "10",
        "--warmup",
        "3",
        "--samples",
        "5",
        "--timing-mode",
        "serial_latency",
        "--independent-streams",
        "4",
        "--device-index",
        "0"
      ],
      "variant": "extra_barrier",
      "workgroup": 64
    },
    {
      "build_command": [
        "/home/kaden/ClaudeCode/autorocm/redline-pub/examples/hipengine-6409/toolchain/hipcc",
        "--offload-arch=gfx1201",
        "-O3",
        "-std=c++17",
        "-DHIPENGINE_REDUCTION_VARIANT=1",
        "-DHIPENGINE_FIXED_WORKGROUP_SIZE=256",
        "/tmp/hipEngine-f2c/benchmarks/micro/runners/hip_geometry_sweep.hip",
        "-o",
        "/home/kaden/ClaudeCode/autorocm/redline-pub/examples/hipengine-6409/results/gfx1201/2026-07-13-radiowave-redline/build/redline/reduction/hip_reduction_extra_barrier_wg256"
      ],
      "kind": "hip",
      "run_command": [
        "/home/kaden/ClaudeCode/autorocm/redline-pub/examples/hipengine-6409/results/gfx1201/2026-07-13-radiowave-redline/build/redline/reduction/hip_reduction_extra_barrier_wg256",
        "--json",
        "/home/kaden/ClaudeCode/autorocm/redline-pub/examples/hipengine-6409/results/gfx1201/2026-07-13-radiowave-redline/build/redline/reduction/hip-extra_barrier-wg256.json",
        "--k-list",
        "512,2048",
        "--rows-list",
        "1",
        "--workgroups",
        "256",
        "--body-repeats",
        "32",
        "--reps",
        "10",
        "--warmup",
        "3",
        "--samples",
        "5",
        "--timing-mode",
        "serial_latency",
        "--independent-streams",
        "4",
        "--device-index",
        "0"
      ],
      "variant": "extra_barrier",
      "workgroup": 256
    },
    {
      "build_command": [
        "/home/kaden/ClaudeCode/autorocm/redline-pub/examples/hipengine-6409/toolchain/hipcc",
        "--offload-arch=gfx1201",
        "-O3",
        "-std=c++17",
        "-DHIPENGINE_REDUCTION_VARIANT=2",
        "-DHIPENGINE_FIXED_WORKGROUP_SIZE=64",
        "/tmp/hipEngine-f2c/benchmarks/micro/runners/hip_geometry_sweep.hip",
        "-o",
        "/home/kaden/ClaudeCode/autorocm/redline-pub/examples/hipengine-6409/results/gfx1201/2026-07-13-radiowave-redline/build/redline/reduction/hip_reduction_wave_shuffle_wg64"
      ],
      "kind": "hip",
      "run_command": [
        "/home/kaden/ClaudeCode/autorocm/redline-pub/examples/hipengine-6409/results/gfx1201/2026-07-13-radiowave-redline/build/redline/reduction/hip_reduction_wave_shuffle_wg64",
        "--json",
        "/home/kaden/ClaudeCode/autorocm/redline-pub/examples/hipengine-6409/results/gfx1201/2026-07-13-radiowave-redline/build/redline/reduction/hip-wave_shuffle-wg64.json",
        "--k-list",
        "512,2048",
        "--rows-list",
        "1",
        "--workgroups",
        "64",
        "--body-repeats",
        "32",
        "--reps",
        "10",
        "--warmup",
        "3",
        "--samples",
        "5",
        "--timing-mode",
        "serial_latency",
        "--independent-streams",
        "4",
        "--device-index",
        "0"
      ],
      "variant": "wave_shuffle",
      "workgroup": 64
    },
    {
      "build_command": [
        "/home/kaden/ClaudeCode/autorocm/redline-pub/examples/hipengine-6409/toolchain/hipcc",
        "--offload-arch=gfx1201",
        "-O3",
        "-std=c++17",
        "-DHIPENGINE_REDUCTION_VARIANT=2",
        "-DHIPENGINE_FIXED_WORKGROUP_SIZE=256",
        "/tmp/hipEngine-f2c/benchmarks/micro/runners/hip_geometry_sweep.hip",
        "-o",
        "/home/kaden/ClaudeCode/autorocm/redline-pub/examples/hipengine-6409/results/gfx1201/2026-07-13-radiowave-redline/build/redline/reduction/hip_reduction_wave_shuffle_wg256"
      ],
      "kind": "hip",
      "run_command": [
        "/home/kaden/ClaudeCode/autorocm/redline-pub/examples/hipengine-6409/results/gfx1201/2026-07-13-radiowave-redline/build/redline/reduction/hip_reduction_wave_shuffle_wg256",
        "--json",
        "/home/kaden/ClaudeCode/autorocm/redline-pub/examples/hipengine-6409/results/gfx1201/2026-07-13-radiowave-redline/build/redline/reduction/hip-wave_shuffle-wg256.json",
        "--k-list",
        "512,2048",
        "--rows-list",
        "1",
        "--workgroups",
        "256",
        "--body-repeats",
        "32",
        "--reps",
        "10",
        "--warmup",
        "3",
        "--samples",
        "5",
        "--timing-mode",
        "serial_latency",
        "--independent-streams",
        "4",
        "--device-index",
        "0"
      ],
      "variant": "wave_shuffle",
      "workgroup": 256
    },
    {
      "build_command": [
        "/home/kaden/ClaudeCode/autorocm/redline-pub/examples/hipengine-6409/toolchain/hipcc",
        "--offload-arch=gfx1201",
        "-O3",
        "-std=c++17",
        "-DHIPENGINE_REDUCTION_VARIANT=3",
        "-DHIPENGINE_FIXED_WORKGROUP_SIZE=64",
        "/tmp/hipEngine-f2c/benchmarks/micro/runners/hip_geometry_sweep.hip",
        "-o",
        "/home/kaden/ClaudeCode/autorocm/redline-pub/examples/hipengine-6409/results/gfx1201/2026-07-13-radiowave-redline/build/redline/reduction/hip_reduction_multi_accum4_wg64"
      ],
      "kind": "hip",
      "run_command": [
        "/home/kaden/ClaudeCode/autorocm/redline-pub/examples/hipengine-6409/results/gfx1201/2026-07-13-radiowave-redline/build/redline/reduction/hip_reduction_multi_accum4_wg64",
        "--json",
        "/home/kaden/ClaudeCode/autorocm/redline-pub/examples/hipengine-6409/results/gfx1201/2026-07-13-radiowave-redline/build/redline/reduction/hip-multi_accum4-wg64.json",
        "--k-list",
        "512,2048",
        "--rows-list",
        "1",
        "--workgroups",
        "64",
        "--body-repeats",
        "32",
        "--reps",
        "10",
        "--warmup",
        "3",
        "--samples",
        "5",
        "--timing-mode",
        "serial_latency",
        "--independent-streams",
        "4",
        "--device-index",
        "0"
      ],
      "variant": "multi_accum4",
      "workgroup": 64
    },
    {
      "build_command": [
        "/home/kaden/ClaudeCode/autorocm/redline-pub/examples/hipengine-6409/toolchain/hipcc",
        "--offload-arch=gfx1201",
        "-O3",
        "-std=c++17",
        "-DHIPENGINE_REDUCTION_VARIANT=3",
        "-DHIPENGINE_FIXED_WORKGROUP_SIZE=256",
        "/tmp/hipEngine-f2c/benchmarks/micro/runners/hip_geometry_sweep.hip",
        "-o",
        "/home/kaden/ClaudeCode/autorocm/redline-pub/examples/hipengine-6409/results/gfx1201/2026-07-13-radiowave-redline/build/redline/reduction/hip_reduction_multi_accum4_wg256"
      ],
      "kind": "hip",
      "run_command": [
        "/home/kaden/ClaudeCode/autorocm/redline-pub/examples/hipengine-6409/results/gfx1201/2026-07-13-radiowave-redline/build/redline/reduction/hip_reduction_multi_accum4_wg256",
        "--json",
        "/home/kaden/ClaudeCode/autorocm/redline-pub/examples/hipengine-6409/results/gfx1201/2026-07-13-radiowave-redline/build/redline/reduction/hip-multi_accum4-wg256.json",
        "--k-list",
        "512,2048",
        "--rows-list",
        "1",
        "--workgroups",
        "256",
        "--body-repeats",
        "32",
        "--reps",
        "10",
        "--warmup",
        "3",
        "--samples",
        "5",
        "--timing-mode",
        "serial_latency",
        "--independent-streams",
        "4",
        "--device-index",
        "0"
      ],
      "variant": "multi_accum4",
      "workgroup": 256
    },
    {
      "build_command": [
        "/home/kaden/ClaudeCode/autorocm/redline-pub/examples/hipengine-6409/toolchain/hipcc",
        "--offload-arch=gfx1201",
        "-O3",
        "-std=c++17",
        "-DHIPENGINE_REDUCTION_VARIANT=4",
        "-DHIPENGINE_FIXED_WORKGROUP_SIZE=64",
        "/tmp/hipEngine-f2c/benchmarks/micro/runners/hip_geometry_sweep.hip",
        "-o",
        "/home/kaden/ClaudeCode/autorocm/redline-pub/examples/hipengine-6409/results/gfx1201/2026-07-13-radiowave-redline/build/redline/reduction/hip_reduction_multi_accum8_wg64"
      ],
      "kind": "hip",
      "run_command": [
        "/home/kaden/ClaudeCode/autorocm/redline-pub/examples/hipengine-6409/results/gfx1201/2026-07-13-radiowave-redline/build/redline/reduction/hip_reduction_multi_accum8_wg64",
        "--json",
        "/home/kaden/ClaudeCode/autorocm/redline-pub/examples/hipengine-6409/results/gfx1201/2026-07-13-radiowave-redline/build/redline/reduction/hip-multi_accum8-wg64.json",
        "--k-list",
        "512,2048",
        "--rows-list",
        "1",
        "--workgroups",
        "64",
        "--body-repeats",
        "32",
        "--reps",
        "10",
        "--warmup",
        "3",
        "--samples",
        "5",
        "--timing-mode",
        "serial_latency",
        "--independent-streams",
        "4",
        "--device-index",
        "0"
      ],
      "variant": "multi_accum8",
      "workgroup": 64
    },
    {
      "build_command": [
        "/home/kaden/ClaudeCode/autorocm/redline-pub/examples/hipengine-6409/toolchain/hipcc",
        "--offload-arch=gfx1201",
        "-O3",
        "-std=c++17",
        "-DHIPENGINE_REDUCTION_VARIANT=4",
        "-DHIPENGINE_FIXED_WORKGROUP_SIZE=256",
        "/tmp/hipEngine-f2c/benchmarks/micro/runners/hip_geometry_sweep.hip",
        "-o",
        "/home/kaden/ClaudeCode/autorocm/redline-pub/examples/hipengine-6409/results/gfx1201/2026-07-13-radiowave-redline/build/redline/reduction/hip_reduction_multi_accum8_wg256"
      ],
      "kind": "hip",
      "run_command": [
        "/home/kaden/ClaudeCode/autorocm/redline-pub/examples/hipengine-6409/results/gfx1201/2026-07-13-radiowave-redline/build/redline/reduction/hip_reduction_multi_accum8_wg256",
        "--json",
        "/home/kaden/ClaudeCode/autorocm/redline-pub/examples/hipengine-6409/results/gfx1201/2026-07-13-radiowave-redline/build/redline/reduction/hip-multi_accum8-wg256.json",
        "--k-list",
        "512,2048",
        "--rows-list",
        "1",
        "--workgroups",
        "256",
        "--body-repeats",
        "32",
        "--reps",
        "10",
        "--warmup",
        "3",
        "--samples",
        "5",
        "--timing-mode",
        "serial_latency",
        "--independent-streams",
        "4",
        "--device-index",
        "0"
      ],
      "variant": "multi_accum8",
      "workgroup": 256
    },
    {
      "build_command": [
        "/home/kaden/ClaudeCode/autorocm/redline-pub/examples/hipengine-6409/toolchain/hipcc",
        "--offload-arch=gfx1201",
        "-O3",
        "-std=c++17",
        "-DHIPENGINE_REDUCTION_VARIANT=5",
        "-DHIPENGINE_FIXED_WORKGROUP_SIZE=64",
        "/tmp/hipEngine-f2c/benchmarks/micro/runners/hip_geometry_sweep.hip",
        "-o",
        "/home/kaden/ClaudeCode/autorocm/redline-pub/examples/hipengine-6409/results/gfx1201/2026-07-13-radiowave-redline/build/redline/reduction/hip_reduction_multi_accum16_wg64"
      ],
      "kind": "hip",
      "run_command": [
        "/home/kaden/ClaudeCode/autorocm/redline-pub/examples/hipengine-6409/results/gfx1201/2026-07-13-radiowave-redline/build/redline/reduction/hip_reduction_multi_accum16_wg64",
        "--json",
        "/home/kaden/ClaudeCode/autorocm/redline-pub/examples/hipengine-6409/results/gfx1201/2026-07-13-radiowave-redline/build/redline/reduction/hip-multi_accum16-wg64.json",
        "--k-list",
        "512,2048",
        "--rows-list",
        "1",
        "--workgroups",
        "64",
        "--body-repeats",
        "32",
        "--reps",
        "10",
        "--warmup",
        "3",
        "--samples",
        "5",
        "--timing-mode",
        "serial_latency",
        "--independent-streams",
        "4",
        "--device-index",
        "0"
      ],
      "variant": "multi_accum16",
      "workgroup": 64
    },
    {
      "build_command": [
        "/home/kaden/ClaudeCode/autorocm/redline-pub/examples/hipengine-6409/toolchain/hipcc",
        "--offload-arch=gfx1201",
        "-O3",
        "-std=c++17",
        "-DHIPENGINE_REDUCTION_VARIANT=5",
        "-DHIPENGINE_FIXED_WORKGROUP_SIZE=256",
        "/tmp/hipEngine-f2c/benchmarks/micro/runners/hip_geometry_sweep.hip",
        "-o",
        "/home/kaden/ClaudeCode/autorocm/redline-pub/examples/hipengine-6409/results/gfx1201/2026-07-13-radiowave-redline/build/redline/reduction/hip_reduction_multi_accum16_wg256"
      ],
      "kind": "hip",
      "run_command": [
        "/home/kaden/ClaudeCode/autorocm/redline-pub/examples/hipengine-6409/results/gfx1201/2026-07-13-radiowave-redline/build/redline/reduction/hip_reduction_multi_accum16_wg256",
        "--json",
        "/home/kaden/ClaudeCode/autorocm/redline-pub/examples/hipengine-6409/results/gfx1201/2026-07-13-radiowave-redline/build/redline/reduction/hip-multi_accum16-wg256.json",
        "--k-list",
        "512,2048",
        "--rows-list",
        "1",
        "--workgroups",
        "256",
        "--body-repeats",
        "32",
        "--reps",
        "10",
        "--warmup",
        "3",
        "--samples",
        "5",
        "--timing-mode",
        "serial_latency",
        "--independent-streams",
        "4",
        "--device-index",
        "0"
      ],
      "variant": "multi_accum16",
      "workgroup": 256
    }
  ],
  "comparison_groups": {
    "backend": [],
    "variant": [
      {
        "comparison": "hip_extra_barrier_vs_lds_tree",
        "control": "burst",
        "k": 512,
        "lhs_backend": "hip",
        "lhs_correctness_pass": true,
        "lhs_gpu_burst_median_us": 26.208,
        "lhs_variant": "extra_barrier",
        "rhs_backend": "hip",
        "rhs_correctness_pass": true,
        "rhs_gpu_burst_median_us": 25.944,
        "rhs_over_lhs_time_ratio": 0.98992673992674,
        "rhs_variant": "lds_tree",
        "rows": 1,
        "timing_domain": "gpu_elapsed",
        "timing_mode": "serial_latency",
        "workgroup_size": 64
      },
      {
        "comparison": "hip_wave_shuffle_vs_lds_tree",
        "control": "burst",
        "k": 512,
        "lhs_backend": "hip",
        "lhs_correctness_pass": true,
        "lhs_gpu_burst_median_us": 25.912,
        "lhs_variant": "wave_shuffle",
        "rhs_backend": "hip",
        "rhs_correctness_pass": true,
        "rhs_gpu_burst_median_us": 25.944,
        "rhs_over_lhs_time_ratio": 1.0012349490583514,
        "rhs_variant": "lds_tree",
        "rows": 1,
        "timing_domain": "gpu_elapsed",
        "timing_mode": "serial_latency",
        "workgroup_size": 64
      },
      {
        "comparison": "hip_multi_accum4_vs_lds_tree",
        "control": "burst",
        "k": 512,
        "lhs_backend": "hip",
        "lhs_correctness_pass": true,
        "lhs_gpu_burst_median_us": 27.068,
        "lhs_variant": "multi_accum4",
        "rhs_backend": "hip",
        "rhs_correctness_pass": true,
        "rhs_gpu_burst_median_us": 25.944,
        "rhs_over_lhs_time_ratio": 0.9584749519728092,
        "rhs_variant": "lds_tree",
        "rows": 1,
        "timing_domain": "gpu_elapsed",
        "timing_mode": "serial_latency",
        "workgroup_size": 64
      },
      {
        "comparison": "hip_multi_accum8_vs_lds_tree",
        "control": "burst",
        "k": 512,
        "lhs_backend": "hip",
        "lhs_correctness_pass": true,
        "lhs_gpu_burst_median_us": 26.768,
        "lhs_variant": "multi_accum8",
        "rhs_backend": "hip",
        "rhs_correctness_pass": true,
        "rhs_gpu_burst_median_us": 25.944,
        "rhs_over_lhs_time_ratio": 0.969216975493126,
        "rhs_variant": "lds_tree",
        "rows": 1,
        "timing_domain": "gpu_elapsed",
        "timing_mode": "serial_latency",
        "workgroup_size": 64
      },
      {
        "comparison": "hip_multi_accum16_vs_lds_tree",
        "control": "burst",
        "k": 512,
        "lhs_backend": "hip",
        "lhs_correctness_pass": true,
        "lhs_gpu_burst_median_us": 31.12,
        "lhs_variant": "multi_accum16",
        "rhs_backend": "hip",
        "rhs_correctness_pass": true,
        "rhs_gpu_burst_median_us": 25.944,
        "rhs_over_lhs_time_ratio": 0.8336760925449871,
        "rhs_variant": "lds_tree",
        "rows": 1,
        "timing_domain": "gpu_elapsed",
        "timing_mode": "serial_latency",
        "workgroup_size": 64
      },
      {
        "comparison": "hip_extra_barrier_vs_lds_tree",
        "control": "burst",
        "k": 512,
        "lhs_backend": "hip",
        "lhs_correctness_pass": true,
        "lhs_gpu_burst_median_us": 9.0,
        "lhs_variant": "extra_barrier",
        "rhs_backend": "hip",
        "rhs_correctness_pass": true,
        "rhs_gpu_burst_median_us": 8.568,
        "rhs_over_lhs_time_ratio": 0.952,
        "rhs_variant": "lds_tree",
        "rows": 1,
        "timing_domain": "gpu_elapsed",
        "timing_mode": "serial_latency",
        "workgroup_size": 256
      },
      {
        "comparison": "hip_wave_shuffle_vs_lds_tree",
        "control": "burst",
        "k": 512,
        "lhs_backend": "hip",
        "lhs_correctness_pass": true,
        "lhs_gpu_burst_median_us": 8.416,
        "lhs_variant": "wave_shuffle",
        "rhs_backend": "hip",
        "rhs_correctness_pass": true,
        "rhs_gpu_burst_median_us": 8.568,
        "rhs_over_lhs_time_ratio": 1.018060836501901,
        "rhs_variant": "lds_tree",
        "rows": 1,
        "timing_domain": "gpu_elapsed",
        "timing_mode": "serial_latency",
        "workgroup_size": 256
      },
      {
        "comparison": "hip_multi_accum4_vs_lds_tree",
        "control": "burst",
        "k": 512,
        "lhs_backend": "hip",
        "lhs_correctness_pass": true,
        "lhs_gpu_burst_median_us": 10.068,
        "lhs_variant": "multi_accum4",
        "rhs_backend": "hip",
        "rhs_correctness_pass": true,
        "rhs_gpu_burst_median_us": 8.568,
        "rhs_over_lhs_time_ratio": 0.8510131108462455,
        "rhs_variant": "lds_tree",
        "rows": 1,
        "timing_domain": "gpu_elapsed",
        "timing_mode": "serial_latency",
        "workgroup_size": 256
      },
      {
        "comparison": "hip_multi_accum8_vs_lds_tree",
        "control": "burst",
        "k": 512,
        "lhs_backend": "hip",
        "lhs_correctness_pass": true,
        "lhs_gpu_burst_median_us": 12.084,
        "lhs_variant": "multi_accum8",
        "rhs_backend": "hip",
        "rhs_correctness_pass": true,
        "rhs_gpu_burst_median_us": 8.568,
        "rhs_over_lhs_time_ratio": 0.7090367428003972,
        "rhs_variant": "lds_tree",
        "rows": 1,
        "timing_domain": "gpu_elapsed",
        "timing_mode": "serial_latency",
        "workgroup_size": 256
      },
      {
        "comparison": "hip_multi_accum16_vs_lds_tree",
        "control": "burst",
        "k": 512,
        "lhs_backend": "hip",
        "lhs_correctness_pass": true,
        "lhs_gpu_burst_median_us": 16.492,
        "lhs_variant": "multi_accum16",
        "rhs_backend": "hip",
        "rhs_correctness_pass": true,
        "rhs_gpu_burst_median_us": 8.568,
        "rhs_over_lhs_time_ratio": 0.5195246179966043,
        "rhs_variant": "lds_tree",
        "rows": 1,
        "timing_domain": "gpu_elapsed",
        "timing_mode": "serial_latency",
        "workgroup_size": 256
      },
      {
        "comparison": "hip_extra_barrier_vs_lds_tree",
        "control": "burst",
        "k": 2048,
        "lhs_backend": "hip",
        "lhs_correctness_pass": true,
        "lhs_gpu_burst_median_us": 96.88,
        "lhs_variant": "extra_barrier",
        "rhs_backend": "hip",
        "rhs_correctness_pass": true,
        "rhs_gpu_burst_median_us": 96.764,
        "rhs_over_lhs_time_ratio": 0.998802642444261,
        "rhs_variant": "lds_tree",
        "rows": 1,
        "timing_domain": "gpu_elapsed",
        "timing_mode": "serial_latency",
        "workgroup_size": 64
      },
      {
        "comparison": "hip_wave_shuffle_vs_lds_tree",
        "control": "burst",
        "k": 2048,
        "lhs_backend": "hip",
        "lhs_correctness_pass": true,
        "lhs_gpu_burst_median_us": 96.684,
        "lhs_variant": "wave_shuffle",
        "rhs_backend": "hip",
        "rhs_correctness_pass": true,
        "rhs_gpu_burst_median_us": 96.764,
        "rhs_over_lhs_time_ratio": 1.0008274378387323,
        "rhs_variant": "lds_tree",
        "rows": 1,
        "timing_domain": "gpu_elapsed",
        "timing_mode": "serial_latency",
        "workgroup_size": 64
      },
      {
        "comparison": "hip_multi_accum4_vs_lds_tree",
        "control": "burst",
        "k": 2048,
        "lhs_backend": "hip",
        "lhs_correctness_pass": true,
        "lhs_gpu_burst_median_us": 100.952,
        "lhs_variant": "multi_accum4",
        "rhs_backend": "hip",
        "rhs_correctness_pass": true,
        "rhs_gpu_burst_median_us": 96.764,
        "rhs_over_lhs_time_ratio": 0.9585149377922181,
        "rhs_variant": "lds_tree",
        "rows": 1,
        "timing_domain": "gpu_elapsed",
        "timing_mode": "serial_latency",
        "workgroup_size": 64
      },
      {
        "comparison": "hip_multi_accum8_vs_lds_tree",
        "control": "burst",
        "k": 2048,
        "lhs_backend": "hip",
        "lhs_correctness_pass": true,
        "lhs_gpu_burst_median_us": 99.392,
        "lhs_variant": "multi_accum8",
        "rhs_backend": "hip",
        "rhs_correctness_pass": true,
        "rhs_gpu_burst_median_us": 96.764,
        "rhs_over_lhs_time_ratio": 0.9735592401802962,
        "rhs_variant": "lds_tree",
        "rows": 1,
        "timing_domain": "gpu_elapsed",
        "timing_mode": "serial_latency",
        "workgroup_size": 64
      },
      {
        "comparison": "hip_multi_accum16_vs_lds_tree",
        "control": "burst",
        "k": 2048,
        "lhs_backend": "hip",
        "lhs_correctness_pass": true,
        "lhs_gpu_burst_median_us": 99.736,
        "lhs_variant": "multi_accum16",
        "rhs_backend": "hip",
        "rhs_correctness_pass": true,
        "rhs_gpu_burst_median_us": 96.764,
        "rhs_over_lhs_time_ratio": 0.9702013315152,
        "rhs_variant": "lds_tree",
        "rows": 1,
        "timing_domain": "gpu_elapsed",
        "timing_mode": "serial_latency",
        "workgroup_size": 64
      },
      {
        "comparison": "hip_extra_barrier_vs_lds_tree",
        "control": "burst",
        "k": 2048,
        "lhs_backend": "hip",
        "lhs_correctness_pass": true,
        "lhs_gpu_burst_median_us": 27.056,
        "lhs_variant": "extra_barrier",
        "rhs_backend": "hip",
        "rhs_correctness_pass": true,
        "rhs_gpu_burst_median_us": 26.768,
        "rhs_over_lhs_time_ratio": 0.9893554109994086,
        "rhs_variant": "lds_tree",
        "rows": 1,
        "timing_domain": "gpu_elapsed",
        "timing_mode": "serial_latency",
        "workgroup_size": 256
      },
      {
        "comparison": "hip_wave_shuffle_vs_lds_tree",
        "control": "burst",
        "k": 2048,
        "lhs_backend": "hip",
        "lhs_correctness_pass": true,
        "lhs_gpu_burst_median_us": 26.592,
        "lhs_variant": "wave_shuffle",
        "rhs_backend": "hip",
        "rhs_correctness_pass": true,
        "rhs_gpu_burst_median_us": 26.768,
        "rhs_over_lhs_time_ratio": 1.0066185318892902,
        "rhs_variant": "lds_tree",
        "rows": 1,
        "timing_domain": "gpu_elapsed",
        "timing_mode": "serial_latency",
        "workgroup_size": 256
      },
      {
        "comparison": "hip_multi_accum4_vs_lds_tree",
        "control": "burst",
        "k": 2048,
        "lhs_backend": "hip",
        "lhs_correctness_pass": true,
        "lhs_gpu_burst_median_us": 28.216,
        "lhs_variant": "multi_accum4",
        "rhs_backend": "hip",
        "rhs_correctness_pass": true,
        "rhs_gpu_burst_median_us": 26.768,
        "rhs_over_lhs_time_ratio": 0.9486815990927133,
        "rhs_variant": "lds_tree",
        "rows": 1,
        "timing_domain": "gpu_elapsed",
        "timing_mode": "serial_latency",
        "workgroup_size": 256
      },
      {
        "comparison": "hip_multi_accum8_vs_lds_tree",
        "control": "burst",
        "k": 2048,
        "lhs_backend": "hip",
        "lhs_correctness_pass": true,
        "lhs_gpu_burst_median_us": 27.724,
        "lhs_variant": "multi_accum8",
        "rhs_backend": "hip",
        "rhs_correctness_pass": true,
        "rhs_gpu_burst_median_us": 26.768,
        "rhs_over_lhs_time_ratio": 0.9655172413793104,
        "rhs_variant": "lds_tree",
        "rows": 1,
        "timing_domain": "gpu_elapsed",
        "timing_mode": "serial_latency",
        "workgroup_size": 256
      },
      {
        "comparison": "hip_multi_accum16_vs_lds_tree",
        "control": "burst",
        "k": 2048,
        "lhs_backend": "hip",
        "lhs_correctness_pass": true,
        "lhs_gpu_burst_median_us": 31.812,
        "lhs_variant": "multi_accum16",
        "rhs_backend": "hip",
        "rhs_correctness_pass": true,
        "rhs_gpu_burst_median_us": 26.768,
        "rhs_over_lhs_time_ratio": 0.8414434804476298,
        "rhs_variant": "lds_tree",
        "rows": 1,
        "timing_domain": "gpu_elapsed",
        "timing_mode": "serial_latency",
        "workgroup_size": 256
      }
    ]
  },
  "comparisons": [],
  "config": {
    "backend": "hip",
    "body_repeats": 32,
    "independent_streams": 4,
    "k_list": [
      512,
      2048
    ],
    "reps": 10,
    "rows_list": [
      1
    ],
    "samples": 5,
    "timing_mode": "serial_latency",
    "variants": {
      "hip": [
        "lds_tree",
        "extra_barrier",
        "wave_shuffle",
        "multi_accum4",
        "multi_accum8",
        "multi_accum16"
      ],
      "vulkan": [
        "lds_tree",
        "extra_barrier",
        "subgroup",
        "multi_accum4",
        "multi_accum8",
        "multi_accum16"
      ]
    },
    "warmup": 3,
    "workgroups": [
      64,
      256
    ]
  },
  "correctness": {
    "all_rows_pass": true,
    "hip": {
      "all_rows_pass": true,
      "row_count": 24,
      "status": "pass"
    },
    "row_count": 24,
    "status": "pass",
    "vulkan": {
      "row_count": 0,
      "status": "not_run"
    }
  },
  "environment": {
    "captured": null,
    "ref": "/home/kaden/ClaudeCode/autorocm/redline-pub/examples/hipengine-6409/results/gfx1201/2026-07-13-radiowave-redline/environment.json"
  },
  "hardware": {
    "hip": {
      "gfx_arch": "gfx1201",
      "gpu_name": "AMD Radeon Graphics"
    },
    "vulkan": {
      "gfx_arch": "gfx1201",
      "gpu_name": "AMD Radeon Graphics"
    }
  },
  "inputs": {
    "backend": "hip",
    "body_repeats": 32,
    "independent_streams": 4,
    "k_list": [
      512,
      2048
    ],
    "reps": 10,
    "rows_list": [
      1
    ],
    "samples": 5,
    "timing_mode": "serial_latency",
    "variants": {
      "hip": [
        "lds_tree",
        "extra_barrier",
        "wave_shuffle",
        "multi_accum4",
        "multi_accum8",
        "multi_accum16"
      ],
      "vulkan": [
        "lds_tree",
        "extra_barrier",
        "subgroup",
        "multi_accum4",
        "multi_accum8",
        "multi_accum16"
      ]
    },
    "warmup": 3,
    "workgroups": [
      64,
      256
    ]
  },
  "interpretation": "Reduction-shape control for LDS tree, extra barrier, HIP wave-shuffle, Vulkan subgroup reductions, and 4/8/16-way lane-local accumulators. serial_latency orders shared-output iterations; independent_throughput uses disjoint output slices. Cross-backend GPU ratios use equal dependency contracts, while direct/multi-stream HIP and Vulkan command-buffer host walls are intentionally not ratioed.",
  "kind": "hipengine_micro_comparison",
  "matched_rows": [],
  "performance_claim": false,
  "raw_results": {
    "hip:extra_barrier:wg256": {
      "backend": "hip",
      "config": {
        "body_repeats": 32,
        "hip_fixed_workgroup_size": 256,
        "hip_reduction_variant": 1,
        "independent_streams": 4,
        "k_list": [
          512,
          2048
        ],
        "method": "one workgroup per row; repeat-shifted strided f32 FMA inner loop; shared-memory tree reduction",
        "reps": 10,
        "rows_list": [
          1
        ],
        "samples": 5,
        "timing_mode": "serial_latency",
        "warmup": 3,
        "workgroups": [
          256
        ]
      },
      "hardware": {
        "device_name": "AMD Radeon Graphics",
        "gcn_arch_name": "gfx1201",
        "multi_processor_count": 32
      },
      "rows": [
        {
          "body_repeats": 32,
          "bytes_per_us": 455.1111111,
          "correctness": {
            "single_dispatch": {
              "oracle": "deterministic CPU f32 reference with sequence tag",
              "status": "pass"
            },
            "synchronization": {
              "barrier_count": 0,
              "method": "ordered_stream_final_chain",
              "status": "pass"
            },
            "timed_sequence": {
              "coverage": "chained_final_state",
              "logical_iterations": 10,
              "oracle": "deterministic CPU f32 reference with sequence tag",
              "status": "pass"
            }
          },
          "correctness_pass": true,
          "dependency_contract": {
            "inter_dispatch_ordering": "hip_stream_order",
            "output_partitioning": "chained_shared",
            "validation_status": "pass",
            "work_dependency": "chained"
          },
          "gflops": 3.640888889,
          "k": 512,
          "max_abs": 0,
          "max_rel": 0,
          "max_us": 9.512,
          "median_us": 9,
          "min_us": 8.888,
          "p05_us": 8.8928,
          "p95_us": 9.4136,
          "rows": 1,
          "submission": {
            "completion_in_host_wall": true,
            "queue_or_stream_count": 1,
            "recording_in_timed_region": false,
            "strategy": "direct",
            "submit_in_host_wall": true
          },
          "timing": {
            "burst": {
              "dispatches_per_iteration": 1,
              "gpu_elapsed": {
                "clock": "hip_event",
                "per_iteration_us": {
                  "max": 9.512,
                  "median": 9,
                  "min": 8.888,
                  "n": 5,
                  "p05": 8.8928,
                  "p95": 9.4136,
                  "samples": 5,
                  "stdev": 0.2283800342
                },
                "sequence_us": {
                  "max": 95.12,
                  "median": 90,
                  "min": 88.88,
                  "n": 5,
                  "p05": 88.928,
                  "p95": 94.136,
                  "samples": 5,
                  "stdev": 2.283800342
                },
                "status": "ok"
              },
              "host_wall": {
                "clock": "steady_clock",
                "per_iteration_us": {
                  "max": 34.4128,
                  "median": 11.1,
                  "min": 10.945,
                  "n": 5,
                  "p05": 10.95998,
                  "p95": 29.75724,
                  "samples": 5,
                  "stdev": 9.345361733
                },
                "sequence_us": {
                  "max": 344.128,
                  "median": 111,
                  "min": 109.45,
                  "n": 5,
                  "p05": 109.5998,
                  "p95": 297.5724,
                  "samples": 5,
                  "stdev": 93.45361733
                },
                "status": "ok"
              },
              "logical_iterations": 10
            },
            "single": {
              "dispatches_per_iteration": 1,
              "gpu_elapsed": {
                "clock": "hip_event",
                "per_iteration_us": {
                  "max": 10.84,
                  "median": 10.08,
                  "min": 10.08,
                  "n": 5,
                  "p05": 10.08,
                  "p95": 10.72,
                  "samples": 5,
                  "stdev": 0.2945912422
                },
                "sequence_us": {
                  "max": 10.84,
                  "median": 10.08,
                  "min": 10.08,
                  "n": 5,
                  "p05": 10.08,
                  "p95": 10.72,
                  "samples": 5,
                  "stdev": 0.2945912422
                },
                "status": "ok"
              },
              "host_wall": {
                "clock": "steady_clock",
                "per_iteration_us": {
                  "max": 271.639,
                  "median": 30.26,
                  "min": 29.82,
                  "n": 5,
                  "p05": 29.844,
                  "p95": 223.4592,
                  "samples": 5,
                  "stdev": 96.58012475
                },
                "sequence_us": {
                  "max": 271.639,
                  "median": 30.26,
                  "min": 29.82,
                  "n": 5,
                  "p05": 29.844,
                  "p95": 223.4592,
                  "samples": 5,
                  "stdev": 96.58012475
                },
                "status": "ok"
              },
              "logical_iterations": 1
            }
          },
          "timing_mode": "serial_latency",
          "workgroup_size": 256
        },
        {
          "body_repeats": 32,
          "bytes_per_us": 605.5588409,
          "correctness": {
            "single_dispatch": {
              "oracle": "deterministic CPU f32 reference with sequence tag",
              "status": "pass"
            },
            "synchronization": {
              "barrier_count": 0,
              "method": "ordered_stream_final_chain",
              "status": "pass"
            },
            "timed_sequence": {
              "coverage": "chained_final_state",
              "logical_iterations": 10,
              "oracle": "deterministic CPU f32 reference with sequence tag",
              "status": "pass"
            }
          },
          "correctness_pass": true,
          "dependency_contract": {
            "inter_dispatch_ordering": "hip_stream_order",
            "output_partitioning": "chained_shared",
            "validation_status": "pass",
            "work_dependency": "chained"
          },
          "gflops": 4.844470727,
          "k": 2048,
          "max_abs": 0,
          "max_rel": 0,
          "max_us": 27.396,
          "median_us": 27.056,
          "min_us": 26.972,
          "p05_us": 26.976,
          "p95_us": 27.3448,
          "rows": 1,
          "submission": {
            "completion_in_host_wall": true,
            "queue_or_stream_count": 1,
            "recording_in_timed_region": false,
            "strategy": "direct",
            "submit_in_host_wall": true
          },
          "timing": {
            "burst": {
              "dispatches_per_iteration": 1,
              "gpu_elapsed": {
                "clock": "hip_event",
                "per_iteration_us": {
                  "max": 27.396,
                  "median": 27.056,
                  "min": 26.972,
                  "n": 5,
                  "p05": 26.976,
                  "p95": 27.3448,
                  "samples": 5,
                  "stdev": 0.1539953246
                },
                "sequence_us": {
                  "max": 273.96,
                  "median": 270.56,
                  "min": 269.72,
                  "n": 5,
                  "p05": 269.76,
                  "p95": 273.448,
                  "samples": 5,
                  "stdev": 1.539953246
                },
                "status": "ok"
              },
              "host_wall": {
                "clock": "steady_clock",
                "per_iteration_us": {
                  "max": 47.8398,
                  "median": 28.8419,
                  "min": 28.8099,
                  "n": 5,
                  "p05": 28.8101,
                  "p95": 44.055,
                  "samples": 5,
                  "stdev": 7.59816761
                },
                "sequence_us": {
                  "max": 478.398,
                  "median": 288.419,
                  "min": 288.099,
                  "n": 5,
                  "p05": 288.101,
                  "p95": 440.55,
                  "samples": 5,
                  "stdev": 75.9816761
                },
                "status": "ok"
              },
              "logical_iterations": 10
            },
            "single": {
              "dispatches_per_iteration": 1,
              "gpu_elapsed": {
                "clock": "hip_event",
                "per_iteration_us": {
                  "max": 34.16,
                  "median": 28.76,
                  "min": 28.52,
                  "n": 5,
                  "p05": 28.528,
                  "p95": 33.28,
                  "samples": 5,
                  "stdev": 2.151895908
                },
                "sequence_us": {
                  "max": 34.16,
                  "median": 28.76,
                  "min": 28.52,
                  "n": 5,
                  "p05": 28.528,
                  "p95": 33.28,
                  "samples": 5,
                  "stdev": 2.151895908
                },
                "status": "ok"
              },
              "host_wall": {
                "clock": "steady_clock",
                "per_iteration_us": {
                  "max": 309.999,
                  "median": 55.24,
                  "min": 48.94,
                  "n": 5,
                  "p05": 49.4338,
                  "p95": 260.3832,
                  "samples": 5,
                  "stdev": 102.342557
                },
                "sequence_us": {
                  "max": 309.999,
                  "median": 55.24,
                  "min": 48.94,
                  "n": 5,
                  "p05": 49.4338,
                  "p95": 260.3832,
                  "samples": 5,
                  "stdev": 102.342557
                },
                "status": "ok"
              },
              "logical_iterations": 1
            }
          },
          "timing_mode": "serial_latency",
          "workgroup_size": 256
        }
      ],
      "run_tag": "hip-geometry-sweep",
      "status": "diagnostic"
    },
    "hip:extra_barrier:wg64": {
      "backend": "hip",
      "config": {
        "body_repeats": 32,
        "hip_fixed_workgroup_size": 64,
        "hip_reduction_variant": 1,
        "independent_streams": 4,
        "k_list": [
          512,
          2048
        ],
        "method": "one workgroup per row; repeat-shifted strided f32 FMA inner loop; shared-memory tree reduction",
        "reps": 10,
        "rows_list": [
          1
        ],
        "samples": 5,
        "timing_mode": "serial_latency",
        "warmup": 3,
        "workgroups": [
          64
        ]
      },
      "hardware": {
        "device_name": "AMD Radeon Graphics",
        "gcn_arch_name": "gfx1201",
        "multi_processor_count": 32
      },
      "rows": [
        {
          "body_repeats": 32,
          "bytes_per_us": 156.2881563,
          "correctness": {
            "single_dispatch": {
              "oracle": "deterministic CPU f32 reference with sequence tag",
              "status": "pass"
            },
            "synchronization": {
              "barrier_count": 0,
              "method": "ordered_stream_final_chain",
              "status": "pass"
            },
            "timed_sequence": {
              "coverage": "chained_final_state",
              "logical_iterations": 10,
              "oracle": "deterministic CPU f32 reference with sequence tag",
              "status": "pass"
            }
          },
          "correctness_pass": true,
          "dependency_contract": {
            "inter_dispatch_ordering": "hip_stream_order",
            "output_partitioning": "chained_shared",
            "validation_status": "pass",
            "work_dependency": "chained"
          },
          "gflops": 1.25030525,
          "k": 512,
          "max_abs": 0,
          "max_rel": 0,
          "max_us": 26.504,
          "median_us": 26.208,
          "min_us": 26.044,
          "p05_us": 26.0768,
          "p95_us": 26.4568,
          "rows": 1,
          "submission": {
            "completion_in_host_wall": true,
            "queue_or_stream_count": 1,
            "recording_in_timed_region": false,
            "strategy": "direct",
            "submit_in_host_wall": true
          },
          "timing": {
            "burst": {
              "dispatches_per_iteration": 1,
              "gpu_elapsed": {
                "clock": "hip_event",
                "per_iteration_us": {
                  "max": 26.504,
                  "median": 26.208,
                  "min": 26.044,
                  "n": 5,
                  "p05": 26.0768,
                  "p95": 26.4568,
                  "samples": 5,
                  "stdev": 0.1488215038
                },
                "sequence_us": {
                  "max": 265.04,
                  "median": 262.08,
                  "min": 260.44,
                  "n": 5,
                  "p05": 260.768,
                  "p95": 264.568,
                  "samples": 5,
                  "stdev": 1.488215038
                },
                "status": "ok"
              },
              "host_wall": {
                "clock": "steady_clock",
                "per_iteration_us": {
                  "max": 46.6908,
                  "median": 28.0589,
                  "min": 27.8559,
                  "n": 5,
                  "p05": 27.87708,
                  "p95": 43.04502,
                  "samples": 5,
                  "stdev": 7.445296472
                },
                "sequence_us": {
                  "max": 466.908,
                  "median": 280.589,
                  "min": 278.559,
                  "n": 5,
                  "p05": 278.7708,
                  "p95": 430.4502,
                  "samples": 5,
                  "stdev": 74.45296472
                },
                "status": "ok"
              },
              "logical_iterations": 10
            },
            "single": {
              "dispatches_per_iteration": 1,
              "gpu_elapsed": {
                "clock": "hip_event",
                "per_iteration_us": {
                  "max": 28.68,
                  "median": 27.4,
                  "min": 27.36,
                  "n": 5,
                  "p05": 27.368,
                  "p95": 28.44,
                  "samples": 5,
                  "stdev": 0.5094938665
                },
                "sequence_us": {
                  "max": 28.68,
                  "median": 27.4,
                  "min": 27.36,
                  "n": 5,
                  "p05": 27.368,
                  "p95": 28.44,
                  "samples": 5,
                  "stdev": 0.5094938665
                },
                "status": "ok"
              },
              "host_wall": {
                "clock": "steady_clock",
                "per_iteration_us": {
                  "max": 268.369,
                  "median": 47.42,
                  "min": 47.09,
                  "n": 5,
                  "p05": 47.1558,
                  "p95": 224.1872,
                  "samples": 5,
                  "stdev": 88.40880104
                },
                "sequence_us": {
                  "max": 268.369,
                  "median": 47.42,
                  "min": 47.09,
                  "n": 5,
                  "p05": 47.1558,
                  "p95": 224.1872,
                  "samples": 5,
                  "stdev": 88.40880104
                },
                "status": "ok"
              },
              "logical_iterations": 1
            }
          },
          "timing_mode": "serial_latency",
          "workgroup_size": 64
        },
        {
          "body_repeats": 32,
          "bytes_per_us": 169.1164327,
          "correctness": {
            "single_dispatch": {
              "oracle": "deterministic CPU f32 reference with sequence tag",
              "status": "pass"
            },
            "synchronization": {
              "barrier_count": 0,
              "method": "ordered_stream_final_chain",
              "status": "pass"
            },
            "timed_sequence": {
              "coverage": "chained_final_state",
              "logical_iterations": 10,
              "oracle": "deterministic CPU f32 reference with sequence tag",
              "status": "pass"
            }
          },
          "correctness_pass": true,
          "dependency_contract": {
            "inter_dispatch_ordering": "hip_stream_order",
            "output_partitioning": "chained_shared",
            "validation_status": "pass",
            "work_dependency": "chained"
          },
          "gflops": 1.352931462,
          "k": 2048,
          "max_abs": 0,
          "max_rel": 0,
          "max_us": 98.288,
          "median_us": 96.88,
          "min_us": 96.864,
          "p05_us": 96.8648,
          "p95_us": 98.0488,
          "rows": 1,
          "submission": {
            "completion_in_host_wall": true,
            "queue_or_stream_count": 1,
            "recording_in_timed_region": false,
            "strategy": "direct",
            "submit_in_host_wall": true
          },
          "timing": {
            "burst": {
              "dispatches_per_iteration": 1,
              "gpu_elapsed": {
                "clock": "hip_event",
                "per_iteration_us": {
                  "max": 98.288,
                  "median": 96.88,
                  "min": 96.864,
                  "n": 5,
                  "p05": 96.8648,
                  "p95": 98.0488,
                  "samples": 5,
                  "stdev": 0.5515279141
                },
                "sequence_us": {
                  "max": 982.88,
                  "median": 968.8,
                  "min": 968.64,
                  "n": 5,
                  "p05": 968.648,
                  "p95": 980.488,
                  "samples": 5,
                  "stdev": 5.515279141
                },
                "status": "ok"
              },
              "host_wall": {
                "clock": "steady_clock",
                "per_iteration_us": {
                  "max": 126.0975,
                  "median": 98.7106,
                  "min": 98.6716,
                  "n": 5,
                  "p05": 98.673,
                  "p95": 120.6521,
                  "samples": 5,
                  "stdev": 10.94610878
                },
                "sequence_us": {
                  "max": 1260.975,
                  "median": 987.106,
                  "min": 986.716,
                  "n": 5,
                  "p05": 986.73,
                  "p95": 1206.521,
                  "samples": 5,
                  "stdev": 109.4610878
                },
                "status": "ok"
              },
              "logical_iterations": 10
            },
            "single": {
              "dispatches_per_iteration": 1,
              "gpu_elapsed": {
                "clock": "hip_event",
                "per_iteration_us": {
                  "max": 102.2,
                  "median": 98.76,
                  "min": 98.24,
                  "n": 5,
                  "p05": 98.248,
                  "p95": 101.512,
                  "samples": 5,
                  "stdev": 1.492895174
                },
                "sequence_us": {
                  "max": 102.2,
                  "median": 98.76,
                  "min": 98.24,
                  "n": 5,
                  "p05": 98.248,
                  "p95": 101.512,
                  "samples": 5,
                  "stdev": 1.492895174
                },
                "status": "ok"
              },
              "host_wall": {
                "clock": "steady_clock",
                "per_iteration_us": {
                  "max": 338.939,
                  "median": 119.48,
                  "min": 115.87,
                  "n": 5,
                  "p05": 116.2078,
                  "p95": 295.051,
                  "samples": 5,
                  "stdev": 88.34513186
                },
                "sequence_us": {
                  "max": 338.939,
                  "median": 119.48,
                  "min": 115.87,
                  "n": 5,
                  "p05": 116.2078,
                  "p95": 295.051,
                  "samples": 5,
                  "stdev": 88.34513186
                },
                "status": "ok"
              },
              "logical_iterations": 1
            }
          },
          "timing_mode": "serial_latency",
          "workgroup_size": 64
        }
      ],
      "run_tag": "hip-geometry-sweep",
      "status": "diagnostic"
    },
    "hip:lds_tree:wg256": {
      "backend": "hip",
      "config": {
        "body_repeats": 32,
        "hip_fixed_workgroup_size": 256,
        "hip_reduction_variant": 0,
        "independent_streams": 4,
        "k_list": [
          512,
          2048
        ],
        "method": "one workgroup per row; repeat-shifted strided f32 FMA inner loop; shared-memory tree reduction",
        "reps": 10,
        "rows_list": [
          1
        ],
        "samples": 5,
        "timing_mode": "serial_latency",
        "warmup": 3,
        "workgroups": [
          256
        ]
      },
      "hardware": {
        "device_name": "AMD Radeon Graphics",
        "gcn_arch_name": "gfx1201",
        "multi_processor_count": 32
      },
      "rows": [
        {
          "body_repeats": 32,
          "bytes_per_us": 478.0578898,
          "correctness": {
            "single_dispatch": {
              "oracle": "deterministic CPU f32 reference with sequence tag",
              "status": "pass"
            },
            "synchronization": {
              "barrier_count": 0,
              "method": "ordered_stream_final_chain",
              "status": "pass"
            },
            "timed_sequence": {
              "coverage": "chained_final_state",
              "logical_iterations": 10,
              "oracle": "deterministic CPU f32 reference with sequence tag",
              "status": "pass"
            }
          },
          "correctness_pass": true,
          "dependency_contract": {
            "inter_dispatch_ordering": "hip_stream_order",
            "output_partitioning": "chained_shared",
            "validation_status": "pass",
            "work_dependency": "chained"
          },
          "gflops": 3.824463119,
          "k": 512,
          "max_abs": 0,
          "max_rel": 0,
          "max_us": 8.86,
          "median_us": 8.568,
          "min_us": 8.452,
          "p05_us": 8.456,
          "p95_us": 8.8096,
          "rows": 1,
          "submission": {
            "completion_in_host_wall": true,
            "queue_or_stream_count": 1,
            "recording_in_timed_region": false,
            "strategy": "direct",
            "submit_in_host_wall": true
          },
          "timing": {
            "burst": {
              "dispatches_per_iteration": 1,
              "gpu_elapsed": {
                "clock": "hip_event",
                "per_iteration_us": {
                  "max": 8.86,
                  "median": 8.568,
                  "min": 8.452,
                  "n": 5,
                  "p05": 8.456,
                  "p95": 8.8096,
                  "samples": 5,
                  "stdev": 0.1460520455
                },
                "sequence_us": {
                  "max": 88.6,
                  "median": 85.68,
                  "min": 84.52,
                  "n": 5,
                  "p05": 84.56,
                  "p95": 88.096,
                  "samples": 5,
                  "stdev": 1.460520455
                },
                "status": "ok"
              },
              "host_wall": {
                "clock": "steady_clock",
                "per_iteration_us": {
                  "max": 27.4888,
                  "median": 10.2629,
                  "min": 10.205,
                  "n": 5,
                  "p05": 10.20638,
                  "p95": 24.08244,
                  "samples": 5,
                  "stdev": 6.882447564
                },
                "sequence_us": {
                  "max": 274.888,
                  "median": 102.629,
                  "min": 102.05,
                  "n": 5,
                  "p05": 102.0638,
                  "p95": 240.8244,
                  "samples": 5,
                  "stdev": 68.82447564
                },
                "status": "ok"
              },
              "logical_iterations": 10
            },
            "single": {
              "dispatches_per_iteration": 1,
              "gpu_elapsed": {
                "clock": "hip_event",
                "per_iteration_us": {
                  "max": 9.88,
                  "median": 9.76,
                  "min": 9.68,
                  "n": 5,
                  "p05": 9.696,
                  "p95": 9.872,
                  "samples": 5,
                  "stdev": 0.0697423831
                },
                "sequence_us": {
                  "max": 9.88,
                  "median": 9.76,
                  "min": 9.68,
                  "n": 5,
                  "p05": 9.696,
                  "p95": 9.872,
                  "samples": 5,
                  "stdev": 0.0697423831
                },
                "status": "ok"
              },
              "host_wall": {
                "clock": "steady_clock",
                "per_iteration_us": {
                  "max": 296.169,
                  "median": 30.24,
                  "min": 29.57,
                  "n": 5,
                  "p05": 29.648,
                  "p95": 243.0252,
                  "samples": 5,
                  "stdev": 106.4460082
                },
                "sequence_us": {
                  "max": 296.169,
                  "median": 30.24,
                  "min": 29.57,
                  "n": 5,
                  "p05": 29.648,
                  "p95": 243.0252,
                  "samples": 5,
                  "stdev": 106.4460082
                },
                "status": "ok"
              },
              "logical_iterations": 1
            }
          },
          "timing_mode": "serial_latency",
          "workgroup_size": 256
        },
        {
          "body_repeats": 32,
          "bytes_per_us": 612.0741184,
          "correctness": {
            "single_dispatch": {
              "oracle": "deterministic CPU f32 reference with sequence tag",
              "status": "pass"
            },
            "synchronization": {
              "barrier_count": 0,
              "method": "ordered_stream_final_chain",
              "status": "pass"
            },
            "timed_sequence": {
              "coverage": "chained_final_state",
              "logical_iterations": 10,
              "oracle": "deterministic CPU f32 reference with sequence tag",
              "status": "pass"
            }
          },
          "correctness_pass": true,
          "dependency_contract": {
            "inter_dispatch_ordering": "hip_stream_order",
            "output_partitioning": "chained_shared",
            "validation_status": "pass",
            "work_dependency": "chained"
          },
          "gflops": 4.896592947,
          "k": 2048,
          "max_abs": 0,
          "max_rel": 0,
          "max_us": 27.236,
          "median_us": 26.768,
          "min_us": 26.72,
          "p05_us": 26.724,
          "p95_us": 27.168,
          "rows": 1,
          "submission": {
            "completion_in_host_wall": true,
            "queue_or_stream_count": 1,
            "recording_in_timed_region": false,
            "strategy": "direct",
            "submit_in_host_wall": true
          },
          "timing": {
            "burst": {
              "dispatches_per_iteration": 1,
              "gpu_elapsed": {
                "clock": "hip_event",
                "per_iteration_us": {
                  "max": 27.236,
                  "median": 26.768,
                  "min": 26.72,
                  "n": 5,
                  "p05": 26.724,
                  "p95": 27.168,
                  "samples": 5,
                  "stdev": 0.1920499935
                },
                "sequence_us": {
                  "max": 272.36,
                  "median": 267.68,
                  "min": 267.2,
                  "n": 5,
                  "p05": 267.24,
                  "p95": 271.68,
                  "samples": 5,
                  "stdev": 1.920499935
                },
                "status": "ok"
              },
              "host_wall": {
                "clock": "steady_clock",
                "per_iteration_us": {
                  "max": 50.4887,
                  "median": 28.5338,
                  "min": 28.4959,
                  "n": 5,
                  "p05": 28.5031,
                  "p95": 46.18574,
                  "samples": 5,
                  "stdev": 8.743703662
                },
                "sequence_us": {
                  "max": 504.887,
                  "median": 285.338,
                  "min": 284.959,
                  "n": 5,
                  "p05": 285.031,
                  "p95": 461.8574,
                  "samples": 5,
                  "stdev": 87.43703662
                },
                "status": "ok"
              },
              "logical_iterations": 10
            },
            "single": {
              "dispatches_per_iteration": 1,
              "gpu_elapsed": {
                "clock": "hip_event",
                "per_iteration_us": {
                  "max": 28.96,
                  "median": 28.32,
                  "min": 28.08,
                  "n": 5,
                  "p05": 28.088,
                  "p95": 28.848,
                  "samples": 5,
                  "stdev": 0.3155693268
                },
                "sequence_us": {
                  "max": 28.96,
                  "median": 28.32,
                  "min": 28.08,
                  "n": 5,
                  "p05": 28.088,
                  "p95": 28.848,
                  "samples": 5,
                  "stdev": 0.3155693268
                },
                "status": "ok"
              },
              "host_wall": {
                "clock": "steady_clock",
                "per_iteration_us": {
                  "max": 231.369,
                  "median": 49.02,
                  "min": 45.42,
                  "n": 5,
                  "p05": 45.768,
                  "p95": 194.9112,
                  "samples": 5,
                  "stdev": 73.49202852
                },
                "sequence_us": {
                  "max": 231.369,
                  "median": 49.02,
                  "min": 45.42,
                  "n": 5,
                  "p05": 45.768,
                  "p95": 194.9112,
                  "samples": 5,
                  "stdev": 73.49202852
                },
                "status": "ok"
              },
              "logical_iterations": 1
            }
          },
          "timing_mode": "serial_latency",
          "workgroup_size": 256
        }
      ],
      "run_tag": "hip-geometry-sweep",
      "status": "diagnostic"
    },
    "hip:lds_tree:wg64": {
      "backend": "hip",
      "config": {
        "body_repeats": 32,
        "hip_fixed_workgroup_size": 64,
        "hip_reduction_variant": 0,
        "independent_streams": 4,
        "k_list": [
          512,
          2048
        ],
        "method": "one workgroup per row; repeat-shifted strided f32 FMA inner loop; shared-memory tree reduction",
        "reps": 10,
        "rows_list": [
          1
        ],
        "samples": 5,
        "timing_mode": "serial_latency",
        "warmup": 3,
        "workgroups": [
          64
        ]
      },
      "hardware": {
        "device_name": "AMD Radeon Graphics",
        "gcn_arch_name": "gfx1201",
        "multi_processor_count": 32
      },
      "rows": [
        {
          "body_repeats": 32,
          "bytes_per_us": 157.8785076,
          "correctness": {
            "single_dispatch": {
              "oracle": "deterministic CPU f32 reference with sequence tag",
              "status": "pass"
            },
            "synchronization": {
              "barrier_count": 0,
              "method": "ordered_stream_final_chain",
              "status": "pass"
            },
            "timed_sequence": {
              "coverage": "chained_final_state",
              "logical_iterations": 10,
              "oracle": "deterministic CPU f32 reference with sequence tag",
              "status": "pass"
            }
          },
          "correctness_pass": true,
          "dependency_contract": {
            "inter_dispatch_ordering": "hip_stream_order",
            "output_partitioning": "chained_shared",
            "validation_status": "pass",
            "work_dependency": "chained"
          },
          "gflops": 1.26302806,
          "k": 512,
          "max_abs": 0,
          "max_rel": 0,
          "max_us": 26.264,
          "median_us": 25.944,
          "min_us": 25.86,
          "p05_us": 25.8648,
          "p95_us": 26.2136,
          "rows": 1,
          "submission": {
            "completion_in_host_wall": true,
            "queue_or_stream_count": 1,
            "recording_in_timed_region": false,
            "strategy": "direct",
            "submit_in_host_wall": true
          },
          "timing": {
            "burst": {
              "dispatches_per_iteration": 1,
              "gpu_elapsed": {
                "clock": "hip_event",
                "per_iteration_us": {
                  "max": 26.264,
                  "median": 25.944,
                  "min": 25.86,
                  "n": 5,
                  "p05": 25.8648,
                  "p95": 26.2136,
                  "samples": 5,
                  "stdev": 0.1454460725
                },
                "sequence_us": {
                  "max": 262.64,
                  "median": 259.44,
                  "min": 258.6,
                  "n": 5,
                  "p05": 258.648,
                  "p95": 262.136,
                  "samples": 5,
                  "stdev": 1.454460725
                },
                "status": "ok"
              },
              "host_wall": {
                "clock": "steady_clock",
                "per_iteration_us": {
                  "max": 46.2138,
                  "median": 27.7649,
                  "min": 27.6069,
                  "n": 5,
                  "p05": 27.6117,
                  "p95": 42.5668,
                  "samples": 5,
                  "stdev": 7.388549599
                },
                "sequence_us": {
                  "max": 462.138,
                  "median": 277.649,
                  "min": 276.069,
                  "n": 5,
                  "p05": 276.117,
                  "p95": 425.668,
                  "samples": 5,
                  "stdev": 73.88549599
                },
                "status": "ok"
              },
              "logical_iterations": 10
            },
            "single": {
              "dispatches_per_iteration": 1,
              "gpu_elapsed": {
                "clock": "hip_event",
                "per_iteration_us": {
                  "max": 27.96,
                  "median": 27.2,
                  "min": 27.16,
                  "n": 5,
                  "p05": 27.168,
                  "p95": 27.824,
                  "samples": 5,
                  "stdev": 0.3025227264
                },
                "sequence_us": {
                  "max": 27.96,
                  "median": 27.2,
                  "min": 27.16,
                  "n": 5,
                  "p05": 27.168,
                  "p95": 27.824,
                  "samples": 5,
                  "stdev": 0.3025227264
                },
                "status": "ok"
              },
              "host_wall": {
                "clock": "steady_clock",
                "per_iteration_us": {
                  "max": 265.759,
                  "median": 47.689,
                  "min": 46.86,
                  "n": 5,
                  "p05": 46.91,
                  "p95": 222.1692,
                  "samples": 5,
                  "stdev": 87.3574132
                },
                "sequence_us": {
                  "max": 265.759,
                  "median": 47.689,
                  "min": 46.86,
                  "n": 5,
                  "p05": 46.91,
                  "p95": 222.1692,
                  "samples": 5,
                  "stdev": 87.3574132
                },
                "status": "ok"
              },
              "logical_iterations": 1
            }
          },
          "timing_mode": "serial_latency",
          "workgroup_size": 64
        },
        {
          "body_repeats": 32,
          "bytes_per_us": 169.3191683,
          "correctness": {
            "single_dispatch": {
              "oracle": "deterministic CPU f32 reference with sequence tag",
              "status": "pass"
            },
            "synchronization": {
              "barrier_count": 0,
              "method": "ordered_stream_final_chain",
              "status": "pass"
            },
            "timed_sequence": {
              "coverage": "chained_final_state",
              "logical_iterations": 10,
              "oracle": "deterministic CPU f32 reference with sequence tag",
              "status": "pass"
            }
          },
          "correctness_pass": true,
          "dependency_contract": {
            "inter_dispatch_ordering": "hip_stream_order",
            "output_partitioning": "chained_shared",
            "validation_status": "pass",
            "work_dependency": "chained"
          },
          "gflops": 1.354553346,
          "k": 2048,
          "max_abs": 0,
          "max_rel": 0,
          "max_us": 97.32,
          "median_us": 96.764,
          "min_us": 96.7,
          "p05_us": 96.7008,
          "p95_us": 97.2288,
          "rows": 1,
          "submission": {
            "completion_in_host_wall": true,
            "queue_or_stream_count": 1,
            "recording_in_timed_region": false,
            "strategy": "direct",
            "submit_in_host_wall": true
          },
          "timing": {
            "burst": {
              "dispatches_per_iteration": 1,
              "gpu_elapsed": {
                "clock": "hip_event",
                "per_iteration_us": {
                  "max": 97.32,
                  "median": 96.764,
                  "min": 96.7,
                  "n": 5,
                  "p05": 96.7008,
                  "p95": 97.2288,
                  "samples": 5,
                  "stdev": 0.2324767515
                },
                "sequence_us": {
                  "max": 973.2,
                  "median": 967.64,
                  "min": 967,
                  "n": 5,
                  "p05": 967.008,
                  "p95": 972.288,
                  "samples": 5,
                  "stdev": 2.324767515
                },
                "status": "ok"
              },
              "host_wall": {
                "clock": "steady_clock",
                "per_iteration_us": {
                  "max": 119.1235,
                  "median": 98.5795,
                  "min": 98.4725,
                  "n": 5,
                  "p05": 98.48172,
                  "p95": 115.0211,
                  "samples": 5,
                  "stdev": 8.231330496
                },
                "sequence_us": {
                  "max": 1191.235,
                  "median": 985.795,
                  "min": 984.725,
                  "n": 5,
                  "p05": 984.8172,
                  "p95": 1150.211,
                  "samples": 5,
                  "stdev": 82.31330496
                },
                "status": "ok"
              },
              "logical_iterations": 10
            },
            "single": {
              "dispatches_per_iteration": 1,
              "gpu_elapsed": {
                "clock": "hip_event",
                "per_iteration_us": {
                  "max": 101.04,
                  "median": 98.24,
                  "min": 98.04,
                  "n": 5,
                  "p05": 98.064,
                  "p95": 100.488,
                  "samples": 5,
                  "stdev": 1.146933302
                },
                "sequence_us": {
                  "max": 101.04,
                  "median": 98.24,
                  "min": 98.04,
                  "n": 5,
                  "p05": 98.064,
                  "p95": 100.488,
                  "samples": 5,
                  "stdev": 1.146933302
                },
                "status": "ok"
              },
              "host_wall": {
                "clock": "steady_clock",
                "per_iteration_us": {
                  "max": 299.009,
                  "median": 118.9,
                  "min": 118.409,
                  "n": 5,
                  "p05": 118.449,
                  "p95": 263.137,
                  "samples": 5,
                  "stdev": 72.04813043
                },
                "sequence_us": {
                  "max": 299.009,
                  "median": 118.9,
                  "min": 118.409,
                  "n": 5,
                  "p05": 118.449,
                  "p95": 263.137,
                  "samples": 5,
                  "stdev": 72.04813043
                },
                "status": "ok"
              },
              "logical_iterations": 1
            }
          },
          "timing_mode": "serial_latency",
          "workgroup_size": 64
        }
      ],
      "run_tag": "hip-geometry-sweep",
      "status": "diagnostic"
    },
    "hip:multi_accum16:wg256": {
      "backend": "hip",
      "config": {
        "body_repeats": 32,
        "hip_fixed_workgroup_size": 256,
        "hip_reduction_variant": 5,
        "independent_streams": 4,
        "k_list": [
          512,
          2048
        ],
        "method": "one workgroup per row; repeat-shifted strided f32 FMA inner loop; shared-memory tree reduction",
        "reps": 10,
        "rows_list": [
          1
        ],
        "samples": 5,
        "timing_mode": "serial_latency",
        "warmup": 3,
        "workgroups": [
          256
        ]
      },
      "hardware": {
        "device_name": "AMD Radeon Graphics",
        "gcn_arch_name": "gfx1201",
        "multi_processor_count": 32
      },
      "rows": [
        {
          "body_repeats": 32,
          "bytes_per_us": 248.3628426,
          "correctness": {
            "single_dispatch": {
              "oracle": "deterministic CPU f32 reference with sequence tag",
              "status": "pass"
            },
            "synchronization": {
              "barrier_count": 0,
              "method": "ordered_stream_final_chain",
              "status": "pass"
            },
            "timed_sequence": {
              "coverage": "chained_final_state",
              "logical_iterations": 10,
              "oracle": "deterministic CPU f32 reference with sequence tag",
              "status": "pass"
            }
          },
          "correctness_pass": true,
          "dependency_contract": {
            "inter_dispatch_ordering": "hip_stream_order",
            "output_partitioning": "chained_shared",
            "validation_status": "pass",
            "work_dependency": "chained"
          },
          "gflops": 1.986902741,
          "k": 512,
          "max_abs": 0,
          "max_rel": 0,
          "max_us": 17.236,
          "median_us": 16.492,
          "min_us": 16.12,
          "p05_us": 16.1264,
          "p95_us": 17.1832,
          "rows": 1,
          "submission": {
            "completion_in_host_wall": true,
            "queue_or_stream_count": 1,
            "recording_in_timed_region": false,
            "strategy": "direct",
            "submit_in_host_wall": true
          },
          "timing": {
            "burst": {
              "dispatches_per_iteration": 1,
              "gpu_elapsed": {
                "clock": "hip_event",
                "per_iteration_us": {
                  "max": 17.236,
                  "median": 16.492,
                  "min": 16.12,
                  "n": 5,
                  "p05": 16.1264,
                  "p95": 17.1832,
                  "samples": 5,
                  "stdev": 0.4439574754
                },
                "sequence_us": {
                  "max": 172.36,
                  "median": 164.92,
                  "min": 161.2,
                  "n": 5,
                  "p05": 161.264,
                  "p95": 171.832,
                  "samples": 5,
                  "stdev": 4.439574754
                },
                "status": "ok"
              },
              "host_wall": {
                "clock": "steady_clock",
                "per_iteration_us": {
                  "max": 36.7349,
                  "median": 18.2009,
                  "min": 17.8999,
                  "n": 5,
                  "p05": 17.90192,
                  "p95": 33.13132,
                  "samples": 5,
                  "stdev": 7.427108584
                },
                "sequence_us": {
                  "max": 367.349,
                  "median": 182.009,
                  "min": 178.999,
                  "n": 5,
                  "p05": 179.0192,
                  "p95": 331.3132,
                  "samples": 5,
                  "stdev": 74.27108584
                },
                "status": "ok"
              },
              "logical_iterations": 10
            },
            "single": {
              "dispatches_per_iteration": 1,
              "gpu_elapsed": {
                "clock": "hip_event",
                "per_iteration_us": {
                  "max": 20.76,
                  "median": 17.8,
                  "min": 17.68,
                  "n": 5,
                  "p05": 17.688,
                  "p95": 20.176,
                  "samples": 5,
                  "stdev": 1.201332593
                },
                "sequence_us": {
                  "max": 20.76,
                  "median": 17.8,
                  "min": 17.68,
                  "n": 5,
                  "p05": 17.688,
                  "p95": 20.176,
                  "samples": 5,
                  "stdev": 1.201332593
                },
                "status": "ok"
              },
              "host_wall": {
                "clock": "steady_clock",
                "per_iteration_us": {
                  "max": 256.18,
                  "median": 37.889,
                  "min": 37.17,
                  "n": 5,
                  "p05": 37.176,
                  "p95": 212.542,
                  "samples": 5,
                  "stdev": 87.44775733
                },
                "sequence_us": {
                  "max": 256.18,
                  "median": 37.889,
                  "min": 37.17,
                  "n": 5,
                  "p05": 37.176,
                  "p95": 212.542,
                  "samples": 5,
                  "stdev": 87.44775733
                },
                "status": "ok"
              },
              "logical_iterations": 1
            }
          },
          "timing_mode": "serial_latency",
          "workgroup_size": 256
        },
        {
          "body_repeats": 32,
          "bytes_per_us": 515.0257764,
          "correctness": {
            "single_dispatch": {
              "oracle": "deterministic CPU f32 reference with sequence tag",
              "status": "pass"
            },
            "synchronization": {
              "barrier_count": 0,
              "method": "ordered_stream_final_chain",
              "status": "pass"
            },
            "timed_sequence": {
              "coverage": "chained_final_state",
              "logical_iterations": 10,
              "oracle": "deterministic CPU f32 reference with sequence tag",
              "status": "pass"
            }
          },
          "correctness_pass": true,
          "dependency_contract": {
            "inter_dispatch_ordering": "hip_stream_order",
            "output_partitioning": "chained_shared",
            "validation_status": "pass",
            "work_dependency": "chained"
          },
          "gflops": 4.120206211,
          "k": 2048,
          "max_abs": 0,
          "max_rel": 0,
          "max_us": 32.408,
          "median_us": 31.812,
          "min_us": 31.632,
          "p05_us": 31.6392,
          "p95_us": 32.3712,
          "rows": 1,
          "submission": {
            "completion_in_host_wall": true,
            "queue_or_stream_count": 1,
            "recording_in_timed_region": false,
            "strategy": "direct",
            "submit_in_host_wall": true
          },
          "timing": {
            "burst": {
              "dispatches_per_iteration": 1,
              "gpu_elapsed": {
                "clock": "hip_event",
                "per_iteration_us": {
                  "max": 32.408,
                  "median": 31.812,
                  "min": 31.632,
                  "n": 5,
                  "p05": 31.6392,
                  "p95": 32.3712,
                  "samples": 5,
                  "stdev": 0.3112956151
                },
                "sequence_us": {
                  "max": 324.08,
                  "median": 318.12,
                  "min": 316.32,
                  "n": 5,
                  "p05": 316.392,
                  "p95": 323.712,
                  "samples": 5,
                  "stdev": 3.112956151
                },
                "status": "ok"
              },
              "host_wall": {
                "clock": "steady_clock",
                "per_iteration_us": {
                  "max": 52.0868,
                  "median": 33.633,
                  "min": 33.4229,
                  "n": 5,
                  "p05": 33.4391,
                  "p95": 48.48002,
                  "samples": 5,
                  "stdev": 7.376643156
                },
                "sequence_us": {
                  "max": 520.868,
                  "median": 336.33,
                  "min": 334.229,
                  "n": 5,
                  "p05": 334.391,
                  "p95": 484.8002,
                  "samples": 5,
                  "stdev": 73.76643156
                },
                "status": "ok"
              },
              "logical_iterations": 10
            },
            "single": {
              "dispatches_per_iteration": 1,
              "gpu_elapsed": {
                "clock": "hip_event",
                "per_iteration_us": {
                  "max": 35.76,
                  "median": 33.24,
                  "min": 32.88,
                  "n": 5,
                  "p05": 32.888,
                  "p95": 35.256,
                  "samples": 5,
                  "stdev": 1.086764004
                },
                "sequence_us": {
                  "max": 35.76,
                  "median": 33.24,
                  "min": 32.88,
                  "n": 5,
                  "p05": 32.888,
                  "p95": 35.256,
                  "samples": 5,
                  "stdev": 1.086764004
                },
                "status": "ok"
              },
              "host_wall": {
                "clock": "steady_clock",
                "per_iteration_us": {
                  "max": 224.429,
                  "median": 51.44,
                  "min": 51.1,
                  "n": 5,
                  "p05": 51.142,
                  "p95": 189.8732,
                  "samples": 5,
                  "stdev": 69.22183071
                },
                "sequence_us": {
                  "max": 224.429,
                  "median": 51.44,
                  "min": 51.1,
                  "n": 5,
                  "p05": 51.142,
                  "p95": 189.8732,
                  "samples": 5,
                  "stdev": 69.22183071
                },
                "status": "ok"
              },
              "logical_iterations": 1
            }
          },
          "timing_mode": "serial_latency",
          "workgroup_size": 256
        }
      ],
      "run_tag": "hip-geometry-sweep",
      "status": "diagnostic"
    },
    "hip:multi_accum16:wg64": {
      "backend": "hip",
      "config": {
        "body_repeats": 32,
        "hip_fixed_workgroup_size": 64,
        "hip_reduction_variant": 5,
        "independent_streams": 4,
        "k_list": [
          512,
          2048
        ],
        "method": "one workgroup per row; repeat-shifted strided f32 FMA inner loop; shared-memory tree reduction",
        "reps": 10,
        "rows_list": [
          1
        ],
        "samples": 5,
        "timing_mode": "serial_latency",
        "warmup": 3,
        "workgroups": [
          64
        ]
      },
      "hardware": {
        "device_name": "AMD Radeon Graphics",
        "gcn_arch_name": "gfx1201",
        "multi_processor_count": 32
      },
      "rows": [
        {
          "body_repeats": 32,
          "bytes_per_us": 131.6195373,
          "correctness": {
            "single_dispatch": {
              "oracle": "deterministic CPU f32 reference with sequence tag",
              "status": "pass"
            },
            "synchronization": {
              "barrier_count": 0,
              "method": "ordered_stream_final_chain",
              "status": "pass"
            },
            "timed_sequence": {
              "coverage": "chained_final_state",
              "logical_iterations": 10,
              "oracle": "deterministic CPU f32 reference with sequence tag",
              "status": "pass"
            }
          },
          "correctness_pass": true,
          "dependency_contract": {
            "inter_dispatch_ordering": "hip_stream_order",
            "output_partitioning": "chained_shared",
            "validation_status": "pass",
            "work_dependency": "chained"
          },
          "gflops": 1.052956298,
          "k": 512,
          "max_abs": 0,
          "max_rel": 0,
          "max_us": 31.76,
          "median_us": 31.12,
          "min_us": 30.832,
          "p05_us": 30.8328,
          "p95_us": 31.7032,
          "rows": 1,
          "submission": {
            "completion_in_host_wall": true,
            "queue_or_stream_count": 1,
            "recording_in_timed_region": false,
            "strategy": "direct",
            "submit_in_host_wall": true
          },
          "timing": {
            "burst": {
              "dispatches_per_iteration": 1,
              "gpu_elapsed": {
                "clock": "hip_event",
                "per_iteration_us": {
                  "max": 31.76,
                  "median": 31.12,
                  "min": 30.832,
                  "n": 5,
                  "p05": 30.8328,
                  "p95": 31.7032,
                  "samples": 5,
                  "stdev": 0.3644120744
                },
                "sequence_us": {
                  "max": 317.6,
                  "median": 311.2,
                  "min": 308.32,
                  "n": 5,
                  "p05": 308.328,
                  "p95": 317.032,
                  "samples": 5,
                  "stdev": 3.644120744
                },
                "status": "ok"
              },
              "host_wall": {
                "clock": "steady_clock",
                "per_iteration_us": {
                  "max": 51.2979,
                  "median": 32.8569,
                  "min": 32.5859,
                  "n": 5,
                  "p05": 32.6019,
                  "p95": 47.6817,
                  "samples": 5,
                  "stdev": 7.389806747
                },
                "sequence_us": {
                  "max": 512.979,
                  "median": 328.569,
                  "min": 325.859,
                  "n": 5,
                  "p05": 326.019,
                  "p95": 476.817,
                  "samples": 5,
                  "stdev": 73.89806747
                },
                "status": "ok"
              },
              "logical_iterations": 10
            },
            "single": {
              "dispatches_per_iteration": 1,
              "gpu_elapsed": {
                "clock": "hip_event",
                "per_iteration_us": {
                  "max": 33.92,
                  "median": 32.2,
                  "min": 32.16,
                  "n": 5,
                  "p05": 32.168,
                  "p95": 33.6,
                  "samples": 5,
                  "stdev": 0.6821143599
                },
                "sequence_us": {
                  "max": 33.92,
                  "median": 32.2,
                  "min": 32.16,
                  "n": 5,
                  "p05": 32.168,
                  "p95": 33.6,
                  "samples": 5,
                  "stdev": 0.6821143599
                },
                "status": "ok"
              },
              "host_wall": {
                "clock": "steady_clock",
                "per_iteration_us": {
                  "max": 255.149,
                  "median": 51.95,
                  "min": 51.28,
                  "n": 5,
                  "p05": 51.36,
                  "p95": 214.5172,
                  "samples": 5,
                  "stdev": 81.36999437
                },
                "sequence_us": {
                  "max": 255.149,
                  "median": 51.95,
                  "min": 51.28,
                  "n": 5,
                  "p05": 51.36,
                  "p95": 214.5172,
                  "samples": 5,
                  "stdev": 81.36999437
                },
                "status": "ok"
              },
              "logical_iterations": 1
            }
          },
          "timing_mode": "serial_latency",
          "workgroup_size": 64
        },
        {
          "body_repeats": 32,
          "bytes_per_us": 164.2736825,
          "correctness": {
            "single_dispatch": {
              "oracle": "deterministic CPU f32 reference with sequence tag",
              "status": "pass"
            },
            "synchronization": {
              "barrier_count": 0,
              "method": "ordered_stream_final_chain",
              "status": "pass"
            },
            "timed_sequence": {
              "coverage": "chained_final_state",
              "logical_iterations": 10,
              "oracle": "deterministic CPU f32 reference with sequence tag",
              "status": "pass"
            }
          },
          "correctness_pass": true,
          "dependency_contract": {
            "inter_dispatch_ordering": "hip_stream_order",
            "output_partitioning": "chained_shared",
            "validation_status": "pass",
            "work_dependency": "chained"
          },
          "gflops": 1.31418946,
          "k": 2048,
          "max_abs": 0,
          "max_rel": 0,
          "max_us": 100.56,
          "median_us": 99.736,
          "min_us": 99.652,
          "p05_us": 99.6552,
          "p95_us": 100.4656,
          "rows": 1,
          "submission": {
            "completion_in_host_wall": true,
            "queue_or_stream_count": 1,
            "recording_in_timed_region": false,
            "strategy": "direct",
            "submit_in_host_wall": true
          },
          "timing": {
            "burst": {
              "dispatches_per_iteration": 1,
              "gpu_elapsed": {
                "clock": "hip_event",
                "per_iteration_us": {
                  "max": 100.56,
                  "median": 99.736,
                  "min": 99.652,
                  "n": 5,
                  "p05": 99.6552,
                  "p95": 100.4656,
                  "samples": 5,
                  "stdev": 0.3478059229
                },
                "sequence_us": {
                  "max": 1005.6,
                  "median": 997.36,
                  "min": 996.52,
                  "n": 5,
                  "p05": 996.552,
                  "p95": 1004.656,
                  "samples": 5,
                  "stdev": 3.478059229
                },
                "status": "ok"
              },
              "host_wall": {
                "clock": "steady_clock",
                "per_iteration_us": {
                  "max": 118.5946,
                  "median": 101.5037,
                  "min": 101.4258,
                  "n": 5,
                  "p05": 101.43138,
                  "p95": 115.26724,
                  "samples": 5,
                  "stdev": 6.806505176
                },
                "sequence_us": {
                  "max": 1185.946,
                  "median": 1015.037,
                  "min": 1014.258,
                  "n": 5,
                  "p05": 1014.3138,
                  "p95": 1152.6724,
                  "samples": 5,
                  "stdev": 68.06505176
                },
                "status": "ok"
              },
              "logical_iterations": 10
            },
            "single": {
              "dispatches_per_iteration": 1,
              "gpu_elapsed": {
                "clock": "hip_event",
                "per_iteration_us": {
                  "max": 105.84,
                  "median": 101.12,
                  "min": 100.72,
                  "n": 5,
                  "p05": 100.72,
                  "p95": 104.912,
                  "samples": 5,
                  "stdev": 1.970015228
                },
                "sequence_us": {
                  "max": 105.84,
                  "median": 101.12,
                  "min": 100.72,
                  "n": 5,
                  "p05": 100.72,
                  "p95": 104.912,
                  "samples": 5,
                  "stdev": 1.970015228
                },
                "status": "ok"
              },
              "host_wall": {
                "clock": "steady_clock",
                "per_iteration_us": {
                  "max": 293.4,
                  "median": 120.02,
                  "min": 119.32,
                  "n": 5,
                  "p05": 119.3938,
                  "p95": 258.7698,
                  "samples": 5,
                  "stdev": 69.43290745
                },
                "sequence_us": {
                  "max": 293.4,
                  "median": 120.02,
                  "min": 119.32,
                  "n": 5,
                  "p05": 119.3938,
                  "p95": 258.7698,
                  "samples": 5,
                  "stdev": 69.43290745
                },
                "status": "ok"
              },
              "logical_iterations": 1
            }
          },
          "timing_mode": "serial_latency",
          "workgroup_size": 64
        }
      ],
      "run_tag": "hip-geometry-sweep",
      "status": "diagnostic"
    },
    "hip:multi_accum4:wg256": {
      "backend": "hip",
      "config": {
        "body_repeats": 32,
        "hip_fixed_workgroup_size": 256,
        "hip_reduction_variant": 3,
        "independent_streams": 4,
        "k_list": [
          512,
          2048
        ],
        "method": "one workgroup per row; repeat-shifted strided f32 FMA inner loop; shared-memory tree reduction",
        "reps": 10,
        "rows_list": [
          1
        ],
        "samples": 5,
        "timing_mode": "serial_latency",
        "warmup": 3,
        "workgroups": [
          256
        ]
      },
      "hardware": {
        "device_name": "AMD Radeon Graphics",
        "gcn_arch_name": "gfx1201",
        "multi_processor_count": 32
      },
      "rows": [
        {
          "body_repeats": 32,
          "bytes_per_us": 406.833532,
          "correctness": {
            "single_dispatch": {
              "oracle": "deterministic CPU f32 reference with sequence tag",
              "status": "pass"
            },
            "synchronization": {
              "barrier_count": 0,
              "method": "ordered_stream_final_chain",
              "status": "pass"
            },
            "timed_sequence": {
              "coverage": "chained_final_state",
              "logical_iterations": 10,
              "oracle": "deterministic CPU f32 reference with sequence tag",
              "status": "pass"
            }
          },
          "correctness_pass": true,
          "dependency_contract": {
            "inter_dispatch_ordering": "hip_stream_order",
            "output_partitioning": "chained_shared",
            "validation_status": "pass",
            "work_dependency": "chained"
          },
          "gflops": 3.254668256,
          "k": 512,
          "max_abs": 0,
          "max_rel": 0,
          "max_us": 10.372,
          "median_us": 10.068,
          "min_us": 9.928,
          "p05_us": 9.9312,
          "p95_us": 10.3336,
          "rows": 1,
          "submission": {
            "completion_in_host_wall": true,
            "queue_or_stream_count": 1,
            "recording_in_timed_region": false,
            "strategy": "direct",
            "submit_in_host_wall": true
          },
          "timing": {
            "burst": {
              "dispatches_per_iteration": 1,
              "gpu_elapsed": {
                "clock": "hip_event",
                "per_iteration_us": {
                  "max": 10.372,
                  "median": 10.068,
                  "min": 9.928,
                  "n": 5,
                  "p05": 9.9312,
                  "p95": 10.3336,
                  "samples": 5,
                  "stdev": 0.16450848
                },
                "sequence_us": {
                  "max": 103.72,
                  "median": 100.68,
                  "min": 99.28,
                  "n": 5,
                  "p05": 99.312,
                  "p95": 103.336,
                  "samples": 5,
                  "stdev": 1.6450848
                },
                "status": "ok"
              },
              "host_wall": {
                "clock": "steady_clock",
                "per_iteration_us": {
                  "max": 29.9018,
                  "median": 11.785,
                  "min": 11.643,
                  "n": 5,
                  "p05": 11.65378,
                  "p95": 26.31024,
                  "samples": 5,
                  "stdev": 7.254546039
                },
                "sequence_us": {
                  "max": 299.018,
                  "median": 117.85,
                  "min": 116.43,
                  "n": 5,
                  "p05": 116.5378,
                  "p95": 263.1024,
                  "samples": 5,
                  "stdev": 72.54546039
                },
                "status": "ok"
              },
              "logical_iterations": 10
            },
            "single": {
              "dispatches_per_iteration": 1,
              "gpu_elapsed": {
                "clock": "hip_event",
                "per_iteration_us": {
                  "max": 11.84,
                  "median": 11,
                  "min": 10.88,
                  "n": 5,
                  "p05": 10.896,
                  "p95": 11.672,
                  "samples": 5,
                  "stdev": 0.3547167884
                },
                "sequence_us": {
                  "max": 11.84,
                  "median": 11,
                  "min": 10.88,
                  "n": 5,
                  "p05": 10.896,
                  "p95": 11.672,
                  "samples": 5,
                  "stdev": 0.3547167884
                },
                "status": "ok"
              },
              "host_wall": {
                "clock": "steady_clock",
                "per_iteration_us": {
                  "max": 228.119,
                  "median": 30.38,
                  "min": 30.37,
                  "n": 5,
                  "p05": 30.372,
                  "p95": 188.7292,
                  "samples": 5,
                  "stdev": 79.01819746
                },
                "sequence_us": {
                  "max": 228.119,
                  "median": 30.38,
                  "min": 30.37,
                  "n": 5,
                  "p05": 30.372,
                  "p95": 188.7292,
                  "samples": 5,
                  "stdev": 79.01819746
                },
                "status": "ok"
              },
              "logical_iterations": 1
            }
          },
          "timing_mode": "serial_latency",
          "workgroup_size": 256
        },
        {
          "body_repeats": 32,
          "bytes_per_us": 580.6634534,
          "correctness": {
            "single_dispatch": {
              "oracle": "deterministic CPU f32 reference with sequence tag",
              "status": "pass"
            },
            "synchronization": {
              "barrier_count": 0,
              "method": "ordered_stream_final_chain",
              "status": "pass"
            },
            "timed_sequence": {
              "coverage": "chained_final_state",
              "logical_iterations": 10,
              "oracle": "deterministic CPU f32 reference with sequence tag",
              "status": "pass"
            }
          },
          "correctness_pass": true,
          "dependency_contract": {
            "inter_dispatch_ordering": "hip_stream_order",
            "output_partitioning": "chained_shared",
            "validation_status": "pass",
            "work_dependency": "chained"
          },
          "gflops": 4.645307627,
          "k": 2048,
          "max_abs": 0,
          "max_rel": 0,
          "max_us": 28.452,
          "median_us": 28.216,
          "min_us": 28.144,
          "p05_us": 28.1448,
          "p95_us": 28.4352,
          "rows": 1,
          "submission": {
            "completion_in_host_wall": true,
            "queue_or_stream_count": 1,
            "recording_in_timed_region": false,
            "strategy": "direct",
            "submit_in_host_wall": true
          },
          "timing": {
            "burst": {
              "dispatches_per_iteration": 1,
              "gpu_elapsed": {
                "clock": "hip_event",
                "per_iteration_us": {
                  "max": 28.452,
                  "median": 28.216,
                  "min": 28.144,
                  "n": 5,
                  "p05": 28.1448,
                  "p95": 28.4352,
                  "samples": 5,
                  "stdev": 0.1235372009
                },
                "sequence_us": {
                  "max": 284.52,
                  "median": 282.16,
                  "min": 281.44,
                  "n": 5,
                  "p05": 281.448,
                  "p95": 284.352,
                  "samples": 5,
                  "stdev": 1.235372009
                },
                "status": "ok"
              },
              "host_wall": {
                "clock": "steady_clock",
                "per_iteration_us": {
                  "max": 48.1258,
                  "median": 30.0099,
                  "min": 29.9319,
                  "n": 5,
                  "p05": 29.9345,
                  "p95": 44.53722,
                  "samples": 5,
                  "stdev": 7.243912388
                },
                "sequence_us": {
                  "max": 481.258,
                  "median": 300.099,
                  "min": 299.319,
                  "n": 5,
                  "p05": 299.345,
                  "p95": 445.3722,
                  "samples": 5,
                  "stdev": 72.43912388
                },
                "status": "ok"
              },
              "logical_iterations": 10
            },
            "single": {
              "dispatches_per_iteration": 1,
              "gpu_elapsed": {
                "clock": "hip_event",
                "per_iteration_us": {
                  "max": 30.8,
                  "median": 29.28,
                  "min": 29.04,
                  "n": 5,
                  "p05": 29.056,
                  "p95": 30.496,
                  "samples": 5,
                  "stdev": 0.6546327215
                },
                "sequence_us": {
                  "max": 30.8,
                  "median": 29.28,
                  "min": 29.04,
                  "n": 5,
                  "p05": 29.056,
                  "p95": 30.496,
                  "samples": 5,
                  "stdev": 0.6546327215
                },
                "status": "ok"
              },
              "host_wall": {
                "clock": "steady_clock",
                "per_iteration_us": {
                  "max": 219.629,
                  "median": 47.69,
                  "min": 46.899,
                  "n": 5,
                  "p05": 47.0452,
                  "p95": 185.2832,
                  "samples": 5,
                  "stdev": 68.84052897
                },
                "sequence_us": {
                  "max": 219.629,
                  "median": 47.69,
                  "min": 46.899,
                  "n": 5,
                  "p05": 47.0452,
                  "p95": 185.2832,
                  "samples": 5,
                  "stdev": 68.84052897
                },
                "status": "ok"
              },
              "logical_iterations": 1
            }
          },
          "timing_mode": "serial_latency",
          "workgroup_size": 256
        }
      ],
      "run_tag": "hip-geometry-sweep",
      "status": "diagnostic"
    },
    "hip:multi_accum4:wg64": {
      "backend": "hip",
      "config": {
        "body_repeats": 32,
        "hip_fixed_workgroup_size": 64,
        "hip_reduction_variant": 3,
        "independent_streams": 4,
        "k_list": [
          512,
          2048
        ],
        "method": "one workgroup per row; repeat-shifted strided f32 FMA inner loop; shared-memory tree reduction",
        "reps": 10,
        "rows_list": [
          1
        ],
        "samples": 5,
        "timing_mode": "serial_latency",
        "warmup": 3,
        "workgroups": [
          64
        ]
      },
      "hardware": {
        "device_name": "AMD Radeon Graphics",
        "gcn_arch_name": "gfx1201",
        "multi_processor_count": 32
      },
      "rows": [
        {
          "body_repeats": 32,
          "bytes_per_us": 151.3225949,
          "correctness": {
            "single_dispatch": {
              "oracle": "deterministic CPU f32 reference with sequence tag",
              "status": "pass"
            },
            "synchronization": {
              "barrier_count": 0,
              "method": "ordered_stream_final_chain",
              "status": "pass"
            },
            "timed_sequence": {
              "coverage": "chained_final_state",
              "logical_iterations": 10,
              "oracle": "deterministic CPU f32 reference with sequence tag",
              "status": "pass"
            }
          },
          "correctness_pass": true,
          "dependency_contract": {
            "inter_dispatch_ordering": "hip_stream_order",
            "output_partitioning": "chained_shared",
            "validation_status": "pass",
            "work_dependency": "chained"
          },
          "gflops": 1.21058076,
          "k": 512,
          "max_abs": 0,
          "max_rel": 0,
          "max_us": 27.396,
          "median_us": 27.068,
          "min_us": 26.992,
          "p05_us": 26.9984,
          "p95_us": 27.3472,
          "rows": 1,
          "submission": {
            "completion_in_host_wall": true,
            "queue_or_stream_count": 1,
            "recording_in_timed_region": false,
            "strategy": "direct",
            "submit_in_host_wall": true
          },
          "timing": {
            "burst": {
              "dispatches_per_iteration": 1,
              "gpu_elapsed": {
                "clock": "hip_event",
                "per_iteration_us": {
                  "max": 27.396,
                  "median": 27.068,
                  "min": 26.992,
                  "n": 5,
                  "p05": 26.9984,
                  "p95": 27.3472,
                  "samples": 5,
                  "stdev": 0.1451200882
                },
                "sequence_us": {
                  "max": 273.96,
                  "median": 270.68,
                  "min": 269.92,
                  "n": 5,
                  "p05": 269.984,
                  "p95": 273.472,
                  "samples": 5,
                  "stdev": 1.451200882
                },
                "status": "ok"
              },
              "host_wall": {
                "clock": "steady_clock",
                "per_iteration_us": {
                  "max": 46.6008,
                  "median": 28.8509,
                  "min": 28.7599,
                  "n": 5,
                  "p05": 28.7733,
                  "p95": 43.06862,
                  "samples": 5,
                  "stdev": 7.102793841
                },
                "sequence_us": {
                  "max": 466.008,
                  "median": 288.509,
                  "min": 287.599,
                  "n": 5,
                  "p05": 287.733,
                  "p95": 430.6862,
                  "samples": 5,
                  "stdev": 71.02793841
                },
                "status": "ok"
              },
              "logical_iterations": 10
            },
            "single": {
              "dispatches_per_iteration": 1,
              "gpu_elapsed": {
                "clock": "hip_event",
                "per_iteration_us": {
                  "max": 31.2,
                  "median": 28.24,
                  "min": 27.96,
                  "n": 5,
                  "p05": 27.968,
                  "p95": 30.632,
                  "samples": 5,
                  "stdev": 1.232986618
                },
                "sequence_us": {
                  "max": 31.2,
                  "median": 28.24,
                  "min": 27.96,
                  "n": 5,
                  "p05": 27.968,
                  "p95": 30.632,
                  "samples": 5,
                  "stdev": 1.232986618
                },
                "status": "ok"
              },
              "host_wall": {
                "clock": "steady_clock",
                "per_iteration_us": {
                  "max": 261.089,
                  "median": 49.26,
                  "min": 48.37,
                  "n": 5,
                  "p05": 48.436,
                  "p95": 218.891,
                  "samples": 5,
                  "stdev": 84.79472408
                },
                "sequence_us": {
                  "max": 261.089,
                  "median": 49.26,
                  "min": 48.37,
                  "n": 5,
                  "p05": 48.436,
                  "p95": 218.891,
                  "samples": 5,
                  "stdev": 84.79472408
                },
                "status": "ok"
              },
              "logical_iterations": 1
            }
          },
          "timing_mode": "serial_latency",
          "workgroup_size": 64
        },
        {
          "body_repeats": 32,
          "bytes_per_us": 162.2949521,
          "correctness": {
            "single_dispatch": {
              "oracle": "deterministic CPU f32 reference with sequence tag",
              "status": "pass"
            },
            "synchronization": {
              "barrier_count": 0,
              "method": "ordered_stream_final_chain",
              "status": "pass"
            },
            "timed_sequence": {
              "coverage": "chained_final_state",
              "logical_iterations": 10,
              "oracle": "deterministic CPU f32 reference with sequence tag",
              "status": "pass"
            }
          },
          "correctness_pass": true,
          "dependency_contract": {
            "inter_dispatch_ordering": "hip_stream_order",
            "output_partitioning": "chained_shared",
            "validation_status": "pass",
            "work_dependency": "chained"
          },
          "gflops": 1.298359616,
          "k": 2048,
          "max_abs": 0,
          "max_rel": 0,
          "max_us": 101.532,
          "median_us": 100.952,
          "min_us": 100.872,
          "p05_us": 100.8736,
          "p95_us": 101.456,
          "rows": 1,
          "submission": {
            "completion_in_host_wall": true,
            "queue_or_stream_count": 1,
            "recording_in_timed_region": false,
            "strategy": "direct",
            "submit_in_host_wall": true
          },
          "timing": {
            "burst": {
              "dispatches_per_iteration": 1,
              "gpu_elapsed": {
                "clock": "hip_event",
                "per_iteration_us": {
                  "max": 101.532,
                  "median": 100.952,
                  "min": 100.872,
                  "n": 5,
                  "p05": 100.8736,
                  "p95": 101.456,
                  "samples": 5,
                  "stdev": 0.2486391763
                },
                "sequence_us": {
                  "max": 1015.32,
                  "median": 1009.52,
                  "min": 1008.72,
                  "n": 5,
                  "p05": 1008.736,
                  "p95": 1014.56,
                  "samples": 5,
                  "stdev": 2.486391763
                },
                "status": "ok"
              },
              "host_wall": {
                "clock": "steady_clock",
                "per_iteration_us": {
                  "max": 120.9715,
                  "median": 102.7307,
                  "min": 102.6516,
                  "n": 5,
                  "p05": 102.658,
                  "p95": 117.36694,
                  "samples": 5,
                  "stdev": 7.287879518
                },
                "sequence_us": {
                  "max": 1209.715,
                  "median": 1027.307,
                  "min": 1026.516,
                  "n": 5,
                  "p05": 1026.58,
                  "p95": 1173.6694,
                  "samples": 5,
                  "stdev": 72.87879518
                },
                "status": "ok"
              },
              "logical_iterations": 10
            },
            "single": {
              "dispatches_per_iteration": 1,
              "gpu_elapsed": {
                "clock": "hip_event",
                "per_iteration_us": {
                  "max": 106.96,
                  "median": 102.16,
                  "min": 101.88,
                  "n": 5,
                  "p05": 101.92,
                  "p95": 106.016,
                  "samples": 5,
                  "stdev": 1.951672104
                },
                "sequence_us": {
                  "max": 106.96,
                  "median": 102.16,
                  "min": 101.88,
                  "n": 5,
                  "p05": 101.92,
                  "p95": 106.016,
                  "samples": 5,
                  "stdev": 1.951672104
                },
                "status": "ok"
              },
              "host_wall": {
                "clock": "steady_clock",
                "per_iteration_us": {
                  "max": 287.859,
                  "median": 120.479,
                  "min": 119.97,
                  "n": 5,
                  "p05": 120.066,
                  "p95": 254.457,
                  "samples": 5,
                  "stdev": 66.96938201
                },
                "sequence_us": {
                  "max": 287.859,
                  "median": 120.479,
                  "min": 119.97,
                  "n": 5,
                  "p05": 120.066,
                  "p95": 254.457,
                  "samples": 5,
                  "stdev": 66.96938201
                },
                "status": "ok"
              },
              "logical_iterations": 1
            }
          },
          "timing_mode": "serial_latency",
          "workgroup_size": 64
        }
      ],
      "run_tag": "hip-geometry-sweep",
      "status": "diagnostic"
    },
    "hip:multi_accum8:wg256": {
      "backend": "hip",
      "config": {
        "body_repeats": 32,
        "hip_fixed_workgroup_size": 256,
        "hip_reduction_variant": 4,
        "independent_streams": 4,
        "k_list": [
          512,
          2048
        ],
        "method": "one workgroup per row; repeat-shifted strided f32 FMA inner loop; shared-memory tree reduction",
        "reps": 10,
        "rows_list": [
          1
        ],
        "samples": 5,
        "timing_mode": "serial_latency",
        "warmup": 3,
        "workgroups": [
          256
        ]
      },
      "hardware": {
        "device_name": "AMD Radeon Graphics",
        "gcn_arch_name": "gfx1201",
        "multi_processor_count": 32
      },
      "rows": [
        {
          "body_repeats": 32,
          "bytes_per_us": 338.9606091,
          "correctness": {
            "single_dispatch": {
              "oracle": "deterministic CPU f32 reference with sequence tag",
              "status": "pass"
            },
            "synchronization": {
              "barrier_count": 0,
              "method": "ordered_stream_final_chain",
              "status": "pass"
            },
            "timed_sequence": {
              "coverage": "chained_final_state",
              "logical_iterations": 10,
              "oracle": "deterministic CPU f32 reference with sequence tag",
              "status": "pass"
            }
          },
          "correctness_pass": true,
          "dependency_contract": {
            "inter_dispatch_ordering": "hip_stream_order",
            "output_partitioning": "chained_shared",
            "validation_status": "pass",
            "work_dependency": "chained"
          },
          "gflops": 2.711684873,
          "k": 512,
          "max_abs": 0,
          "max_rel": 0,
          "max_us": 12.492,
          "median_us": 12.084,
          "min_us": 11.904,
          "p05_us": 11.904,
          "p95_us": 12.4504,
          "rows": 1,
          "submission": {
            "completion_in_host_wall": true,
            "queue_or_stream_count": 1,
            "recording_in_timed_region": false,
            "strategy": "direct",
            "submit_in_host_wall": true
          },
          "timing": {
            "burst": {
              "dispatches_per_iteration": 1,
              "gpu_elapsed": {
                "clock": "hip_event",
                "per_iteration_us": {
                  "max": 12.492,
                  "median": 12.084,
                  "min": 11.904,
                  "n": 5,
                  "p05": 11.904,
                  "p95": 12.4504,
                  "samples": 5,
                  "stdev": 0.227579964
                },
                "sequence_us": {
                  "max": 124.92,
                  "median": 120.84,
                  "min": 119.04,
                  "n": 5,
                  "p05": 119.04,
                  "p95": 124.504,
                  "samples": 5,
                  "stdev": 2.27579964
                },
                "status": "ok"
              },
              "host_wall": {
                "clock": "steady_clock",
                "per_iteration_us": {
                  "max": 31.8519,
                  "median": 13.807,
                  "min": 13.6389,
                  "n": 5,
                  "p05": 13.65052,
                  "p95": 28.2961,
                  "samples": 5,
                  "stdev": 7.220717728
                },
                "sequence_us": {
                  "max": 318.519,
                  "median": 138.07,
                  "min": 136.389,
                  "n": 5,
                  "p05": 136.5052,
                  "p95": 282.961,
                  "samples": 5,
                  "stdev": 72.20717728
                },
                "status": "ok"
              },
              "logical_iterations": 10
            },
            "single": {
              "dispatches_per_iteration": 1,
              "gpu_elapsed": {
                "clock": "hip_event",
                "per_iteration_us": {
                  "max": 14.04,
                  "median": 13.08,
                  "min": 13.04,
                  "n": 5,
                  "p05": 13.04,
                  "p95": 13.856,
                  "samples": 5,
                  "stdev": 0.3891323682
                },
                "sequence_us": {
                  "max": 14.04,
                  "median": 13.08,
                  "min": 13.04,
                  "n": 5,
                  "p05": 13.04,
                  "p95": 13.856,
                  "samples": 5,
                  "stdev": 0.3891323682
                },
                "status": "ok"
              },
              "host_wall": {
                "clock": "steady_clock",
                "per_iteration_us": {
                  "max": 248.809,
                  "median": 32.55,
                  "min": 31.95,
                  "n": 5,
                  "p05": 32.058,
                  "p95": 205.687,
                  "samples": 5,
                  "stdev": 86.5056072
                },
                "sequence_us": {
                  "max": 248.809,
                  "median": 32.55,
                  "min": 31.95,
                  "n": 5,
                  "p05": 32.058,
                  "p95": 205.687,
                  "samples": 5,
                  "stdev": 86.5056072
                },
                "status": "ok"
              },
              "logical_iterations": 1
            }
          },
          "timing_mode": "serial_latency",
          "workgroup_size": 256
        },
        {
          "body_repeats": 32,
          "bytes_per_us": 590.9681143,
          "correctness": {
            "single_dispatch": {
              "oracle": "deterministic CPU f32 reference with sequence tag",
              "status": "pass"
            },
            "synchronization": {
              "barrier_count": 0,
              "method": "ordered_stream_final_chain",
              "status": "pass"
            },
            "timed_sequence": {
              "coverage": "chained_final_state",
              "logical_iterations": 10,
              "oracle": "deterministic CPU f32 reference with sequence tag",
              "status": "pass"
            }
          },
          "correctness_pass": true,
          "dependency_contract": {
            "inter_dispatch_ordering": "hip_stream_order",
            "output_partitioning": "chained_shared",
            "validation_status": "pass",
            "work_dependency": "chained"
          },
          "gflops": 4.727744914,
          "k": 2048,
          "max_abs": 0,
          "max_rel": 0,
          "max_us": 28.012,
          "median_us": 27.724,
          "min_us": 27.664,
          "p05_us": 27.6696,
          "p95_us": 27.98,
          "rows": 1,
          "submission": {
            "completion_in_host_wall": true,
            "queue_or_stream_count": 1,
            "recording_in_timed_region": false,
            "strategy": "direct",
            "submit_in_host_wall": true
          },
          "timing": {
            "burst": {
              "dispatches_per_iteration": 1,
              "gpu_elapsed": {
                "clock": "hip_event",
                "per_iteration_us": {
                  "max": 28.012,
                  "median": 27.724,
                  "min": 27.664,
                  "n": 5,
                  "p05": 27.6696,
                  "p95": 27.98,
                  "samples": 5,
                  "stdev": 0.1288074532
                },
                "sequence_us": {
                  "max": 280.12,
                  "median": 277.24,
                  "min": 276.64,
                  "n": 5,
                  "p05": 276.696,
                  "p95": 279.8,
                  "samples": 5,
                  "stdev": 1.288074532
                },
                "status": "ok"
              },
              "host_wall": {
                "clock": "steady_clock",
                "per_iteration_us": {
                  "max": 47.9649,
                  "median": 29.5549,
                  "min": 29.461,
                  "n": 5,
                  "p05": 29.46678,
                  "p95": 44.3017,
                  "samples": 5,
                  "stdev": 7.370772543
                },
                "sequence_us": {
                  "max": 479.649,
                  "median": 295.549,
                  "min": 294.61,
                  "n": 5,
                  "p05": 294.6678,
                  "p95": 443.017,
                  "samples": 5,
                  "stdev": 73.70772543
                },
                "status": "ok"
              },
              "logical_iterations": 10
            },
            "single": {
              "dispatches_per_iteration": 1,
              "gpu_elapsed": {
                "clock": "hip_event",
                "per_iteration_us": {
                  "max": 30.28,
                  "median": 28.72,
                  "min": 28.64,
                  "n": 5,
                  "p05": 28.648,
                  "p95": 29.984,
                  "samples": 5,
                  "stdev": 0.6302253565
                },
                "sequence_us": {
                  "max": 30.28,
                  "median": 28.72,
                  "min": 28.64,
                  "n": 5,
                  "p05": 28.648,
                  "p95": 29.984,
                  "samples": 5,
                  "stdev": 0.6302253565
                },
                "status": "ok"
              },
              "host_wall": {
                "clock": "steady_clock",
                "per_iteration_us": {
                  "max": 218.07,
                  "median": 47.16,
                  "min": 47.019,
                  "n": 5,
                  "p05": 47.0412,
                  "p95": 183.898,
                  "samples": 5,
                  "stdev": 68.3761287
                },
                "sequence_us": {
                  "max": 218.07,
                  "median": 47.16,
                  "min": 47.019,
                  "n": 5,
                  "p05": 47.0412,
                  "p95": 183.898,
                  "samples": 5,
                  "stdev": 68.3761287
                },
                "status": "ok"
              },
              "logical_iterations": 1
            }
          },
          "timing_mode": "serial_latency",
          "workgroup_size": 256
        }
      ],
      "run_tag": "hip-geometry-sweep",
      "status": "diagnostic"
    },
    "hip:multi_accum8:wg64": {
      "backend": "hip",
      "config": {
        "body_repeats": 32,
        "hip_fixed_workgroup_size": 64,
        "hip_reduction_variant": 4,
        "independent_streams": 4,
        "k_list": [
          512,
          2048
        ],
        "method": "one workgroup per row; repeat-shifted strided f32 FMA inner loop; shared-memory tree reduction",
        "reps": 10,
        "rows_list": [
          1
        ],
        "samples": 5,
        "timing_mode": "serial_latency",
        "warmup": 3,
        "workgroups": [
          64
        ]
      },
      "hardware": {
        "device_name": "AMD Radeon Graphics",
        "gcn_arch_name": "gfx1201",
        "multi_processor_count": 32
      },
      "rows": [
        {
          "body_repeats": 32,
          "bytes_per_us": 153.0185296,
          "correctness": {
            "single_dispatch": {
              "oracle": "deterministic CPU f32 reference with sequence tag",
              "status": "pass"
            },
            "synchronization": {
              "barrier_count": 0,
              "method": "ordered_stream_final_chain",
              "status": "pass"
            },
            "timed_sequence": {
              "coverage": "chained_final_state",
              "logical_iterations": 10,
              "oracle": "deterministic CPU f32 reference with sequence tag",
              "status": "pass"
            }
          },
          "correctness_pass": true,
          "dependency_contract": {
            "inter_dispatch_ordering": "hip_stream_order",
            "output_partitioning": "chained_shared",
            "validation_status": "pass",
            "work_dependency": "chained"
          },
          "gflops": 1.224148237,
          "k": 512,
          "max_abs": 0,
          "max_rel": 0,
          "max_us": 27.136,
          "median_us": 26.768,
          "min_us": 26.656,
          "p05_us": 26.6616,
          "p95_us": 27.088,
          "rows": 1,
          "submission": {
            "completion_in_host_wall": true,
            "queue_or_stream_count": 1,
            "recording_in_timed_region": false,
            "strategy": "direct",
            "submit_in_host_wall": true
          },
          "timing": {
            "burst": {
              "dispatches_per_iteration": 1,
              "gpu_elapsed": {
                "clock": "hip_event",
                "per_iteration_us": {
                  "max": 27.136,
                  "median": 26.768,
                  "min": 26.656,
                  "n": 5,
                  "p05": 26.6616,
                  "p95": 27.088,
                  "samples": 5,
                  "stdev": 0.1751616396
                },
                "sequence_us": {
                  "max": 271.36,
                  "median": 267.68,
                  "min": 266.56,
                  "n": 5,
                  "p05": 266.616,
                  "p95": 270.88,
                  "samples": 5,
                  "stdev": 1.751616396
                },
                "status": "ok"
              },
              "host_wall": {
                "clock": "steady_clock",
                "per_iteration_us": {
                  "max": 47.0188,
                  "median": 28.5419,
                  "min": 28.418,
                  "n": 5,
                  "p05": 28.42638,
                  "p95": 43.34062,
                  "samples": 5,
                  "stdev": 7.403099554
                },
                "sequence_us": {
                  "max": 470.188,
                  "median": 285.419,
                  "min": 284.18,
                  "n": 5,
                  "p05": 284.2638,
                  "p95": 433.4062,
                  "samples": 5,
                  "stdev": 74.03099554
                },
                "status": "ok"
              },
              "logical_iterations": 10
            },
            "single": {
              "dispatches_per_iteration": 1,
              "gpu_elapsed": {
                "clock": "hip_event",
                "per_iteration_us": {
                  "max": 29,
                  "median": 27.68,
                  "min": 27.6,
                  "n": 5,
                  "p05": 27.608,
                  "p95": 28.744,
                  "samples": 5,
                  "stdev": 0.537490465
                },
                "sequence_us": {
                  "max": 29,
                  "median": 27.68,
                  "min": 27.6,
                  "n": 5,
                  "p05": 27.608,
                  "p95": 28.744,
                  "samples": 5,
                  "stdev": 0.537490465
                },
                "status": "ok"
              },
              "host_wall": {
                "clock": "steady_clock",
                "per_iteration_us": {
                  "max": 263.2,
                  "median": 47.259,
                  "min": 46.76,
                  "n": 5,
                  "p05": 46.85,
                  "p95": 220.062,
                  "samples": 5,
                  "stdev": 86.40643834
                },
                "sequence_us": {
                  "max": 263.2,
                  "median": 47.259,
                  "min": 46.76,
                  "n": 5,
                  "p05": 46.85,
                  "p95": 220.062,
                  "samples": 5,
                  "stdev": 86.40643834
                },
                "status": "ok"
              },
              "logical_iterations": 1
            }
          },
          "timing_mode": "serial_latency",
          "workgroup_size": 64
        },
        {
          "body_repeats": 32,
          "bytes_per_us": 164.8422408,
          "correctness": {
            "single_dispatch": {
              "oracle": "deterministic CPU f32 reference with sequence tag",
              "status": "pass"
            },
            "synchronization": {
              "barrier_count": 0,
              "method": "ordered_stream_final_chain",
              "status": "pass"
            },
            "timed_sequence": {
              "coverage": "chained_final_state",
              "logical_iterations": 10,
              "oracle": "deterministic CPU f32 reference with sequence tag",
              "status": "pass"
            }
          },
          "correctness_pass": true,
          "dependency_contract": {
            "inter_dispatch_ordering": "hip_stream_order",
            "output_partitioning": "chained_shared",
            "validation_status": "pass",
            "work_dependency": "chained"
          },
          "gflops": 1.318737927,
          "k": 2048,
          "max_abs": 0,
          "max_rel": 0,
          "max_us": 99.996,
          "median_us": 99.392,
          "min_us": 99.344,
          "p05_us": 99.3464,
          "p95_us": 99.9264,
          "rows": 1,
          "submission": {
            "completion_in_host_wall": true,
            "queue_or_stream_count": 1,
            "recording_in_timed_region": false,
            "strategy": "direct",
            "submit_in_host_wall": true
          },
          "timing": {
            "burst": {
              "dispatches_per_iteration": 1,
              "gpu_elapsed": {
                "clock": "hip_event",
                "per_iteration_us": {
                  "max": 99.996,
                  "median": 99.392,
                  "min": 99.344,
                  "n": 5,
                  "p05": 99.3464,
                  "p95": 99.9264,
                  "samples": 5,
                  "stdev": 0.2504063897
                },
                "sequence_us": {
                  "max": 999.96,
                  "median": 993.92,
                  "min": 993.44,
                  "n": 5,
                  "p05": 993.464,
                  "p95": 999.264,
                  "samples": 5,
                  "stdev": 2.504063897
                },
                "status": "ok"
              },
              "host_wall": {
                "clock": "steady_clock",
                "per_iteration_us": {
                  "max": 119.8686,
                  "median": 101.1867,
                  "min": 101.1437,
                  "n": 5,
                  "p05": 101.15148,
                  "p95": 116.19162,
                  "samples": 5,
                  "stdev": 7.448769726
                },
                "sequence_us": {
                  "max": 1198.686,
                  "median": 1011.867,
                  "min": 1011.437,
                  "n": 5,
                  "p05": 1011.5148,
                  "p95": 1161.9162,
                  "samples": 5,
                  "stdev": 74.48769726
                },
                "status": "ok"
              },
              "logical_iterations": 10
            },
            "single": {
              "dispatches_per_iteration": 1,
              "gpu_elapsed": {
                "clock": "hip_event",
                "per_iteration_us": {
                  "max": 105,
                  "median": 100.6,
                  "min": 100.28,
                  "n": 5,
                  "p05": 100.296,
                  "p95": 104.136,
                  "samples": 5,
                  "stdev": 1.814007718
                },
                "sequence_us": {
                  "max": 105,
                  "median": 100.6,
                  "min": 100.28,
                  "n": 5,
                  "p05": 100.296,
                  "p95": 104.136,
                  "samples": 5,
                  "stdev": 1.814007718
                },
                "status": "ok"
              },
              "host_wall": {
                "clock": "steady_clock",
                "per_iteration_us": {
                  "max": 296.489,
                  "median": 119.15,
                  "min": 118.489,
                  "n": 5,
                  "p05": 118.621,
                  "p95": 262.6552,
                  "samples": 5,
                  "stdev": 70.26040715
                },
                "sequence_us": {
                  "max": 296.489,
                  "median": 119.15,
                  "min": 118.489,
                  "n": 5,
                  "p05": 118.621,
                  "p95": 262.6552,
                  "samples": 5,
                  "stdev": 70.26040715
                },
                "status": "ok"
              },
              "logical_iterations": 1
            }
          },
          "timing_mode": "serial_latency",
          "workgroup_size": 64
        }
      ],
      "run_tag": "hip-geometry-sweep",
      "status": "diagnostic"
    },
    "hip:wave_shuffle:wg256": {
      "backend": "hip",
      "config": {
        "body_repeats": 32,
        "hip_fixed_workgroup_size": 256,
        "hip_reduction_variant": 2,
        "independent_streams": 4,
        "k_list": [
          512,
          2048
        ],
        "method": "one workgroup per row; repeat-shifted strided f32 FMA inner loop; shared-memory tree reduction",
        "reps": 10,
        "rows_list": [
          1
        ],
        "samples": 5,
        "timing_mode": "serial_latency",
        "warmup": 3,
        "workgroups": [
          256
        ]
      },
      "hardware": {
        "device_name": "AMD Radeon Graphics",
        "gcn_arch_name": "gfx1201",
        "multi_processor_count": 32
      },
      "rows": [
        {
          "body_repeats": 32,
          "bytes_per_us": 486.6920152,
          "correctness": {
            "single_dispatch": {
              "oracle": "deterministic CPU f32 reference with sequence tag",
              "status": "pass"
            },
            "synchronization": {
              "barrier_count": 0,
              "method": "ordered_stream_final_chain",
              "status": "pass"
            },
            "timed_sequence": {
              "coverage": "chained_final_state",
              "logical_iterations": 10,
              "oracle": "deterministic CPU f32 reference with sequence tag",
              "status": "pass"
            }
          },
          "correctness_pass": true,
          "dependency_contract": {
            "inter_dispatch_ordering": "hip_stream_order",
            "output_partitioning": "chained_shared",
            "validation_status": "pass",
            "work_dependency": "chained"
          },
          "gflops": 3.893536122,
          "k": 512,
          "max_abs": 0,
          "max_rel": 0,
          "max_us": 8.708,
          "median_us": 8.416,
          "min_us": 8.304,
          "p05_us": 8.3056,
          "p95_us": 8.6576,
          "rows": 1,
          "submission": {
            "completion_in_host_wall": true,
            "queue_or_stream_count": 1,
            "recording_in_timed_region": false,
            "strategy": "direct",
            "submit_in_host_wall": true
          },
          "timing": {
            "burst": {
              "dispatches_per_iteration": 1,
              "gpu_elapsed": {
                "clock": "hip_event",
                "per_iteration_us": {
                  "max": 8.708,
                  "median": 8.416,
                  "min": 8.304,
                  "n": 5,
                  "p05": 8.3056,
                  "p95": 8.6576,
                  "samples": 5,
                  "stdev": 0.1466511507
                },
                "sequence_us": {
                  "max": 87.08,
                  "median": 84.16,
                  "min": 83.04,
                  "n": 5,
                  "p05": 83.056,
                  "p95": 86.576,
                  "samples": 5,
                  "stdev": 1.466511507
                },
                "status": "ok"
              },
              "host_wall": {
                "clock": "steady_clock",
                "per_iteration_us": {
                  "max": 28.3379,
                  "median": 10.1399,
                  "min": 10.016,
                  "n": 5,
                  "p05": 10.0222,
                  "p95": 24.72012,
                  "samples": 5,
                  "stdev": 7.290422452
                },
                "sequence_us": {
                  "max": 283.379,
                  "median": 101.399,
                  "min": 100.16,
                  "n": 5,
                  "p05": 100.222,
                  "p95": 247.2012,
                  "samples": 5,
                  "stdev": 72.90422452
                },
                "status": "ok"
              },
              "logical_iterations": 10
            },
            "single": {
              "dispatches_per_iteration": 1,
              "gpu_elapsed": {
                "clock": "hip_event",
                "per_iteration_us": {
                  "max": 10.28,
                  "median": 9.72,
                  "min": 9.6,
                  "n": 5,
                  "p05": 9.616,
                  "p95": 10.192,
                  "samples": 5,
                  "stdev": 0.2407986711
                },
                "sequence_us": {
                  "max": 10.28,
                  "median": 9.72,
                  "min": 9.6,
                  "n": 5,
                  "p05": 9.616,
                  "p95": 10.192,
                  "samples": 5,
                  "stdev": 0.2407986711
                },
                "status": "ok"
              },
              "host_wall": {
                "clock": "steady_clock",
                "per_iteration_us": {
                  "max": 300.369,
                  "median": 29.88,
                  "min": 29.3,
                  "n": 5,
                  "p05": 29.308,
                  "p95": 246.2952,
                  "samples": 5,
                  "stdev": 108.2959623
                },
                "sequence_us": {
                  "max": 300.369,
                  "median": 29.88,
                  "min": 29.3,
                  "n": 5,
                  "p05": 29.308,
                  "p95": 246.2952,
                  "samples": 5,
                  "stdev": 108.2959623
                },
                "status": "ok"
              },
              "logical_iterations": 1
            }
          },
          "timing_mode": "serial_latency",
          "workgroup_size": 256
        },
        {
          "body_repeats": 32,
          "bytes_per_us": 616.1251504,
          "correctness": {
            "single_dispatch": {
              "oracle": "deterministic CPU f32 reference with sequence tag",
              "status": "pass"
            },
            "synchronization": {
              "barrier_count": 0,
              "method": "ordered_stream_final_chain",
              "status": "pass"
            },
            "timed_sequence": {
              "coverage": "chained_final_state",
              "logical_iterations": 10,
              "oracle": "deterministic CPU f32 reference with sequence tag",
              "status": "pass"
            }
          },
          "correctness_pass": true,
          "dependency_contract": {
            "inter_dispatch_ordering": "hip_stream_order",
            "output_partitioning": "chained_shared",
            "validation_status": "pass",
            "work_dependency": "chained"
          },
          "gflops": 4.929001203,
          "k": 2048,
          "max_abs": 0,
          "max_rel": 0,
          "max_us": 26.864,
          "median_us": 26.592,
          "min_us": 26.528,
          "p05_us": 26.5368,
          "p95_us": 26.8288,
          "rows": 1,
          "submission": {
            "completion_in_host_wall": true,
            "queue_or_stream_count": 1,
            "recording_in_timed_region": false,
            "strategy": "direct",
            "submit_in_host_wall": true
          },
          "timing": {
            "burst": {
              "dispatches_per_iteration": 1,
              "gpu_elapsed": {
                "clock": "hip_event",
                "per_iteration_us": {
                  "max": 26.864,
                  "median": 26.592,
                  "min": 26.528,
                  "n": 5,
                  "p05": 26.5368,
                  "p95": 26.8288,
                  "samples": 5,
                  "stdev": 0.1196367836
                },
                "sequence_us": {
                  "max": 268.64,
                  "median": 265.92,
                  "min": 265.28,
                  "n": 5,
                  "p05": 265.368,
                  "p95": 268.288,
                  "samples": 5,
                  "stdev": 1.196367836
                },
                "status": "ok"
              },
              "host_wall": {
                "clock": "steady_clock",
                "per_iteration_us": {
                  "max": 48.9158,
                  "median": 28.451,
                  "min": 28.3559,
                  "n": 5,
                  "p05": 28.3719,
                  "p95": 44.83262,
                  "samples": 5,
                  "stdev": 8.192180904
                },
                "sequence_us": {
                  "max": 489.158,
                  "median": 284.51,
                  "min": 283.559,
                  "n": 5,
                  "p05": 283.719,
                  "p95": 448.3262,
                  "samples": 5,
                  "stdev": 81.92180904
                },
                "status": "ok"
              },
              "logical_iterations": 10
            },
            "single": {
              "dispatches_per_iteration": 1,
              "gpu_elapsed": {
                "clock": "hip_event",
                "per_iteration_us": {
                  "max": 28.84,
                  "median": 27.56,
                  "min": 27.4,
                  "n": 5,
                  "p05": 27.424,
                  "p95": 28.584,
                  "samples": 5,
                  "stdev": 0.5352233179
                },
                "sequence_us": {
                  "max": 28.84,
                  "median": 27.56,
                  "min": 27.4,
                  "n": 5,
                  "p05": 27.424,
                  "p95": 28.584,
                  "samples": 5,
                  "stdev": 0.5352233179
                },
                "status": "ok"
              },
              "host_wall": {
                "clock": "steady_clock",
                "per_iteration_us": {
                  "max": 212.24,
                  "median": 46.01,
                  "min": 45.75,
                  "n": 5,
                  "p05": 45.7658,
                  "p95": 179.022,
                  "samples": 5,
                  "stdev": 66.52224628
                },
                "sequence_us": {
                  "max": 212.24,
                  "median": 46.01,
                  "min": 45.75,
                  "n": 5,
                  "p05": 45.7658,
                  "p95": 179.022,
                  "samples": 5,
                  "stdev": 66.52224628
                },
                "status": "ok"
              },
              "logical_iterations": 1
            }
          },
          "timing_mode": "serial_latency",
          "workgroup_size": 256
        }
      ],
      "run_tag": "hip-geometry-sweep",
      "status": "diagnostic"
    },
    "hip:wave_shuffle:wg64": {
      "backend": "hip",
      "config": {
        "body_repeats": 32,
        "hip_fixed_workgroup_size": 64,
        "hip_reduction_variant": 2,
        "independent_streams": 4,
        "k_list": [
          512,
          2048
        ],
        "method": "one workgroup per row; repeat-shifted strided f32 FMA inner loop; shared-memory tree reduction",
        "reps": 10,
        "rows_list": [
          1
        ],
        "samples": 5,
        "timing_mode": "serial_latency",
        "warmup": 3,
        "workgroups": [
          64
        ]
      },
      "hardware": {
        "device_name": "AMD Radeon Graphics",
        "gcn_arch_name": "gfx1201",
        "multi_processor_count": 32
      },
      "rows": [
        {
          "body_repeats": 32,
          "bytes_per_us": 158.0734795,
          "correctness": {
            "single_dispatch": {
              "oracle": "deterministic CPU f32 reference with sequence tag",
              "status": "pass"
            },
            "synchronization": {
              "barrier_count": 0,
              "method": "ordered_stream_final_chain",
              "status": "pass"
            },
            "timed_sequence": {
              "coverage": "chained_final_state",
              "logical_iterations": 10,
              "oracle": "deterministic CPU f32 reference with sequence tag",
              "status": "pass"
            }
          },
          "correctness_pass": true,
          "dependency_contract": {
            "inter_dispatch_ordering": "hip_stream_order",
            "output_partitioning": "chained_shared",
            "validation_status": "pass",
            "work_dependency": "chained"
          },
          "gflops": 1.264587836,
          "k": 512,
          "max_abs": 0,
          "max_rel": 0,
          "max_us": 26.316,
          "median_us": 25.912,
          "min_us": 25.8,
          "p05_us": 25.8056,
          "p95_us": 26.2704,
          "rows": 1,
          "submission": {
            "completion_in_host_wall": true,
            "queue_or_stream_count": 1,
            "recording_in_timed_region": false,
            "strategy": "direct",
            "submit_in_host_wall": true
          },
          "timing": {
            "burst": {
              "dispatches_per_iteration": 1,
              "gpu_elapsed": {
                "clock": "hip_event",
                "per_iteration_us": {
                  "max": 26.316,
                  "median": 25.912,
                  "min": 25.8,
                  "n": 5,
                  "p05": 25.8056,
                  "p95": 26.2704,
                  "samples": 5,
                  "stdev": 0.1919899997
                },
                "sequence_us": {
                  "max": 263.16,
                  "median": 259.12,
                  "min": 258,
                  "n": 5,
                  "p05": 258.056,
                  "p95": 262.704,
                  "samples": 5,
                  "stdev": 1.919899997
                },
                "status": "ok"
              },
              "host_wall": {
                "clock": "steady_clock",
                "per_iteration_us": {
                  "max": 51.5518,
                  "median": 27.6819,
                  "min": 27.5509,
                  "n": 5,
                  "p05": 27.5513,
                  "p95": 46.86082,
                  "samples": 5,
                  "stdev": 9.534558081
                },
                "sequence_us": {
                  "max": 515.518,
                  "median": 276.819,
                  "min": 275.509,
                  "n": 5,
                  "p05": 275.513,
                  "p95": 468.6082,
                  "samples": 5,
                  "stdev": 95.34558081
                },
                "status": "ok"
              },
              "logical_iterations": 10
            },
            "single": {
              "dispatches_per_iteration": 1,
              "gpu_elapsed": {
                "clock": "hip_event",
                "per_iteration_us": {
                  "max": 27.72,
                  "median": 27.12,
                  "min": 26.88,
                  "n": 5,
                  "p05": 26.928,
                  "p95": 27.6,
                  "samples": 5,
                  "stdev": 0.279885691
                },
                "sequence_us": {
                  "max": 27.72,
                  "median": 27.12,
                  "min": 26.88,
                  "n": 5,
                  "p05": 26.928,
                  "p95": 27.6,
                  "samples": 5,
                  "stdev": 0.279885691
                },
                "status": "ok"
              },
              "host_wall": {
                "clock": "steady_clock",
                "per_iteration_us": {
                  "max": 281.209,
                  "median": 47.389,
                  "min": 44.03,
                  "n": 5,
                  "p05": 44.502,
                  "p95": 234.5452,
                  "samples": 5,
                  "stdev": 93.92308343
                },
                "sequence_us": {
                  "max": 281.209,
                  "median": 47.389,
                  "min": 44.03,
                  "n": 5,
                  "p05": 44.502,
                  "p95": 234.5452,
                  "samples": 5,
                  "stdev": 93.92308343
                },
                "status": "ok"
              },
              "logical_iterations": 1
            }
          },
          "timing_mode": "serial_latency",
          "workgroup_size": 64
        },
        {
          "body_repeats": 32,
          "bytes_per_us": 169.4592694,
          "correctness": {
            "single_dispatch": {
              "oracle": "deterministic CPU f32 reference with sequence tag",
              "status": "pass"
            },
            "synchronization": {
              "barrier_count": 0,
              "method": "ordered_stream_final_chain",
              "status": "pass"
            },
            "timed_sequence": {
              "coverage": "chained_final_state",
              "logical_iterations": 10,
              "oracle": "deterministic CPU f32 reference with sequence tag",
              "status": "pass"
            }
          },
          "correctness_pass": true,
          "dependency_contract": {
            "inter_dispatch_ordering": "hip_stream_order",
            "output_partitioning": "chained_shared",
            "validation_status": "pass",
            "work_dependency": "chained"
          },
          "gflops": 1.355674155,
          "k": 2048,
          "max_abs": 0,
          "max_rel": 0,
          "max_us": 97.412,
          "median_us": 96.684,
          "min_us": 96.652,
          "p05_us": 96.6536,
          "p95_us": 97.332,
          "rows": 1,
          "submission": {
            "completion_in_host_wall": true,
            "queue_or_stream_count": 1,
            "recording_in_timed_region": false,
            "strategy": "direct",
            "submit_in_host_wall": true
          },
          "timing": {
            "burst": {
              "dispatches_per_iteration": 1,
              "gpu_elapsed": {
                "clock": "hip_event",
                "per_iteration_us": {
                  "max": 97.412,
                  "median": 96.684,
                  "min": 96.652,
                  "n": 5,
                  "p05": 96.6536,
                  "p95": 97.332,
                  "samples": 5,
                  "stdev": 0.2963673396
                },
                "sequence_us": {
                  "max": 974.12,
                  "median": 966.84,
                  "min": 966.52,
                  "n": 5,
                  "p05": 966.536,
                  "p95": 973.32,
                  "samples": 5,
                  "stdev": 2.963673396
                },
                "status": "ok"
              },
              "host_wall": {
                "clock": "steady_clock",
                "per_iteration_us": {
                  "max": 116.9665,
                  "median": 98.4876,
                  "min": 98.4096,
                  "n": 5,
                  "p05": 98.4172,
                  "p95": 113.47034,
                  "samples": 5,
                  "stdev": 7.31463542
                },
                "sequence_us": {
                  "max": 1169.665,
                  "median": 984.876,
                  "min": 984.096,
                  "n": 5,
                  "p05": 984.172,
                  "p95": 1134.7034,
                  "samples": 5,
                  "stdev": 73.1463542
                },
                "status": "ok"
              },
              "logical_iterations": 10
            },
            "single": {
              "dispatches_per_iteration": 1,
              "gpu_elapsed": {
                "clock": "hip_event",
                "per_iteration_us": {
                  "max": 101.92,
                  "median": 98.44,
                  "min": 98.08,
                  "n": 5,
                  "p05": 98.12,
                  "p95": 101.224,
                  "samples": 5,
                  "stdev": 1.450053792
                },
                "sequence_us": {
                  "max": 101.92,
                  "median": 98.44,
                  "min": 98.08,
                  "n": 5,
                  "p05": 98.12,
                  "p95": 101.224,
                  "samples": 5,
                  "stdev": 1.450053792
                },
                "status": "ok"
              },
              "host_wall": {
                "clock": "steady_clock",
                "per_iteration_us": {
                  "max": 376.758,
                  "median": 119.2,
                  "min": 115.559,
                  "n": 5,
                  "p05": 116.241,
                  "p95": 325.2584,
                  "samples": 5,
                  "stdev": 103.4137619
                },
                "sequence_us": {
                  "max": 376.758,
                  "median": 119.2,
                  "min": 115.559,
                  "n": 5,
                  "p05": 116.241,
                  "p95": 325.2584,
                  "samples": 5,
                  "stdev": 103.4137619
                },
                "status": "ok"
              },
              "logical_iterations": 1
            }
          },
          "timing_mode": "serial_latency",
          "workgroup_size": 64
        }
      ],
      "run_tag": "hip-geometry-sweep",
      "status": "diagnostic"
    }
  },
  "rows": [
    {
      "backend": "hip",
      "body_repeats": 32,
      "bytes_per_us": 157.8785076,
      "correctness": {
        "single_dispatch": {
          "oracle": "deterministic CPU f32 reference with sequence tag",
          "status": "pass"
        },
        "synchronization": {
          "barrier_count": 0,
          "method": "ordered_stream_final_chain",
          "status": "pass"
        },
        "timed_sequence": {
          "coverage": "chained_final_state",
          "logical_iterations": 10,
          "oracle": "deterministic CPU f32 reference with sequence tag",
          "status": "pass"
        }
      },
      "correctness_pass": true,
      "dependency_contract": {
        "inter_dispatch_ordering": "hip_stream_order",
        "output_partitioning": "chained_shared",
        "validation_status": "pass",
        "work_dependency": "chained"
      },
      "gflops": 1.26302806,
      "k": 512,
      "max_abs": 0,
      "max_rel": 0,
      "max_us": 26.264,
      "median_us": 25.944,
      "min_us": 25.86,
      "p05_us": 25.8648,
      "p95_us": 26.2136,
      "row_key": {
        "k": 512,
        "rows": 1,
        "workgroup_size": 64
      },
      "rows": 1,
      "submission": {
        "completion_in_host_wall": true,
        "queue_or_stream_count": 1,
        "recording_in_timed_region": false,
        "strategy": "direct",
        "submit_in_host_wall": true
      },
      "timing": {
        "burst": {
          "dispatches_per_iteration": 1,
          "gpu_elapsed": {
            "clock": "hip_event",
            "per_iteration_us": {
              "max": 26.264,
              "median": 25.944,
              "min": 25.86,
              "n": 5,
              "p05": 25.8648,
              "p95": 26.2136,
              "samples": 5,
              "stdev": 0.1454460725
            },
            "sequence_us": {
              "max": 262.64,
              "median": 259.44,
              "min": 258.6,
              "n": 5,
              "p05": 258.648,
              "p95": 262.136,
              "samples": 5,
              "stdev": 1.454460725
            },
            "status": "ok"
          },
          "host_wall": {
            "clock": "steady_clock",
            "per_iteration_us": {
              "max": 46.2138,
              "median": 27.7649,
              "min": 27.6069,
              "n": 5,
              "p05": 27.6117,
              "p95": 42.5668,
              "samples": 5,
              "stdev": 7.388549599
            },
            "sequence_us": {
              "max": 462.138,
              "median": 277.649,
              "min": 276.069,
              "n": 5,
              "p05": 276.117,
              "p95": 425.668,
              "samples": 5,
              "stdev": 73.88549599
            },
            "status": "ok"
          },
          "logical_iterations": 10
        },
        "single": {
          "dispatches_per_iteration": 1,
          "gpu_elapsed": {
            "clock": "hip_event",
            "per_iteration_us": {
              "max": 27.96,
              "median": 27.2,
              "min": 27.16,
              "n": 5,
              "p05": 27.168,
              "p95": 27.824,
              "samples": 5,
              "stdev": 0.3025227264
            },
            "sequence_us": {
              "max": 27.96,
              "median": 27.2,
              "min": 27.16,
              "n": 5,
              "p05": 27.168,
              "p95": 27.824,
              "samples": 5,
              "stdev": 0.3025227264
            },
            "status": "ok"
          },
          "host_wall": {
            "clock": "steady_clock",
            "per_iteration_us": {
              "max": 265.759,
              "median": 47.689,
              "min": 46.86,
              "n": 5,
              "p05": 46.91,
              "p95": 222.1692,
              "samples": 5,
              "stdev": 87.3574132
            },
            "sequence_us": {
              "max": 265.759,
              "median": 47.689,
              "min": 46.86,
              "n": 5,
              "p05": 46.91,
              "p95": 222.1692,
              "samples": 5,
              "stdev": 87.3574132
            },
            "status": "ok"
          },
          "logical_iterations": 1
        }
      },
      "timing_mode": "serial_latency",
      "variant": "lds_tree",
      "workgroup_size": 64,
      "workgroup_specialization": "fixed"
    },
    {
      "backend": "hip",
      "body_repeats": 32,
      "bytes_per_us": 169.3191683,
      "correctness": {
        "single_dispatch": {
          "oracle": "deterministic CPU f32 reference with sequence tag",
          "status": "pass"
        },
        "synchronization": {
          "barrier_count": 0,
          "method": "ordered_stream_final_chain",
          "status": "pass"
        },
        "timed_sequence": {
          "coverage": "chained_final_state",
          "logical_iterations": 10,
          "oracle": "deterministic CPU f32 reference with sequence tag",
          "status": "pass"
        }
      },
      "correctness_pass": true,
      "dependency_contract": {
        "inter_dispatch_ordering": "hip_stream_order",
        "output_partitioning": "chained_shared",
        "validation_status": "pass",
        "work_dependency": "chained"
      },
      "gflops": 1.354553346,
      "k": 2048,
      "max_abs": 0,
      "max_rel": 0,
      "max_us": 97.32,
      "median_us": 96.764,
      "min_us": 96.7,
      "p05_us": 96.7008,
      "p95_us": 97.2288,
      "row_key": {
        "k": 2048,
        "rows": 1,
        "workgroup_size": 64
      },
      "rows": 1,
      "submission": {
        "completion_in_host_wall": true,
        "queue_or_stream_count": 1,
        "recording_in_timed_region": false,
        "strategy": "direct",
        "submit_in_host_wall": true
      },
      "timing": {
        "burst": {
          "dispatches_per_iteration": 1,
          "gpu_elapsed": {
            "clock": "hip_event",
            "per_iteration_us": {
              "max": 97.32,
              "median": 96.764,
              "min": 96.7,
              "n": 5,
              "p05": 96.7008,
              "p95": 97.2288,
              "samples": 5,
              "stdev": 0.2324767515
            },
            "sequence_us": {
              "max": 973.2,
              "median": 967.64,
              "min": 967,
              "n": 5,
              "p05": 967.008,
              "p95": 972.288,
              "samples": 5,
              "stdev": 2.324767515
            },
            "status": "ok"
          },
          "host_wall": {
            "clock": "steady_clock",
            "per_iteration_us": {
              "max": 119.1235,
              "median": 98.5795,
              "min": 98.4725,
              "n": 5,
              "p05": 98.48172,
              "p95": 115.0211,
              "samples": 5,
              "stdev": 8.231330496
            },
            "sequence_us": {
              "max": 1191.235,
              "median": 985.795,
              "min": 984.725,
              "n": 5,
              "p05": 984.8172,
              "p95": 1150.211,
              "samples": 5,
              "stdev": 82.31330496
            },
            "status": "ok"
          },
          "logical_iterations": 10
        },
        "single": {
          "dispatches_per_iteration": 1,
          "gpu_elapsed": {
            "clock": "hip_event",
            "per_iteration_us": {
              "max": 101.04,
              "median": 98.24,
              "min": 98.04,
              "n": 5,
              "p05": 98.064,
              "p95": 100.488,
              "samples": 5,
              "stdev": 1.146933302
            },
            "sequence_us": {
              "max": 101.04,
              "median": 98.24,
              "min": 98.04,
              "n": 5,
              "p05": 98.064,
              "p95": 100.488,
              "samples": 5,
              "stdev": 1.146933302
            },
            "status": "ok"
          },
          "host_wall": {
            "clock": "steady_clock",
            "per_iteration_us": {
              "max": 299.009,
              "median": 118.9,
              "min": 118.409,
              "n": 5,
              "p05": 118.449,
              "p95": 263.137,
              "samples": 5,
              "stdev": 72.04813043
            },
            "sequence_us": {
              "max": 299.009,
              "median": 118.9,
              "min": 118.409,
              "n": 5,
              "p05": 118.449,
              "p95": 263.137,
              "samples": 5,
              "stdev": 72.04813043
            },
            "status": "ok"
          },
          "logical_iterations": 1
        }
      },
      "timing_mode": "serial_latency",
      "variant": "lds_tree",
      "workgroup_size": 64,
      "workgroup_specialization": "fixed"
    },
    {
      "backend": "hip",
      "body_repeats": 32,
      "bytes_per_us": 478.0578898,
      "correctness": {
        "single_dispatch": {
          "oracle": "deterministic CPU f32 reference with sequence tag",
          "status": "pass"
        },
        "synchronization": {
          "barrier_count": 0,
          "method": "ordered_stream_final_chain",
          "status": "pass"
        },
        "timed_sequence": {
          "coverage": "chained_final_state",
          "logical_iterations": 10,
          "oracle": "deterministic CPU f32 reference with sequence tag",
          "status": "pass"
        }
      },
      "correctness_pass": true,
      "dependency_contract": {
        "inter_dispatch_ordering": "hip_stream_order",
        "output_partitioning": "chained_shared",
        "validation_status": "pass",
        "work_dependency": "chained"
      },
      "gflops": 3.824463119,
      "k": 512,
      "max_abs": 0,
      "max_rel": 0,
      "max_us": 8.86,
      "median_us": 8.568,
      "min_us": 8.452,
      "p05_us": 8.456,
      "p95_us": 8.8096,
      "row_key": {
        "k": 512,
        "rows": 1,
        "workgroup_size": 256
      },
      "rows": 1,
      "submission": {
        "completion_in_host_wall": true,
        "queue_or_stream_count": 1,
        "recording_in_timed_region": false,
        "strategy": "direct",
        "submit_in_host_wall": true
      },
      "timing": {
        "burst": {
          "dispatches_per_iteration": 1,
          "gpu_elapsed": {
            "clock": "hip_event",
            "per_iteration_us": {
              "max": 8.86,
              "median": 8.568,
              "min": 8.452,
              "n": 5,
              "p05": 8.456,
              "p95": 8.8096,
              "samples": 5,
              "stdev": 0.1460520455
            },
            "sequence_us": {
              "max": 88.6,
              "median": 85.68,
              "min": 84.52,
              "n": 5,
              "p05": 84.56,
              "p95": 88.096,
              "samples": 5,
              "stdev": 1.460520455
            },
            "status": "ok"
          },
          "host_wall": {
            "clock": "steady_clock",
            "per_iteration_us": {
              "max": 27.4888,
              "median": 10.2629,
              "min": 10.205,
              "n": 5,
              "p05": 10.20638,
              "p95": 24.08244,
              "samples": 5,
              "stdev": 6.882447564
            },
            "sequence_us": {
              "max": 274.888,
              "median": 102.629,
              "min": 102.05,
              "n": 5,
              "p05": 102.0638,
              "p95": 240.8244,
              "samples": 5,
              "stdev": 68.82447564
            },
            "status": "ok"
          },
          "logical_iterations": 10
        },
        "single": {
          "dispatches_per_iteration": 1,
          "gpu_elapsed": {
            "clock": "hip_event",
            "per_iteration_us": {
              "max": 9.88,
              "median": 9.76,
              "min": 9.68,
              "n": 5,
              "p05": 9.696,
              "p95": 9.872,
              "samples": 5,
              "stdev": 0.0697423831
            },
            "sequence_us": {
              "max": 9.88,
              "median": 9.76,
              "min": 9.68,
              "n": 5,
              "p05": 9.696,
              "p95": 9.872,
              "samples": 5,
              "stdev": 0.0697423831
            },
            "status": "ok"
          },
          "host_wall": {
            "clock": "steady_clock",
            "per_iteration_us": {
              "max": 296.169,
              "median": 30.24,
              "min": 29.57,
              "n": 5,
              "p05": 29.648,
              "p95": 243.0252,
              "samples": 5,
              "stdev": 106.4460082
            },
            "sequence_us": {
              "max": 296.169,
              "median": 30.24,
              "min": 29.57,
              "n": 5,
              "p05": 29.648,
              "p95": 243.0252,
              "samples": 5,
              "stdev": 106.4460082
            },
            "status": "ok"
          },
          "logical_iterations": 1
        }
      },
      "timing_mode": "serial_latency",
      "variant": "lds_tree",
      "workgroup_size": 256,
      "workgroup_specialization": "fixed"
    },
    {
      "backend": "hip",
      "body_repeats": 32,
      "bytes_per_us": 612.0741184,
      "correctness": {
        "single_dispatch": {
          "oracle": "deterministic CPU f32 reference with sequence tag",
          "status": "pass"
        },
        "synchronization": {
          "barrier_count": 0,
          "method": "ordered_stream_final_chain",
          "status": "pass"
        },
        "timed_sequence": {
          "coverage": "chained_final_state",
          "logical_iterations": 10,
          "oracle": "deterministic CPU f32 reference with sequence tag",
          "status": "pass"
        }
      },
      "correctness_pass": true,
      "dependency_contract": {
        "inter_dispatch_ordering": "hip_stream_order",
        "output_partitioning": "chained_shared",
        "validation_status": "pass",
        "work_dependency": "chained"
      },
      "gflops": 4.896592947,
      "k": 2048,
      "max_abs": 0,
      "max_rel": 0,
      "max_us": 27.236,
      "median_us": 26.768,
      "min_us": 26.72,
      "p05_us": 26.724,
      "p95_us": 27.168,
      "row_key": {
        "k": 2048,
        "rows": 1,
        "workgroup_size": 256
      },
      "rows": 1,
      "submission": {
        "completion_in_host_wall": true,
        "queue_or_stream_count": 1,
        "recording_in_timed_region": false,
        "strategy": "direct",
        "submit_in_host_wall": true
      },
      "timing": {
        "burst": {
          "dispatches_per_iteration": 1,
          "gpu_elapsed": {
            "clock": "hip_event",
            "per_iteration_us": {
              "max": 27.236,
              "median": 26.768,
              "min": 26.72,
              "n": 5,
              "p05": 26.724,
              "p95": 27.168,
              "samples": 5,
              "stdev": 0.1920499935
            },
            "sequence_us": {
              "max": 272.36,
              "median": 267.68,
              "min": 267.2,
              "n": 5,
              "p05": 267.24,
              "p95": 271.68,
              "samples": 5,
              "stdev": 1.920499935
            },
            "status": "ok"
          },
          "host_wall": {
            "clock": "steady_clock",
            "per_iteration_us": {
              "max": 50.4887,
              "median": 28.5338,
              "min": 28.4959,
              "n": 5,
              "p05": 28.5031,
              "p95": 46.18574,
              "samples": 5,
              "stdev": 8.743703662
            },
            "sequence_us": {
              "max": 504.887,
              "median": 285.338,
              "min": 284.959,
              "n": 5,
              "p05": 285.031,
              "p95": 461.8574,
              "samples": 5,
              "stdev": 87.43703662
            },
            "status": "ok"
          },
          "logical_iterations": 10
        },
        "single": {
          "dispatches_per_iteration": 1,
          "gpu_elapsed": {
            "clock": "hip_event",
            "per_iteration_us": {
              "max": 28.96,
              "median": 28.32,
              "min": 28.08,
              "n": 5,
              "p05": 28.088,
              "p95": 28.848,
              "samples": 5,
              "stdev": 0.3155693268
            },
            "sequence_us": {
              "max": 28.96,
              "median": 28.32,
              "min": 28.08,
              "n": 5,
              "p05": 28.088,
              "p95": 28.848,
              "samples": 5,
              "stdev": 0.3155693268
            },
            "status": "ok"
          },
          "host_wall": {
            "clock": "steady_clock",
            "per_iteration_us": {
              "max": 231.369,
              "median": 49.02,
              "min": 45.42,
              "n": 5,
              "p05": 45.768,
              "p95": 194.9112,
              "samples": 5,
              "stdev": 73.49202852
            },
            "sequence_us": {
              "max": 231.369,
              "median": 49.02,
              "min": 45.42,
              "n": 5,
              "p05": 45.768,
              "p95": 194.9112,
              "samples": 5,
              "stdev": 73.49202852
            },
            "status": "ok"
          },
          "logical_iterations": 1
        }
      },
      "timing_mode": "serial_latency",
      "variant": "lds_tree",
      "workgroup_size": 256,
      "workgroup_specialization": "fixed"
    },
    {
      "backend": "hip",
      "body_repeats": 32,
      "bytes_per_us": 156.2881563,
      "correctness": {
        "single_dispatch": {
          "oracle": "deterministic CPU f32 reference with sequence tag",
          "status": "pass"
        },
        "synchronization": {
          "barrier_count": 0,
          "method": "ordered_stream_final_chain",
          "status": "pass"
        },
        "timed_sequence": {
          "coverage": "chained_final_state",
          "logical_iterations": 10,
          "oracle": "deterministic CPU f32 reference with sequence tag",
          "status": "pass"
        }
      },
      "correctness_pass": true,
      "dependency_contract": {
        "inter_dispatch_ordering": "hip_stream_order",
        "output_partitioning": "chained_shared",
        "validation_status": "pass",
        "work_dependency": "chained"
      },
      "gflops": 1.25030525,
      "k": 512,
      "max_abs": 0,
      "max_rel": 0,
      "max_us": 26.504,
      "median_us": 26.208,
      "min_us": 26.044,
      "p05_us": 26.0768,
      "p95_us": 26.4568,
      "row_key": {
        "k": 512,
        "rows": 1,
        "workgroup_size": 64
      },
      "rows": 1,
      "submission": {
        "completion_in_host_wall": true,
        "queue_or_stream_count": 1,
        "recording_in_timed_region": false,
        "strategy": "direct",
        "submit_in_host_wall": true
      },
      "timing": {
        "burst": {
          "dispatches_per_iteration": 1,
          "gpu_elapsed": {
            "clock": "hip_event",
            "per_iteration_us": {
              "max": 26.504,
              "median": 26.208,
              "min": 26.044,
              "n": 5,
              "p05": 26.0768,
              "p95": 26.4568,
              "samples": 5,
              "stdev": 0.1488215038
            },
            "sequence_us": {
              "max": 265.04,
              "median": 262.08,
              "min": 260.44,
              "n": 5,
              "p05": 260.768,
              "p95": 264.568,
              "samples": 5,
              "stdev": 1.488215038
            },
            "status": "ok"
          },
          "host_wall": {
            "clock": "steady_clock",
            "per_iteration_us": {
              "max": 46.6908,
              "median": 28.0589,
              "min": 27.8559,
              "n": 5,
              "p05": 27.87708,
              "p95": 43.04502,
              "samples": 5,
              "stdev": 7.445296472
            },
            "sequence_us": {
              "max": 466.908,
              "median": 280.589,
              "min": 278.559,
              "n": 5,
              "p05": 278.7708,
              "p95": 430.4502,
              "samples": 5,
              "stdev": 74.45296472
            },
            "status": "ok"
          },
          "logical_iterations": 10
        },
        "single": {
          "dispatches_per_iteration": 1,
          "gpu_elapsed": {
            "clock": "hip_event",
            "per_iteration_us": {
              "max": 28.68,
              "median": 27.4,
              "min": 27.36,
              "n": 5,
              "p05": 27.368,
              "p95": 28.44,
              "samples": 5,
              "stdev": 0.5094938665
            },
            "sequence_us": {
              "max": 28.68,
              "median": 27.4,
              "min": 27.36,
              "n": 5,
              "p05": 27.368,
              "p95": 28.44,
              "samples": 5,
              "stdev": 0.5094938665
            },
            "status": "ok"
          },
          "host_wall": {
            "clock": "steady_clock",
            "per_iteration_us": {
              "max": 268.369,
              "median": 47.42,
              "min": 47.09,
              "n": 5,
              "p05": 47.1558,
              "p95": 224.1872,
              "samples": 5,
              "stdev": 88.40880104
            },
            "sequence_us": {
              "max": 268.369,
              "median": 47.42,
              "min": 47.09,
              "n": 5,
              "p05": 47.1558,
              "p95": 224.1872,
              "samples": 5,
              "stdev": 88.40880104
            },
            "status": "ok"
          },
          "logical_iterations": 1
        }
      },
      "timing_mode": "serial_latency",
      "variant": "extra_barrier",
      "workgroup_size": 64,
      "workgroup_specialization": "fixed"
    },
    {
      "backend": "hip",
      "body_repeats": 32,
      "bytes_per_us": 169.1164327,
      "correctness": {
        "single_dispatch": {
          "oracle": "deterministic CPU f32 reference with sequence tag",
          "status": "pass"
        },
        "synchronization": {
          "barrier_count": 0,
          "method": "ordered_stream_final_chain",
          "status": "pass"
        },
        "timed_sequence": {
          "coverage": "chained_final_state",
          "logical_iterations": 10,
          "oracle": "deterministic CPU f32 reference with sequence tag",
          "status": "pass"
        }
      },
      "correctness_pass": true,
      "dependency_contract": {
        "inter_dispatch_ordering": "hip_stream_order",
        "output_partitioning": "chained_shared",
        "validation_status": "pass",
        "work_dependency": "chained"
      },
      "gflops": 1.352931462,
      "k": 2048,
      "max_abs": 0,
      "max_rel": 0,
      "max_us": 98.288,
      "median_us": 96.88,
      "min_us": 96.864,
      "p05_us": 96.8648,
      "p95_us": 98.0488,
      "row_key": {
        "k": 2048,
        "rows": 1,
        "workgroup_size": 64
      },
      "rows": 1,
      "submission": {
        "completion_in_host_wall": true,
        "queue_or_stream_count": 1,
        "recording_in_timed_region": false,
        "strategy": "direct",
        "submit_in_host_wall": true
      },
      "timing": {
        "burst": {
          "dispatches_per_iteration": 1,
          "gpu_elapsed": {
            "clock": "hip_event",
            "per_iteration_us": {
              "max": 98.288,
              "median": 96.88,
              "min": 96.864,
              "n": 5,
              "p05": 96.8648,
              "p95": 98.0488,
              "samples": 5,
              "stdev": 0.5515279141
            },
            "sequence_us": {
              "max": 982.88,
              "median": 968.8,
              "min": 968.64,
              "n": 5,
              "p05": 968.648,
              "p95": 980.488,
              "samples": 5,
              "stdev": 5.515279141
            },
            "status": "ok"
          },
          "host_wall": {
            "clock": "steady_clock",
            "per_iteration_us": {
              "max": 126.0975,
              "median": 98.7106,
              "min": 98.6716,
              "n": 5,
              "p05": 98.673,
              "p95": 120.6521,
              "samples": 5,
              "stdev": 10.94610878
            },
            "sequence_us": {
              "max": 1260.975,
              "median": 987.106,
              "min": 986.716,
              "n": 5,
              "p05": 986.73,
              "p95": 1206.521,
              "samples": 5,
              "stdev": 109.4610878
            },
            "status": "ok"
          },
          "logical_iterations": 10
        },
        "single": {
          "dispatches_per_iteration": 1,
          "gpu_elapsed": {
            "clock": "hip_event",
            "per_iteration_us": {
              "max": 102.2,
              "median": 98.76,
              "min": 98.24,
              "n": 5,
              "p05": 98.248,
              "p95": 101.512,
              "samples": 5,
              "stdev": 1.492895174
            },
            "sequence_us": {
              "max": 102.2,
              "median": 98.76,
              "min": 98.24,
              "n": 5,
              "p05": 98.248,
              "p95": 101.512,
              "samples": 5,
              "stdev": 1.492895174
            },
            "status": "ok"
          },
          "host_wall": {
            "clock": "steady_clock",
            "per_iteration_us": {
              "max": 338.939,
              "median": 119.48,
              "min": 115.87,
              "n": 5,
              "p05": 116.2078,
              "p95": 295.051,
              "samples": 5,
              "stdev": 88.34513186
            },
            "sequence_us": {
              "max": 338.939,
              "median": 119.48,
              "min": 115.87,
              "n": 5,
              "p05": 116.2078,
              "p95": 295.051,
              "samples": 5,
              "stdev": 88.34513186
            },
            "status": "ok"
          },
          "logical_iterations": 1
        }
      },
      "timing_mode": "serial_latency",
      "variant": "extra_barrier",
      "workgroup_size": 64,
      "workgroup_specialization": "fixed"
    },
    {
      "backend": "hip",
      "body_repeats": 32,
      "bytes_per_us": 455.1111111,
      "correctness": {
        "single_dispatch": {
          "oracle": "deterministic CPU f32 reference with sequence tag",
          "status": "pass"
        },
        "synchronization": {
          "barrier_count": 0,
          "method": "ordered_stream_final_chain",
          "status": "pass"
        },
        "timed_sequence": {
          "coverage": "chained_final_state",
          "logical_iterations": 10,
          "oracle": "deterministic CPU f32 reference with sequence tag",
          "status": "pass"
        }
      },
      "correctness_pass": true,
      "dependency_contract": {
        "inter_dispatch_ordering": "hip_stream_order",
        "output_partitioning": "chained_shared",
        "validation_status": "pass",
        "work_dependency": "chained"
      },
      "gflops": 3.640888889,
      "k": 512,
      "max_abs": 0,
      "max_rel": 0,
      "max_us": 9.512,
      "median_us": 9,
      "min_us": 8.888,
      "p05_us": 8.8928,
      "p95_us": 9.4136,
      "row_key": {
        "k": 512,
        "rows": 1,
        "workgroup_size": 256
      },
      "rows": 1,
      "submission": {
        "completion_in_host_wall": true,
        "queue_or_stream_count": 1,
        "recording_in_timed_region": false,
        "strategy": "direct",
        "submit_in_host_wall": true
      },
      "timing": {
        "burst": {
          "dispatches_per_iteration": 1,
          "gpu_elapsed": {
            "clock": "hip_event",
            "per_iteration_us": {
              "max": 9.512,
              "median": 9,
              "min": 8.888,
              "n": 5,
              "p05": 8.8928,
              "p95": 9.4136,
              "samples": 5,
              "stdev": 0.2283800342
            },
            "sequence_us": {
              "max": 95.12,
              "median": 90,
              "min": 88.88,
              "n": 5,
              "p05": 88.928,
              "p95": 94.136,
              "samples": 5,
              "stdev": 2.283800342
            },
            "status": "ok"
          },
          "host_wall": {
            "clock": "steady_clock",
            "per_iteration_us": {
              "max": 34.4128,
              "median": 11.1,
              "min": 10.945,
              "n": 5,
              "p05": 10.95998,
              "p95": 29.75724,
              "samples": 5,
              "stdev": 9.345361733
            },
            "sequence_us": {
              "max": 344.128,
              "median": 111,
              "min": 109.45,
              "n": 5,
              "p05": 109.5998,
              "p95": 297.5724,
              "samples": 5,
              "stdev": 93.45361733
            },
            "status": "ok"
          },
          "logical_iterations": 10
        },
        "single": {
          "dispatches_per_iteration": 1,
          "gpu_elapsed": {
            "clock": "hip_event",
            "per_iteration_us": {
              "max": 10.84,
              "median": 10.08,
              "min": 10.08,
              "n": 5,
              "p05": 10.08,
              "p95": 10.72,
              "samples": 5,
              "stdev": 0.2945912422
            },
            "sequence_us": {
              "max": 10.84,
              "median": 10.08,
              "min": 10.08,
              "n": 5,
              "p05": 10.08,
              "p95": 10.72,
              "samples": 5,
              "stdev": 0.2945912422
            },
            "status": "ok"
          },
          "host_wall": {
            "clock": "steady_clock",
            "per_iteration_us": {
              "max": 271.639,
              "median": 30.26,
              "min": 29.82,
              "n": 5,
              "p05": 29.844,
              "p95": 223.4592,
              "samples": 5,
              "stdev": 96.58012475
            },
            "sequence_us": {
              "max": 271.639,
              "median": 30.26,
              "min": 29.82,
              "n": 5,
              "p05": 29.844,
              "p95": 223.4592,
              "samples": 5,
              "stdev": 96.58012475
            },
            "status": "ok"
          },
          "logical_iterations": 1
        }
      },
      "timing_mode": "serial_latency",
      "variant": "extra_barrier",
      "workgroup_size": 256,
      "workgroup_specialization": "fixed"
    },
    {
      "backend": "hip",
      "body_repeats": 32,
      "bytes_per_us": 605.5588409,
      "correctness": {
        "single_dispatch": {
          "oracle": "deterministic CPU f32 reference with sequence tag",
          "status": "pass"
        },
        "synchronization": {
          "barrier_count": 0,
          "method": "ordered_stream_final_chain",
          "status": "pass"
        },
        "timed_sequence": {
          "coverage": "chained_final_state",
          "logical_iterations": 10,
          "oracle": "deterministic CPU f32 reference with sequence tag",
          "status": "pass"
        }
      },
      "correctness_pass": true,
      "dependency_contract": {
        "inter_dispatch_ordering": "hip_stream_order",
        "output_partitioning": "chained_shared",
        "validation_status": "pass",
        "work_dependency": "chained"
      },
      "gflops": 4.844470727,
      "k": 2048,
      "max_abs": 0,
      "max_rel": 0,
      "max_us": 27.396,
      "median_us": 27.056,
      "min_us": 26.972,
      "p05_us": 26.976,
      "p95_us": 27.3448,
      "row_key": {
        "k": 2048,
        "rows": 1,
        "workgroup_size": 256
      },
      "rows": 1,
      "submission": {
        "completion_in_host_wall": true,
        "queue_or_stream_count": 1,
        "recording_in_timed_region": false,
        "strategy": "direct",
        "submit_in_host_wall": true
      },
      "timing": {
        "burst": {
          "dispatches_per_iteration": 1,
          "gpu_elapsed": {
            "clock": "hip_event",
            "per_iteration_us": {
              "max": 27.396,
              "median": 27.056,
              "min": 26.972,
              "n": 5,
              "p05": 26.976,
              "p95": 27.3448,
              "samples": 5,
              "stdev": 0.1539953246
            },
            "sequence_us": {
              "max": 273.96,
              "median": 270.56,
              "min": 269.72,
              "n": 5,
              "p05": 269.76,
              "p95": 273.448,
              "samples": 5,
              "stdev": 1.539953246
            },
            "status": "ok"
          },
          "host_wall": {
            "clock": "steady_clock",
            "per_iteration_us": {
              "max": 47.8398,
              "median": 28.8419,
              "min": 28.8099,
              "n": 5,
              "p05": 28.8101,
              "p95": 44.055,
              "samples": 5,
              "stdev": 7.59816761
            },
            "sequence_us": {
              "max": 478.398,
              "median": 288.419,
              "min": 288.099,
              "n": 5,
              "p05": 288.101,
              "p95": 440.55,
              "samples": 5,
              "stdev": 75.9816761
            },
            "status": "ok"
          },
          "logical_iterations": 10
        },
        "single": {
          "dispatches_per_iteration": 1,
          "gpu_elapsed": {
            "clock": "hip_event",
            "per_iteration_us": {
              "max": 34.16,
              "median": 28.76,
              "min": 28.52,
              "n": 5,
              "p05": 28.528,
              "p95": 33.28,
              "samples": 5,
              "stdev": 2.151895908
            },
            "sequence_us": {
              "max": 34.16,
              "median": 28.76,
              "min": 28.52,
              "n": 5,
              "p05": 28.528,
              "p95": 33.28,
              "samples": 5,
              "stdev": 2.151895908
            },
            "status": "ok"
          },
          "host_wall": {
            "clock": "steady_clock",
            "per_iteration_us": {
              "max": 309.999,
              "median": 55.24,
              "min": 48.94,
              "n": 5,
              "p05": 49.4338,
              "p95": 260.3832,
              "samples": 5,
              "stdev": 102.342557
            },
            "sequence_us": {
              "max": 309.999,
              "median": 55.24,
              "min": 48.94,
              "n": 5,
              "p05": 49.4338,
              "p95": 260.3832,
              "samples": 5,
              "stdev": 102.342557
            },
            "status": "ok"
          },
          "logical_iterations": 1
        }
      },
      "timing_mode": "serial_latency",
      "variant": "extra_barrier",
      "workgroup_size": 256,
      "workgroup_specialization": "fixed"
    },
    {
      "backend": "hip",
      "body_repeats": 32,
      "bytes_per_us": 158.0734795,
      "correctness": {
        "single_dispatch": {
          "oracle": "deterministic CPU f32 reference with sequence tag",
          "status": "pass"
        },
        "synchronization": {
          "barrier_count": 0,
          "method": "ordered_stream_final_chain",
          "status": "pass"
        },
        "timed_sequence": {
          "coverage": "chained_final_state",
          "logical_iterations": 10,
          "oracle": "deterministic CPU f32 reference with sequence tag",
          "status": "pass"
        }
      },
      "correctness_pass": true,
      "dependency_contract": {
        "inter_dispatch_ordering": "hip_stream_order",
        "output_partitioning": "chained_shared",
        "validation_status": "pass",
        "work_dependency": "chained"
      },
      "gflops": 1.264587836,
      "k": 512,
      "max_abs": 0,
      "max_rel": 0,
      "max_us": 26.316,
      "median_us": 25.912,
      "min_us": 25.8,
      "p05_us": 25.8056,
      "p95_us": 26.2704,
      "row_key": {
        "k": 512,
        "rows": 1,
        "workgroup_size": 64
      },
      "rows": 1,
      "submission": {
        "completion_in_host_wall": true,
        "queue_or_stream_count": 1,
        "recording_in_timed_region": false,
        "strategy": "direct",
        "submit_in_host_wall": true
      },
      "timing": {
        "burst": {
          "dispatches_per_iteration": 1,
          "gpu_elapsed": {
            "clock": "hip_event",
            "per_iteration_us": {
              "max": 26.316,
              "median": 25.912,
              "min": 25.8,
              "n": 5,
              "p05": 25.8056,
              "p95": 26.2704,
              "samples": 5,
              "stdev": 0.1919899997
            },
            "sequence_us": {
              "max": 263.16,
              "median": 259.12,
              "min": 258,
              "n": 5,
              "p05": 258.056,
              "p95": 262.704,
              "samples": 5,
              "stdev": 1.919899997
            },
            "status": "ok"
          },
          "host_wall": {
            "clock": "steady_clock",
            "per_iteration_us": {
              "max": 51.5518,
              "median": 27.6819,
              "min": 27.5509,
              "n": 5,
              "p05": 27.5513,
              "p95": 46.86082,
              "samples": 5,
              "stdev": 9.534558081
            },
            "sequence_us": {
              "max": 515.518,
              "median": 276.819,
              "min": 275.509,
              "n": 5,
              "p05": 275.513,
              "p95": 468.6082,
              "samples": 5,
              "stdev": 95.34558081
            },
            "status": "ok"
          },
          "logical_iterations": 10
        },
        "single": {
          "dispatches_per_iteration": 1,
          "gpu_elapsed": {
            "clock": "hip_event",
            "per_iteration_us": {
              "max": 27.72,
              "median": 27.12,
              "min": 26.88,
              "n": 5,
              "p05": 26.928,
              "p95": 27.6,
              "samples": 5,
              "stdev": 0.279885691
            },
            "sequence_us": {
              "max": 27.72,
              "median": 27.12,
              "min": 26.88,
              "n": 5,
              "p05": 26.928,
              "p95": 27.6,
              "samples": 5,
              "stdev": 0.279885691
            },
            "status": "ok"
          },
          "host_wall": {
            "clock": "steady_clock",
            "per_iteration_us": {
              "max": 281.209,
              "median": 47.389,
              "min": 44.03,
              "n": 5,
              "p05": 44.502,
              "p95": 234.5452,
              "samples": 5,
              "stdev": 93.92308343
            },
            "sequence_us": {
              "max": 281.209,
              "median": 47.389,
              "min": 44.03,
              "n": 5,
              "p05": 44.502,
              "p95": 234.5452,
              "samples": 5,
              "stdev": 93.92308343
            },
            "status": "ok"
          },
          "logical_iterations": 1
        }
      },
      "timing_mode": "serial_latency",
      "variant": "wave_shuffle",
      "workgroup_size": 64,
      "workgroup_specialization": "fixed"
    },
    {
      "backend": "hip",
      "body_repeats": 32,
      "bytes_per_us": 169.4592694,
      "correctness": {
        "single_dispatch": {
          "oracle": "deterministic CPU f32 reference with sequence tag",
          "status": "pass"
        },
        "synchronization": {
          "barrier_count": 0,
          "method": "ordered_stream_final_chain",
          "status": "pass"
        },
        "timed_sequence": {
          "coverage": "chained_final_state",
          "logical_iterations": 10,
          "oracle": "deterministic CPU f32 reference with sequence tag",
          "status": "pass"
        }
      },
      "correctness_pass": true,
      "dependency_contract": {
        "inter_dispatch_ordering": "hip_stream_order",
        "output_partitioning": "chained_shared",
        "validation_status": "pass",
        "work_dependency": "chained"
      },
      "gflops": 1.355674155,
      "k": 2048,
      "max_abs": 0,
      "max_rel": 0,
      "max_us": 97.412,
      "median_us": 96.684,
      "min_us": 96.652,
      "p05_us": 96.6536,
      "p95_us": 97.332,
      "row_key": {
        "k": 2048,
        "rows": 1,
        "workgroup_size": 64
      },
      "rows": 1,
      "submission": {
        "completion_in_host_wall": true,
        "queue_or_stream_count": 1,
        "recording_in_timed_region": false,
        "strategy": "direct",
        "submit_in_host_wall": true
      },
      "timing": {
        "burst": {
          "dispatches_per_iteration": 1,
          "gpu_elapsed": {
            "clock": "hip_event",
            "per_iteration_us": {
              "max": 97.412,
              "median": 96.684,
              "min": 96.652,
              "n": 5,
              "p05": 96.6536,
              "p95": 97.332,
              "samples": 5,
              "stdev": 0.2963673396
            },
            "sequence_us": {
              "max": 974.12,
              "median": 966.84,
              "min": 966.52,
              "n": 5,
              "p05": 966.536,
              "p95": 973.32,
              "samples": 5,
              "stdev": 2.963673396
            },
            "status": "ok"
          },
          "host_wall": {
            "clock": "steady_clock",
            "per_iteration_us": {
              "max": 116.9665,
              "median": 98.4876,
              "min": 98.4096,
              "n": 5,
              "p05": 98.4172,
              "p95": 113.47034,
              "samples": 5,
              "stdev": 7.31463542
            },
            "sequence_us": {
              "max": 1169.665,
              "median": 984.876,
              "min": 984.096,
              "n": 5,
              "p05": 984.172,
              "p95": 1134.7034,
              "samples": 5,
              "stdev": 73.1463542
            },
            "status": "ok"
          },
          "logical_iterations": 10
        },
        "single": {
          "dispatches_per_iteration": 1,
          "gpu_elapsed": {
            "clock": "hip_event",
            "per_iteration_us": {
              "max": 101.92,
              "median": 98.44,
              "min": 98.08,
              "n": 5,
              "p05": 98.12,
              "p95": 101.224,
              "samples": 5,
              "stdev": 1.450053792
            },
            "sequence_us": {
              "max": 101.92,
              "median": 98.44,
              "min": 98.08,
              "n": 5,
              "p05": 98.12,
              "p95": 101.224,
              "samples": 5,
              "stdev": 1.450053792
            },
            "status": "ok"
          },
          "host_wall": {
            "clock": "steady_clock",
            "per_iteration_us": {
              "max": 376.758,
              "median": 119.2,
              "min": 115.559,
              "n": 5,
              "p05": 116.241,
              "p95": 325.2584,
              "samples": 5,
              "stdev": 103.4137619
            },
            "sequence_us": {
              "max": 376.758,
              "median": 119.2,
              "min": 115.559,
              "n": 5,
              "p05": 116.241,
              "p95": 325.2584,
              "samples": 5,
              "stdev": 103.4137619
            },
            "status": "ok"
          },
          "logical_iterations": 1
        }
      },
      "timing_mode": "serial_latency",
      "variant": "wave_shuffle",
      "workgroup_size": 64,
      "workgroup_specialization": "fixed"
    },
    {
      "backend": "hip",
      "body_repeats": 32,
      "bytes_per_us": 486.6920152,
      "correctness": {
        "single_dispatch": {
          "oracle": "deterministic CPU f32 reference with sequence tag",
          "status": "pass"
        },
        "synchronization": {
          "barrier_count": 0,
          "method": "ordered_stream_final_chain",
          "status": "pass"
        },
        "timed_sequence": {
          "coverage": "chained_final_state",
          "logical_iterations": 10,
          "oracle": "deterministic CPU f32 reference with sequence tag",
          "status": "pass"
        }
      },
      "correctness_pass": true,
      "dependency_contract": {
        "inter_dispatch_ordering": "hip_stream_order",
        "output_partitioning": "chained_shared",
        "validation_status": "pass",
        "work_dependency": "chained"
      },
      "gflops": 3.893536122,
      "k": 512,
      "max_abs": 0,
      "max_rel": 0,
      "max_us": 8.708,
      "median_us": 8.416,
      "min_us": 8.304,
      "p05_us": 8.3056,
      "p95_us": 8.6576,
      "row_key": {
        "k": 512,
        "rows": 1,
        "workgroup_size": 256
      },
      "rows": 1,
      "submission": {
        "completion_in_host_wall": true,
        "queue_or_stream_count": 1,
        "recording_in_timed_region": false,
        "strategy": "direct",
        "submit_in_host_wall": true
      },
      "timing": {
        "burst": {
          "dispatches_per_iteration": 1,
          "gpu_elapsed": {
            "clock": "hip_event",
            "per_iteration_us": {
              "max": 8.708,
              "median": 8.416,
              "min": 8.304,
              "n": 5,
              "p05": 8.3056,
              "p95": 8.6576,
              "samples": 5,
              "stdev": 0.1466511507
            },
            "sequence_us": {
              "max": 87.08,
              "median": 84.16,
              "min": 83.04,
              "n": 5,
              "p05": 83.056,
              "p95": 86.576,
              "samples": 5,
              "stdev": 1.466511507
            },
            "status": "ok"
          },
          "host_wall": {
            "clock": "steady_clock",
            "per_iteration_us": {
              "max": 28.3379,
              "median": 10.1399,
              "min": 10.016,
              "n": 5,
              "p05": 10.0222,
              "p95": 24.72012,
              "samples": 5,
              "stdev": 7.290422452
            },
            "sequence_us": {
              "max": 283.379,
              "median": 101.399,
              "min": 100.16,
              "n": 5,
              "p05": 100.222,
              "p95": 247.2012,
              "samples": 5,
              "stdev": 72.90422452
            },
            "status": "ok"
          },
          "logical_iterations": 10
        },
        "single": {
          "dispatches_per_iteration": 1,
          "gpu_elapsed": {
            "clock": "hip_event",
            "per_iteration_us": {
              "max": 10.28,
              "median": 9.72,
              "min": 9.6,
              "n": 5,
              "p05": 9.616,
              "p95": 10.192,
              "samples": 5,
              "stdev": 0.2407986711
            },
            "sequence_us": {
              "max": 10.28,
              "median": 9.72,
              "min": 9.6,
              "n": 5,
              "p05": 9.616,
              "p95": 10.192,
              "samples": 5,
              "stdev": 0.2407986711
            },
            "status": "ok"
          },
          "host_wall": {
            "clock": "steady_clock",
            "per_iteration_us": {
              "max": 300.369,
              "median": 29.88,
              "min": 29.3,
              "n": 5,
              "p05": 29.308,
              "p95": 246.2952,
              "samples": 5,
              "stdev": 108.2959623
            },
            "sequence_us": {
              "max": 300.369,
              "median": 29.88,
              "min": 29.3,
              "n": 5,
              "p05": 29.308,
              "p95": 246.2952,
              "samples": 5,
              "stdev": 108.2959623
            },
            "status": "ok"
          },
          "logical_iterations": 1
        }
      },
      "timing_mode": "serial_latency",
      "variant": "wave_shuffle",
      "workgroup_size": 256,
      "workgroup_specialization": "fixed"
    },
    {
      "backend": "hip",
      "body_repeats": 32,
      "bytes_per_us": 616.1251504,
      "correctness": {
        "single_dispatch": {
          "oracle": "deterministic CPU f32 reference with sequence tag",
          "status": "pass"
        },
        "synchronization": {
          "barrier_count": 0,
          "method": "ordered_stream_final_chain",
          "status": "pass"
        },
        "timed_sequence": {
          "coverage": "chained_final_state",
          "logical_iterations": 10,
          "oracle": "deterministic CPU f32 reference with sequence tag",
          "status": "pass"
        }
      },
      "correctness_pass": true,
      "dependency_contract": {
        "inter_dispatch_ordering": "hip_stream_order",
        "output_partitioning": "chained_shared",
        "validation_status": "pass",
        "work_dependency": "chained"
      },
      "gflops": 4.929001203,
      "k": 2048,
      "max_abs": 0,
      "max_rel": 0,
      "max_us": 26.864,
      "median_us": 26.592,
      "min_us": 26.528,
      "p05_us": 26.5368,
      "p95_us": 26.8288,
      "row_key": {
        "k": 2048,
        "rows": 1,
        "workgroup_size": 256
      },
      "rows": 1,
      "submission": {
        "completion_in_host_wall": true,
        "queue_or_stream_count": 1,
        "recording_in_timed_region": false,
        "strategy": "direct",
        "submit_in_host_wall": true
      },
      "timing": {
        "burst": {
          "dispatches_per_iteration": 1,
          "gpu_elapsed": {
            "clock": "hip_event",
            "per_iteration_us": {
              "max": 26.864,
              "median": 26.592,
              "min": 26.528,
              "n": 5,
              "p05": 26.5368,
              "p95": 26.8288,
              "samples": 5,
              "stdev": 0.1196367836
            },
            "sequence_us": {
              "max": 268.64,
              "median": 265.92,
              "min": 265.28,
              "n": 5,
              "p05": 265.368,
              "p95": 268.288,
              "samples": 5,
              "stdev": 1.196367836
            },
            "status": "ok"
          },
          "host_wall": {
            "clock": "steady_clock",
            "per_iteration_us": {
              "max": 48.9158,
              "median": 28.451,
              "min": 28.3559,
              "n": 5,
              "p05": 28.3719,
              "p95": 44.83262,
              "samples": 5,
              "stdev": 8.192180904
            },
            "sequence_us": {
              "max": 489.158,
              "median": 284.51,
              "min": 283.559,
              "n": 5,
              "p05": 283.719,
              "p95": 448.3262,
              "samples": 5,
              "stdev": 81.92180904
            },
            "status": "ok"
          },
          "logical_iterations": 10
        },
        "single": {
          "dispatches_per_iteration": 1,
          "gpu_elapsed": {
            "clock": "hip_event",
            "per_iteration_us": {
              "max": 28.84,
              "median": 27.56,
              "min": 27.4,
              "n": 5,
              "p05": 27.424,
              "p95": 28.584,
              "samples": 5,
              "stdev": 0.5352233179
            },
            "sequence_us": {
              "max": 28.84,
              "median": 27.56,
              "min": 27.4,
              "n": 5,
              "p05": 27.424,
              "p95": 28.584,
              "samples": 5,
              "stdev": 0.5352233179
            },
            "status": "ok"
          },
          "host_wall": {
            "clock": "steady_clock",
            "per_iteration_us": {
              "max": 212.24,
              "median": 46.01,
              "min": 45.75,
              "n": 5,
              "p05": 45.7658,
              "p95": 179.022,
              "samples": 5,
              "stdev": 66.52224628
            },
            "sequence_us": {
              "max": 212.24,
              "median": 46.01,
              "min": 45.75,
              "n": 5,
              "p05": 45.7658,
              "p95": 179.022,
              "samples": 5,
              "stdev": 66.52224628
            },
            "status": "ok"
          },
          "logical_iterations": 1
        }
      },
      "timing_mode": "serial_latency",
      "variant": "wave_shuffle",
      "workgroup_size": 256,
      "workgroup_specialization": "fixed"
    },
    {
      "backend": "hip",
      "body_repeats": 32,
      "bytes_per_us": 151.3225949,
      "correctness": {
        "single_dispatch": {
          "oracle": "deterministic CPU f32 reference with sequence tag",
          "status": "pass"
        },
        "synchronization": {
          "barrier_count": 0,
          "method": "ordered_stream_final_chain",
          "status": "pass"
        },
        "timed_sequence": {
          "coverage": "chained_final_state",
          "logical_iterations": 10,
          "oracle": "deterministic CPU f32 reference with sequence tag",
          "status": "pass"
        }
      },
      "correctness_pass": true,
      "dependency_contract": {
        "inter_dispatch_ordering": "hip_stream_order",
        "output_partitioning": "chained_shared",
        "validation_status": "pass",
        "work_dependency": "chained"
      },
      "gflops": 1.21058076,
      "k": 512,
      "max_abs": 0,
      "max_rel": 0,
      "max_us": 27.396,
      "median_us": 27.068,
      "min_us": 26.992,
      "p05_us": 26.9984,
      "p95_us": 27.3472,
      "row_key": {
        "k": 512,
        "rows": 1,
        "workgroup_size": 64
      },
      "rows": 1,
      "submission": {
        "completion_in_host_wall": true,
        "queue_or_stream_count": 1,
        "recording_in_timed_region": false,
        "strategy": "direct",
        "submit_in_host_wall": true
      },
      "timing": {
        "burst": {
          "dispatches_per_iteration": 1,
          "gpu_elapsed": {
            "clock": "hip_event",
            "per_iteration_us": {
              "max": 27.396,
              "median": 27.068,
              "min": 26.992,
              "n": 5,
              "p05": 26.9984,
              "p95": 27.3472,
              "samples": 5,
              "stdev": 0.1451200882
            },
            "sequence_us": {
              "max": 273.96,
              "median": 270.68,
              "min": 269.92,
              "n": 5,
              "p05": 269.984,
              "p95": 273.472,
              "samples": 5,
              "stdev": 1.451200882
            },
            "status": "ok"
          },
          "host_wall": {
            "clock": "steady_clock",
            "per_iteration_us": {
              "max": 46.6008,
              "median": 28.8509,
              "min": 28.7599,
              "n": 5,
              "p05": 28.7733,
              "p95": 43.06862,
              "samples": 5,
              "stdev": 7.102793841
            },
            "sequence_us": {
              "max": 466.008,
              "median": 288.509,
              "min": 287.599,
              "n": 5,
              "p05": 287.733,
              "p95": 430.6862,
              "samples": 5,
              "stdev": 71.02793841
            },
            "status": "ok"
          },
          "logical_iterations": 10
        },
        "single": {
          "dispatches_per_iteration": 1,
          "gpu_elapsed": {
            "clock": "hip_event",
            "per_iteration_us": {
              "max": 31.2,
              "median": 28.24,
              "min": 27.96,
              "n": 5,
              "p05": 27.968,
              "p95": 30.632,
              "samples": 5,
              "stdev": 1.232986618
            },
            "sequence_us": {
              "max": 31.2,
              "median": 28.24,
              "min": 27.96,
              "n": 5,
              "p05": 27.968,
              "p95": 30.632,
              "samples": 5,
              "stdev": 1.232986618
            },
            "status": "ok"
          },
          "host_wall": {
            "clock": "steady_clock",
            "per_iteration_us": {
              "max": 261.089,
              "median": 49.26,
              "min": 48.37,
              "n": 5,
              "p05": 48.436,
              "p95": 218.891,
              "samples": 5,
              "stdev": 84.79472408
            },
            "sequence_us": {
              "max": 261.089,
              "median": 49.26,
              "min": 48.37,
              "n": 5,
              "p05": 48.436,
              "p95": 218.891,
              "samples": 5,
              "stdev": 84.79472408
            },
            "status": "ok"
          },
          "logical_iterations": 1
        }
      },
      "timing_mode": "serial_latency",
      "variant": "multi_accum4",
      "workgroup_size": 64,
      "workgroup_specialization": "fixed"
    },
    {
      "backend": "hip",
      "body_repeats": 32,
      "bytes_per_us": 162.2949521,
      "correctness": {
        "single_dispatch": {
          "oracle": "deterministic CPU f32 reference with sequence tag",
          "status": "pass"
        },
        "synchronization": {
          "barrier_count": 0,
          "method": "ordered_stream_final_chain",
          "status": "pass"
        },
        "timed_sequence": {
          "coverage": "chained_final_state",
          "logical_iterations": 10,
          "oracle": "deterministic CPU f32 reference with sequence tag",
          "status": "pass"
        }
      },
      "correctness_pass": true,
      "dependency_contract": {
        "inter_dispatch_ordering": "hip_stream_order",
        "output_partitioning": "chained_shared",
        "validation_status": "pass",
        "work_dependency": "chained"
      },
      "gflops": 1.298359616,
      "k": 2048,
      "max_abs": 0,
      "max_rel": 0,
      "max_us": 101.532,
      "median_us": 100.952,
      "min_us": 100.872,
      "p05_us": 100.8736,
      "p95_us": 101.456,
      "row_key": {
        "k": 2048,
        "rows": 1,
        "workgroup_size": 64
      },
      "rows": 1,
      "submission": {
        "completion_in_host_wall": true,
        "queue_or_stream_count": 1,
        "recording_in_timed_region": false,
        "strategy": "direct",
        "submit_in_host_wall": true
      },
      "timing": {
        "burst": {
          "dispatches_per_iteration": 1,
          "gpu_elapsed": {
            "clock": "hip_event",
            "per_iteration_us": {
              "max": 101.532,
              "median": 100.952,
              "min": 100.872,
              "n": 5,
              "p05": 100.8736,
              "p95": 101.456,
              "samples": 5,
              "stdev": 0.2486391763
            },
            "sequence_us": {
              "max": 1015.32,
              "median": 1009.52,
              "min": 1008.72,
              "n": 5,
              "p05": 1008.736,
              "p95": 1014.56,
              "samples": 5,
              "stdev": 2.486391763
            },
            "status": "ok"
          },
          "host_wall": {
            "clock": "steady_clock",
            "per_iteration_us": {
              "max": 120.9715,
              "median": 102.7307,
              "min": 102.6516,
              "n": 5,
              "p05": 102.658,
              "p95": 117.36694,
              "samples": 5,
              "stdev": 7.287879518
            },
            "sequence_us": {
              "max": 1209.715,
              "median": 1027.307,
              "min": 1026.516,
              "n": 5,
              "p05": 1026.58,
              "p95": 1173.6694,
              "samples": 5,
              "stdev": 72.87879518
            },
            "status": "ok"
          },
          "logical_iterations": 10
        },
        "single": {
          "dispatches_per_iteration": 1,
          "gpu_elapsed": {
            "clock": "hip_event",
            "per_iteration_us": {
              "max": 106.96,
              "median": 102.16,
              "min": 101.88,
              "n": 5,
              "p05": 101.92,
              "p95": 106.016,
              "samples": 5,
              "stdev": 1.951672104
            },
            "sequence_us": {
              "max": 106.96,
              "median": 102.16,
              "min": 101.88,
              "n": 5,
              "p05": 101.92,
              "p95": 106.016,
              "samples": 5,
              "stdev": 1.951672104
            },
            "status": "ok"
          },
          "host_wall": {
            "clock": "steady_clock",
            "per_iteration_us": {
              "max": 287.859,
              "median": 120.479,
              "min": 119.97,
              "n": 5,
              "p05": 120.066,
              "p95": 254.457,
              "samples": 5,
              "stdev": 66.96938201
            },
            "sequence_us": {
              "max": 287.859,
              "median": 120.479,
              "min": 119.97,
              "n": 5,
              "p05": 120.066,
              "p95": 254.457,
              "samples": 5,
              "stdev": 66.96938201
            },
            "status": "ok"
          },
          "logical_iterations": 1
        }
      },
      "timing_mode": "serial_latency",
      "variant": "multi_accum4",
      "workgroup_size": 64,
      "workgroup_specialization": "fixed"
    },
    {
      "backend": "hip",
      "body_repeats": 32,
      "bytes_per_us": 406.833532,
      "correctness": {
        "single_dispatch": {
          "oracle": "deterministic CPU f32 reference with sequence tag",
          "status": "pass"
        },
        "synchronization": {
          "barrier_count": 0,
          "method": "ordered_stream_final_chain",
          "status": "pass"
        },
        "timed_sequence": {
          "coverage": "chained_final_state",
          "logical_iterations": 10,
          "oracle": "deterministic CPU f32 reference with sequence tag",
          "status": "pass"
        }
      },
      "correctness_pass": true,
      "dependency_contract": {
        "inter_dispatch_ordering": "hip_stream_order",
        "output_partitioning": "chained_shared",
        "validation_status": "pass",
        "work_dependency": "chained"
      },
      "gflops": 3.254668256,
      "k": 512,
      "max_abs": 0,
      "max_rel": 0,
      "max_us": 10.372,
      "median_us": 10.068,
      "min_us": 9.928,
      "p05_us": 9.9312,
      "p95_us": 10.3336,
      "row_key": {
        "k": 512,
        "rows": 1,
        "workgroup_size": 256
      },
      "rows": 1,
      "submission": {
        "completion_in_host_wall": true,
        "queue_or_stream_count": 1,
        "recording_in_timed_region": false,
        "strategy": "direct",
        "submit_in_host_wall": true
      },
      "timing": {
        "burst": {
          "dispatches_per_iteration": 1,
          "gpu_elapsed": {
            "clock": "hip_event",
            "per_iteration_us": {
              "max": 10.372,
              "median": 10.068,
              "min": 9.928,
              "n": 5,
              "p05": 9.9312,
              "p95": 10.3336,
              "samples": 5,
              "stdev": 0.16450848
            },
            "sequence_us": {
              "max": 103.72,
              "median": 100.68,
              "min": 99.28,
              "n": 5,
              "p05": 99.312,
              "p95": 103.336,
              "samples": 5,
              "stdev": 1.6450848
            },
            "status": "ok"
          },
          "host_wall": {
            "clock": "steady_clock",
            "per_iteration_us": {
              "max": 29.9018,
              "median": 11.785,
              "min": 11.643,
              "n": 5,
              "p05": 11.65378,
              "p95": 26.31024,
              "samples": 5,
              "stdev": 7.254546039
            },
            "sequence_us": {
              "max": 299.018,
              "median": 117.85,
              "min": 116.43,
              "n": 5,
              "p05": 116.5378,
              "p95": 263.1024,
              "samples": 5,
              "stdev": 72.54546039
            },
            "status": "ok"
          },
          "logical_iterations": 10
        },
        "single": {
          "dispatches_per_iteration": 1,
          "gpu_elapsed": {
            "clock": "hip_event",
            "per_iteration_us": {
              "max": 11.84,
              "median": 11,
              "min": 10.88,
              "n": 5,
              "p05": 10.896,
              "p95": 11.672,
              "samples": 5,
              "stdev": 0.3547167884
            },
            "sequence_us": {
              "max": 11.84,
              "median": 11,
              "min": 10.88,
              "n": 5,
              "p05": 10.896,
              "p95": 11.672,
              "samples": 5,
              "stdev": 0.3547167884
            },
            "status": "ok"
          },
          "host_wall": {
            "clock": "steady_clock",
            "per_iteration_us": {
              "max": 228.119,
              "median": 30.38,
              "min": 30.37,
              "n": 5,
              "p05": 30.372,
              "p95": 188.7292,
              "samples": 5,
              "stdev": 79.01819746
            },
            "sequence_us": {
              "max": 228.119,
              "median": 30.38,
              "min": 30.37,
              "n": 5,
              "p05": 30.372,
              "p95": 188.7292,
              "samples": 5,
              "stdev": 79.01819746
            },
            "status": "ok"
          },
          "logical_iterations": 1
        }
      },
      "timing_mode": "serial_latency",
      "variant": "multi_accum4",
      "workgroup_size": 256,
      "workgroup_specialization": "fixed"
    },
    {
      "backend": "hip",
      "body_repeats": 32,
      "bytes_per_us": 580.6634534,
      "correctness": {
        "single_dispatch": {
          "oracle": "deterministic CPU f32 reference with sequence tag",
          "status": "pass"
        },
        "synchronization": {
          "barrier_count": 0,
          "method": "ordered_stream_final_chain",
          "status": "pass"
        },
        "timed_sequence": {
          "coverage": "chained_final_state",
          "logical_iterations": 10,
          "oracle": "deterministic CPU f32 reference with sequence tag",
          "status": "pass"
        }
      },
      "correctness_pass": true,
      "dependency_contract": {
        "inter_dispatch_ordering": "hip_stream_order",
        "output_partitioning": "chained_shared",
        "validation_status": "pass",
        "work_dependency": "chained"
      },
      "gflops": 4.645307627,
      "k": 2048,
      "max_abs": 0,
      "max_rel": 0,
      "max_us": 28.452,
      "median_us": 28.216,
      "min_us": 28.144,
      "p05_us": 28.1448,
      "p95_us": 28.4352,
      "row_key": {
        "k": 2048,
        "rows": 1,
        "workgroup_size": 256
      },
      "rows": 1,
      "submission": {
        "completion_in_host_wall": true,
        "queue_or_stream_count": 1,
        "recording_in_timed_region": false,
        "strategy": "direct",
        "submit_in_host_wall": true
      },
      "timing": {
        "burst": {
          "dispatches_per_iteration": 1,
          "gpu_elapsed": {
            "clock": "hip_event",
            "per_iteration_us": {
              "max": 28.452,
              "median": 28.216,
              "min": 28.144,
              "n": 5,
              "p05": 28.1448,
              "p95": 28.4352,
              "samples": 5,
              "stdev": 0.1235372009
            },
            "sequence_us": {
              "max": 284.52,
              "median": 282.16,
              "min": 281.44,
              "n": 5,
              "p05": 281.448,
              "p95": 284.352,
              "samples": 5,
              "stdev": 1.235372009
            },
            "status": "ok"
          },
          "host_wall": {
            "clock": "steady_clock",
            "per_iteration_us": {
              "max": 48.1258,
              "median": 30.0099,
              "min": 29.9319,
              "n": 5,
              "p05": 29.9345,
              "p95": 44.53722,
              "samples": 5,
              "stdev": 7.243912388
            },
            "sequence_us": {
              "max": 481.258,
              "median": 300.099,
              "min": 299.319,
              "n": 5,
              "p05": 299.345,
              "p95": 445.3722,
              "samples": 5,
              "stdev": 72.43912388
            },
            "status": "ok"
          },
          "logical_iterations": 10
        },
        "single": {
          "dispatches_per_iteration": 1,
          "gpu_elapsed": {
            "clock": "hip_event",
            "per_iteration_us": {
              "max": 30.8,
              "median": 29.28,
              "min": 29.04,
              "n": 5,
              "p05": 29.056,
              "p95": 30.496,
              "samples": 5,
              "stdev": 0.6546327215
            },
            "sequence_us": {
              "max": 30.8,
              "median": 29.28,
              "min": 29.04,
              "n": 5,
              "p05": 29.056,
              "p95": 30.496,
              "samples": 5,
              "stdev": 0.6546327215
            },
            "status": "ok"
          },
          "host_wall": {
            "clock": "steady_clock",
            "per_iteration_us": {
              "max": 219.629,
              "median": 47.69,
              "min": 46.899,
              "n": 5,
              "p05": 47.0452,
              "p95": 185.2832,
              "samples": 5,
              "stdev": 68.84052897
            },
            "sequence_us": {
              "max": 219.629,
              "median": 47.69,
              "min": 46.899,
              "n": 5,
              "p05": 47.0452,
              "p95": 185.2832,
              "samples": 5,
              "stdev": 68.84052897
            },
            "status": "ok"
          },
          "logical_iterations": 1
        }
      },
      "timing_mode": "serial_latency",
      "variant": "multi_accum4",
      "workgroup_size": 256,
      "workgroup_specialization": "fixed"
    },
    {
      "backend": "hip",
      "body_repeats": 32,
      "bytes_per_us": 153.0185296,
      "correctness": {
        "single_dispatch": {
          "oracle": "deterministic CPU f32 reference with sequence tag",
          "status": "pass"
        },
        "synchronization": {
          "barrier_count": 0,
          "method": "ordered_stream_final_chain",
          "status": "pass"
        },
        "timed_sequence": {
          "coverage": "chained_final_state",
          "logical_iterations": 10,
          "oracle": "deterministic CPU f32 reference with sequence tag",
          "status": "pass"
        }
      },
      "correctness_pass": true,
      "dependency_contract": {
        "inter_dispatch_ordering": "hip_stream_order",
        "output_partitioning": "chained_shared",
        "validation_status": "pass",
        "work_dependency": "chained"
      },
      "gflops": 1.224148237,
      "k": 512,
      "max_abs": 0,
      "max_rel": 0,
      "max_us": 27.136,
      "median_us": 26.768,
      "min_us": 26.656,
      "p05_us": 26.6616,
      "p95_us": 27.088,
      "row_key": {
        "k": 512,
        "rows": 1,
        "workgroup_size": 64
      },
      "rows": 1,
      "submission": {
        "completion_in_host_wall": true,
        "queue_or_stream_count": 1,
        "recording_in_timed_region": false,
        "strategy": "direct",
        "submit_in_host_wall": true
      },
      "timing": {
        "burst": {
          "dispatches_per_iteration": 1,
          "gpu_elapsed": {
            "clock": "hip_event",
            "per_iteration_us": {
              "max": 27.136,
              "median": 26.768,
              "min": 26.656,
              "n": 5,
              "p05": 26.6616,
              "p95": 27.088,
              "samples": 5,
              "stdev": 0.1751616396
            },
            "sequence_us": {
              "max": 271.36,
              "median": 267.68,
              "min": 266.56,
              "n": 5,
              "p05": 266.616,
              "p95": 270.88,
              "samples": 5,
              "stdev": 1.751616396
            },
            "status": "ok"
          },
          "host_wall": {
            "clock": "steady_clock",
            "per_iteration_us": {
              "max": 47.0188,
              "median": 28.5419,
              "min": 28.418,
              "n": 5,
              "p05": 28.42638,
              "p95": 43.34062,
              "samples": 5,
              "stdev": 7.403099554
            },
            "sequence_us": {
              "max": 470.188,
              "median": 285.419,
              "min": 284.18,
              "n": 5,
              "p05": 284.2638,
              "p95": 433.4062,
              "samples": 5,
              "stdev": 74.03099554
            },
            "status": "ok"
          },
          "logical_iterations": 10
        },
        "single": {
          "dispatches_per_iteration": 1,
          "gpu_elapsed": {
            "clock": "hip_event",
            "per_iteration_us": {
              "max": 29,
              "median": 27.68,
              "min": 27.6,
              "n": 5,
              "p05": 27.608,
              "p95": 28.744,
              "samples": 5,
              "stdev": 0.537490465
            },
            "sequence_us": {
              "max": 29,
              "median": 27.68,
              "min": 27.6,
              "n": 5,
              "p05": 27.608,
              "p95": 28.744,
              "samples": 5,
              "stdev": 0.537490465
            },
            "status": "ok"
          },
          "host_wall": {
            "clock": "steady_clock",
            "per_iteration_us": {
              "max": 263.2,
              "median": 47.259,
              "min": 46.76,
              "n": 5,
              "p05": 46.85,
              "p95": 220.062,
              "samples": 5,
              "stdev": 86.40643834
            },
            "sequence_us": {
              "max": 263.2,
              "median": 47.259,
              "min": 46.76,
              "n": 5,
              "p05": 46.85,
              "p95": 220.062,
              "samples": 5,
              "stdev": 86.40643834
            },
            "status": "ok"
          },
          "logical_iterations": 1
        }
      },
      "timing_mode": "serial_latency",
      "variant": "multi_accum8",
      "workgroup_size": 64,
      "workgroup_specialization": "fixed"
    },
    {
      "backend": "hip",
      "body_repeats": 32,
      "bytes_per_us": 164.8422408,
      "correctness": {
        "single_dispatch": {
          "oracle": "deterministic CPU f32 reference with sequence tag",
          "status": "pass"
        },
        "synchronization": {
          "barrier_count": 0,
          "method": "ordered_stream_final_chain",
          "status": "pass"
        },
        "timed_sequence": {
          "coverage": "chained_final_state",
          "logical_iterations": 10,
          "oracle": "deterministic CPU f32 reference with sequence tag",
          "status": "pass"
        }
      },
      "correctness_pass": true,
      "dependency_contract": {
        "inter_dispatch_ordering": "hip_stream_order",
        "output_partitioning": "chained_shared",
        "validation_status": "pass",
        "work_dependency": "chained"
      },
      "gflops": 1.318737927,
      "k": 2048,
      "max_abs": 0,
      "max_rel": 0,
      "max_us": 99.996,
      "median_us": 99.392,
      "min_us": 99.344,
      "p05_us": 99.3464,
      "p95_us": 99.9264,
      "row_key": {
        "k": 2048,
        "rows": 1,
        "workgroup_size": 64
      },
      "rows": 1,
      "submission": {
        "completion_in_host_wall": true,
        "queue_or_stream_count": 1,
        "recording_in_timed_region": false,
        "strategy": "direct",
        "submit_in_host_wall": true
      },
      "timing": {
        "burst": {
          "dispatches_per_iteration": 1,
          "gpu_elapsed": {
            "clock": "hip_event",
            "per_iteration_us": {
              "max": 99.996,
              "median": 99.392,
              "min": 99.344,
              "n": 5,
              "p05": 99.3464,
              "p95": 99.9264,
              "samples": 5,
              "stdev": 0.2504063897
            },
            "sequence_us": {
              "max": 999.96,
              "median": 993.92,
              "min": 993.44,
              "n": 5,
              "p05": 993.464,
              "p95": 999.264,
              "samples": 5,
              "stdev": 2.504063897
            },
            "status": "ok"
          },
          "host_wall": {
            "clock": "steady_clock",
            "per_iteration_us": {
              "max": 119.8686,
              "median": 101.1867,
              "min": 101.1437,
              "n": 5,
              "p05": 101.15148,
              "p95": 116.19162,
              "samples": 5,
              "stdev": 7.448769726
            },
            "sequence_us": {
              "max": 1198.686,
              "median": 1011.867,
              "min": 1011.437,
              "n": 5,
              "p05": 1011.5148,
              "p95": 1161.9162,
              "samples": 5,
              "stdev": 74.48769726
            },
            "status": "ok"
          },
          "logical_iterations": 10
        },
        "single": {
          "dispatches_per_iteration": 1,
          "gpu_elapsed": {
            "clock": "hip_event",
            "per_iteration_us": {
              "max": 105,
              "median": 100.6,
              "min": 100.28,
              "n": 5,
              "p05": 100.296,
              "p95": 104.136,
              "samples": 5,
              "stdev": 1.814007718
            },
            "sequence_us": {
              "max": 105,
              "median": 100.6,
              "min": 100.28,
              "n": 5,
              "p05": 100.296,
              "p95": 104.136,
              "samples": 5,
              "stdev": 1.814007718
            },
            "status": "ok"
          },
          "host_wall": {
            "clock": "steady_clock",
            "per_iteration_us": {
              "max": 296.489,
              "median": 119.15,
              "min": 118.489,
              "n": 5,
              "p05": 118.621,
              "p95": 262.6552,
              "samples": 5,
              "stdev": 70.26040715
            },
            "sequence_us": {
              "max": 296.489,
              "median": 119.15,
              "min": 118.489,
              "n": 5,
              "p05": 118.621,
              "p95": 262.6552,
              "samples": 5,
              "stdev": 70.26040715
            },
            "status": "ok"
          },
          "logical_iterations": 1
        }
      },
      "timing_mode": "serial_latency",
      "variant": "multi_accum8",
      "workgroup_size": 64,
      "workgroup_specialization": "fixed"
    },
    {
      "backend": "hip",
      "body_repeats": 32,
      "bytes_per_us": 338.9606091,
      "correctness": {
        "single_dispatch": {
          "oracle": "deterministic CPU f32 reference with sequence tag",
          "status": "pass"
        },
        "synchronization": {
          "barrier_count": 0,
          "method": "ordered_stream_final_chain",
          "status": "pass"
        },
        "timed_sequence": {
          "coverage": "chained_final_state",
          "logical_iterations": 10,
          "oracle": "deterministic CPU f32 reference with sequence tag",
          "status": "pass"
        }
      },
      "correctness_pass": true,
      "dependency_contract": {
        "inter_dispatch_ordering": "hip_stream_order",
        "output_partitioning": "chained_shared",
        "validation_status": "pass",
        "work_dependency": "chained"
      },
      "gflops": 2.711684873,
      "k": 512,
      "max_abs": 0,
      "max_rel": 0,
      "max_us": 12.492,
      "median_us": 12.084,
      "min_us": 11.904,
      "p05_us": 11.904,
      "p95_us": 12.4504,
      "row_key": {
        "k": 512,
        "rows": 1,
        "workgroup_size": 256
      },
      "rows": 1,
      "submission": {
        "completion_in_host_wall": true,
        "queue_or_stream_count": 1,
        "recording_in_timed_region": false,
        "strategy": "direct",
        "submit_in_host_wall": true
      },
      "timing": {
        "burst": {
          "dispatches_per_iteration": 1,
          "gpu_elapsed": {
            "clock": "hip_event",
            "per_iteration_us": {
              "max": 12.492,
              "median": 12.084,
              "min": 11.904,
              "n": 5,
              "p05": 11.904,
              "p95": 12.4504,
              "samples": 5,
              "stdev": 0.227579964
            },
            "sequence_us": {
              "max": 124.92,
              "median": 120.84,
              "min": 119.04,
              "n": 5,
              "p05": 119.04,
              "p95": 124.504,
              "samples": 5,
              "stdev": 2.27579964
            },
            "status": "ok"
          },
          "host_wall": {
            "clock": "steady_clock",
            "per_iteration_us": {
              "max": 31.8519,
              "median": 13.807,
              "min": 13.6389,
              "n": 5,
              "p05": 13.65052,
              "p95": 28.2961,
              "samples": 5,
              "stdev": 7.220717728
            },
            "sequence_us": {
              "max": 318.519,
              "median": 138.07,
              "min": 136.389,
              "n": 5,
              "p05": 136.5052,
              "p95": 282.961,
              "samples": 5,
              "stdev": 72.20717728
            },
            "status": "ok"
          },
          "logical_iterations": 10
        },
        "single": {
          "dispatches_per_iteration": 1,
          "gpu_elapsed": {
            "clock": "hip_event",
            "per_iteration_us": {
              "max": 14.04,
              "median": 13.08,
              "min": 13.04,
              "n": 5,
              "p05": 13.04,
              "p95": 13.856,
              "samples": 5,
              "stdev": 0.3891323682
            },
            "sequence_us": {
              "max": 14.04,
              "median": 13.08,
              "min": 13.04,
              "n": 5,
              "p05": 13.04,
              "p95": 13.856,
              "samples": 5,
              "stdev": 0.3891323682
            },
            "status": "ok"
          },
          "host_wall": {
            "clock": "steady_clock",
            "per_iteration_us": {
              "max": 248.809,
              "median": 32.55,
              "min": 31.95,
              "n": 5,
              "p05": 32.058,
              "p95": 205.687,
              "samples": 5,
              "stdev": 86.5056072
            },
            "sequence_us": {
              "max": 248.809,
              "median": 32.55,
              "min": 31.95,
              "n": 5,
              "p05": 32.058,
              "p95": 205.687,
              "samples": 5,
              "stdev": 86.5056072
            },
            "status": "ok"
          },
          "logical_iterations": 1
        }
      },
      "timing_mode": "serial_latency",
      "variant": "multi_accum8",
      "workgroup_size": 256,
      "workgroup_specialization": "fixed"
    },
    {
      "backend": "hip",
      "body_repeats": 32,
      "bytes_per_us": 590.9681143,
      "correctness": {
        "single_dispatch": {
          "oracle": "deterministic CPU f32 reference with sequence tag",
          "status": "pass"
        },
        "synchronization": {
          "barrier_count": 0,
          "method": "ordered_stream_final_chain",
          "status": "pass"
        },
        "timed_sequence": {
          "coverage": "chained_final_state",
          "logical_iterations": 10,
          "oracle": "deterministic CPU f32 reference with sequence tag",
          "status": "pass"
        }
      },
      "correctness_pass": true,
      "dependency_contract": {
        "inter_dispatch_ordering": "hip_stream_order",
        "output_partitioning": "chained_shared",
        "validation_status": "pass",
        "work_dependency": "chained"
      },
      "gflops": 4.727744914,
      "k": 2048,
      "max_abs": 0,
      "max_rel": 0,
      "max_us": 28.012,
      "median_us": 27.724,
      "min_us": 27.664,
      "p05_us": 27.6696,
      "p95_us": 27.98,
      "row_key": {
        "k": 2048,
        "rows": 1,
        "workgroup_size": 256
      },
      "rows": 1,
      "submission": {
        "completion_in_host_wall": true,
        "queue_or_stream_count": 1,
        "recording_in_timed_region": false,
        "strategy": "direct",
        "submit_in_host_wall": true
      },
      "timing": {
        "burst": {
          "dispatches_per_iteration": 1,
          "gpu_elapsed": {
            "clock": "hip_event",
            "per_iteration_us": {
              "max": 28.012,
              "median": 27.724,
              "min": 27.664,
              "n": 5,
              "p05": 27.6696,
              "p95": 27.98,
              "samples": 5,
              "stdev": 0.1288074532
            },
            "sequence_us": {
              "max": 280.12,
              "median": 277.24,
              "min": 276.64,
              "n": 5,
              "p05": 276.696,
              "p95": 279.8,
              "samples": 5,
              "stdev": 1.288074532
            },
            "status": "ok"
          },
          "host_wall": {
            "clock": "steady_clock",
            "per_iteration_us": {
              "max": 47.9649,
              "median": 29.5549,
              "min": 29.461,
              "n": 5,
              "p05": 29.46678,
              "p95": 44.3017,
              "samples": 5,
              "stdev": 7.370772543
            },
            "sequence_us": {
              "max": 479.649,
              "median": 295.549,
              "min": 294.61,
              "n": 5,
              "p05": 294.6678,
              "p95": 443.017,
              "samples": 5,
              "stdev": 73.70772543
            },
            "status": "ok"
          },
          "logical_iterations": 10
        },
        "single": {
          "dispatches_per_iteration": 1,
          "gpu_elapsed": {
            "clock": "hip_event",
            "per_iteration_us": {
              "max": 30.28,
              "median": 28.72,
              "min": 28.64,
              "n": 5,
              "p05": 28.648,
              "p95": 29.984,
              "samples": 5,
              "stdev": 0.6302253565
            },
            "sequence_us": {
              "max": 30.28,
              "median": 28.72,
              "min": 28.64,
              "n": 5,
              "p05": 28.648,
              "p95": 29.984,
              "samples": 5,
              "stdev": 0.6302253565
            },
            "status": "ok"
          },
          "host_wall": {
            "clock": "steady_clock",
            "per_iteration_us": {
              "max": 218.07,
              "median": 47.16,
              "min": 47.019,
              "n": 5,
              "p05": 47.0412,
              "p95": 183.898,
              "samples": 5,
              "stdev": 68.3761287
            },
            "sequence_us": {
              "max": 218.07,
              "median": 47.16,
              "min": 47.019,
              "n": 5,
              "p05": 47.0412,
              "p95": 183.898,
              "samples": 5,
              "stdev": 68.3761287
            },
            "status": "ok"
          },
          "logical_iterations": 1
        }
      },
      "timing_mode": "serial_latency",
      "variant": "multi_accum8",
      "workgroup_size": 256,
      "workgroup_specialization": "fixed"
    },
    {
      "backend": "hip",
      "body_repeats": 32,
      "bytes_per_us": 131.6195373,
      "correctness": {
        "single_dispatch": {
          "oracle": "deterministic CPU f32 reference with sequence tag",
          "status": "pass"
        },
        "synchronization": {
          "barrier_count": 0,
          "method": "ordered_stream_final_chain",
          "status": "pass"
        },
        "timed_sequence": {
          "coverage": "chained_final_state",
          "logical_iterations": 10,
          "oracle": "deterministic CPU f32 reference with sequence tag",
          "status": "pass"
        }
      },
      "correctness_pass": true,
      "dependency_contract": {
        "inter_dispatch_ordering": "hip_stream_order",
        "output_partitioning": "chained_shared",
        "validation_status": "pass",
        "work_dependency": "chained"
      },
      "gflops": 1.052956298,
      "k": 512,
      "max_abs": 0,
      "max_rel": 0,
      "max_us": 31.76,
      "median_us": 31.12,
      "min_us": 30.832,
      "p05_us": 30.8328,
      "p95_us": 31.7032,
      "row_key": {
        "k": 512,
        "rows": 1,
        "workgroup_size": 64
      },
      "rows": 1,
      "submission": {
        "completion_in_host_wall": true,
        "queue_or_stream_count": 1,
        "recording_in_timed_region": false,
        "strategy": "direct",
        "submit_in_host_wall": true
      },
      "timing": {
        "burst": {
          "dispatches_per_iteration": 1,
          "gpu_elapsed": {
            "clock": "hip_event",
            "per_iteration_us": {
              "max": 31.76,
              "median": 31.12,
              "min": 30.832,
              "n": 5,
              "p05": 30.8328,
              "p95": 31.7032,
              "samples": 5,
              "stdev": 0.3644120744
            },
            "sequence_us": {
              "max": 317.6,
              "median": 311.2,
              "min": 308.32,
              "n": 5,
              "p05": 308.328,
              "p95": 317.032,
              "samples": 5,
              "stdev": 3.644120744
            },
            "status": "ok"
          },
          "host_wall": {
            "clock": "steady_clock",
            "per_iteration_us": {
              "max": 51.2979,
              "median": 32.8569,
              "min": 32.5859,
              "n": 5,
              "p05": 32.6019,
              "p95": 47.6817,
              "samples": 5,
              "stdev": 7.389806747
            },
            "sequence_us": {
              "max": 512.979,
              "median": 328.569,
              "min": 325.859,
              "n": 5,
              "p05": 326.019,
              "p95": 476.817,
              "samples": 5,
              "stdev": 73.89806747
            },
            "status": "ok"
          },
          "logical_iterations": 10
        },
        "single": {
          "dispatches_per_iteration": 1,
          "gpu_elapsed": {
            "clock": "hip_event",
            "per_iteration_us": {
              "max": 33.92,
              "median": 32.2,
              "min": 32.16,
              "n": 5,
              "p05": 32.168,
              "p95": 33.6,
              "samples": 5,
              "stdev": 0.6821143599
            },
            "sequence_us": {
              "max": 33.92,
              "median": 32.2,
              "min": 32.16,
              "n": 5,
              "p05": 32.168,
              "p95": 33.6,
              "samples": 5,
              "stdev": 0.6821143599
            },
            "status": "ok"
          },
          "host_wall": {
            "clock": "steady_clock",
            "per_iteration_us": {
              "max": 255.149,
              "median": 51.95,
              "min": 51.28,
              "n": 5,
              "p05": 51.36,
              "p95": 214.5172,
              "samples": 5,
              "stdev": 81.36999437
            },
            "sequence_us": {
              "max": 255.149,
              "median": 51.95,
              "min": 51.28,
              "n": 5,
              "p05": 51.36,
              "p95": 214.5172,
              "samples": 5,
              "stdev": 81.36999437
            },
            "status": "ok"
          },
          "logical_iterations": 1
        }
      },
      "timing_mode": "serial_latency",
      "variant": "multi_accum16",
      "workgroup_size": 64,
      "workgroup_specialization": "fixed"
    },
    {
      "backend": "hip",
      "body_repeats": 32,
      "bytes_per_us": 164.2736825,
      "correctness": {
        "single_dispatch": {
          "oracle": "deterministic CPU f32 reference with sequence tag",
          "status": "pass"
        },
        "synchronization": {
          "barrier_count": 0,
          "method": "ordered_stream_final_chain",
          "status": "pass"
        },
        "timed_sequence": {
          "coverage": "chained_final_state",
          "logical_iterations": 10,
          "oracle": "deterministic CPU f32 reference with sequence tag",
          "status": "pass"
        }
      },
      "correctness_pass": true,
      "dependency_contract": {
        "inter_dispatch_ordering": "hip_stream_order",
        "output_partitioning": "chained_shared",
        "validation_status": "pass",
        "work_dependency": "chained"
      },
      "gflops": 1.31418946,
      "k": 2048,
      "max_abs": 0,
      "max_rel": 0,
      "max_us": 100.56,
      "median_us": 99.736,
      "min_us": 99.652,
      "p05_us": 99.6552,
      "p95_us": 100.4656,
      "row_key": {
        "k": 2048,
        "rows": 1,
        "workgroup_size": 64
      },
      "rows": 1,
      "submission": {
        "completion_in_host_wall": true,
        "queue_or_stream_count": 1,
        "recording_in_timed_region": false,
        "strategy": "direct",
        "submit_in_host_wall": true
      },
      "timing": {
        "burst": {
          "dispatches_per_iteration": 1,
          "gpu_elapsed": {
            "clock": "hip_event",
            "per_iteration_us": {
              "max": 100.56,
              "median": 99.736,
              "min": 99.652,
              "n": 5,
              "p05": 99.6552,
              "p95": 100.4656,
              "samples": 5,
              "stdev": 0.3478059229
            },
            "sequence_us": {
              "max": 1005.6,
              "median": 997.36,
              "min": 996.52,
              "n": 5,
              "p05": 996.552,
              "p95": 1004.656,
              "samples": 5,
              "stdev": 3.478059229
            },
            "status": "ok"
          },
          "host_wall": {
            "clock": "steady_clock",
            "per_iteration_us": {
              "max": 118.5946,
              "median": 101.5037,
              "min": 101.4258,
              "n": 5,
              "p05": 101.43138,
              "p95": 115.26724,
              "samples": 5,
              "stdev": 6.806505176
            },
            "sequence_us": {
              "max": 1185.946,
              "median": 1015.037,
              "min": 1014.258,
              "n": 5,
              "p05": 1014.3138,
              "p95": 1152.6724,
              "samples": 5,
              "stdev": 68.06505176
            },
            "status": "ok"
          },
          "logical_iterations": 10
        },
        "single": {
          "dispatches_per_iteration": 1,
          "gpu_elapsed": {
            "clock": "hip_event",
            "per_iteration_us": {
              "max": 105.84,
              "median": 101.12,
              "min": 100.72,
              "n": 5,
              "p05": 100.72,
              "p95": 104.912,
              "samples": 5,
              "stdev": 1.970015228
            },
            "sequence_us": {
              "max": 105.84,
              "median": 101.12,
              "min": 100.72,
              "n": 5,
              "p05": 100.72,
              "p95": 104.912,
              "samples": 5,
              "stdev": 1.970015228
            },
            "status": "ok"
          },
          "host_wall": {
            "clock": "steady_clock",
            "per_iteration_us": {
              "max": 293.4,
              "median": 120.02,
              "min": 119.32,
              "n": 5,
              "p05": 119.3938,
              "p95": 258.7698,
              "samples": 5,
              "stdev": 69.43290745
            },
            "sequence_us": {
              "max": 293.4,
              "median": 120.02,
              "min": 119.32,
              "n": 5,
              "p05": 119.3938,
              "p95": 258.7698,
              "samples": 5,
              "stdev": 69.43290745
            },
            "status": "ok"
          },
          "logical_iterations": 1
        }
      },
      "timing_mode": "serial_latency",
      "variant": "multi_accum16",
      "workgroup_size": 64,
      "workgroup_specialization": "fixed"
    },
    {
      "backend": "hip",
      "body_repeats": 32,
      "bytes_per_us": 248.3628426,
      "correctness": {
        "single_dispatch": {
          "oracle": "deterministic CPU f32 reference with sequence tag",
          "status": "pass"
        },
        "synchronization": {
          "barrier_count": 0,
          "method": "ordered_stream_final_chain",
          "status": "pass"
        },
        "timed_sequence": {
          "coverage": "chained_final_state",
          "logical_iterations": 10,
          "oracle": "deterministic CPU f32 reference with sequence tag",
          "status": "pass"
        }
      },
      "correctness_pass": true,
      "dependency_contract": {
        "inter_dispatch_ordering": "hip_stream_order",
        "output_partitioning": "chained_shared",
        "validation_status": "pass",
        "work_dependency": "chained"
      },
      "gflops": 1.986902741,
      "k": 512,
      "max_abs": 0,
      "max_rel": 0,
      "max_us": 17.236,
      "median_us": 16.492,
      "min_us": 16.12,
      "p05_us": 16.1264,
      "p95_us": 17.1832,
      "row_key": {
        "k": 512,
        "rows": 1,
        "workgroup_size": 256
      },
      "rows": 1,
      "submission": {
        "completion_in_host_wall": true,
        "queue_or_stream_count": 1,
        "recording_in_timed_region": false,
        "strategy": "direct",
        "submit_in_host_wall": true
      },
      "timing": {
        "burst": {
          "dispatches_per_iteration": 1,
          "gpu_elapsed": {
            "clock": "hip_event",
            "per_iteration_us": {
              "max": 17.236,
              "median": 16.492,
              "min": 16.12,
              "n": 5,
              "p05": 16.1264,
              "p95": 17.1832,
              "samples": 5,
              "stdev": 0.4439574754
            },
            "sequence_us": {
              "max": 172.36,
              "median": 164.92,
              "min": 161.2,
              "n": 5,
              "p05": 161.264,
              "p95": 171.832,
              "samples": 5,
              "stdev": 4.439574754
            },
            "status": "ok"
          },
          "host_wall": {
            "clock": "steady_clock",
            "per_iteration_us": {
              "max": 36.7349,
              "median": 18.2009,
              "min": 17.8999,
              "n": 5,
              "p05": 17.90192,
              "p95": 33.13132,
              "samples": 5,
              "stdev": 7.427108584
            },
            "sequence_us": {
              "max": 367.349,
              "median": 182.009,
              "min": 178.999,
              "n": 5,
              "p05": 179.0192,
              "p95": 331.3132,
              "samples": 5,
              "stdev": 74.27108584
            },
            "status": "ok"
          },
          "logical_iterations": 10
        },
        "single": {
          "dispatches_per_iteration": 1,
          "gpu_elapsed": {
            "clock": "hip_event",
            "per_iteration_us": {
              "max": 20.76,
              "median": 17.8,
              "min": 17.68,
              "n": 5,
              "p05": 17.688,
              "p95": 20.176,
              "samples": 5,
              "stdev": 1.201332593
            },
            "sequence_us": {
              "max": 20.76,
              "median": 17.8,
              "min": 17.68,
              "n": 5,
              "p05": 17.688,
              "p95": 20.176,
              "samples": 5,
              "stdev": 1.201332593
            },
            "status": "ok"
          },
          "host_wall": {
            "clock": "steady_clock",
            "per_iteration_us": {
              "max": 256.18,
              "median": 37.889,
              "min": 37.17,
              "n": 5,
              "p05": 37.176,
              "p95": 212.542,
              "samples": 5,
              "stdev": 87.44775733
            },
            "sequence_us": {
              "max": 256.18,
              "median": 37.889,
              "min": 37.17,
              "n": 5,
              "p05": 37.176,
              "p95": 212.542,
              "samples": 5,
              "stdev": 87.44775733
            },
            "status": "ok"
          },
          "logical_iterations": 1
        }
      },
      "timing_mode": "serial_latency",
      "variant": "multi_accum16",
      "workgroup_size": 256,
      "workgroup_specialization": "fixed"
    },
    {
      "backend": "hip",
      "body_repeats": 32,
      "bytes_per_us": 515.0257764,
      "correctness": {
        "single_dispatch": {
          "oracle": "deterministic CPU f32 reference with sequence tag",
          "status": "pass"
        },
        "synchronization": {
          "barrier_count": 0,
          "method": "ordered_stream_final_chain",
          "status": "pass"
        },
        "timed_sequence": {
          "coverage": "chained_final_state",
          "logical_iterations": 10,
          "oracle": "deterministic CPU f32 reference with sequence tag",
          "status": "pass"
        }
      },
      "correctness_pass": true,
      "dependency_contract": {
        "inter_dispatch_ordering": "hip_stream_order",
        "output_partitioning": "chained_shared",
        "validation_status": "pass",
        "work_dependency": "chained"
      },
      "gflops": 4.120206211,
      "k": 2048,
      "max_abs": 0,
      "max_rel": 0,
      "max_us": 32.408,
      "median_us": 31.812,
      "min_us": 31.632,
      "p05_us": 31.6392,
      "p95_us": 32.3712,
      "row_key": {
        "k": 2048,
        "rows": 1,
        "workgroup_size": 256
      },
      "rows": 1,
      "submission": {
        "completion_in_host_wall": true,
        "queue_or_stream_count": 1,
        "recording_in_timed_region": false,
        "strategy": "direct",
        "submit_in_host_wall": true
      },
      "timing": {
        "burst": {
          "dispatches_per_iteration": 1,
          "gpu_elapsed": {
            "clock": "hip_event",
            "per_iteration_us": {
              "max": 32.408,
              "median": 31.812,
              "min": 31.632,
              "n": 5,
              "p05": 31.6392,
              "p95": 32.3712,
              "samples": 5,
              "stdev": 0.3112956151
            },
            "sequence_us": {
              "max": 324.08,
              "median": 318.12,
              "min": 316.32,
              "n": 5,
              "p05": 316.392,
              "p95": 323.712,
              "samples": 5,
              "stdev": 3.112956151
            },
            "status": "ok"
          },
          "host_wall": {
            "clock": "steady_clock",
            "per_iteration_us": {
              "max": 52.0868,
              "median": 33.633,
              "min": 33.4229,
              "n": 5,
              "p05": 33.4391,
              "p95": 48.48002,
              "samples": 5,
              "stdev": 7.376643156
            },
            "sequence_us": {
              "max": 520.868,
              "median": 336.33,
              "min": 334.229,
              "n": 5,
              "p05": 334.391,
              "p95": 484.8002,
              "samples": 5,
              "stdev": 73.76643156
            },
            "status": "ok"
          },
          "logical_iterations": 10
        },
        "single": {
          "dispatches_per_iteration": 1,
          "gpu_elapsed": {
            "clock": "hip_event",
            "per_iteration_us": {
              "max": 35.76,
              "median": 33.24,
              "min": 32.88,
              "n": 5,
              "p05": 32.888,
              "p95": 35.256,
              "samples": 5,
              "stdev": 1.086764004
            },
            "sequence_us": {
              "max": 35.76,
              "median": 33.24,
              "min": 32.88,
              "n": 5,
              "p05": 32.888,
              "p95": 35.256,
              "samples": 5,
              "stdev": 1.086764004
            },
            "status": "ok"
          },
          "host_wall": {
            "clock": "steady_clock",
            "per_iteration_us": {
              "max": 224.429,
              "median": 51.44,
              "min": 51.1,
              "n": 5,
              "p05": 51.142,
              "p95": 189.8732,
              "samples": 5,
              "stdev": 69.22183071
            },
            "sequence_us": {
              "max": 224.429,
              "median": 51.44,
              "min": 51.1,
              "n": 5,
              "p05": 51.142,
              "p95": 189.8732,
              "samples": 5,
              "stdev": 69.22183071
            },
            "status": "ok"
          },
          "logical_iterations": 1
        }
      },
      "timing_mode": "serial_latency",
      "variant": "multi_accum16",
      "workgroup_size": 256,
      "workgroup_specialization": "fixed"
    }
  ],
  "schema": "hipengine.micro.reduction_sweep.v2",
  "schema_version": 2,
  "source": {
    "branch": "",
    "commit": "f2c3ad6d74c86e3641ce09ff9fd759eaa6cd75e0",
    "dirty": false,
    "repo": "/tmp/hipEngine-f2c",
    "source_hash": "sha256:9ac12bc1aad5c4ba4b89ec2c43856b112c7f94a80fd12c280a7d1f9b1e147878"
  },
  "source_coverage": {
    "backend_hash_status": {
      "hip": "covered_by_combined_source_hash",
      "vulkan": "covered_by_combined_source_hash"
    },
    "backend_source_hashes": {
      "hip": [],
      "vulkan": []
    },
    "combined_hash_backends": [
      "hip",
      "vulkan"
    ],
    "combined_hash_files": [
      "benchmarks/micro/runners/reduction_sweep.py",
      "benchmarks/micro/runners/hip_geometry_sweep.hip",
      "benchmarks/micro/runners/vulkan_geometry_sweep.cpp",
      "benchmarks/micro/kernels/vulkan/geometry_sweep.comp",
      "benchmarks/micro/kernels/vulkan/reduction_extra_barrier.comp",
      "benchmarks/micro/kernels/vulkan/reduction_subgroup.comp",
      "benchmarks/micro/kernels/vulkan/reduction_multi_accum.comp",
      "benchmarks/micro/runners/micro_timing_hip.hpp",
      "benchmarks/micro/runners/micro_timing_vulkan.hpp",
      "benchmarks/micro/timing_contract.py",
      "benchmarks/micro/comparison_claim.py"
    ],
    "combined_source_hash": "sha256:9ac12bc1aad5c4ba4b89ec2c43856b112c7f94a80fd12c280a7d1f9b1e147878",
    "scope": "single_joint_wrapper_invocation"
  },
  "sources": {
    "shared": {
      "branch": "",
      "commit": "f2c3ad6d74c86e3641ce09ff9fd759eaa6cd75e0",
      "dirty": false,
      "repo": "/tmp/hipEngine-f2c",
      "source_hash": "sha256:9ac12bc1aad5c4ba4b89ec2c43856b112c7f94a80fd12c280a7d1f9b1e147878"
    }
  },
  "summary": {
    "all_correctness_pass": true,
    "backend_ratio_summary": {},
    "host_wall_status": "not_comparable_direct_vs_command_buffer",
    "performance_claim": false,
    "primary_domain": "gpu_elapsed",
    "variant_ratio_summary": {
      "hip_extra_barrier_vs_lds_tree": {
        "max": 0.998802642444261,
        "median": 0.98992673992674,
        "min": 0.952
      },
      "hip_multi_accum16_vs_lds_tree": {
        "max": 0.9702013315152,
        "median": 0.8414434804476298,
        "min": 0.5195246179966043
      },
      "hip_multi_accum4_vs_lds_tree": {
        "max": 0.9585149377922181,
        "median": 0.9584749519728092,
        "min": 0.8510131108462455
      },
      "hip_multi_accum8_vs_lds_tree": {
        "max": 0.9735592401802962,
        "median": 0.969216975493126,
        "min": 0.7090367428003972
      },
      "hip_wave_shuffle_vs_lds_tree": {
        "max": 1.018060836501901,
        "median": 1.0066185318892902,
        "min": 1.0008274378387323
      }
    }
  },
  "wrapper": {
    "build_dir": "/home/kaden/ClaudeCode/autorocm/redline-pub/examples/hipengine-6409/results/gfx1201/2026-07-13-radiowave-redline/build/redline/reduction",
    "command": [
      "python3",
      "/tmp/hipEngine-f2c/benchmarks/micro/runners/reduction_sweep.py",
      "--backend",
      "hip",
      "--timing-mode",
      "serial_latency",
      "--independent-streams",
      "4",
      "--reps",
      "10",
      "--warmup",
      "3",
      "--samples",
      "5",
      "--environment-json",
      "/home/kaden/ClaudeCode/autorocm/redline-pub/examples/hipengine-6409/results/gfx1201/2026-07-13-radiowave-redline/environment.json",
      "--environment-ref",
      "/home/kaden/ClaudeCode/autorocm/redline-pub/examples/hipengine-6409/results/gfx1201/2026-07-13-radiowave-redline/environment.json",
      "--gfx-arch",
      "gfx1201",
      "--hardware-gpu",
      "AMD Radeon Graphics",
      "--build-dir",
      "/home/kaden/ClaudeCode/autorocm/redline-pub/examples/hipengine-6409/results/gfx1201/2026-07-13-radiowave-redline/build/redline/reduction",
      "--k-list",
      "512,2048",
      "--rows-list",
      "1",
      "--workgroups",
      "64,256",
      "--body-repeats",
      "32",
      "--out",
      "/home/kaden/ClaudeCode/autorocm/redline-pub/examples/hipengine-6409/results/gfx1201/2026-07-13-radiowave-redline/serial_latency/redline-reduction.raw.json",
      "--pretty"
    ],
    "cwd": "/tmp/hipEngine-f2c"
  }
}
