[hip-two-stage] K=8192 rows=1 wg=128 splits=2 median=61.8044 us correctness=pass
[hip-two-stage] K=8192 rows=1 wg=128 splits=4 median=39.0448 us correctness=pass
[hip-two-stage] K=8192 rows=4 wg=128 splits=2 median=50.4762 us correctness=pass
[hip-two-stage] K=8192 rows=4 wg=128 splits=4 median=39.3322 us correctness=pass
[hip-two-stage] K=32768 rows=1 wg=128 splits=2 median=163.533 us correctness=pass
[hip-two-stage] K=32768 rows=1 wg=128 splits=4 median=97.2525 us correctness=pass
[hip-two-stage] K=32768 rows=4 wg=128 splits=2 median=164.393 us correctness=pass
[hip-two-stage] K=32768 rows=4 wg=128 splits=4 median=97.5126 us correctness=pass
[hip-two-stage] K=8192 rows=1 wg=256 splits=2 median=49.7962 us correctness=pass
[hip-two-stage] K=8192 rows=1 wg=256 splits=4 median=34.3727 us correctness=pass
[hip-two-stage] K=8192 rows=4 wg=256 splits=2 median=40.8122 us correctness=pass
[hip-two-stage] K=8192 rows=4 wg=256 splits=4 median=34.3282 us correctness=pass
[hip-two-stage] K=32768 rows=1 wg=256 splits=2 median=98.2365 us correctness=pass
[hip-two-stage] K=32768 rows=1 wg=256 splits=4 median=62.7404 us correctness=pass
[hip-two-stage] K=32768 rows=4 wg=256 splits=2 median=98.6405 us correctness=pass
[hip-two-stage] K=32768 rows=4 wg=256 splits=4 median=62.9404 us correctness=pass
{
  "artifact_ref": "/home/kaden/ClaudeCode/autorocm/redline-pub/examples/hipengine-6409/results/gfx1201/2026-07-12/independent_throughput/hip-two-stage-reduction.json",
  "bench": "two_stage_reduction",
  "claim_gate": {
    "blocking_reasons": [
      "raw_result_identity_mismatch_or_missing",
      "device_identity_mismatch_or_missing",
      "comparison_matrix_incomplete"
    ],
    "clean_source": true,
    "correctness_pass": true,
    "device_match": false,
    "gfx_arch_match": true,
    "hip_device_fingerprint": "radeon_graphics",
    "matrix": {
      "actual_matched_rows": 0,
      "actual_rows": 16,
      "backend_pair_requested": false,
      "comparison_set_complete": false,
      "exact_raw_result_set": false,
      "exact_row_set": false,
      "expected_matched_rows": 16,
      "expected_rows": 32,
      "row_metadata_pass": true
    },
    "matrix_complete": false,
    "performance_claim": false,
    "raw_evidence": {
      "hip": {
        "device_fingerprints": [
          "radeon_graphics"
        ],
        "device_names": [
          "AMD Radeon Graphics"
        ],
        "gfx_arches": [
          "gfx1201"
        ],
        "identity_pass": true,
        "raw_result_count": 2,
        "source_hashes": []
      },
      "identity_pass": false,
      "vulkan": {
        "device_fingerprints": [],
        "device_names": [],
        "gfx_arches": [],
        "identity_pass": false,
        "raw_result_count": 0,
        "source_hashes": []
      }
    },
    "raw_result_identity_pass": false,
    "same_commit": true,
    "source_hash_present": true,
    "source_scope": "single_joint_wrapper_invocation",
    "status": "blocked",
    "vulkan_device_fingerprint": ""
  },
  "classification": "diagnostic_unclassified",
  "command": [
    "python3",
    "/tmp/hipEngine-f2c/benchmarks/micro/runners/two_stage_reduction.py",
    "--backend",
    "hip",
    "--timing-mode",
    "independent_throughput",
    "--independent-streams",
    "4",
    "--reps",
    "10",
    "--warmup",
    "3",
    "--samples",
    "5",
    "--environment-json",
    "/home/kaden/ClaudeCode/autorocm/redline-pub/examples/hipengine-6409/results/gfx1201/2026-07-12/environment.json",
    "--environment-ref",
    "/home/kaden/ClaudeCode/autorocm/redline-pub/examples/hipengine-6409/results/gfx1201/2026-07-12/environment.json",
    "--gfx-arch",
    "gfx1201",
    "--hardware-gpu",
    "AMD Radeon Graphics",
    "--build-dir",
    "/home/kaden/ClaudeCode/autorocm/redline-pub/examples/hipengine-6409/results/gfx1201/2026-07-12/build/hip/two-stage-reduction",
    "--k-list",
    "8192,32768",
    "--rows-list",
    "1,4",
    "--workgroups",
    "128,256",
    "--split-counts",
    "2,4",
    "--body-repeats",
    "16",
    "--out",
    "/home/kaden/ClaudeCode/autorocm/redline-pub/examples/hipengine-6409/results/gfx1201/2026-07-12/independent_throughput/hip-two-stage-reduction.json",
    "--pretty"
  ],
  "commands": [
    {
      "build_command": [
        "/usr/bin/hipcc",
        "--offload-arch=gfx1201",
        "-O3",
        "-std=c++17",
        "-DHIPENGINE_FIXED_WORKGROUP_SIZE=128",
        "/tmp/hipEngine-f2c/benchmarks/micro/runners/hip_two_stage_reduction.hip",
        "-o",
        "/home/kaden/ClaudeCode/autorocm/redline-pub/examples/hipengine-6409/results/gfx1201/2026-07-12/build/hip/two-stage-reduction/hip_two_stage_reduction_wg128"
      ],
      "kind": "hip",
      "run_command": [
        "/home/kaden/ClaudeCode/autorocm/redline-pub/examples/hipengine-6409/results/gfx1201/2026-07-12/build/hip/two-stage-reduction/hip_two_stage_reduction_wg128",
        "--json",
        "/home/kaden/ClaudeCode/autorocm/redline-pub/examples/hipengine-6409/results/gfx1201/2026-07-12/build/hip/two-stage-reduction/hip-two-stage-wg128.json",
        "--k-list",
        "8192,32768",
        "--rows-list",
        "1,4",
        "--workgroups",
        "128",
        "--split-counts",
        "2,4",
        "--body-repeats",
        "16",
        "--reps",
        "10",
        "--warmup",
        "3",
        "--samples",
        "5",
        "--timing-mode",
        "independent_throughput",
        "--device-index",
        "0",
        "--independent-streams",
        "4"
      ],
      "workgroup": 128
    },
    {
      "build_command": [
        "/usr/bin/hipcc",
        "--offload-arch=gfx1201",
        "-O3",
        "-std=c++17",
        "-DHIPENGINE_FIXED_WORKGROUP_SIZE=256",
        "/tmp/hipEngine-f2c/benchmarks/micro/runners/hip_two_stage_reduction.hip",
        "-o",
        "/home/kaden/ClaudeCode/autorocm/redline-pub/examples/hipengine-6409/results/gfx1201/2026-07-12/build/hip/two-stage-reduction/hip_two_stage_reduction_wg256"
      ],
      "kind": "hip",
      "run_command": [
        "/home/kaden/ClaudeCode/autorocm/redline-pub/examples/hipengine-6409/results/gfx1201/2026-07-12/build/hip/two-stage-reduction/hip_two_stage_reduction_wg256",
        "--json",
        "/home/kaden/ClaudeCode/autorocm/redline-pub/examples/hipengine-6409/results/gfx1201/2026-07-12/build/hip/two-stage-reduction/hip-two-stage-wg256.json",
        "--k-list",
        "8192,32768",
        "--rows-list",
        "1,4",
        "--workgroups",
        "256",
        "--split-counts",
        "2,4",
        "--body-repeats",
        "16",
        "--reps",
        "10",
        "--warmup",
        "3",
        "--samples",
        "5",
        "--timing-mode",
        "independent_throughput",
        "--device-index",
        "0",
        "--independent-streams",
        "4"
      ],
      "workgroup": 256
    }
  ],
  "comparisons": [],
  "config": {
    "backend": "hip",
    "body_repeats": 16,
    "independent_queues": 4,
    "independent_streams": 4,
    "k_list": [
      8192,
      32768
    ],
    "reps": 10,
    "rows_list": [
      1,
      4
    ],
    "samples": 5,
    "split_counts": [
      2,
      4
    ],
    "timing_mode": "independent_throughput",
    "warmup": 3,
    "workgroups": [
      128,
      256
    ]
  },
  "correctness": {
    "all_rows_pass": true,
    "hip": {
      "all_rows_pass": true,
      "row_count": 16,
      "status": "pass"
    },
    "row_count": 16,
    "status": "pass",
    "vulkan": {
      "row_count": 0,
      "status": "not_run"
    }
  },
  "environment": {
    "captured": null,
    "ref": "/home/kaden/ClaudeCode/autorocm/redline-pub/examples/hipengine-6409/results/gfx1201/2026-07-12/environment.json"
  },
  "hardware": {
    "hip": {
      "gfx_arch": "gfx1201",
      "gpu_name": "AMD Radeon Graphics"
    },
    "vulkan": {
      "gfx_arch": "gfx1201",
      "gpu_name": "AMD Radeon Graphics"
    }
  },
  "inputs": {
    "backend": "hip",
    "body_repeats": 16,
    "independent_queues": 4,
    "independent_streams": 4,
    "k_list": [
      8192,
      32768
    ],
    "reps": 10,
    "rows_list": [
      1,
      4
    ],
    "samples": 5,
    "split_counts": [
      2,
      4
    ],
    "timing_mode": "independent_throughput",
    "warmup": 3,
    "workgroups": [
      128,
      256
    ]
  },
  "interpretation": "True two-stage f32 reduction control. serial_latency orders each partial and final dispatch and reuses shared state. independent_throughput uses disjoint slices with one intra-operation partial-to-final dependency per logical operation, distributed over matched HIP stream and Vulkan queue lanes. Vulkan cross-queue GPU span uses calibrated timestamps. GPU ratios are comparable; unlike host submission classes are intentionally not compared.",
  "kind": "hipengine_micro_comparison",
  "matched_rows": [],
  "performance_claim": false,
  "raw_results": {
    "hip:wg128": {
      "backend": "hip",
      "config": {
        "body_repeats": 16,
        "hip_fixed_workgroup_size": 128,
        "independent_streams": 4,
        "k_list": [
          8192,
          32768
        ],
        "method": "two dispatches per repetition: block partials plus final reduction",
        "reps": 10,
        "rows_list": [
          1,
          4
        ],
        "samples": 5,
        "split_counts": [
          2,
          4
        ],
        "timing_mode": "independent_throughput",
        "warmup": 3,
        "workgroups": [
          128
        ]
      },
      "hardware": {
        "device_name": "AMD Radeon Graphics",
        "gcn_arch_name": "gfx1201",
        "multi_processor_count": 32
      },
      "rows": [
        {
          "body_repeats": 16,
          "bytes_per_us": 1060.506987,
          "correctness": {
            "single_dispatch": {
              "oracle": "deterministic CPU two-stage reference with sequence tag",
              "status": "pass"
            },
            "synchronization": {
              "barrier_count": 0,
              "method": "round_robin_stream_lanes_with_intra_operation_order",
              "status": "pass"
            },
            "timed_sequence": {
              "coverage": "all_dispatches",
              "logical_iterations": 10,
              "oracle": "deterministic CPU two-stage reference with sequence tag",
              "status": "pass"
            }
          },
          "correctness_pass": true,
          "dependency_contract": {
            "inter_dispatch_ordering": "hip_round_robin_stream_order",
            "output_partitioning": "disjoint",
            "validation_status": "pass",
            "work_dependency": "independent"
          },
          "gflops": 4.241510185,
          "k": 8192,
          "max_abs": 0,
          "max_rel": 0,
          "max_us": 61.98440194,
          "median_us": 61.80440187,
          "min_us": 61.62440181,
          "p05_us": 61.64680123,
          "p95_us": 61.95800185,
          "rows": 1,
          "split_count": 2,
          "submission": {
            "completion_in_host_wall": true,
            "queue_or_stream_count": 4,
            "recording_in_timed_region": false,
            "strategy": "multi_stream",
            "submit_in_host_wall": true
          },
          "timing": {
            "burst": {
              "dispatches_per_iteration": 2,
              "gpu_elapsed": {
                "clock": "hip_event",
                "per_iteration_us": {
                  "max": 61.98440194,
                  "median": 61.80440187,
                  "min": 61.62440181,
                  "n": 5,
                  "p05": 61.64680123,
                  "p95": 61.95800185,
                  "samples": 5,
                  "stdev": 0.1197066287
                },
                "sequence_us": {
                  "max": 619.8440194,
                  "median": 618.0440187,
                  "min": 616.2440181,
                  "n": 5,
                  "p05": 616.4680123,
                  "p95": 619.5800185,
                  "samples": 5,
                  "stdev": 1.197066287
                },
                "status": "ok"
              },
              "host_wall": {
                "clock": "steady_clock",
                "per_iteration_us": {
                  "max": 63.821,
                  "median": 63.601,
                  "min": 63.4459,
                  "n": 5,
                  "p05": 63.46572,
                  "p95": 63.78298,
                  "samples": 5,
                  "stdev": 0.1234381886
                },
                "sequence_us": {
                  "max": 638.21,
                  "median": 636.01,
                  "min": 634.459,
                  "n": 5,
                  "p05": 634.6572,
                  "p95": 637.8298,
                  "samples": 5,
                  "stdev": 1.234381886
                },
                "status": "ok"
              },
              "logical_iterations": 10
            },
            "single": {
              "dispatches_per_iteration": 2,
              "gpu_elapsed": {
                "clock": "hip_event",
                "per_iteration_us": {
                  "max": 229.6810001,
                  "median": 174.0809977,
                  "min": 156.6410065,
                  "n": 5,
                  "p05": 156.697005,
                  "p95": 224.0649998,
                  "samples": 5,
                  "stdev": 28.20103265
                },
                "sequence_us": {
                  "max": 229.6810001,
                  "median": 174.0809977,
                  "min": 156.6410065,
                  "n": 5,
                  "p05": 156.697005,
                  "p95": 224.0649998,
                  "samples": 5,
                  "stdev": 28.20103265
                },
                "status": "ok"
              },
              "host_wall": {
                "clock": "steady_clock",
                "per_iteration_us": {
                  "max": 510.368,
                  "median": 194.873,
                  "min": 174.862,
                  "n": 5,
                  "p05": 175.1182,
                  "p95": 452.7772,
                  "samples": 5,
                  "stdev": 128.4739392
                },
                "sequence_us": {
                  "max": 510.368,
                  "median": 194.873,
                  "min": 174.862,
                  "n": 5,
                  "p05": 175.1182,
                  "p95": 452.7772,
                  "samples": 5,
                  "stdev": 128.4739392
                },
                "status": "ok"
              },
              "logical_iterations": 1
            }
          },
          "timing_mode": "independent_throughput",
          "workgroup_size": 128
        },
        {
          "body_repeats": 16,
          "bytes_per_us": 1678.891922,
          "correctness": {
            "single_dispatch": {
              "oracle": "deterministic CPU two-stage reference with sequence tag",
              "status": "pass"
            },
            "synchronization": {
              "barrier_count": 0,
              "method": "round_robin_stream_lanes_with_intra_operation_order",
              "status": "pass"
            },
            "timed_sequence": {
              "coverage": "all_dispatches",
              "logical_iterations": 10,
              "oracle": "deterministic CPU two-stage reference with sequence tag",
              "status": "pass"
            }
          },
          "correctness_pass": true,
          "dependency_contract": {
            "inter_dispatch_ordering": "hip_round_robin_stream_order",
            "output_partitioning": "disjoint",
            "validation_status": "pass",
            "work_dependency": "independent"
          },
          "gflops": 6.713928546,
          "k": 8192,
          "max_abs": 0,
          "max_rel": 0,
          "max_us": 39.22469914,
          "median_us": 39.0448004,
          "min_us": 38.97680044,
          "p05_us": 38.98318052,
          "p95_us": 39.21751916,
          "rows": 1,
          "split_count": 4,
          "submission": {
            "completion_in_host_wall": true,
            "queue_or_stream_count": 4,
            "recording_in_timed_region": false,
            "strategy": "multi_stream",
            "submit_in_host_wall": true
          },
          "timing": {
            "burst": {
              "dispatches_per_iteration": 2,
              "gpu_elapsed": {
                "clock": "hip_event",
                "per_iteration_us": {
                  "max": 39.22469914,
                  "median": 39.0448004,
                  "min": 38.97680044,
                  "n": 5,
                  "p05": 38.98318052,
                  "p95": 39.21751916,
                  "samples": 5,
                  "stdev": 0.09936212614
                },
                "sequence_us": {
                  "max": 392.2469914,
                  "median": 390.448004,
                  "min": 389.7680044,
                  "n": 5,
                  "p05": 389.8318052,
                  "p95": 392.1751916,
                  "samples": 5,
                  "stdev": 0.9936212614
                },
                "status": "ok"
              },
              "host_wall": {
                "clock": "steady_clock",
                "per_iteration_us": {
                  "max": 42.2536,
                  "median": 42.1177,
                  "min": 42.0487,
                  "n": 5,
                  "p05": 42.05468,
                  "p95": 42.2488,
                  "samples": 5,
                  "stdev": 0.0817031358
                },
                "sequence_us": {
                  "max": 422.536,
                  "median": 421.177,
                  "min": 420.487,
                  "n": 5,
                  "p05": 420.5468,
                  "p95": 422.488,
                  "samples": 5,
                  "stdev": 0.817031358
                },
                "status": "ok"
              },
              "logical_iterations": 10
            },
            "single": {
              "dispatches_per_iteration": 2,
              "gpu_elapsed": {
                "clock": "hip_event",
                "per_iteration_us": {
                  "max": 166.9619977,
                  "median": 156.0429931,
                  "min": 154.7629982,
                  "n": 5,
                  "p05": 154.8429996,
                  "p95": 165.4101968,
                  "samples": 5,
                  "stdev": 4.54335587
                },
                "sequence_us": {
                  "max": 166.9619977,
                  "median": 156.0429931,
                  "min": 154.7629982,
                  "n": 5,
                  "p05": 154.8429996,
                  "p95": 165.4101968,
                  "samples": 5,
                  "stdev": 4.54335587
                },
                "status": "ok"
              },
              "host_wall": {
                "clock": "steady_clock",
                "per_iteration_us": {
                  "max": 199.203,
                  "median": 186.423,
                  "min": 184.692,
                  "n": 5,
                  "p05": 184.9262,
                  "p95": 197.331,
                  "samples": 5,
                  "stdev": 5.284746064
                },
                "sequence_us": {
                  "max": 199.203,
                  "median": 186.423,
                  "min": 184.692,
                  "n": 5,
                  "p05": 184.9262,
                  "p95": 197.331,
                  "samples": 5,
                  "stdev": 5.284746064
                },
                "status": "ok"
              },
              "logical_iterations": 1
            }
          },
          "timing_mode": "independent_throughput",
          "workgroup_size": 128
        },
        {
          "body_repeats": 16,
          "bytes_per_us": 3246.520181,
          "correctness": {
            "single_dispatch": {
              "oracle": "deterministic CPU two-stage reference with sequence tag",
              "status": "pass"
            },
            "synchronization": {
              "barrier_count": 0,
              "method": "round_robin_stream_lanes_with_intra_operation_order",
              "status": "pass"
            },
            "timed_sequence": {
              "coverage": "all_dispatches",
              "logical_iterations": 10,
              "oracle": "deterministic CPU two-stage reference with sequence tag",
              "status": "pass"
            }
          },
          "correctness_pass": true,
          "dependency_contract": {
            "inter_dispatch_ordering": "hip_round_robin_stream_order",
            "output_partitioning": "disjoint",
            "validation_status": "pass",
            "work_dependency": "independent"
          },
          "gflops": 20.7736718,
          "k": 8192,
          "max_abs": 0,
          "max_rel": 0,
          "max_us": 51.02419853,
          "median_us": 50.47619939,
          "min_us": 46.50819898,
          "p05_us": 46.52099907,
          "p95_us": 50.99621892,
          "rows": 4,
          "split_count": 2,
          "submission": {
            "completion_in_host_wall": true,
            "queue_or_stream_count": 4,
            "recording_in_timed_region": false,
            "strategy": "multi_stream",
            "submit_in_host_wall": true
          },
          "timing": {
            "burst": {
              "dispatches_per_iteration": 2,
              "gpu_elapsed": {
                "clock": "hip_event",
                "per_iteration_us": {
                  "max": 51.02419853,
                  "median": 50.47619939,
                  "min": 46.50819898,
                  "n": 5,
                  "p05": 46.52099907,
                  "p95": 50.99621892,
                  "samples": 5,
                  "stdev": 2.092231219
                },
                "sequence_us": {
                  "max": 510.2419853,
                  "median": 504.7619939,
                  "min": 465.0819898,
                  "n": 5,
                  "p05": 465.2099907,
                  "p95": 509.9621892,
                  "samples": 5,
                  "stdev": 20.92231219
                },
                "status": "ok"
              },
              "host_wall": {
                "clock": "steady_clock",
                "per_iteration_us": {
                  "max": 54.0788,
                  "median": 53.5368,
                  "min": 49.5638,
                  "n": 5,
                  "p05": 49.57258,
                  "p95": 54.0508,
                  "samples": 5,
                  "stdev": 2.097374201
                },
                "sequence_us": {
                  "max": 540.788,
                  "median": 535.368,
                  "min": 495.638,
                  "n": 5,
                  "p05": 495.7258,
                  "p95": 540.508,
                  "samples": 5,
                  "stdev": 20.97374201
                },
                "status": "ok"
              },
              "logical_iterations": 10
            },
            "single": {
              "dispatches_per_iteration": 2,
              "gpu_elapsed": {
                "clock": "hip_event",
                "per_iteration_us": {
                  "max": 183.7610006,
                  "median": 182.9999983,
                  "min": 181.8010062,
                  "n": 5,
                  "p05": 182.0090055,
                  "p95": 183.713001,
                  "samples": 5,
                  "stdev": 0.6800407233
                },
                "sequence_us": {
                  "max": 183.7610006,
                  "median": 182.9999983,
                  "min": 181.8010062,
                  "n": 5,
                  "p05": 182.0090055,
                  "p95": 183.713001,
                  "samples": 5,
                  "stdev": 0.6800407233
                },
                "status": "ok"
              },
              "host_wall": {
                "clock": "steady_clock",
                "per_iteration_us": {
                  "max": 215.254,
                  "median": 214.514,
                  "min": 212.513,
                  "n": 5,
                  "p05": 212.681,
                  "p95": 215.1638,
                  "samples": 5,
                  "stdev": 1.007283992
                },
                "sequence_us": {
                  "max": 215.254,
                  "median": 214.514,
                  "min": 212.513,
                  "n": 5,
                  "p05": 212.681,
                  "p95": 215.1638,
                  "samples": 5,
                  "stdev": 1.007283992
                },
                "status": "ok"
              },
              "logical_iterations": 1
            }
          },
          "timing_mode": "independent_throughput",
          "workgroup_size": 128
        },
        {
          "body_repeats": 16,
          "bytes_per_us": 4167.171014,
          "correctness": {
            "single_dispatch": {
              "oracle": "deterministic CPU two-stage reference with sequence tag",
              "status": "pass"
            },
            "synchronization": {
              "barrier_count": 0,
              "method": "round_robin_stream_lanes_with_intra_operation_order",
              "status": "pass"
            },
            "timed_sequence": {
              "coverage": "all_dispatches",
              "logical_iterations": 10,
              "oracle": "deterministic CPU two-stage reference with sequence tag",
              "status": "pass"
            }
          },
          "correctness_pass": true,
          "dependency_contract": {
            "inter_dispatch_ordering": "hip_round_robin_stream_order",
            "output_partitioning": "disjoint",
            "validation_status": "pass",
            "work_dependency": "independent"
          },
          "gflops": 26.65948063,
          "k": 8192,
          "max_abs": 0,
          "max_rel": 0,
          "max_us": 39.49620128,
          "median_us": 39.3321991,
          "min_us": 39.16429877,
          "p05_us": 39.16907907,
          "p95_us": 39.47300076,
          "rows": 4,
          "split_count": 4,
          "submission": {
            "completion_in_host_wall": true,
            "queue_or_stream_count": 4,
            "recording_in_timed_region": false,
            "strategy": "multi_stream",
            "submit_in_host_wall": true
          },
          "timing": {
            "burst": {
              "dispatches_per_iteration": 2,
              "gpu_elapsed": {
                "clock": "hip_event",
                "per_iteration_us": {
                  "max": 39.49620128,
                  "median": 39.3321991,
                  "min": 39.16429877,
                  "n": 5,
                  "p05": 39.16907907,
                  "p95": 39.47300076,
                  "samples": 5,
                  "stdev": 0.1233944666
                },
                "sequence_us": {
                  "max": 394.9620128,
                  "median": 393.321991,
                  "min": 391.6429877,
                  "n": 5,
                  "p05": 391.6907907,
                  "p95": 394.7300076,
                  "samples": 5,
                  "stdev": 1.233944666
                },
                "status": "ok"
              },
              "host_wall": {
                "clock": "steady_clock",
                "per_iteration_us": {
                  "max": 42.5426,
                  "median": 42.3796,
                  "min": 42.2457,
                  "n": 5,
                  "p05": 42.25228,
                  "p95": 42.51662,
                  "samples": 5,
                  "stdev": 0.105350588
                },
                "sequence_us": {
                  "max": 425.426,
                  "median": 423.796,
                  "min": 422.457,
                  "n": 5,
                  "p05": 422.5228,
                  "p95": 425.1662,
                  "samples": 5,
                  "stdev": 1.05350588
                },
                "status": "ok"
              },
              "logical_iterations": 10
            },
            "single": {
              "dispatches_per_iteration": 2,
              "gpu_elapsed": {
                "clock": "hip_event",
                "per_iteration_us": {
                  "max": 156.3999951,
                  "median": 155.8800042,
                  "min": 155.3999931,
                  "n": 5,
                  "p05": 155.4401934,
                  "p95": 156.3121974,
                  "samples": 5,
                  "stdev": 0.3406506648
                },
                "sequence_us": {
                  "max": 156.3999951,
                  "median": 155.8800042,
                  "min": 155.3999931,
                  "n": 5,
                  "p05": 155.4401934,
                  "p95": 156.3121974,
                  "samples": 5,
                  "stdev": 0.3406506648
                },
                "status": "ok"
              },
              "host_wall": {
                "clock": "steady_clock",
                "per_iteration_us": {
                  "max": 188.263,
                  "median": 186.543,
                  "min": 186.293,
                  "n": 5,
                  "p05": 186.323,
                  "p95": 188.035,
                  "samples": 5,
                  "stdev": 0.7220526297
                },
                "sequence_us": {
                  "max": 188.263,
                  "median": 186.543,
                  "min": 186.293,
                  "n": 5,
                  "p05": 186.323,
                  "p95": 188.035,
                  "samples": 5,
                  "stdev": 0.7220526297
                },
                "status": "ok"
              },
              "logical_iterations": 1
            }
          },
          "timing_mode": "independent_throughput",
          "workgroup_size": 128
        },
        {
          "body_repeats": 16,
          "bytes_per_us": 1603.053567,
          "correctness": {
            "single_dispatch": {
              "oracle": "deterministic CPU two-stage reference with sequence tag",
              "status": "pass"
            },
            "synchronization": {
              "barrier_count": 0,
              "method": "round_robin_stream_lanes_with_intra_operation_order",
              "status": "pass"
            },
            "timed_sequence": {
              "coverage": "all_dispatches",
              "logical_iterations": 10,
              "oracle": "deterministic CPU two-stage reference with sequence tag",
              "status": "pass"
            }
          },
          "correctness_pass": true,
          "dependency_contract": {
            "inter_dispatch_ordering": "hip_round_robin_stream_order",
            "output_partitioning": "disjoint",
            "validation_status": "pass",
            "work_dependency": "independent"
          },
          "gflops": 6.41201859,
          "k": 32768,
          "max_abs": 0,
          "max_rel": 0,
          "max_us": 165.8489943,
          "median_us": 163.5329008,
          "min_us": 160.5170012,
          "p05_us": 160.5802011,
          "p95_us": 165.5657959,
          "rows": 1,
          "split_count": 2,
          "submission": {
            "completion_in_host_wall": true,
            "queue_or_stream_count": 4,
            "recording_in_timed_region": false,
            "strategy": "multi_stream",
            "submit_in_host_wall": true
          },
          "timing": {
            "burst": {
              "dispatches_per_iteration": 2,
              "gpu_elapsed": {
                "clock": "hip_event",
                "per_iteration_us": {
                  "max": 165.8489943,
                  "median": 163.5329008,
                  "min": 160.5170012,
                  "n": 5,
                  "p05": 160.5802011,
                  "p95": 165.5657959,
                  "samples": 5,
                  "stdev": 2.064460055
                },
                "sequence_us": {
                  "max": 1658.489943,
                  "median": 1635.329008,
                  "min": 1605.170012,
                  "n": 5,
                  "p05": 1605.802011,
                  "p95": 1655.657959,
                  "samples": 5,
                  "stdev": 20.64460055
                },
                "status": "ok"
              },
              "host_wall": {
                "clock": "steady_clock",
                "per_iteration_us": {
                  "max": 168.8755,
                  "median": 166.5625,
                  "min": 163.5705,
                  "n": 5,
                  "p05": 163.62108,
                  "p95": 168.5919,
                  "samples": 5,
                  "stdev": 2.065551747
                },
                "sequence_us": {
                  "max": 1688.755,
                  "median": 1665.625,
                  "min": 1635.705,
                  "n": 5,
                  "p05": 1636.2108,
                  "p95": 1685.919,
                  "samples": 5,
                  "stdev": 20.65551747
                },
                "status": "ok"
              },
              "logical_iterations": 10
            },
            "single": {
              "dispatches_per_iteration": 2,
              "gpu_elapsed": {
                "clock": "hip_event",
                "per_iteration_us": {
                  "max": 415.802002,
                  "median": 412.2419953,
                  "min": 408.4419906,
                  "n": 5,
                  "p05": 409.1301918,
                  "p95": 415.3940022,
                  "samples": 5,
                  "stdev": 2.424183769
                },
                "sequence_us": {
                  "max": 415.802002,
                  "median": 412.2419953,
                  "min": 408.4419906,
                  "n": 5,
                  "p05": 409.1301918,
                  "p95": 415.3940022,
                  "samples": 5,
                  "stdev": 2.424183769
                },
                "status": "ok"
              },
              "host_wall": {
                "clock": "steady_clock",
                "per_iteration_us": {
                  "max": 446.547,
                  "median": 442.747,
                  "min": 439.006,
                  "n": 5,
                  "p05": 439.6702,
                  "p95": 446.3928,
                  "samples": 5,
                  "stdev": 2.696763883
                },
                "sequence_us": {
                  "max": 446.547,
                  "median": 442.747,
                  "min": 439.006,
                  "n": 5,
                  "p05": 439.6702,
                  "p95": 446.3928,
                  "samples": 5,
                  "stdev": 2.696763883
                },
                "status": "ok"
              },
              "logical_iterations": 1
            }
          },
          "timing_mode": "independent_throughput",
          "workgroup_size": 128
        },
        {
          "body_repeats": 16,
          "bytes_per_us": 2695.663349,
          "correctness": {
            "single_dispatch": {
              "oracle": "deterministic CPU two-stage reference with sequence tag",
              "status": "pass"
            },
            "synchronization": {
              "barrier_count": 0,
              "method": "round_robin_stream_lanes_with_intra_operation_order",
              "status": "pass"
            },
            "timed_sequence": {
              "coverage": "all_dispatches",
              "logical_iterations": 10,
              "oracle": "deterministic CPU two-stage reference with sequence tag",
              "status": "pass"
            }
          },
          "correctness_pass": true,
          "dependency_contract": {
            "inter_dispatch_ordering": "hip_round_robin_stream_order",
            "output_partitioning": "disjoint",
            "validation_status": "pass",
            "work_dependency": "independent"
          },
          "gflops": 10.78199532,
          "k": 32768,
          "max_abs": 0,
          "max_rel": 0,
          "max_us": 97.93660045,
          "median_us": 97.25250006,
          "min_us": 96.68449759,
          "p05_us": 96.74691796,
          "p95_us": 97.8302002,
          "rows": 1,
          "split_count": 4,
          "submission": {
            "completion_in_host_wall": true,
            "queue_or_stream_count": 4,
            "recording_in_timed_region": false,
            "strategy": "multi_stream",
            "submit_in_host_wall": true
          },
          "timing": {
            "burst": {
              "dispatches_per_iteration": 2,
              "gpu_elapsed": {
                "clock": "hip_event",
                "per_iteration_us": {
                  "max": 97.93660045,
                  "median": 97.25250006,
                  "min": 96.68449759,
                  "n": 5,
                  "p05": 96.74691796,
                  "p95": 97.8302002,
                  "samples": 5,
                  "stdev": 0.4193349911
                },
                "sequence_us": {
                  "max": 979.3660045,
                  "median": 972.5250006,
                  "min": 966.8449759,
                  "n": 5,
                  "p05": 967.4691796,
                  "p95": 978.302002,
                  "samples": 5,
                  "stdev": 4.193349911
                },
                "status": "ok"
              },
              "host_wall": {
                "clock": "steady_clock",
                "per_iteration_us": {
                  "max": 101.0006,
                  "median": 100.2975,
                  "min": 99.7525,
                  "n": 5,
                  "p05": 99.8041,
                  "p95": 100.89158,
                  "samples": 5,
                  "stdev": 0.4239193905
                },
                "sequence_us": {
                  "max": 1010.006,
                  "median": 1002.975,
                  "min": 997.525,
                  "n": 5,
                  "p05": 998.041,
                  "p95": 1008.9158,
                  "samples": 5,
                  "stdev": 4.239193905
                },
                "status": "ok"
              },
              "logical_iterations": 10
            },
            "single": {
              "dispatches_per_iteration": 2,
              "gpu_elapsed": {
                "clock": "hip_event",
                "per_iteration_us": {
                  "max": 274.161011,
                  "median": 272.5610137,
                  "min": 258.5609853,
                  "n": 5,
                  "p05": 260.5371892,
                  "p95": 273.9692092,
                  "samples": 5,
                  "stdev": 5.753527285
                },
                "sequence_us": {
                  "max": 274.161011,
                  "median": 272.5610137,
                  "min": 258.5609853,
                  "n": 5,
                  "p05": 260.5371892,
                  "p95": 273.9692092,
                  "samples": 5,
                  "stdev": 5.753527285
                },
                "status": "ok"
              },
              "host_wall": {
                "clock": "steady_clock",
                "per_iteration_us": {
                  "max": 304.574,
                  "median": 302.765,
                  "min": 278.435,
                  "n": 5,
                  "p05": 282.5588,
                  "p95": 304.412,
                  "samples": 5,
                  "stdev": 9.824968653
                },
                "sequence_us": {
                  "max": 304.574,
                  "median": 302.765,
                  "min": 278.435,
                  "n": 5,
                  "p05": 282.5588,
                  "p95": 304.412,
                  "samples": 5,
                  "stdev": 9.824968653
                },
                "status": "ok"
              },
              "logical_iterations": 1
            }
          },
          "timing_mode": "independent_throughput",
          "workgroup_size": 128
        },
        {
          "body_repeats": 16,
          "bytes_per_us": 3986.741509,
          "correctness": {
            "single_dispatch": {
              "oracle": "deterministic CPU two-stage reference with sequence tag",
              "status": "pass"
            },
            "synchronization": {
              "barrier_count": 0,
              "method": "round_robin_stream_lanes_with_intra_operation_order",
              "status": "pass"
            },
            "timed_sequence": {
              "coverage": "all_dispatches",
              "logical_iterations": 10,
              "oracle": "deterministic CPU two-stage reference with sequence tag",
              "status": "pass"
            }
          },
          "correctness_pass": true,
          "dependency_contract": {
            "inter_dispatch_ordering": "hip_round_robin_stream_order",
            "output_partitioning": "disjoint",
            "validation_status": "pass",
            "work_dependency": "independent"
          },
          "gflops": 25.51389986,
          "k": 32768,
          "max_abs": 0,
          "max_rel": 0,
          "max_us": 167.3689008,
          "median_us": 164.3929005,
          "min_us": 162.1530056,
          "p05_us": 162.3897839,
          "p95_us": 167.1784997,
          "rows": 4,
          "split_count": 2,
          "submission": {
            "completion_in_host_wall": true,
            "queue_or_stream_count": 4,
            "recording_in_timed_region": false,
            "strategy": "multi_stream",
            "submit_in_host_wall": true
          },
          "timing": {
            "burst": {
              "dispatches_per_iteration": 2,
              "gpu_elapsed": {
                "clock": "hip_event",
                "per_iteration_us": {
                  "max": 167.3689008,
                  "median": 164.3929005,
                  "min": 162.1530056,
                  "n": 5,
                  "p05": 162.3897839,
                  "p95": 167.1784997,
                  "samples": 5,
                  "stdev": 1.9237784
                },
                "sequence_us": {
                  "max": 1673.689008,
                  "median": 1643.929005,
                  "min": 1621.530056,
                  "n": 5,
                  "p05": 1623.897839,
                  "p95": 1671.784997,
                  "samples": 5,
                  "stdev": 19.237784
                },
                "status": "ok"
              },
              "host_wall": {
                "clock": "steady_clock",
                "per_iteration_us": {
                  "max": 170.4155,
                  "median": 167.5085,
                  "min": 165.2265,
                  "n": 5,
                  "p05": 165.4695,
                  "p95": 170.23032,
                  "samples": 5,
                  "stdev": 1.910374489
                },
                "sequence_us": {
                  "max": 1704.155,
                  "median": 1675.085,
                  "min": 1652.265,
                  "n": 5,
                  "p05": 1654.695,
                  "p95": 1702.3032,
                  "samples": 5,
                  "stdev": 19.10374489
                },
                "status": "ok"
              },
              "logical_iterations": 10
            },
            "single": {
              "dispatches_per_iteration": 2,
              "gpu_elapsed": {
                "clock": "hip_event",
                "per_iteration_us": {
                  "max": 414.2830074,
                  "median": 413.3619964,
                  "min": 407.1219862,
                  "n": 5,
                  "p05": 408.0339909,
                  "p95": 414.1708076,
                  "samples": 5,
                  "stdev": 2.604717193
                },
                "sequence_us": {
                  "max": 414.2830074,
                  "median": 413.3619964,
                  "min": 407.1219862,
                  "n": 5,
                  "p05": 408.0339909,
                  "p95": 414.1708076,
                  "samples": 5,
                  "stdev": 2.604717193
                },
                "status": "ok"
              },
              "host_wall": {
                "clock": "steady_clock",
                "per_iteration_us": {
                  "max": 445.826,
                  "median": 444.596,
                  "min": 437.516,
                  "n": 5,
                  "p05": 438.4402,
                  "p95": 445.6182,
                  "samples": 5,
                  "stdev": 2.984696876
                },
                "sequence_us": {
                  "max": 445.826,
                  "median": 444.596,
                  "min": 437.516,
                  "n": 5,
                  "p05": 438.4402,
                  "p95": 445.6182,
                  "samples": 5,
                  "stdev": 2.984696876
                },
                "status": "ok"
              },
              "logical_iterations": 1
            }
          },
          "timing_mode": "independent_throughput",
          "workgroup_size": 128
        },
        {
          "body_repeats": 16,
          "bytes_per_us": 6721.428627,
          "correctness": {
            "single_dispatch": {
              "oracle": "deterministic CPU two-stage reference with sequence tag",
              "status": "pass"
            },
            "synchronization": {
              "barrier_count": 0,
              "method": "round_robin_stream_lanes_with_intra_operation_order",
              "status": "pass"
            },
            "timed_sequence": {
              "coverage": "all_dispatches",
              "logical_iterations": 10,
              "oracle": "deterministic CPU two-stage reference with sequence tag",
              "status": "pass"
            }
          },
          "correctness_pass": true,
          "dependency_contract": {
            "inter_dispatch_ordering": "hip_round_robin_stream_order",
            "output_partitioning": "disjoint",
            "validation_status": "pass",
            "work_dependency": "independent"
          },
          "gflops": 43.01294273,
          "k": 32768,
          "max_abs": 0,
          "max_rel": 0,
          "max_us": 97.74860144,
          "median_us": 97.51260281,
          "min_us": 90.26849866,
          "p05_us": 91.68211937,
          "p95_us": 97.72618055,
          "rows": 4,
          "split_count": 4,
          "submission": {
            "completion_in_host_wall": true,
            "queue_or_stream_count": 4,
            "recording_in_timed_region": false,
            "strategy": "multi_stream",
            "submit_in_host_wall": true
          },
          "timing": {
            "burst": {
              "dispatches_per_iteration": 2,
              "gpu_elapsed": {
                "clock": "hip_event",
                "per_iteration_us": {
                  "max": 97.74860144,
                  "median": 97.51260281,
                  "min": 90.26849866,
                  "n": 5,
                  "p05": 91.68211937,
                  "p95": 97.72618055,
                  "samples": 5,
                  "stdev": 2.91923784
                },
                "sequence_us": {
                  "max": 977.4860144,
                  "median": 975.1260281,
                  "min": 902.6849866,
                  "n": 5,
                  "p05": 916.8211937,
                  "p95": 977.2618055,
                  "samples": 5,
                  "stdev": 29.1923784
                },
                "status": "ok"
              },
              "host_wall": {
                "clock": "steady_clock",
                "per_iteration_us": {
                  "max": 100.9195,
                  "median": 100.5535,
                  "min": 92.0884,
                  "n": 5,
                  "p05": 93.78002,
                  "p95": 100.8971,
                  "samples": 5,
                  "stdev": 3.450372273
                },
                "sequence_us": {
                  "max": 1009.195,
                  "median": 1005.535,
                  "min": 920.884,
                  "n": 5,
                  "p05": 937.8002,
                  "p95": 1008.971,
                  "samples": 5,
                  "stdev": 34.50372273
                },
                "status": "ok"
              },
              "logical_iterations": 10
            },
            "single": {
              "dispatches_per_iteration": 2,
              "gpu_elapsed": {
                "clock": "hip_event",
                "per_iteration_us": {
                  "max": 274.1219997,
                  "median": 273.8809884,
                  "min": 271.9610035,
                  "n": 5,
                  "p05": 272.0650017,
                  "p95": 274.0740001,
                  "samples": 5,
                  "stdev": 0.8728862344
                },
                "sequence_us": {
                  "max": 274.1219997,
                  "median": 273.8809884,
                  "min": 271.9610035,
                  "n": 5,
                  "p05": 272.0650017,
                  "p95": 274.0740001,
                  "samples": 5,
                  "stdev": 0.8728862344
                },
                "status": "ok"
              },
              "host_wall": {
                "clock": "steady_clock",
                "per_iteration_us": {
                  "max": 305.394,
                  "median": 304.544,
                  "min": 302.764,
                  "n": 5,
                  "p05": 303.0222,
                  "p95": 305.3602,
                  "samples": 5,
                  "stdev": 0.9470853393
                },
                "sequence_us": {
                  "max": 305.394,
                  "median": 304.544,
                  "min": 302.764,
                  "n": 5,
                  "p05": 303.0222,
                  "p95": 305.3602,
                  "samples": 5,
                  "stdev": 0.9470853393
                },
                "status": "ok"
              },
              "logical_iterations": 1
            }
          },
          "timing_mode": "independent_throughput",
          "workgroup_size": 128
        }
      ],
      "run_tag": "hip-two-stage-reduction",
      "status": "diagnostic"
    },
    "hip:wg256": {
      "backend": "hip",
      "config": {
        "body_repeats": 16,
        "hip_fixed_workgroup_size": 256,
        "independent_streams": 4,
        "k_list": [
          8192,
          32768
        ],
        "method": "two dispatches per repetition: block partials plus final reduction",
        "reps": 10,
        "rows_list": [
          1,
          4
        ],
        "samples": 5,
        "split_counts": [
          2,
          4
        ],
        "timing_mode": "independent_throughput",
        "warmup": 3,
        "workgroups": [
          256
        ]
      },
      "hardware": {
        "device_name": "AMD Radeon Graphics",
        "gcn_arch_name": "gfx1201",
        "multi_processor_count": 32
      },
      "rows": [
        {
          "body_repeats": 16,
          "bytes_per_us": 1316.24502,
          "correctness": {
            "single_dispatch": {
              "oracle": "deterministic CPU two-stage reference with sequence tag",
              "status": "pass"
            },
            "synchronization": {
              "barrier_count": 0,
              "method": "round_robin_stream_lanes_with_intra_operation_order",
              "status": "pass"
            },
            "timed_sequence": {
              "coverage": "all_dispatches",
              "logical_iterations": 10,
              "oracle": "deterministic CPU two-stage reference with sequence tag",
              "status": "pass"
            }
          },
          "correctness_pass": true,
          "dependency_contract": {
            "inter_dispatch_ordering": "hip_round_robin_stream_order",
            "output_partitioning": "disjoint",
            "validation_status": "pass",
            "work_dependency": "independent"
          },
          "gflops": 5.264337461,
          "k": 8192,
          "max_abs": 0,
          "max_rel": 0,
          "max_us": 49.88029897,
          "median_us": 49.7961998,
          "min_us": 44.10020113,
          "p05_us": 44.141801,
          "p95_us": 49.87547934,
          "rows": 1,
          "split_count": 2,
          "submission": {
            "completion_in_host_wall": true,
            "queue_or_stream_count": 4,
            "recording_in_timed_region": false,
            "strategy": "multi_stream",
            "submit_in_host_wall": true
          },
          "timing": {
            "burst": {
              "dispatches_per_iteration": 2,
              "gpu_elapsed": {
                "clock": "hip_event",
                "per_iteration_us": {
                  "max": 49.88029897,
                  "median": 49.7961998,
                  "min": 44.10020113,
                  "n": 5,
                  "p05": 44.141801,
                  "p95": 49.87547934,
                  "samples": 5,
                  "stdev": 2.763958809
                },
                "sequence_us": {
                  "max": 498.8029897,
                  "median": 497.961998,
                  "min": 441.0020113,
                  "n": 5,
                  "p05": 441.41801,
                  "p95": 498.7547934,
                  "samples": 5,
                  "stdev": 27.63958809
                },
                "status": "ok"
              },
              "host_wall": {
                "clock": "steady_clock",
                "per_iteration_us": {
                  "max": 51.7188,
                  "median": 51.6128,
                  "min": 45.9187,
                  "n": 5,
                  "p05": 45.9659,
                  "p95": 51.7094,
                  "samples": 5,
                  "stdev": 2.759878064
                },
                "sequence_us": {
                  "max": 517.188,
                  "median": 516.128,
                  "min": 459.187,
                  "n": 5,
                  "p05": 459.659,
                  "p95": 517.094,
                  "samples": 5,
                  "stdev": 27.59878064
                },
                "status": "ok"
              },
              "logical_iterations": 10
            },
            "single": {
              "dispatches_per_iteration": 2,
              "gpu_elapsed": {
                "clock": "hip_event",
                "per_iteration_us": {
                  "max": 273.9219964,
                  "median": 141.1200017,
                  "min": 110.5210036,
                  "n": 5,
                  "p05": 116.2328035,
                  "p95": 265.1055962,
                  "samples": 5,
                  "stdev": 62.14935312
                },
                "sequence_us": {
                  "max": 273.9219964,
                  "median": 141.1200017,
                  "min": 110.5210036,
                  "n": 5,
                  "p05": 116.2328035,
                  "p95": 265.1055962,
                  "samples": 5,
                  "stdev": 62.14935312
                },
                "status": "ok"
              },
              "host_wall": {
                "clock": "steady_clock",
                "per_iteration_us": {
                  "max": 499.107,
                  "median": 158.922,
                  "min": 128.482,
                  "n": 5,
                  "p05": 134.2522,
                  "p95": 458.0786,
                  "samples": 5,
                  "stdev": 138.2797844
                },
                "sequence_us": {
                  "max": 499.107,
                  "median": 158.922,
                  "min": 128.482,
                  "n": 5,
                  "p05": 134.2522,
                  "p95": 458.0786,
                  "samples": 5,
                  "stdev": 138.2797844
                },
                "status": "ok"
              },
              "logical_iterations": 1
            }
          },
          "timing_mode": "independent_throughput",
          "workgroup_size": 256
        },
        {
          "body_repeats": 16,
          "bytes_per_us": 1907.094916,
          "correctness": {
            "single_dispatch": {
              "oracle": "deterministic CPU two-stage reference with sequence tag",
              "status": "pass"
            },
            "synchronization": {
              "barrier_count": 0,
              "method": "round_robin_stream_lanes_with_intra_operation_order",
              "status": "pass"
            },
            "timed_sequence": {
              "coverage": "all_dispatches",
              "logical_iterations": 10,
              "oracle": "deterministic CPU two-stage reference with sequence tag",
              "status": "pass"
            }
          },
          "correctness_pass": true,
          "dependency_contract": {
            "inter_dispatch_ordering": "hip_round_robin_stream_order",
            "output_partitioning": "disjoint",
            "validation_status": "pass",
            "work_dependency": "independent"
          },
          "gflops": 7.62651772,
          "k": 8192,
          "max_abs": 0,
          "max_rel": 0,
          "max_us": 35.65270007,
          "median_us": 34.37269926,
          "min_us": 34.27670002,
          "p05_us": 34.29030001,
          "p95_us": 35.39910018,
          "rows": 1,
          "split_count": 4,
          "submission": {
            "completion_in_host_wall": true,
            "queue_or_stream_count": 4,
            "recording_in_timed_region": false,
            "strategy": "multi_stream",
            "submit_in_host_wall": true
          },
          "timing": {
            "burst": {
              "dispatches_per_iteration": 2,
              "gpu_elapsed": {
                "clock": "hip_event",
                "per_iteration_us": {
                  "max": 35.65270007,
                  "median": 34.37269926,
                  "min": 34.27670002,
                  "n": 5,
                  "p05": 34.29030001,
                  "p95": 35.39910018,
                  "samples": 5,
                  "stdev": 0.524537776
                },
                "sequence_us": {
                  "max": 356.5270007,
                  "median": 343.7269926,
                  "min": 342.7670002,
                  "n": 5,
                  "p05": 342.9030001,
                  "p95": 353.9910018,
                  "samples": 5,
                  "stdev": 5.24537776
                },
                "status": "ok"
              },
              "host_wall": {
                "clock": "steady_clock",
                "per_iteration_us": {
                  "max": 39.0826,
                  "median": 37.3546,
                  "min": 37.3476,
                  "n": 5,
                  "p05": 37.34838,
                  "p95": 38.746,
                  "samples": 5,
                  "stdev": 0.6879686516
                },
                "sequence_us": {
                  "max": 390.826,
                  "median": 373.546,
                  "min": 373.476,
                  "n": 5,
                  "p05": 373.4838,
                  "p95": 387.46,
                  "samples": 5,
                  "stdev": 6.879686516
                },
                "status": "ok"
              },
              "logical_iterations": 10
            },
            "single": {
              "dispatches_per_iteration": 2,
              "gpu_elapsed": {
                "clock": "hip_event",
                "per_iteration_us": {
                  "max": 221.5629965,
                  "median": 170.6030071,
                  "min": 169.6839929,
                  "n": 5,
                  "p05": 169.7877944,
                  "p95": 214.6111965,
                  "samples": 5,
                  "stdev": 19.96679489
                },
                "sequence_us": {
                  "max": 221.5629965,
                  "median": 170.6030071,
                  "min": 169.6839929,
                  "n": 5,
                  "p05": 169.7877944,
                  "p95": 214.6111965,
                  "samples": 5,
                  "stdev": 19.96679489
                },
                "status": "ok"
              },
              "host_wall": {
                "clock": "steady_clock",
                "per_iteration_us": {
                  "max": 262.064,
                  "median": 206.424,
                  "min": 204.593,
                  "n": 5,
                  "p05": 204.811,
                  "p95": 255.7358,
                  "samples": 5,
                  "stdev": 22.30604736
                },
                "sequence_us": {
                  "max": 262.064,
                  "median": 206.424,
                  "min": 204.593,
                  "n": 5,
                  "p05": 204.811,
                  "p95": 255.7358,
                  "samples": 5,
                  "stdev": 22.30604736
                },
                "status": "ok"
              },
              "logical_iterations": 1
            }
          },
          "timing_mode": "independent_throughput",
          "workgroup_size": 256
        },
        {
          "body_repeats": 16,
          "bytes_per_us": 4015.269914,
          "correctness": {
            "single_dispatch": {
              "oracle": "deterministic CPU two-stage reference with sequence tag",
              "status": "pass"
            },
            "synchronization": {
              "barrier_count": 0,
              "method": "round_robin_stream_lanes_with_intra_operation_order",
              "status": "pass"
            },
            "timed_sequence": {
              "coverage": "all_dispatches",
              "logical_iterations": 10,
              "oracle": "deterministic CPU two-stage reference with sequence tag",
              "status": "pass"
            }
          },
          "correctness_pass": true,
          "dependency_contract": {
            "inter_dispatch_ordering": "hip_round_robin_stream_order",
            "output_partitioning": "disjoint",
            "validation_status": "pass",
            "work_dependency": "independent"
          },
          "gflops": 25.69270934,
          "k": 8192,
          "max_abs": 0,
          "max_rel": 0,
          "max_us": 41.00820124,
          "median_us": 40.81220031,
          "min_us": 38.38019967,
          "p05_us": 38.46179962,
          "p95_us": 40.98420084,
          "rows": 4,
          "split_count": 2,
          "submission": {
            "completion_in_host_wall": true,
            "queue_or_stream_count": 4,
            "recording_in_timed_region": false,
            "strategy": "multi_stream",
            "submit_in_host_wall": true
          },
          "timing": {
            "burst": {
              "dispatches_per_iteration": 2,
              "gpu_elapsed": {
                "clock": "hip_event",
                "per_iteration_us": {
                  "max": 41.00820124,
                  "median": 40.81220031,
                  "min": 38.38019967,
                  "n": 5,
                  "p05": 38.46179962,
                  "p95": 40.98420084,
                  "samples": 5,
                  "stdev": 1.144921382
                },
                "sequence_us": {
                  "max": 410.0820124,
                  "median": 408.1220031,
                  "min": 383.8019967,
                  "n": 5,
                  "p05": 384.6179962,
                  "p95": 409.8420084,
                  "samples": 5,
                  "stdev": 11.44921382
                },
                "status": "ok"
              },
              "host_wall": {
                "clock": "steady_clock",
                "per_iteration_us": {
                  "max": 44.0627,
                  "median": 43.8696,
                  "min": 41.4196,
                  "n": 5,
                  "p05": 41.50322,
                  "p95": 44.0469,
                  "samples": 5,
                  "stdev": 1.15722081
                },
                "sequence_us": {
                  "max": 440.627,
                  "median": 438.696,
                  "min": 414.196,
                  "n": 5,
                  "p05": 415.0322,
                  "p95": 440.469,
                  "samples": 5,
                  "stdev": 11.5722081
                },
                "status": "ok"
              },
              "logical_iterations": 10
            },
            "single": {
              "dispatches_per_iteration": 2,
              "gpu_elapsed": {
                "clock": "hip_event",
                "per_iteration_us": {
                  "max": 160.2409929,
                  "median": 159.841001,
                  "min": 147.5200057,
                  "n": 5,
                  "p05": 149.7842044,
                  "p95": 160.2009952,
                  "samples": 5,
                  "stdev": 4.912069746
                },
                "sequence_us": {
                  "max": 160.2409929,
                  "median": 159.841001,
                  "min": 147.5200057,
                  "n": 5,
                  "p05": 149.7842044,
                  "p95": 160.2009952,
                  "samples": 5,
                  "stdev": 4.912069746
                },
                "status": "ok"
              },
              "host_wall": {
                "clock": "steady_clock",
                "per_iteration_us": {
                  "max": 191.033,
                  "median": 190.923,
                  "min": 167.252,
                  "n": 5,
                  "p05": 171.5762,
                  "p95": 191.023,
                  "samples": 5,
                  "stdev": 9.316262349
                },
                "sequence_us": {
                  "max": 191.033,
                  "median": 190.923,
                  "min": 167.252,
                  "n": 5,
                  "p05": 171.5762,
                  "p95": 191.023,
                  "samples": 5,
                  "stdev": 9.316262349
                },
                "status": "ok"
              },
              "logical_iterations": 1
            }
          },
          "timing_mode": "independent_throughput",
          "workgroup_size": 256
        },
        {
          "body_repeats": 16,
          "bytes_per_us": 4774.616591,
          "correctness": {
            "single_dispatch": {
              "oracle": "deterministic CPU two-stage reference with sequence tag",
              "status": "pass"
            },
            "synchronization": {
              "barrier_count": 0,
              "method": "round_robin_stream_lanes_with_intra_operation_order",
              "status": "pass"
            },
            "timed_sequence": {
              "coverage": "all_dispatches",
              "logical_iterations": 10,
              "oracle": "deterministic CPU two-stage reference with sequence tag",
              "status": "pass"
            }
          },
          "correctness_pass": true,
          "dependency_contract": {
            "inter_dispatch_ordering": "hip_round_robin_stream_order",
            "output_partitioning": "disjoint",
            "validation_status": "pass",
            "work_dependency": "independent"
          },
          "gflops": 30.5456143,
          "k": 8192,
          "max_abs": 0,
          "max_rel": 0,
          "max_us": 34.43619907,
          "median_us": 34.32820141,
          "min_us": 34.25210118,
          "p05_us": 34.26730096,
          "p95_us": 34.42977905,
          "rows": 4,
          "split_count": 4,
          "submission": {
            "completion_in_host_wall": true,
            "queue_or_stream_count": 4,
            "recording_in_timed_region": false,
            "strategy": "multi_stream",
            "submit_in_host_wall": true
          },
          "timing": {
            "burst": {
              "dispatches_per_iteration": 2,
              "gpu_elapsed": {
                "clock": "hip_event",
                "per_iteration_us": {
                  "max": 34.43619907,
                  "median": 34.32820141,
                  "min": 34.25210118,
                  "n": 5,
                  "p05": 34.26730096,
                  "p95": 34.42977905,
                  "samples": 5,
                  "stdev": 0.06464612189
                },
                "sequence_us": {
                  "max": 344.3619907,
                  "median": 343.2820141,
                  "min": 342.5210118,
                  "n": 5,
                  "p05": 342.6730096,
                  "p95": 344.2977905,
                  "samples": 5,
                  "stdev": 0.6464612189
                },
                "status": "ok"
              },
              "host_wall": {
                "clock": "steady_clock",
                "per_iteration_us": {
                  "max": 37.4655,
                  "median": 37.3896,
                  "min": 37.2845,
                  "n": 5,
                  "p05": 37.30412,
                  "p95": 37.46012,
                  "samples": 5,
                  "stdev": 0.06200653514
                },
                "sequence_us": {
                  "max": 374.655,
                  "median": 373.896,
                  "min": 372.845,
                  "n": 5,
                  "p05": 373.0412,
                  "p95": 374.6012,
                  "samples": 5,
                  "stdev": 0.6200653514
                },
                "status": "ok"
              },
              "logical_iterations": 10
            },
            "single": {
              "dispatches_per_iteration": 2,
              "gpu_elapsed": {
                "clock": "hip_event",
                "per_iteration_us": {
                  "max": 151.0010064,
                  "median": 150.2809972,
                  "min": 148.5999972,
                  "n": 5,
                  "p05": 148.6321986,
                  "p95": 150.9530038,
                  "samples": 5,
                  "stdev": 1.008380775
                },
                "sequence_us": {
                  "max": 151.0010064,
                  "median": 150.2809972,
                  "min": 148.5999972,
                  "n": 5,
                  "p05": 148.6321986,
                  "p95": 150.9530038,
                  "samples": 5,
                  "stdev": 1.008380775
                },
                "status": "ok"
              },
              "host_wall": {
                "clock": "steady_clock",
                "per_iteration_us": {
                  "max": 181.903,
                  "median": 181.182,
                  "min": 179.122,
                  "n": 5,
                  "p05": 179.4502,
                  "p95": 181.783,
                  "samples": 5,
                  "stdev": 0.9399669356
                },
                "sequence_us": {
                  "max": 181.903,
                  "median": 181.182,
                  "min": 179.122,
                  "n": 5,
                  "p05": 179.4502,
                  "p95": 181.783,
                  "samples": 5,
                  "stdev": 0.9399669356
                },
                "status": "ok"
              },
              "logical_iterations": 1
            }
          },
          "timing_mode": "independent_throughput",
          "workgroup_size": 256
        },
        {
          "body_repeats": 16,
          "bytes_per_us": 2668.580383,
          "correctness": {
            "single_dispatch": {
              "oracle": "deterministic CPU two-stage reference with sequence tag",
              "status": "pass"
            },
            "synchronization": {
              "barrier_count": 0,
              "method": "round_robin_stream_lanes_with_intra_operation_order",
              "status": "pass"
            },
            "timed_sequence": {
              "coverage": "all_dispatches",
              "logical_iterations": 10,
              "oracle": "deterministic CPU two-stage reference with sequence tag",
              "status": "pass"
            }
          },
          "correctness_pass": true,
          "dependency_contract": {
            "inter_dispatch_ordering": "hip_round_robin_stream_order",
            "output_partitioning": "disjoint",
            "validation_status": "pass",
            "work_dependency": "independent"
          },
          "gflops": 10.67399579,
          "k": 32768,
          "max_abs": 0,
          "max_rel": 0,
          "max_us": 98.55650067,
          "median_us": 98.23650122,
          "min_us": 92.46839881,
          "p05_us": 93.58841896,
          "p95_us": 98.49330068,
          "rows": 1,
          "split_count": 2,
          "submission": {
            "completion_in_host_wall": true,
            "queue_or_stream_count": 4,
            "recording_in_timed_region": false,
            "strategy": "multi_stream",
            "submit_in_host_wall": true
          },
          "timing": {
            "burst": {
              "dispatches_per_iteration": 2,
              "gpu_elapsed": {
                "clock": "hip_event",
                "per_iteration_us": {
                  "max": 98.55650067,
                  "median": 98.23650122,
                  "min": 92.46839881,
                  "n": 5,
                  "p05": 93.58841896,
                  "p95": 98.49330068,
                  "samples": 5,
                  "stdev": 2.328196761
                },
                "sequence_us": {
                  "max": 985.5650067,
                  "median": 982.3650122,
                  "min": 924.6839881,
                  "n": 5,
                  "p05": 935.8841896,
                  "p95": 984.9330068,
                  "samples": 5,
                  "stdev": 23.28196761
                },
                "status": "ok"
              },
              "host_wall": {
                "clock": "steady_clock",
                "per_iteration_us": {
                  "max": 101.6766,
                  "median": 101.3065,
                  "min": 95.4964,
                  "n": 5,
                  "p05": 96.62342,
                  "p95": 101.61238,
                  "samples": 5,
                  "stdev": 2.355045257
                },
                "sequence_us": {
                  "max": 1016.766,
                  "median": 1013.065,
                  "min": 954.964,
                  "n": 5,
                  "p05": 966.2342,
                  "p95": 1016.1238,
                  "samples": 5,
                  "stdev": 23.55045257
                },
                "status": "ok"
              },
              "logical_iterations": 10
            },
            "single": {
              "dispatches_per_iteration": 2,
              "gpu_elapsed": {
                "clock": "hip_event",
                "per_iteration_us": {
                  "max": 277.9220045,
                  "median": 273.1609941,
                  "min": 272.6410031,
                  "n": 5,
                  "p05": 272.7292001,
                  "p95": 277.3700058,
                  "samples": 5,
                  "stdev": 1.967299321
                },
                "sequence_us": {
                  "max": 277.9220045,
                  "median": 273.1609941,
                  "min": 272.6410031,
                  "n": 5,
                  "p05": 272.7292001,
                  "p95": 277.3700058,
                  "samples": 5,
                  "stdev": 1.967299321
                },
                "status": "ok"
              },
              "host_wall": {
                "clock": "steady_clock",
                "per_iteration_us": {
                  "max": 308.245,
                  "median": 305.095,
                  "min": 302.924,
                  "n": 5,
                  "p05": 303.2162,
                  "p95": 307.753,
                  "samples": 5,
                  "stdev": 1.756815574
                },
                "sequence_us": {
                  "max": 308.245,
                  "median": 305.095,
                  "min": 302.924,
                  "n": 5,
                  "p05": 303.2162,
                  "p95": 307.753,
                  "samples": 5,
                  "stdev": 1.756815574
                },
                "status": "ok"
              },
              "logical_iterations": 1
            }
          },
          "timing_mode": "independent_throughput",
          "workgroup_size": 256
        },
        {
          "body_repeats": 16,
          "bytes_per_us": 4178.488034,
          "correctness": {
            "single_dispatch": {
              "oracle": "deterministic CPU two-stage reference with sequence tag",
              "status": "pass"
            },
            "synchronization": {
              "barrier_count": 0,
              "method": "round_robin_stream_lanes_with_intra_operation_order",
              "status": "pass"
            },
            "timed_sequence": {
              "coverage": "all_dispatches",
              "logical_iterations": 10,
              "oracle": "deterministic CPU two-stage reference with sequence tag",
              "status": "pass"
            }
          },
          "correctness_pass": true,
          "dependency_contract": {
            "inter_dispatch_ordering": "hip_round_robin_stream_order",
            "output_partitioning": "disjoint",
            "validation_status": "pass",
            "work_dependency": "independent"
          },
          "gflops": 16.71293206,
          "k": 32768,
          "max_abs": 0,
          "max_rel": 0,
          "max_us": 62.82839775,
          "median_us": 62.74039745,
          "min_us": 59.99640226,
          "p05_us": 60.50198197,
          "p95_us": 62.8219986,
          "rows": 1,
          "split_count": 4,
          "submission": {
            "completion_in_host_wall": true,
            "queue_or_stream_count": 4,
            "recording_in_timed_region": false,
            "strategy": "multi_stream",
            "submit_in_host_wall": true
          },
          "timing": {
            "burst": {
              "dispatches_per_iteration": 2,
              "gpu_elapsed": {
                "clock": "hip_event",
                "per_iteration_us": {
                  "max": 62.82839775,
                  "median": 62.74039745,
                  "min": 59.99640226,
                  "n": 5,
                  "p05": 60.50198197,
                  "p95": 62.8219986,
                  "samples": 5,
                  "stdev": 1.095538106
                },
                "sequence_us": {
                  "max": 628.2839775,
                  "median": 627.4039745,
                  "min": 599.9640226,
                  "n": 5,
                  "p05": 605.0198197,
                  "p95": 628.219986,
                  "samples": 5,
                  "stdev": 10.95538106
                },
                "status": "ok"
              },
              "host_wall": {
                "clock": "steady_clock",
                "per_iteration_us": {
                  "max": 65.875,
                  "median": 65.771,
                  "min": 63.0359,
                  "n": 5,
                  "p05": 63.54012,
                  "p95": 65.8656,
                  "samples": 5,
                  "stdev": 1.094160197
                },
                "sequence_us": {
                  "max": 658.75,
                  "median": 657.71,
                  "min": 630.359,
                  "n": 5,
                  "p05": 635.4012,
                  "p95": 658.656,
                  "samples": 5,
                  "stdev": 10.94160197
                },
                "status": "ok"
              },
              "logical_iterations": 10
            },
            "single": {
              "dispatches_per_iteration": 2,
              "gpu_elapsed": {
                "clock": "hip_event",
                "per_iteration_us": {
                  "max": 204.1610032,
                  "median": 203.4810036,
                  "min": 203.0410022,
                  "n": 5,
                  "p05": 203.0730009,
                  "p95": 204.1370034,
                  "samples": 5,
                  "stdev": 0.4458536905
                },
                "sequence_us": {
                  "max": 204.1610032,
                  "median": 203.4810036,
                  "min": 203.0410022,
                  "n": 5,
                  "p05": 203.0730009,
                  "p95": 204.1370034,
                  "samples": 5,
                  "stdev": 0.4458536905
                },
                "status": "ok"
              },
              "host_wall": {
                "clock": "steady_clock",
                "per_iteration_us": {
                  "max": 236.023,
                  "median": 234.574,
                  "min": 233.963,
                  "n": 5,
                  "p05": 234.0192,
                  "p95": 235.8192,
                  "samples": 5,
                  "stdev": 0.7198268125
                },
                "sequence_us": {
                  "max": 236.023,
                  "median": 234.574,
                  "min": 233.963,
                  "n": 5,
                  "p05": 234.0192,
                  "p95": 235.8192,
                  "samples": 5,
                  "stdev": 0.7198268125
                },
                "status": "ok"
              },
              "logical_iterations": 1
            }
          },
          "timing_mode": "independent_throughput",
          "workgroup_size": 256
        },
        {
          "body_repeats": 16,
          "bytes_per_us": 6644.248458,
          "correctness": {
            "single_dispatch": {
              "oracle": "deterministic CPU two-stage reference with sequence tag",
              "status": "pass"
            },
            "synchronization": {
              "barrier_count": 0,
              "method": "round_robin_stream_lanes_with_intra_operation_order",
              "status": "pass"
            },
            "timed_sequence": {
              "coverage": "all_dispatches",
              "logical_iterations": 10,
              "oracle": "deterministic CPU two-stage reference with sequence tag",
              "status": "pass"
            }
          },
          "correctness_pass": true,
          "dependency_contract": {
            "inter_dispatch_ordering": "hip_round_robin_stream_order",
            "output_partitioning": "disjoint",
            "validation_status": "pass",
            "work_dependency": "independent"
          },
          "gflops": 42.52111391,
          "k": 32768,
          "max_abs": 0,
          "max_rel": 0,
          "max_us": 98.78460169,
          "median_us": 98.6405015,
          "min_us": 98.55650067,
          "p05_us": 98.56210113,
          "p95_us": 98.75898123,
          "rows": 4,
          "split_count": 2,
          "submission": {
            "completion_in_host_wall": true,
            "queue_or_stream_count": 4,
            "recording_in_timed_region": false,
            "strategy": "multi_stream",
            "submit_in_host_wall": true
          },
          "timing": {
            "burst": {
              "dispatches_per_iteration": 2,
              "gpu_elapsed": {
                "clock": "hip_event",
                "per_iteration_us": {
                  "max": 98.78460169,
                  "median": 98.6405015,
                  "min": 98.55650067,
                  "n": 5,
                  "p05": 98.56210113,
                  "p95": 98.75898123,
                  "samples": 5,
                  "stdev": 0.07890751975
                },
                "sequence_us": {
                  "max": 987.8460169,
                  "median": 986.405015,
                  "min": 985.5650067,
                  "n": 5,
                  "p05": 985.6210113,
                  "p95": 987.5898123,
                  "samples": 5,
                  "stdev": 0.7890751975
                },
                "status": "ok"
              },
              "host_wall": {
                "clock": "steady_clock",
                "per_iteration_us": {
                  "max": 101.8655,
                  "median": 101.7246,
                  "min": 101.5805,
                  "n": 5,
                  "p05": 101.5991,
                  "p95": 101.83932,
                  "samples": 5,
                  "stdev": 0.09266750455
                },
                "sequence_us": {
                  "max": 1018.655,
                  "median": 1017.246,
                  "min": 1015.805,
                  "n": 5,
                  "p05": 1015.991,
                  "p95": 1018.3932,
                  "samples": 5,
                  "stdev": 0.9266750455
                },
                "status": "ok"
              },
              "logical_iterations": 10
            },
            "single": {
              "dispatches_per_iteration": 2,
              "gpu_elapsed": {
                "clock": "hip_event",
                "per_iteration_us": {
                  "max": 276.2010098,
                  "median": 274.8819888,
                  "min": 271.8819976,
                  "n": 5,
                  "p05": 272.2577989,
                  "p95": 276.1850059,
                  "samples": 5,
                  "stdev": 1.615111806
                },
                "sequence_us": {
                  "max": 276.2010098,
                  "median": 274.8819888,
                  "min": 271.8819976,
                  "n": 5,
                  "p05": 272.2577989,
                  "p95": 276.1850059,
                  "samples": 5,
                  "stdev": 1.615111806
                },
                "status": "ok"
              },
              "host_wall": {
                "clock": "steady_clock",
                "per_iteration_us": {
                  "max": 308.615,
                  "median": 305.685,
                  "min": 302.414,
                  "n": 5,
                  "p05": 302.876,
                  "p95": 308.217,
                  "samples": 5,
                  "stdev": 2.052571714
                },
                "sequence_us": {
                  "max": 308.615,
                  "median": 305.685,
                  "min": 302.414,
                  "n": 5,
                  "p05": 302.876,
                  "p95": 308.217,
                  "samples": 5,
                  "stdev": 2.052571714
                },
                "status": "ok"
              },
              "logical_iterations": 1
            }
          },
          "timing_mode": "independent_throughput",
          "workgroup_size": 256
        },
        {
          "body_repeats": 16,
          "bytes_per_us": 10413.40683,
          "correctness": {
            "single_dispatch": {
              "oracle": "deterministic CPU two-stage reference with sequence tag",
              "status": "pass"
            },
            "synchronization": {
              "barrier_count": 0,
              "method": "round_robin_stream_lanes_with_intra_operation_order",
              "status": "pass"
            },
            "timed_sequence": {
              "coverage": "all_dispatches",
              "logical_iterations": 10,
              "oracle": "deterministic CPU two-stage reference with sequence tag",
              "status": "pass"
            }
          },
          "correctness_pass": true,
          "dependency_contract": {
            "inter_dispatch_ordering": "hip_round_robin_stream_order",
            "output_partitioning": "disjoint",
            "validation_status": "pass",
            "work_dependency": "independent"
          },
          "gflops": 66.63929597,
          "k": 32768,
          "max_abs": 0,
          "max_rel": 0,
          "max_us": 63.04839849,
          "median_us": 62.94040084,
          "min_us": 62.81629801,
          "p05_us": 62.82589793,
          "p95_us": 63.03559899,
          "rows": 4,
          "split_count": 4,
          "submission": {
            "completion_in_host_wall": true,
            "queue_or_stream_count": 4,
            "recording_in_timed_region": false,
            "strategy": "multi_stream",
            "submit_in_host_wall": true
          },
          "timing": {
            "burst": {
              "dispatches_per_iteration": 2,
              "gpu_elapsed": {
                "clock": "hip_event",
                "per_iteration_us": {
                  "max": 63.04839849,
                  "median": 62.94040084,
                  "min": 62.81629801,
                  "n": 5,
                  "p05": 62.82589793,
                  "p95": 63.03559899,
                  "samples": 5,
                  "stdev": 0.08285880909
                },
                "sequence_us": {
                  "max": 630.4839849,
                  "median": 629.4040084,
                  "min": 628.1629801,
                  "n": 5,
                  "p05": 628.2589793,
                  "p95": 630.3559899,
                  "samples": 5,
                  "stdev": 0.8285880909
                },
                "status": "ok"
              },
              "host_wall": {
                "clock": "steady_clock",
                "per_iteration_us": {
                  "max": 66.0979,
                  "median": 65.995,
                  "min": 65.846,
                  "n": 5,
                  "p05": 65.8586,
                  "p95": 66.08412,
                  "samples": 5,
                  "stdev": 0.08878816137
                },
                "sequence_us": {
                  "max": 660.979,
                  "median": 659.95,
                  "min": 658.46,
                  "n": 5,
                  "p05": 658.586,
                  "p95": 660.8412,
                  "samples": 5,
                  "stdev": 0.8878816137
                },
                "status": "ok"
              },
              "logical_iterations": 10
            },
            "single": {
              "dispatches_per_iteration": 2,
              "gpu_elapsed": {
                "clock": "hip_event",
                "per_iteration_us": {
                  "max": 203.9609998,
                  "median": 203.6409974,
                  "min": 202.601999,
                  "n": 5,
                  "p05": 202.7457982,
                  "p95": 203.9130002,
                  "samples": 5,
                  "stdev": 0.4704864516
                },
                "sequence_us": {
                  "max": 203.9609998,
                  "median": 203.6409974,
                  "min": 202.601999,
                  "n": 5,
                  "p05": 202.7457982,
                  "p95": 203.9130002,
                  "samples": 5,
                  "stdev": 0.4704864516
                },
                "status": "ok"
              },
              "host_wall": {
                "clock": "steady_clock",
                "per_iteration_us": {
                  "max": 235.704,
                  "median": 234.343,
                  "min": 232.594,
                  "n": 5,
                  "p05": 232.8438,
                  "p95": 235.556,
                  "samples": 5,
                  "stdev": 1.051922545
                },
                "sequence_us": {
                  "max": 235.704,
                  "median": 234.343,
                  "min": 232.594,
                  "n": 5,
                  "p05": 232.8438,
                  "p95": 235.556,
                  "samples": 5,
                  "stdev": 1.051922545
                },
                "status": "ok"
              },
              "logical_iterations": 1
            }
          },
          "timing_mode": "independent_throughput",
          "workgroup_size": 256
        }
      ],
      "run_tag": "hip-two-stage-reduction",
      "status": "diagnostic"
    }
  },
  "rows": [
    {
      "backend": "hip",
      "body_repeats": 16,
      "bytes_per_us": 1060.506987,
      "correctness": {
        "single_dispatch": {
          "oracle": "deterministic CPU two-stage reference with sequence tag",
          "status": "pass"
        },
        "synchronization": {
          "barrier_count": 0,
          "method": "round_robin_stream_lanes_with_intra_operation_order",
          "status": "pass"
        },
        "timed_sequence": {
          "coverage": "all_dispatches",
          "logical_iterations": 10,
          "oracle": "deterministic CPU two-stage reference with sequence tag",
          "status": "pass"
        }
      },
      "correctness_pass": true,
      "dependency_contract": {
        "inter_dispatch_ordering": "hip_round_robin_stream_order",
        "output_partitioning": "disjoint",
        "validation_status": "pass",
        "work_dependency": "independent"
      },
      "gflops": 4.241510185,
      "k": 8192,
      "max_abs": 0,
      "max_rel": 0,
      "max_us": 61.98440194,
      "median_us": 61.80440187,
      "min_us": 61.62440181,
      "p05_us": 61.64680123,
      "p95_us": 61.95800185,
      "rows": 1,
      "split_count": 2,
      "submission": {
        "completion_in_host_wall": true,
        "queue_or_stream_count": 4,
        "recording_in_timed_region": false,
        "strategy": "multi_stream",
        "submit_in_host_wall": true
      },
      "timing": {
        "burst": {
          "dispatches_per_iteration": 2,
          "gpu_elapsed": {
            "clock": "hip_event",
            "per_iteration_us": {
              "max": 61.98440194,
              "median": 61.80440187,
              "min": 61.62440181,
              "n": 5,
              "p05": 61.64680123,
              "p95": 61.95800185,
              "samples": 5,
              "stdev": 0.1197066287
            },
            "sequence_us": {
              "max": 619.8440194,
              "median": 618.0440187,
              "min": 616.2440181,
              "n": 5,
              "p05": 616.4680123,
              "p95": 619.5800185,
              "samples": 5,
              "stdev": 1.197066287
            },
            "status": "ok"
          },
          "host_wall": {
            "clock": "steady_clock",
            "per_iteration_us": {
              "max": 63.821,
              "median": 63.601,
              "min": 63.4459,
              "n": 5,
              "p05": 63.46572,
              "p95": 63.78298,
              "samples": 5,
              "stdev": 0.1234381886
            },
            "sequence_us": {
              "max": 638.21,
              "median": 636.01,
              "min": 634.459,
              "n": 5,
              "p05": 634.6572,
              "p95": 637.8298,
              "samples": 5,
              "stdev": 1.234381886
            },
            "status": "ok"
          },
          "logical_iterations": 10
        },
        "single": {
          "dispatches_per_iteration": 2,
          "gpu_elapsed": {
            "clock": "hip_event",
            "per_iteration_us": {
              "max": 229.6810001,
              "median": 174.0809977,
              "min": 156.6410065,
              "n": 5,
              "p05": 156.697005,
              "p95": 224.0649998,
              "samples": 5,
              "stdev": 28.20103265
            },
            "sequence_us": {
              "max": 229.6810001,
              "median": 174.0809977,
              "min": 156.6410065,
              "n": 5,
              "p05": 156.697005,
              "p95": 224.0649998,
              "samples": 5,
              "stdev": 28.20103265
            },
            "status": "ok"
          },
          "host_wall": {
            "clock": "steady_clock",
            "per_iteration_us": {
              "max": 510.368,
              "median": 194.873,
              "min": 174.862,
              "n": 5,
              "p05": 175.1182,
              "p95": 452.7772,
              "samples": 5,
              "stdev": 128.4739392
            },
            "sequence_us": {
              "max": 510.368,
              "median": 194.873,
              "min": 174.862,
              "n": 5,
              "p05": 175.1182,
              "p95": 452.7772,
              "samples": 5,
              "stdev": 128.4739392
            },
            "status": "ok"
          },
          "logical_iterations": 1
        }
      },
      "timing_mode": "independent_throughput",
      "variant": "two_stage",
      "workgroup_size": 128,
      "workgroup_specialization": "fixed"
    },
    {
      "backend": "hip",
      "body_repeats": 16,
      "bytes_per_us": 1678.891922,
      "correctness": {
        "single_dispatch": {
          "oracle": "deterministic CPU two-stage reference with sequence tag",
          "status": "pass"
        },
        "synchronization": {
          "barrier_count": 0,
          "method": "round_robin_stream_lanes_with_intra_operation_order",
          "status": "pass"
        },
        "timed_sequence": {
          "coverage": "all_dispatches",
          "logical_iterations": 10,
          "oracle": "deterministic CPU two-stage reference with sequence tag",
          "status": "pass"
        }
      },
      "correctness_pass": true,
      "dependency_contract": {
        "inter_dispatch_ordering": "hip_round_robin_stream_order",
        "output_partitioning": "disjoint",
        "validation_status": "pass",
        "work_dependency": "independent"
      },
      "gflops": 6.713928546,
      "k": 8192,
      "max_abs": 0,
      "max_rel": 0,
      "max_us": 39.22469914,
      "median_us": 39.0448004,
      "min_us": 38.97680044,
      "p05_us": 38.98318052,
      "p95_us": 39.21751916,
      "rows": 1,
      "split_count": 4,
      "submission": {
        "completion_in_host_wall": true,
        "queue_or_stream_count": 4,
        "recording_in_timed_region": false,
        "strategy": "multi_stream",
        "submit_in_host_wall": true
      },
      "timing": {
        "burst": {
          "dispatches_per_iteration": 2,
          "gpu_elapsed": {
            "clock": "hip_event",
            "per_iteration_us": {
              "max": 39.22469914,
              "median": 39.0448004,
              "min": 38.97680044,
              "n": 5,
              "p05": 38.98318052,
              "p95": 39.21751916,
              "samples": 5,
              "stdev": 0.09936212614
            },
            "sequence_us": {
              "max": 392.2469914,
              "median": 390.448004,
              "min": 389.7680044,
              "n": 5,
              "p05": 389.8318052,
              "p95": 392.1751916,
              "samples": 5,
              "stdev": 0.9936212614
            },
            "status": "ok"
          },
          "host_wall": {
            "clock": "steady_clock",
            "per_iteration_us": {
              "max": 42.2536,
              "median": 42.1177,
              "min": 42.0487,
              "n": 5,
              "p05": 42.05468,
              "p95": 42.2488,
              "samples": 5,
              "stdev": 0.0817031358
            },
            "sequence_us": {
              "max": 422.536,
              "median": 421.177,
              "min": 420.487,
              "n": 5,
              "p05": 420.5468,
              "p95": 422.488,
              "samples": 5,
              "stdev": 0.817031358
            },
            "status": "ok"
          },
          "logical_iterations": 10
        },
        "single": {
          "dispatches_per_iteration": 2,
          "gpu_elapsed": {
            "clock": "hip_event",
            "per_iteration_us": {
              "max": 166.9619977,
              "median": 156.0429931,
              "min": 154.7629982,
              "n": 5,
              "p05": 154.8429996,
              "p95": 165.4101968,
              "samples": 5,
              "stdev": 4.54335587
            },
            "sequence_us": {
              "max": 166.9619977,
              "median": 156.0429931,
              "min": 154.7629982,
              "n": 5,
              "p05": 154.8429996,
              "p95": 165.4101968,
              "samples": 5,
              "stdev": 4.54335587
            },
            "status": "ok"
          },
          "host_wall": {
            "clock": "steady_clock",
            "per_iteration_us": {
              "max": 199.203,
              "median": 186.423,
              "min": 184.692,
              "n": 5,
              "p05": 184.9262,
              "p95": 197.331,
              "samples": 5,
              "stdev": 5.284746064
            },
            "sequence_us": {
              "max": 199.203,
              "median": 186.423,
              "min": 184.692,
              "n": 5,
              "p05": 184.9262,
              "p95": 197.331,
              "samples": 5,
              "stdev": 5.284746064
            },
            "status": "ok"
          },
          "logical_iterations": 1
        }
      },
      "timing_mode": "independent_throughput",
      "variant": "two_stage",
      "workgroup_size": 128,
      "workgroup_specialization": "fixed"
    },
    {
      "backend": "hip",
      "body_repeats": 16,
      "bytes_per_us": 3246.520181,
      "correctness": {
        "single_dispatch": {
          "oracle": "deterministic CPU two-stage reference with sequence tag",
          "status": "pass"
        },
        "synchronization": {
          "barrier_count": 0,
          "method": "round_robin_stream_lanes_with_intra_operation_order",
          "status": "pass"
        },
        "timed_sequence": {
          "coverage": "all_dispatches",
          "logical_iterations": 10,
          "oracle": "deterministic CPU two-stage reference with sequence tag",
          "status": "pass"
        }
      },
      "correctness_pass": true,
      "dependency_contract": {
        "inter_dispatch_ordering": "hip_round_robin_stream_order",
        "output_partitioning": "disjoint",
        "validation_status": "pass",
        "work_dependency": "independent"
      },
      "gflops": 20.7736718,
      "k": 8192,
      "max_abs": 0,
      "max_rel": 0,
      "max_us": 51.02419853,
      "median_us": 50.47619939,
      "min_us": 46.50819898,
      "p05_us": 46.52099907,
      "p95_us": 50.99621892,
      "rows": 4,
      "split_count": 2,
      "submission": {
        "completion_in_host_wall": true,
        "queue_or_stream_count": 4,
        "recording_in_timed_region": false,
        "strategy": "multi_stream",
        "submit_in_host_wall": true
      },
      "timing": {
        "burst": {
          "dispatches_per_iteration": 2,
          "gpu_elapsed": {
            "clock": "hip_event",
            "per_iteration_us": {
              "max": 51.02419853,
              "median": 50.47619939,
              "min": 46.50819898,
              "n": 5,
              "p05": 46.52099907,
              "p95": 50.99621892,
              "samples": 5,
              "stdev": 2.092231219
            },
            "sequence_us": {
              "max": 510.2419853,
              "median": 504.7619939,
              "min": 465.0819898,
              "n": 5,
              "p05": 465.2099907,
              "p95": 509.9621892,
              "samples": 5,
              "stdev": 20.92231219
            },
            "status": "ok"
          },
          "host_wall": {
            "clock": "steady_clock",
            "per_iteration_us": {
              "max": 54.0788,
              "median": 53.5368,
              "min": 49.5638,
              "n": 5,
              "p05": 49.57258,
              "p95": 54.0508,
              "samples": 5,
              "stdev": 2.097374201
            },
            "sequence_us": {
              "max": 540.788,
              "median": 535.368,
              "min": 495.638,
              "n": 5,
              "p05": 495.7258,
              "p95": 540.508,
              "samples": 5,
              "stdev": 20.97374201
            },
            "status": "ok"
          },
          "logical_iterations": 10
        },
        "single": {
          "dispatches_per_iteration": 2,
          "gpu_elapsed": {
            "clock": "hip_event",
            "per_iteration_us": {
              "max": 183.7610006,
              "median": 182.9999983,
              "min": 181.8010062,
              "n": 5,
              "p05": 182.0090055,
              "p95": 183.713001,
              "samples": 5,
              "stdev": 0.6800407233
            },
            "sequence_us": {
              "max": 183.7610006,
              "median": 182.9999983,
              "min": 181.8010062,
              "n": 5,
              "p05": 182.0090055,
              "p95": 183.713001,
              "samples": 5,
              "stdev": 0.6800407233
            },
            "status": "ok"
          },
          "host_wall": {
            "clock": "steady_clock",
            "per_iteration_us": {
              "max": 215.254,
              "median": 214.514,
              "min": 212.513,
              "n": 5,
              "p05": 212.681,
              "p95": 215.1638,
              "samples": 5,
              "stdev": 1.007283992
            },
            "sequence_us": {
              "max": 215.254,
              "median": 214.514,
              "min": 212.513,
              "n": 5,
              "p05": 212.681,
              "p95": 215.1638,
              "samples": 5,
              "stdev": 1.007283992
            },
            "status": "ok"
          },
          "logical_iterations": 1
        }
      },
      "timing_mode": "independent_throughput",
      "variant": "two_stage",
      "workgroup_size": 128,
      "workgroup_specialization": "fixed"
    },
    {
      "backend": "hip",
      "body_repeats": 16,
      "bytes_per_us": 4167.171014,
      "correctness": {
        "single_dispatch": {
          "oracle": "deterministic CPU two-stage reference with sequence tag",
          "status": "pass"
        },
        "synchronization": {
          "barrier_count": 0,
          "method": "round_robin_stream_lanes_with_intra_operation_order",
          "status": "pass"
        },
        "timed_sequence": {
          "coverage": "all_dispatches",
          "logical_iterations": 10,
          "oracle": "deterministic CPU two-stage reference with sequence tag",
          "status": "pass"
        }
      },
      "correctness_pass": true,
      "dependency_contract": {
        "inter_dispatch_ordering": "hip_round_robin_stream_order",
        "output_partitioning": "disjoint",
        "validation_status": "pass",
        "work_dependency": "independent"
      },
      "gflops": 26.65948063,
      "k": 8192,
      "max_abs": 0,
      "max_rel": 0,
      "max_us": 39.49620128,
      "median_us": 39.3321991,
      "min_us": 39.16429877,
      "p05_us": 39.16907907,
      "p95_us": 39.47300076,
      "rows": 4,
      "split_count": 4,
      "submission": {
        "completion_in_host_wall": true,
        "queue_or_stream_count": 4,
        "recording_in_timed_region": false,
        "strategy": "multi_stream",
        "submit_in_host_wall": true
      },
      "timing": {
        "burst": {
          "dispatches_per_iteration": 2,
          "gpu_elapsed": {
            "clock": "hip_event",
            "per_iteration_us": {
              "max": 39.49620128,
              "median": 39.3321991,
              "min": 39.16429877,
              "n": 5,
              "p05": 39.16907907,
              "p95": 39.47300076,
              "samples": 5,
              "stdev": 0.1233944666
            },
            "sequence_us": {
              "max": 394.9620128,
              "median": 393.321991,
              "min": 391.6429877,
              "n": 5,
              "p05": 391.6907907,
              "p95": 394.7300076,
              "samples": 5,
              "stdev": 1.233944666
            },
            "status": "ok"
          },
          "host_wall": {
            "clock": "steady_clock",
            "per_iteration_us": {
              "max": 42.5426,
              "median": 42.3796,
              "min": 42.2457,
              "n": 5,
              "p05": 42.25228,
              "p95": 42.51662,
              "samples": 5,
              "stdev": 0.105350588
            },
            "sequence_us": {
              "max": 425.426,
              "median": 423.796,
              "min": 422.457,
              "n": 5,
              "p05": 422.5228,
              "p95": 425.1662,
              "samples": 5,
              "stdev": 1.05350588
            },
            "status": "ok"
          },
          "logical_iterations": 10
        },
        "single": {
          "dispatches_per_iteration": 2,
          "gpu_elapsed": {
            "clock": "hip_event",
            "per_iteration_us": {
              "max": 156.3999951,
              "median": 155.8800042,
              "min": 155.3999931,
              "n": 5,
              "p05": 155.4401934,
              "p95": 156.3121974,
              "samples": 5,
              "stdev": 0.3406506648
            },
            "sequence_us": {
              "max": 156.3999951,
              "median": 155.8800042,
              "min": 155.3999931,
              "n": 5,
              "p05": 155.4401934,
              "p95": 156.3121974,
              "samples": 5,
              "stdev": 0.3406506648
            },
            "status": "ok"
          },
          "host_wall": {
            "clock": "steady_clock",
            "per_iteration_us": {
              "max": 188.263,
              "median": 186.543,
              "min": 186.293,
              "n": 5,
              "p05": 186.323,
              "p95": 188.035,
              "samples": 5,
              "stdev": 0.7220526297
            },
            "sequence_us": {
              "max": 188.263,
              "median": 186.543,
              "min": 186.293,
              "n": 5,
              "p05": 186.323,
              "p95": 188.035,
              "samples": 5,
              "stdev": 0.7220526297
            },
            "status": "ok"
          },
          "logical_iterations": 1
        }
      },
      "timing_mode": "independent_throughput",
      "variant": "two_stage",
      "workgroup_size": 128,
      "workgroup_specialization": "fixed"
    },
    {
      "backend": "hip",
      "body_repeats": 16,
      "bytes_per_us": 1603.053567,
      "correctness": {
        "single_dispatch": {
          "oracle": "deterministic CPU two-stage reference with sequence tag",
          "status": "pass"
        },
        "synchronization": {
          "barrier_count": 0,
          "method": "round_robin_stream_lanes_with_intra_operation_order",
          "status": "pass"
        },
        "timed_sequence": {
          "coverage": "all_dispatches",
          "logical_iterations": 10,
          "oracle": "deterministic CPU two-stage reference with sequence tag",
          "status": "pass"
        }
      },
      "correctness_pass": true,
      "dependency_contract": {
        "inter_dispatch_ordering": "hip_round_robin_stream_order",
        "output_partitioning": "disjoint",
        "validation_status": "pass",
        "work_dependency": "independent"
      },
      "gflops": 6.41201859,
      "k": 32768,
      "max_abs": 0,
      "max_rel": 0,
      "max_us": 165.8489943,
      "median_us": 163.5329008,
      "min_us": 160.5170012,
      "p05_us": 160.5802011,
      "p95_us": 165.5657959,
      "rows": 1,
      "split_count": 2,
      "submission": {
        "completion_in_host_wall": true,
        "queue_or_stream_count": 4,
        "recording_in_timed_region": false,
        "strategy": "multi_stream",
        "submit_in_host_wall": true
      },
      "timing": {
        "burst": {
          "dispatches_per_iteration": 2,
          "gpu_elapsed": {
            "clock": "hip_event",
            "per_iteration_us": {
              "max": 165.8489943,
              "median": 163.5329008,
              "min": 160.5170012,
              "n": 5,
              "p05": 160.5802011,
              "p95": 165.5657959,
              "samples": 5,
              "stdev": 2.064460055
            },
            "sequence_us": {
              "max": 1658.489943,
              "median": 1635.329008,
              "min": 1605.170012,
              "n": 5,
              "p05": 1605.802011,
              "p95": 1655.657959,
              "samples": 5,
              "stdev": 20.64460055
            },
            "status": "ok"
          },
          "host_wall": {
            "clock": "steady_clock",
            "per_iteration_us": {
              "max": 168.8755,
              "median": 166.5625,
              "min": 163.5705,
              "n": 5,
              "p05": 163.62108,
              "p95": 168.5919,
              "samples": 5,
              "stdev": 2.065551747
            },
            "sequence_us": {
              "max": 1688.755,
              "median": 1665.625,
              "min": 1635.705,
              "n": 5,
              "p05": 1636.2108,
              "p95": 1685.919,
              "samples": 5,
              "stdev": 20.65551747
            },
            "status": "ok"
          },
          "logical_iterations": 10
        },
        "single": {
          "dispatches_per_iteration": 2,
          "gpu_elapsed": {
            "clock": "hip_event",
            "per_iteration_us": {
              "max": 415.802002,
              "median": 412.2419953,
              "min": 408.4419906,
              "n": 5,
              "p05": 409.1301918,
              "p95": 415.3940022,
              "samples": 5,
              "stdev": 2.424183769
            },
            "sequence_us": {
              "max": 415.802002,
              "median": 412.2419953,
              "min": 408.4419906,
              "n": 5,
              "p05": 409.1301918,
              "p95": 415.3940022,
              "samples": 5,
              "stdev": 2.424183769
            },
            "status": "ok"
          },
          "host_wall": {
            "clock": "steady_clock",
            "per_iteration_us": {
              "max": 446.547,
              "median": 442.747,
              "min": 439.006,
              "n": 5,
              "p05": 439.6702,
              "p95": 446.3928,
              "samples": 5,
              "stdev": 2.696763883
            },
            "sequence_us": {
              "max": 446.547,
              "median": 442.747,
              "min": 439.006,
              "n": 5,
              "p05": 439.6702,
              "p95": 446.3928,
              "samples": 5,
              "stdev": 2.696763883
            },
            "status": "ok"
          },
          "logical_iterations": 1
        }
      },
      "timing_mode": "independent_throughput",
      "variant": "two_stage",
      "workgroup_size": 128,
      "workgroup_specialization": "fixed"
    },
    {
      "backend": "hip",
      "body_repeats": 16,
      "bytes_per_us": 2695.663349,
      "correctness": {
        "single_dispatch": {
          "oracle": "deterministic CPU two-stage reference with sequence tag",
          "status": "pass"
        },
        "synchronization": {
          "barrier_count": 0,
          "method": "round_robin_stream_lanes_with_intra_operation_order",
          "status": "pass"
        },
        "timed_sequence": {
          "coverage": "all_dispatches",
          "logical_iterations": 10,
          "oracle": "deterministic CPU two-stage reference with sequence tag",
          "status": "pass"
        }
      },
      "correctness_pass": true,
      "dependency_contract": {
        "inter_dispatch_ordering": "hip_round_robin_stream_order",
        "output_partitioning": "disjoint",
        "validation_status": "pass",
        "work_dependency": "independent"
      },
      "gflops": 10.78199532,
      "k": 32768,
      "max_abs": 0,
      "max_rel": 0,
      "max_us": 97.93660045,
      "median_us": 97.25250006,
      "min_us": 96.68449759,
      "p05_us": 96.74691796,
      "p95_us": 97.8302002,
      "rows": 1,
      "split_count": 4,
      "submission": {
        "completion_in_host_wall": true,
        "queue_or_stream_count": 4,
        "recording_in_timed_region": false,
        "strategy": "multi_stream",
        "submit_in_host_wall": true
      },
      "timing": {
        "burst": {
          "dispatches_per_iteration": 2,
          "gpu_elapsed": {
            "clock": "hip_event",
            "per_iteration_us": {
              "max": 97.93660045,
              "median": 97.25250006,
              "min": 96.68449759,
              "n": 5,
              "p05": 96.74691796,
              "p95": 97.8302002,
              "samples": 5,
              "stdev": 0.4193349911
            },
            "sequence_us": {
              "max": 979.3660045,
              "median": 972.5250006,
              "min": 966.8449759,
              "n": 5,
              "p05": 967.4691796,
              "p95": 978.302002,
              "samples": 5,
              "stdev": 4.193349911
            },
            "status": "ok"
          },
          "host_wall": {
            "clock": "steady_clock",
            "per_iteration_us": {
              "max": 101.0006,
              "median": 100.2975,
              "min": 99.7525,
              "n": 5,
              "p05": 99.8041,
              "p95": 100.89158,
              "samples": 5,
              "stdev": 0.4239193905
            },
            "sequence_us": {
              "max": 1010.006,
              "median": 1002.975,
              "min": 997.525,
              "n": 5,
              "p05": 998.041,
              "p95": 1008.9158,
              "samples": 5,
              "stdev": 4.239193905
            },
            "status": "ok"
          },
          "logical_iterations": 10
        },
        "single": {
          "dispatches_per_iteration": 2,
          "gpu_elapsed": {
            "clock": "hip_event",
            "per_iteration_us": {
              "max": 274.161011,
              "median": 272.5610137,
              "min": 258.5609853,
              "n": 5,
              "p05": 260.5371892,
              "p95": 273.9692092,
              "samples": 5,
              "stdev": 5.753527285
            },
            "sequence_us": {
              "max": 274.161011,
              "median": 272.5610137,
              "min": 258.5609853,
              "n": 5,
              "p05": 260.5371892,
              "p95": 273.9692092,
              "samples": 5,
              "stdev": 5.753527285
            },
            "status": "ok"
          },
          "host_wall": {
            "clock": "steady_clock",
            "per_iteration_us": {
              "max": 304.574,
              "median": 302.765,
              "min": 278.435,
              "n": 5,
              "p05": 282.5588,
              "p95": 304.412,
              "samples": 5,
              "stdev": 9.824968653
            },
            "sequence_us": {
              "max": 304.574,
              "median": 302.765,
              "min": 278.435,
              "n": 5,
              "p05": 282.5588,
              "p95": 304.412,
              "samples": 5,
              "stdev": 9.824968653
            },
            "status": "ok"
          },
          "logical_iterations": 1
        }
      },
      "timing_mode": "independent_throughput",
      "variant": "two_stage",
      "workgroup_size": 128,
      "workgroup_specialization": "fixed"
    },
    {
      "backend": "hip",
      "body_repeats": 16,
      "bytes_per_us": 3986.741509,
      "correctness": {
        "single_dispatch": {
          "oracle": "deterministic CPU two-stage reference with sequence tag",
          "status": "pass"
        },
        "synchronization": {
          "barrier_count": 0,
          "method": "round_robin_stream_lanes_with_intra_operation_order",
          "status": "pass"
        },
        "timed_sequence": {
          "coverage": "all_dispatches",
          "logical_iterations": 10,
          "oracle": "deterministic CPU two-stage reference with sequence tag",
          "status": "pass"
        }
      },
      "correctness_pass": true,
      "dependency_contract": {
        "inter_dispatch_ordering": "hip_round_robin_stream_order",
        "output_partitioning": "disjoint",
        "validation_status": "pass",
        "work_dependency": "independent"
      },
      "gflops": 25.51389986,
      "k": 32768,
      "max_abs": 0,
      "max_rel": 0,
      "max_us": 167.3689008,
      "median_us": 164.3929005,
      "min_us": 162.1530056,
      "p05_us": 162.3897839,
      "p95_us": 167.1784997,
      "rows": 4,
      "split_count": 2,
      "submission": {
        "completion_in_host_wall": true,
        "queue_or_stream_count": 4,
        "recording_in_timed_region": false,
        "strategy": "multi_stream",
        "submit_in_host_wall": true
      },
      "timing": {
        "burst": {
          "dispatches_per_iteration": 2,
          "gpu_elapsed": {
            "clock": "hip_event",
            "per_iteration_us": {
              "max": 167.3689008,
              "median": 164.3929005,
              "min": 162.1530056,
              "n": 5,
              "p05": 162.3897839,
              "p95": 167.1784997,
              "samples": 5,
              "stdev": 1.9237784
            },
            "sequence_us": {
              "max": 1673.689008,
              "median": 1643.929005,
              "min": 1621.530056,
              "n": 5,
              "p05": 1623.897839,
              "p95": 1671.784997,
              "samples": 5,
              "stdev": 19.237784
            },
            "status": "ok"
          },
          "host_wall": {
            "clock": "steady_clock",
            "per_iteration_us": {
              "max": 170.4155,
              "median": 167.5085,
              "min": 165.2265,
              "n": 5,
              "p05": 165.4695,
              "p95": 170.23032,
              "samples": 5,
              "stdev": 1.910374489
            },
            "sequence_us": {
              "max": 1704.155,
              "median": 1675.085,
              "min": 1652.265,
              "n": 5,
              "p05": 1654.695,
              "p95": 1702.3032,
              "samples": 5,
              "stdev": 19.10374489
            },
            "status": "ok"
          },
          "logical_iterations": 10
        },
        "single": {
          "dispatches_per_iteration": 2,
          "gpu_elapsed": {
            "clock": "hip_event",
            "per_iteration_us": {
              "max": 414.2830074,
              "median": 413.3619964,
              "min": 407.1219862,
              "n": 5,
              "p05": 408.0339909,
              "p95": 414.1708076,
              "samples": 5,
              "stdev": 2.604717193
            },
            "sequence_us": {
              "max": 414.2830074,
              "median": 413.3619964,
              "min": 407.1219862,
              "n": 5,
              "p05": 408.0339909,
              "p95": 414.1708076,
              "samples": 5,
              "stdev": 2.604717193
            },
            "status": "ok"
          },
          "host_wall": {
            "clock": "steady_clock",
            "per_iteration_us": {
              "max": 445.826,
              "median": 444.596,
              "min": 437.516,
              "n": 5,
              "p05": 438.4402,
              "p95": 445.6182,
              "samples": 5,
              "stdev": 2.984696876
            },
            "sequence_us": {
              "max": 445.826,
              "median": 444.596,
              "min": 437.516,
              "n": 5,
              "p05": 438.4402,
              "p95": 445.6182,
              "samples": 5,
              "stdev": 2.984696876
            },
            "status": "ok"
          },
          "logical_iterations": 1
        }
      },
      "timing_mode": "independent_throughput",
      "variant": "two_stage",
      "workgroup_size": 128,
      "workgroup_specialization": "fixed"
    },
    {
      "backend": "hip",
      "body_repeats": 16,
      "bytes_per_us": 6721.428627,
      "correctness": {
        "single_dispatch": {
          "oracle": "deterministic CPU two-stage reference with sequence tag",
          "status": "pass"
        },
        "synchronization": {
          "barrier_count": 0,
          "method": "round_robin_stream_lanes_with_intra_operation_order",
          "status": "pass"
        },
        "timed_sequence": {
          "coverage": "all_dispatches",
          "logical_iterations": 10,
          "oracle": "deterministic CPU two-stage reference with sequence tag",
          "status": "pass"
        }
      },
      "correctness_pass": true,
      "dependency_contract": {
        "inter_dispatch_ordering": "hip_round_robin_stream_order",
        "output_partitioning": "disjoint",
        "validation_status": "pass",
        "work_dependency": "independent"
      },
      "gflops": 43.01294273,
      "k": 32768,
      "max_abs": 0,
      "max_rel": 0,
      "max_us": 97.74860144,
      "median_us": 97.51260281,
      "min_us": 90.26849866,
      "p05_us": 91.68211937,
      "p95_us": 97.72618055,
      "rows": 4,
      "split_count": 4,
      "submission": {
        "completion_in_host_wall": true,
        "queue_or_stream_count": 4,
        "recording_in_timed_region": false,
        "strategy": "multi_stream",
        "submit_in_host_wall": true
      },
      "timing": {
        "burst": {
          "dispatches_per_iteration": 2,
          "gpu_elapsed": {
            "clock": "hip_event",
            "per_iteration_us": {
              "max": 97.74860144,
              "median": 97.51260281,
              "min": 90.26849866,
              "n": 5,
              "p05": 91.68211937,
              "p95": 97.72618055,
              "samples": 5,
              "stdev": 2.91923784
            },
            "sequence_us": {
              "max": 977.4860144,
              "median": 975.1260281,
              "min": 902.6849866,
              "n": 5,
              "p05": 916.8211937,
              "p95": 977.2618055,
              "samples": 5,
              "stdev": 29.1923784
            },
            "status": "ok"
          },
          "host_wall": {
            "clock": "steady_clock",
            "per_iteration_us": {
              "max": 100.9195,
              "median": 100.5535,
              "min": 92.0884,
              "n": 5,
              "p05": 93.78002,
              "p95": 100.8971,
              "samples": 5,
              "stdev": 3.450372273
            },
            "sequence_us": {
              "max": 1009.195,
              "median": 1005.535,
              "min": 920.884,
              "n": 5,
              "p05": 937.8002,
              "p95": 1008.971,
              "samples": 5,
              "stdev": 34.50372273
            },
            "status": "ok"
          },
          "logical_iterations": 10
        },
        "single": {
          "dispatches_per_iteration": 2,
          "gpu_elapsed": {
            "clock": "hip_event",
            "per_iteration_us": {
              "max": 274.1219997,
              "median": 273.8809884,
              "min": 271.9610035,
              "n": 5,
              "p05": 272.0650017,
              "p95": 274.0740001,
              "samples": 5,
              "stdev": 0.8728862344
            },
            "sequence_us": {
              "max": 274.1219997,
              "median": 273.8809884,
              "min": 271.9610035,
              "n": 5,
              "p05": 272.0650017,
              "p95": 274.0740001,
              "samples": 5,
              "stdev": 0.8728862344
            },
            "status": "ok"
          },
          "host_wall": {
            "clock": "steady_clock",
            "per_iteration_us": {
              "max": 305.394,
              "median": 304.544,
              "min": 302.764,
              "n": 5,
              "p05": 303.0222,
              "p95": 305.3602,
              "samples": 5,
              "stdev": 0.9470853393
            },
            "sequence_us": {
              "max": 305.394,
              "median": 304.544,
              "min": 302.764,
              "n": 5,
              "p05": 303.0222,
              "p95": 305.3602,
              "samples": 5,
              "stdev": 0.9470853393
            },
            "status": "ok"
          },
          "logical_iterations": 1
        }
      },
      "timing_mode": "independent_throughput",
      "variant": "two_stage",
      "workgroup_size": 128,
      "workgroup_specialization": "fixed"
    },
    {
      "backend": "hip",
      "body_repeats": 16,
      "bytes_per_us": 1316.24502,
      "correctness": {
        "single_dispatch": {
          "oracle": "deterministic CPU two-stage reference with sequence tag",
          "status": "pass"
        },
        "synchronization": {
          "barrier_count": 0,
          "method": "round_robin_stream_lanes_with_intra_operation_order",
          "status": "pass"
        },
        "timed_sequence": {
          "coverage": "all_dispatches",
          "logical_iterations": 10,
          "oracle": "deterministic CPU two-stage reference with sequence tag",
          "status": "pass"
        }
      },
      "correctness_pass": true,
      "dependency_contract": {
        "inter_dispatch_ordering": "hip_round_robin_stream_order",
        "output_partitioning": "disjoint",
        "validation_status": "pass",
        "work_dependency": "independent"
      },
      "gflops": 5.264337461,
      "k": 8192,
      "max_abs": 0,
      "max_rel": 0,
      "max_us": 49.88029897,
      "median_us": 49.7961998,
      "min_us": 44.10020113,
      "p05_us": 44.141801,
      "p95_us": 49.87547934,
      "rows": 1,
      "split_count": 2,
      "submission": {
        "completion_in_host_wall": true,
        "queue_or_stream_count": 4,
        "recording_in_timed_region": false,
        "strategy": "multi_stream",
        "submit_in_host_wall": true
      },
      "timing": {
        "burst": {
          "dispatches_per_iteration": 2,
          "gpu_elapsed": {
            "clock": "hip_event",
            "per_iteration_us": {
              "max": 49.88029897,
              "median": 49.7961998,
              "min": 44.10020113,
              "n": 5,
              "p05": 44.141801,
              "p95": 49.87547934,
              "samples": 5,
              "stdev": 2.763958809
            },
            "sequence_us": {
              "max": 498.8029897,
              "median": 497.961998,
              "min": 441.0020113,
              "n": 5,
              "p05": 441.41801,
              "p95": 498.7547934,
              "samples": 5,
              "stdev": 27.63958809
            },
            "status": "ok"
          },
          "host_wall": {
            "clock": "steady_clock",
            "per_iteration_us": {
              "max": 51.7188,
              "median": 51.6128,
              "min": 45.9187,
              "n": 5,
              "p05": 45.9659,
              "p95": 51.7094,
              "samples": 5,
              "stdev": 2.759878064
            },
            "sequence_us": {
              "max": 517.188,
              "median": 516.128,
              "min": 459.187,
              "n": 5,
              "p05": 459.659,
              "p95": 517.094,
              "samples": 5,
              "stdev": 27.59878064
            },
            "status": "ok"
          },
          "logical_iterations": 10
        },
        "single": {
          "dispatches_per_iteration": 2,
          "gpu_elapsed": {
            "clock": "hip_event",
            "per_iteration_us": {
              "max": 273.9219964,
              "median": 141.1200017,
              "min": 110.5210036,
              "n": 5,
              "p05": 116.2328035,
              "p95": 265.1055962,
              "samples": 5,
              "stdev": 62.14935312
            },
            "sequence_us": {
              "max": 273.9219964,
              "median": 141.1200017,
              "min": 110.5210036,
              "n": 5,
              "p05": 116.2328035,
              "p95": 265.1055962,
              "samples": 5,
              "stdev": 62.14935312
            },
            "status": "ok"
          },
          "host_wall": {
            "clock": "steady_clock",
            "per_iteration_us": {
              "max": 499.107,
              "median": 158.922,
              "min": 128.482,
              "n": 5,
              "p05": 134.2522,
              "p95": 458.0786,
              "samples": 5,
              "stdev": 138.2797844
            },
            "sequence_us": {
              "max": 499.107,
              "median": 158.922,
              "min": 128.482,
              "n": 5,
              "p05": 134.2522,
              "p95": 458.0786,
              "samples": 5,
              "stdev": 138.2797844
            },
            "status": "ok"
          },
          "logical_iterations": 1
        }
      },
      "timing_mode": "independent_throughput",
      "variant": "two_stage",
      "workgroup_size": 256,
      "workgroup_specialization": "fixed"
    },
    {
      "backend": "hip",
      "body_repeats": 16,
      "bytes_per_us": 1907.094916,
      "correctness": {
        "single_dispatch": {
          "oracle": "deterministic CPU two-stage reference with sequence tag",
          "status": "pass"
        },
        "synchronization": {
          "barrier_count": 0,
          "method": "round_robin_stream_lanes_with_intra_operation_order",
          "status": "pass"
        },
        "timed_sequence": {
          "coverage": "all_dispatches",
          "logical_iterations": 10,
          "oracle": "deterministic CPU two-stage reference with sequence tag",
          "status": "pass"
        }
      },
      "correctness_pass": true,
      "dependency_contract": {
        "inter_dispatch_ordering": "hip_round_robin_stream_order",
        "output_partitioning": "disjoint",
        "validation_status": "pass",
        "work_dependency": "independent"
      },
      "gflops": 7.62651772,
      "k": 8192,
      "max_abs": 0,
      "max_rel": 0,
      "max_us": 35.65270007,
      "median_us": 34.37269926,
      "min_us": 34.27670002,
      "p05_us": 34.29030001,
      "p95_us": 35.39910018,
      "rows": 1,
      "split_count": 4,
      "submission": {
        "completion_in_host_wall": true,
        "queue_or_stream_count": 4,
        "recording_in_timed_region": false,
        "strategy": "multi_stream",
        "submit_in_host_wall": true
      },
      "timing": {
        "burst": {
          "dispatches_per_iteration": 2,
          "gpu_elapsed": {
            "clock": "hip_event",
            "per_iteration_us": {
              "max": 35.65270007,
              "median": 34.37269926,
              "min": 34.27670002,
              "n": 5,
              "p05": 34.29030001,
              "p95": 35.39910018,
              "samples": 5,
              "stdev": 0.524537776
            },
            "sequence_us": {
              "max": 356.5270007,
              "median": 343.7269926,
              "min": 342.7670002,
              "n": 5,
              "p05": 342.9030001,
              "p95": 353.9910018,
              "samples": 5,
              "stdev": 5.24537776
            },
            "status": "ok"
          },
          "host_wall": {
            "clock": "steady_clock",
            "per_iteration_us": {
              "max": 39.0826,
              "median": 37.3546,
              "min": 37.3476,
              "n": 5,
              "p05": 37.34838,
              "p95": 38.746,
              "samples": 5,
              "stdev": 0.6879686516
            },
            "sequence_us": {
              "max": 390.826,
              "median": 373.546,
              "min": 373.476,
              "n": 5,
              "p05": 373.4838,
              "p95": 387.46,
              "samples": 5,
              "stdev": 6.879686516
            },
            "status": "ok"
          },
          "logical_iterations": 10
        },
        "single": {
          "dispatches_per_iteration": 2,
          "gpu_elapsed": {
            "clock": "hip_event",
            "per_iteration_us": {
              "max": 221.5629965,
              "median": 170.6030071,
              "min": 169.6839929,
              "n": 5,
              "p05": 169.7877944,
              "p95": 214.6111965,
              "samples": 5,
              "stdev": 19.96679489
            },
            "sequence_us": {
              "max": 221.5629965,
              "median": 170.6030071,
              "min": 169.6839929,
              "n": 5,
              "p05": 169.7877944,
              "p95": 214.6111965,
              "samples": 5,
              "stdev": 19.96679489
            },
            "status": "ok"
          },
          "host_wall": {
            "clock": "steady_clock",
            "per_iteration_us": {
              "max": 262.064,
              "median": 206.424,
              "min": 204.593,
              "n": 5,
              "p05": 204.811,
              "p95": 255.7358,
              "samples": 5,
              "stdev": 22.30604736
            },
            "sequence_us": {
              "max": 262.064,
              "median": 206.424,
              "min": 204.593,
              "n": 5,
              "p05": 204.811,
              "p95": 255.7358,
              "samples": 5,
              "stdev": 22.30604736
            },
            "status": "ok"
          },
          "logical_iterations": 1
        }
      },
      "timing_mode": "independent_throughput",
      "variant": "two_stage",
      "workgroup_size": 256,
      "workgroup_specialization": "fixed"
    },
    {
      "backend": "hip",
      "body_repeats": 16,
      "bytes_per_us": 4015.269914,
      "correctness": {
        "single_dispatch": {
          "oracle": "deterministic CPU two-stage reference with sequence tag",
          "status": "pass"
        },
        "synchronization": {
          "barrier_count": 0,
          "method": "round_robin_stream_lanes_with_intra_operation_order",
          "status": "pass"
        },
        "timed_sequence": {
          "coverage": "all_dispatches",
          "logical_iterations": 10,
          "oracle": "deterministic CPU two-stage reference with sequence tag",
          "status": "pass"
        }
      },
      "correctness_pass": true,
      "dependency_contract": {
        "inter_dispatch_ordering": "hip_round_robin_stream_order",
        "output_partitioning": "disjoint",
        "validation_status": "pass",
        "work_dependency": "independent"
      },
      "gflops": 25.69270934,
      "k": 8192,
      "max_abs": 0,
      "max_rel": 0,
      "max_us": 41.00820124,
      "median_us": 40.81220031,
      "min_us": 38.38019967,
      "p05_us": 38.46179962,
      "p95_us": 40.98420084,
      "rows": 4,
      "split_count": 2,
      "submission": {
        "completion_in_host_wall": true,
        "queue_or_stream_count": 4,
        "recording_in_timed_region": false,
        "strategy": "multi_stream",
        "submit_in_host_wall": true
      },
      "timing": {
        "burst": {
          "dispatches_per_iteration": 2,
          "gpu_elapsed": {
            "clock": "hip_event",
            "per_iteration_us": {
              "max": 41.00820124,
              "median": 40.81220031,
              "min": 38.38019967,
              "n": 5,
              "p05": 38.46179962,
              "p95": 40.98420084,
              "samples": 5,
              "stdev": 1.144921382
            },
            "sequence_us": {
              "max": 410.0820124,
              "median": 408.1220031,
              "min": 383.8019967,
              "n": 5,
              "p05": 384.6179962,
              "p95": 409.8420084,
              "samples": 5,
              "stdev": 11.44921382
            },
            "status": "ok"
          },
          "host_wall": {
            "clock": "steady_clock",
            "per_iteration_us": {
              "max": 44.0627,
              "median": 43.8696,
              "min": 41.4196,
              "n": 5,
              "p05": 41.50322,
              "p95": 44.0469,
              "samples": 5,
              "stdev": 1.15722081
            },
            "sequence_us": {
              "max": 440.627,
              "median": 438.696,
              "min": 414.196,
              "n": 5,
              "p05": 415.0322,
              "p95": 440.469,
              "samples": 5,
              "stdev": 11.5722081
            },
            "status": "ok"
          },
          "logical_iterations": 10
        },
        "single": {
          "dispatches_per_iteration": 2,
          "gpu_elapsed": {
            "clock": "hip_event",
            "per_iteration_us": {
              "max": 160.2409929,
              "median": 159.841001,
              "min": 147.5200057,
              "n": 5,
              "p05": 149.7842044,
              "p95": 160.2009952,
              "samples": 5,
              "stdev": 4.912069746
            },
            "sequence_us": {
              "max": 160.2409929,
              "median": 159.841001,
              "min": 147.5200057,
              "n": 5,
              "p05": 149.7842044,
              "p95": 160.2009952,
              "samples": 5,
              "stdev": 4.912069746
            },
            "status": "ok"
          },
          "host_wall": {
            "clock": "steady_clock",
            "per_iteration_us": {
              "max": 191.033,
              "median": 190.923,
              "min": 167.252,
              "n": 5,
              "p05": 171.5762,
              "p95": 191.023,
              "samples": 5,
              "stdev": 9.316262349
            },
            "sequence_us": {
              "max": 191.033,
              "median": 190.923,
              "min": 167.252,
              "n": 5,
              "p05": 171.5762,
              "p95": 191.023,
              "samples": 5,
              "stdev": 9.316262349
            },
            "status": "ok"
          },
          "logical_iterations": 1
        }
      },
      "timing_mode": "independent_throughput",
      "variant": "two_stage",
      "workgroup_size": 256,
      "workgroup_specialization": "fixed"
    },
    {
      "backend": "hip",
      "body_repeats": 16,
      "bytes_per_us": 4774.616591,
      "correctness": {
        "single_dispatch": {
          "oracle": "deterministic CPU two-stage reference with sequence tag",
          "status": "pass"
        },
        "synchronization": {
          "barrier_count": 0,
          "method": "round_robin_stream_lanes_with_intra_operation_order",
          "status": "pass"
        },
        "timed_sequence": {
          "coverage": "all_dispatches",
          "logical_iterations": 10,
          "oracle": "deterministic CPU two-stage reference with sequence tag",
          "status": "pass"
        }
      },
      "correctness_pass": true,
      "dependency_contract": {
        "inter_dispatch_ordering": "hip_round_robin_stream_order",
        "output_partitioning": "disjoint",
        "validation_status": "pass",
        "work_dependency": "independent"
      },
      "gflops": 30.5456143,
      "k": 8192,
      "max_abs": 0,
      "max_rel": 0,
      "max_us": 34.43619907,
      "median_us": 34.32820141,
      "min_us": 34.25210118,
      "p05_us": 34.26730096,
      "p95_us": 34.42977905,
      "rows": 4,
      "split_count": 4,
      "submission": {
        "completion_in_host_wall": true,
        "queue_or_stream_count": 4,
        "recording_in_timed_region": false,
        "strategy": "multi_stream",
        "submit_in_host_wall": true
      },
      "timing": {
        "burst": {
          "dispatches_per_iteration": 2,
          "gpu_elapsed": {
            "clock": "hip_event",
            "per_iteration_us": {
              "max": 34.43619907,
              "median": 34.32820141,
              "min": 34.25210118,
              "n": 5,
              "p05": 34.26730096,
              "p95": 34.42977905,
              "samples": 5,
              "stdev": 0.06464612189
            },
            "sequence_us": {
              "max": 344.3619907,
              "median": 343.2820141,
              "min": 342.5210118,
              "n": 5,
              "p05": 342.6730096,
              "p95": 344.2977905,
              "samples": 5,
              "stdev": 0.6464612189
            },
            "status": "ok"
          },
          "host_wall": {
            "clock": "steady_clock",
            "per_iteration_us": {
              "max": 37.4655,
              "median": 37.3896,
              "min": 37.2845,
              "n": 5,
              "p05": 37.30412,
              "p95": 37.46012,
              "samples": 5,
              "stdev": 0.06200653514
            },
            "sequence_us": {
              "max": 374.655,
              "median": 373.896,
              "min": 372.845,
              "n": 5,
              "p05": 373.0412,
              "p95": 374.6012,
              "samples": 5,
              "stdev": 0.6200653514
            },
            "status": "ok"
          },
          "logical_iterations": 10
        },
        "single": {
          "dispatches_per_iteration": 2,
          "gpu_elapsed": {
            "clock": "hip_event",
            "per_iteration_us": {
              "max": 151.0010064,
              "median": 150.2809972,
              "min": 148.5999972,
              "n": 5,
              "p05": 148.6321986,
              "p95": 150.9530038,
              "samples": 5,
              "stdev": 1.008380775
            },
            "sequence_us": {
              "max": 151.0010064,
              "median": 150.2809972,
              "min": 148.5999972,
              "n": 5,
              "p05": 148.6321986,
              "p95": 150.9530038,
              "samples": 5,
              "stdev": 1.008380775
            },
            "status": "ok"
          },
          "host_wall": {
            "clock": "steady_clock",
            "per_iteration_us": {
              "max": 181.903,
              "median": 181.182,
              "min": 179.122,
              "n": 5,
              "p05": 179.4502,
              "p95": 181.783,
              "samples": 5,
              "stdev": 0.9399669356
            },
            "sequence_us": {
              "max": 181.903,
              "median": 181.182,
              "min": 179.122,
              "n": 5,
              "p05": 179.4502,
              "p95": 181.783,
              "samples": 5,
              "stdev": 0.9399669356
            },
            "status": "ok"
          },
          "logical_iterations": 1
        }
      },
      "timing_mode": "independent_throughput",
      "variant": "two_stage",
      "workgroup_size": 256,
      "workgroup_specialization": "fixed"
    },
    {
      "backend": "hip",
      "body_repeats": 16,
      "bytes_per_us": 2668.580383,
      "correctness": {
        "single_dispatch": {
          "oracle": "deterministic CPU two-stage reference with sequence tag",
          "status": "pass"
        },
        "synchronization": {
          "barrier_count": 0,
          "method": "round_robin_stream_lanes_with_intra_operation_order",
          "status": "pass"
        },
        "timed_sequence": {
          "coverage": "all_dispatches",
          "logical_iterations": 10,
          "oracle": "deterministic CPU two-stage reference with sequence tag",
          "status": "pass"
        }
      },
      "correctness_pass": true,
      "dependency_contract": {
        "inter_dispatch_ordering": "hip_round_robin_stream_order",
        "output_partitioning": "disjoint",
        "validation_status": "pass",
        "work_dependency": "independent"
      },
      "gflops": 10.67399579,
      "k": 32768,
      "max_abs": 0,
      "max_rel": 0,
      "max_us": 98.55650067,
      "median_us": 98.23650122,
      "min_us": 92.46839881,
      "p05_us": 93.58841896,
      "p95_us": 98.49330068,
      "rows": 1,
      "split_count": 2,
      "submission": {
        "completion_in_host_wall": true,
        "queue_or_stream_count": 4,
        "recording_in_timed_region": false,
        "strategy": "multi_stream",
        "submit_in_host_wall": true
      },
      "timing": {
        "burst": {
          "dispatches_per_iteration": 2,
          "gpu_elapsed": {
            "clock": "hip_event",
            "per_iteration_us": {
              "max": 98.55650067,
              "median": 98.23650122,
              "min": 92.46839881,
              "n": 5,
              "p05": 93.58841896,
              "p95": 98.49330068,
              "samples": 5,
              "stdev": 2.328196761
            },
            "sequence_us": {
              "max": 985.5650067,
              "median": 982.3650122,
              "min": 924.6839881,
              "n": 5,
              "p05": 935.8841896,
              "p95": 984.9330068,
              "samples": 5,
              "stdev": 23.28196761
            },
            "status": "ok"
          },
          "host_wall": {
            "clock": "steady_clock",
            "per_iteration_us": {
              "max": 101.6766,
              "median": 101.3065,
              "min": 95.4964,
              "n": 5,
              "p05": 96.62342,
              "p95": 101.61238,
              "samples": 5,
              "stdev": 2.355045257
            },
            "sequence_us": {
              "max": 1016.766,
              "median": 1013.065,
              "min": 954.964,
              "n": 5,
              "p05": 966.2342,
              "p95": 1016.1238,
              "samples": 5,
              "stdev": 23.55045257
            },
            "status": "ok"
          },
          "logical_iterations": 10
        },
        "single": {
          "dispatches_per_iteration": 2,
          "gpu_elapsed": {
            "clock": "hip_event",
            "per_iteration_us": {
              "max": 277.9220045,
              "median": 273.1609941,
              "min": 272.6410031,
              "n": 5,
              "p05": 272.7292001,
              "p95": 277.3700058,
              "samples": 5,
              "stdev": 1.967299321
            },
            "sequence_us": {
              "max": 277.9220045,
              "median": 273.1609941,
              "min": 272.6410031,
              "n": 5,
              "p05": 272.7292001,
              "p95": 277.3700058,
              "samples": 5,
              "stdev": 1.967299321
            },
            "status": "ok"
          },
          "host_wall": {
            "clock": "steady_clock",
            "per_iteration_us": {
              "max": 308.245,
              "median": 305.095,
              "min": 302.924,
              "n": 5,
              "p05": 303.2162,
              "p95": 307.753,
              "samples": 5,
              "stdev": 1.756815574
            },
            "sequence_us": {
              "max": 308.245,
              "median": 305.095,
              "min": 302.924,
              "n": 5,
              "p05": 303.2162,
              "p95": 307.753,
              "samples": 5,
              "stdev": 1.756815574
            },
            "status": "ok"
          },
          "logical_iterations": 1
        }
      },
      "timing_mode": "independent_throughput",
      "variant": "two_stage",
      "workgroup_size": 256,
      "workgroup_specialization": "fixed"
    },
    {
      "backend": "hip",
      "body_repeats": 16,
      "bytes_per_us": 4178.488034,
      "correctness": {
        "single_dispatch": {
          "oracle": "deterministic CPU two-stage reference with sequence tag",
          "status": "pass"
        },
        "synchronization": {
          "barrier_count": 0,
          "method": "round_robin_stream_lanes_with_intra_operation_order",
          "status": "pass"
        },
        "timed_sequence": {
          "coverage": "all_dispatches",
          "logical_iterations": 10,
          "oracle": "deterministic CPU two-stage reference with sequence tag",
          "status": "pass"
        }
      },
      "correctness_pass": true,
      "dependency_contract": {
        "inter_dispatch_ordering": "hip_round_robin_stream_order",
        "output_partitioning": "disjoint",
        "validation_status": "pass",
        "work_dependency": "independent"
      },
      "gflops": 16.71293206,
      "k": 32768,
      "max_abs": 0,
      "max_rel": 0,
      "max_us": 62.82839775,
      "median_us": 62.74039745,
      "min_us": 59.99640226,
      "p05_us": 60.50198197,
      "p95_us": 62.8219986,
      "rows": 1,
      "split_count": 4,
      "submission": {
        "completion_in_host_wall": true,
        "queue_or_stream_count": 4,
        "recording_in_timed_region": false,
        "strategy": "multi_stream",
        "submit_in_host_wall": true
      },
      "timing": {
        "burst": {
          "dispatches_per_iteration": 2,
          "gpu_elapsed": {
            "clock": "hip_event",
            "per_iteration_us": {
              "max": 62.82839775,
              "median": 62.74039745,
              "min": 59.99640226,
              "n": 5,
              "p05": 60.50198197,
              "p95": 62.8219986,
              "samples": 5,
              "stdev": 1.095538106
            },
            "sequence_us": {
              "max": 628.2839775,
              "median": 627.4039745,
              "min": 599.9640226,
              "n": 5,
              "p05": 605.0198197,
              "p95": 628.219986,
              "samples": 5,
              "stdev": 10.95538106
            },
            "status": "ok"
          },
          "host_wall": {
            "clock": "steady_clock",
            "per_iteration_us": {
              "max": 65.875,
              "median": 65.771,
              "min": 63.0359,
              "n": 5,
              "p05": 63.54012,
              "p95": 65.8656,
              "samples": 5,
              "stdev": 1.094160197
            },
            "sequence_us": {
              "max": 658.75,
              "median": 657.71,
              "min": 630.359,
              "n": 5,
              "p05": 635.4012,
              "p95": 658.656,
              "samples": 5,
              "stdev": 10.94160197
            },
            "status": "ok"
          },
          "logical_iterations": 10
        },
        "single": {
          "dispatches_per_iteration": 2,
          "gpu_elapsed": {
            "clock": "hip_event",
            "per_iteration_us": {
              "max": 204.1610032,
              "median": 203.4810036,
              "min": 203.0410022,
              "n": 5,
              "p05": 203.0730009,
              "p95": 204.1370034,
              "samples": 5,
              "stdev": 0.4458536905
            },
            "sequence_us": {
              "max": 204.1610032,
              "median": 203.4810036,
              "min": 203.0410022,
              "n": 5,
              "p05": 203.0730009,
              "p95": 204.1370034,
              "samples": 5,
              "stdev": 0.4458536905
            },
            "status": "ok"
          },
          "host_wall": {
            "clock": "steady_clock",
            "per_iteration_us": {
              "max": 236.023,
              "median": 234.574,
              "min": 233.963,
              "n": 5,
              "p05": 234.0192,
              "p95": 235.8192,
              "samples": 5,
              "stdev": 0.7198268125
            },
            "sequence_us": {
              "max": 236.023,
              "median": 234.574,
              "min": 233.963,
              "n": 5,
              "p05": 234.0192,
              "p95": 235.8192,
              "samples": 5,
              "stdev": 0.7198268125
            },
            "status": "ok"
          },
          "logical_iterations": 1
        }
      },
      "timing_mode": "independent_throughput",
      "variant": "two_stage",
      "workgroup_size": 256,
      "workgroup_specialization": "fixed"
    },
    {
      "backend": "hip",
      "body_repeats": 16,
      "bytes_per_us": 6644.248458,
      "correctness": {
        "single_dispatch": {
          "oracle": "deterministic CPU two-stage reference with sequence tag",
          "status": "pass"
        },
        "synchronization": {
          "barrier_count": 0,
          "method": "round_robin_stream_lanes_with_intra_operation_order",
          "status": "pass"
        },
        "timed_sequence": {
          "coverage": "all_dispatches",
          "logical_iterations": 10,
          "oracle": "deterministic CPU two-stage reference with sequence tag",
          "status": "pass"
        }
      },
      "correctness_pass": true,
      "dependency_contract": {
        "inter_dispatch_ordering": "hip_round_robin_stream_order",
        "output_partitioning": "disjoint",
        "validation_status": "pass",
        "work_dependency": "independent"
      },
      "gflops": 42.52111391,
      "k": 32768,
      "max_abs": 0,
      "max_rel": 0,
      "max_us": 98.78460169,
      "median_us": 98.6405015,
      "min_us": 98.55650067,
      "p05_us": 98.56210113,
      "p95_us": 98.75898123,
      "rows": 4,
      "split_count": 2,
      "submission": {
        "completion_in_host_wall": true,
        "queue_or_stream_count": 4,
        "recording_in_timed_region": false,
        "strategy": "multi_stream",
        "submit_in_host_wall": true
      },
      "timing": {
        "burst": {
          "dispatches_per_iteration": 2,
          "gpu_elapsed": {
            "clock": "hip_event",
            "per_iteration_us": {
              "max": 98.78460169,
              "median": 98.6405015,
              "min": 98.55650067,
              "n": 5,
              "p05": 98.56210113,
              "p95": 98.75898123,
              "samples": 5,
              "stdev": 0.07890751975
            },
            "sequence_us": {
              "max": 987.8460169,
              "median": 986.405015,
              "min": 985.5650067,
              "n": 5,
              "p05": 985.6210113,
              "p95": 987.5898123,
              "samples": 5,
              "stdev": 0.7890751975
            },
            "status": "ok"
          },
          "host_wall": {
            "clock": "steady_clock",
            "per_iteration_us": {
              "max": 101.8655,
              "median": 101.7246,
              "min": 101.5805,
              "n": 5,
              "p05": 101.5991,
              "p95": 101.83932,
              "samples": 5,
              "stdev": 0.09266750455
            },
            "sequence_us": {
              "max": 1018.655,
              "median": 1017.246,
              "min": 1015.805,
              "n": 5,
              "p05": 1015.991,
              "p95": 1018.3932,
              "samples": 5,
              "stdev": 0.9266750455
            },
            "status": "ok"
          },
          "logical_iterations": 10
        },
        "single": {
          "dispatches_per_iteration": 2,
          "gpu_elapsed": {
            "clock": "hip_event",
            "per_iteration_us": {
              "max": 276.2010098,
              "median": 274.8819888,
              "min": 271.8819976,
              "n": 5,
              "p05": 272.2577989,
              "p95": 276.1850059,
              "samples": 5,
              "stdev": 1.615111806
            },
            "sequence_us": {
              "max": 276.2010098,
              "median": 274.8819888,
              "min": 271.8819976,
              "n": 5,
              "p05": 272.2577989,
              "p95": 276.1850059,
              "samples": 5,
              "stdev": 1.615111806
            },
            "status": "ok"
          },
          "host_wall": {
            "clock": "steady_clock",
            "per_iteration_us": {
              "max": 308.615,
              "median": 305.685,
              "min": 302.414,
              "n": 5,
              "p05": 302.876,
              "p95": 308.217,
              "samples": 5,
              "stdev": 2.052571714
            },
            "sequence_us": {
              "max": 308.615,
              "median": 305.685,
              "min": 302.414,
              "n": 5,
              "p05": 302.876,
              "p95": 308.217,
              "samples": 5,
              "stdev": 2.052571714
            },
            "status": "ok"
          },
          "logical_iterations": 1
        }
      },
      "timing_mode": "independent_throughput",
      "variant": "two_stage",
      "workgroup_size": 256,
      "workgroup_specialization": "fixed"
    },
    {
      "backend": "hip",
      "body_repeats": 16,
      "bytes_per_us": 10413.40683,
      "correctness": {
        "single_dispatch": {
          "oracle": "deterministic CPU two-stage reference with sequence tag",
          "status": "pass"
        },
        "synchronization": {
          "barrier_count": 0,
          "method": "round_robin_stream_lanes_with_intra_operation_order",
          "status": "pass"
        },
        "timed_sequence": {
          "coverage": "all_dispatches",
          "logical_iterations": 10,
          "oracle": "deterministic CPU two-stage reference with sequence tag",
          "status": "pass"
        }
      },
      "correctness_pass": true,
      "dependency_contract": {
        "inter_dispatch_ordering": "hip_round_robin_stream_order",
        "output_partitioning": "disjoint",
        "validation_status": "pass",
        "work_dependency": "independent"
      },
      "gflops": 66.63929597,
      "k": 32768,
      "max_abs": 0,
      "max_rel": 0,
      "max_us": 63.04839849,
      "median_us": 62.94040084,
      "min_us": 62.81629801,
      "p05_us": 62.82589793,
      "p95_us": 63.03559899,
      "rows": 4,
      "split_count": 4,
      "submission": {
        "completion_in_host_wall": true,
        "queue_or_stream_count": 4,
        "recording_in_timed_region": false,
        "strategy": "multi_stream",
        "submit_in_host_wall": true
      },
      "timing": {
        "burst": {
          "dispatches_per_iteration": 2,
          "gpu_elapsed": {
            "clock": "hip_event",
            "per_iteration_us": {
              "max": 63.04839849,
              "median": 62.94040084,
              "min": 62.81629801,
              "n": 5,
              "p05": 62.82589793,
              "p95": 63.03559899,
              "samples": 5,
              "stdev": 0.08285880909
            },
            "sequence_us": {
              "max": 630.4839849,
              "median": 629.4040084,
              "min": 628.1629801,
              "n": 5,
              "p05": 628.2589793,
              "p95": 630.3559899,
              "samples": 5,
              "stdev": 0.8285880909
            },
            "status": "ok"
          },
          "host_wall": {
            "clock": "steady_clock",
            "per_iteration_us": {
              "max": 66.0979,
              "median": 65.995,
              "min": 65.846,
              "n": 5,
              "p05": 65.8586,
              "p95": 66.08412,
              "samples": 5,
              "stdev": 0.08878816137
            },
            "sequence_us": {
              "max": 660.979,
              "median": 659.95,
              "min": 658.46,
              "n": 5,
              "p05": 658.586,
              "p95": 660.8412,
              "samples": 5,
              "stdev": 0.8878816137
            },
            "status": "ok"
          },
          "logical_iterations": 10
        },
        "single": {
          "dispatches_per_iteration": 2,
          "gpu_elapsed": {
            "clock": "hip_event",
            "per_iteration_us": {
              "max": 203.9609998,
              "median": 203.6409974,
              "min": 202.601999,
              "n": 5,
              "p05": 202.7457982,
              "p95": 203.9130002,
              "samples": 5,
              "stdev": 0.4704864516
            },
            "sequence_us": {
              "max": 203.9609998,
              "median": 203.6409974,
              "min": 202.601999,
              "n": 5,
              "p05": 202.7457982,
              "p95": 203.9130002,
              "samples": 5,
              "stdev": 0.4704864516
            },
            "status": "ok"
          },
          "host_wall": {
            "clock": "steady_clock",
            "per_iteration_us": {
              "max": 235.704,
              "median": 234.343,
              "min": 232.594,
              "n": 5,
              "p05": 232.8438,
              "p95": 235.556,
              "samples": 5,
              "stdev": 1.051922545
            },
            "sequence_us": {
              "max": 235.704,
              "median": 234.343,
              "min": 232.594,
              "n": 5,
              "p05": 232.8438,
              "p95": 235.556,
              "samples": 5,
              "stdev": 1.051922545
            },
            "status": "ok"
          },
          "logical_iterations": 1
        }
      },
      "timing_mode": "independent_throughput",
      "variant": "two_stage",
      "workgroup_size": 256,
      "workgroup_specialization": "fixed"
    }
  ],
  "schema": "hipengine.micro.two_stage_reduction.v2",
  "schema_version": 2,
  "source": {
    "branch": "",
    "commit": "f2c3ad6d74c86e3641ce09ff9fd759eaa6cd75e0",
    "dirty": false,
    "repo": "/tmp/hipEngine-f2c",
    "source_hash": "sha256:434549c58262048626636385801b133dbde02f4a053b75bb766f076a1e023794"
  },
  "source_coverage": {
    "backend_hash_status": {
      "hip": "covered_by_combined_source_hash",
      "vulkan": "covered_by_combined_source_hash"
    },
    "backend_source_hashes": {
      "hip": [],
      "vulkan": []
    },
    "combined_hash_backends": [
      "hip",
      "vulkan"
    ],
    "combined_hash_files": [
      "benchmarks/micro/runners/two_stage_reduction.py",
      "benchmarks/micro/runners/hip_two_stage_reduction.hip",
      "benchmarks/micro/runners/vulkan_two_stage_reduction.cpp",
      "benchmarks/micro/kernels/vulkan/reduction_two_stage_partial.comp",
      "benchmarks/micro/kernels/vulkan/reduction_two_stage_final.comp",
      "benchmarks/micro/runners/micro_timing_hip.hpp",
      "benchmarks/micro/runners/micro_timing_vulkan.hpp",
      "benchmarks/micro/timing_contract.py",
      "benchmarks/micro/comparison_claim.py"
    ],
    "combined_source_hash": "sha256:434549c58262048626636385801b133dbde02f4a053b75bb766f076a1e023794",
    "scope": "single_joint_wrapper_invocation"
  },
  "sources": {
    "shared": {
      "branch": "",
      "commit": "f2c3ad6d74c86e3641ce09ff9fd759eaa6cd75e0",
      "dirty": false,
      "repo": "/tmp/hipEngine-f2c",
      "source_hash": "sha256:434549c58262048626636385801b133dbde02f4a053b75bb766f076a1e023794"
    }
  },
  "summary": {
    "all_correctness_pass": true,
    "host_wall_status": "not_comparable_direct_vs_command_buffer",
    "matched_rows": 0,
    "performance_claim": false,
    "primary_domain": "gpu_elapsed",
    "speedup_max": null,
    "speedup_median": null,
    "speedup_min": null
  },
  "wrapper": {
    "build_dir": "/home/kaden/ClaudeCode/autorocm/redline-pub/examples/hipengine-6409/results/gfx1201/2026-07-12/build/hip/two-stage-reduction",
    "command": [
      "python3",
      "/tmp/hipEngine-f2c/benchmarks/micro/runners/two_stage_reduction.py",
      "--backend",
      "hip",
      "--timing-mode",
      "independent_throughput",
      "--independent-streams",
      "4",
      "--reps",
      "10",
      "--warmup",
      "3",
      "--samples",
      "5",
      "--environment-json",
      "/home/kaden/ClaudeCode/autorocm/redline-pub/examples/hipengine-6409/results/gfx1201/2026-07-12/environment.json",
      "--environment-ref",
      "/home/kaden/ClaudeCode/autorocm/redline-pub/examples/hipengine-6409/results/gfx1201/2026-07-12/environment.json",
      "--gfx-arch",
      "gfx1201",
      "--hardware-gpu",
      "AMD Radeon Graphics",
      "--build-dir",
      "/home/kaden/ClaudeCode/autorocm/redline-pub/examples/hipengine-6409/results/gfx1201/2026-07-12/build/hip/two-stage-reduction",
      "--k-list",
      "8192,32768",
      "--rows-list",
      "1,4",
      "--workgroups",
      "128,256",
      "--split-counts",
      "2,4",
      "--body-repeats",
      "16",
      "--out",
      "/home/kaden/ClaudeCode/autorocm/redline-pub/examples/hipengine-6409/results/gfx1201/2026-07-12/independent_throughput/hip-two-stage-reduction.json",
      "--pretty"
    ],
    "cwd": "/tmp/hipEngine-f2c"
  }
}
