{
  "artifact_ref": "/home/kaden/ClaudeCode/autorocm/redline-pub/examples/hipengine-6409/results/gfx1201/2026-07-12/independent_throughput/redline-dense-q8.raw.json",
  "backend": "hip",
  "bench": "q8_0_dense_real_slice",
  "classification": "real_slice_probe",
  "command": [
    "python3",
    "/tmp/hipEngine-f2c/benchmarks/micro/runners/q8_0_dense_real_slice.py",
    "--backend",
    "hip",
    "--timing-mode",
    "independent_throughput",
    "--independent-streams",
    "4",
    "--reps",
    "10",
    "--warmup",
    "3",
    "--samples",
    "5",
    "--environment-json",
    "/home/kaden/ClaudeCode/autorocm/redline-pub/examples/hipengine-6409/results/gfx1201/2026-07-12/environment.json",
    "--environment-ref",
    "/home/kaden/ClaudeCode/autorocm/redline-pub/examples/hipengine-6409/results/gfx1201/2026-07-12/environment.json",
    "--gfx-arch",
    "gfx1201",
    "--hardware-gpu",
    "AMD Radeon Graphics",
    "--build-dir",
    "/home/kaden/ClaudeCode/autorocm/redline-pub/examples/hipengine-6409/results/gfx1201/2026-07-12/build/redline/dense-q8",
    "--shapes",
    "768x2048,2048x2048",
    "--rows-list",
    "1,4",
    "--local-sizes",
    "32,64,128",
    "--row-tiles",
    "1,4",
    "--out",
    "/home/kaden/ClaudeCode/autorocm/redline-pub/examples/hipengine-6409/results/gfx1201/2026-07-12/independent_throughput/redline-dense-q8.raw.json",
    "--pretty"
  ],
  "correctness": {
    "all_pass": true,
    "oracle": "CPU q8_1 quantize plus raw GGUF Q8_0 dense dp4a",
    "rows": 20,
    "status": "pass"
  },
  "environment_ref": "/home/kaden/ClaudeCode/autorocm/redline-pub/examples/hipengine-6409/results/gfx1201/2026-07-12/environment.json",
  "hardware": {
    "gfx_arch": "gfx1201",
    "gpu_name": "AMD Radeon Graphics"
  },
  "kind": "hipengine_micro_result",
  "measurements": {
    "rows": [
      {
        "backend": "hip",
        "correctness": {
          "single_dispatch": {
            "oracle": "CPU Q8_0 dense q8_1+dp4a BF16 logits with KL <= 0.05 and top-1 >= 90%",
            "status": "pass"
          },
          "synchronization": {
            "barrier_count": 0,
            "method": "disjoint_xq_and_output_slices",
            "status": "pass"
          },
          "timed_sequence": {
            "coverage": "all_dispatches",
            "logical_iterations": 10,
            "oracle": "CPU Q8_0 dense q8_1+dp4a BF16 logits with KL <= 0.05 and top-1 >= 90%",
            "status": "pass"
          }
        },
        "correctness_pass": true,
        "dependency_contract": {
          "inter_dispatch_ordering": "none",
          "output_partitioning": "disjoint",
          "validation_status": "pass",
          "work_dependency": "independent"
        },
        "execution": {
          "actual_parallel_lanes": 4,
          "calibrated_timestamp_domain": false,
          "lane_assignment": "round_robin_streams",
          "requested_parallel_lanes": 4,
          "submission_strategy": "multi_stream"
        },
        "in_features": 768,
        "local_size": 32,
        "median_us": 0.32799999999999996,
        "numeric_correctness": {
          "burst": {
            "expected_repetitions": [
              0,
              1,
              2,
              3,
              4,
              5,
              6,
              7,
              8,
              9
            ],
            "kl_divergence": 2.862390963202815e-05,
            "max_abs": 0.015488624572753906,
            "mean_abs": 0.0024552212562412024,
            "oracle": "CPU Q8_0 dense q8_1+dp4a BF16 logits with KL/top-1 gate",
            "outputs_checked": 10,
            "pass": true,
            "top1": 1.0
          },
          "single": {
            "expected_repetitions": [
              0
            ],
            "kl_divergence": 1.1279088939565726e-05,
            "max_abs": 0.015120506286621094,
            "mean_abs": 0.0016973668243736029,
            "oracle": "CPU Q8_0 dense q8_1+dp4a BF16 logits with KL/top-1 gate",
            "outputs_checked": 1,
            "pass": true,
            "top1": 1.0
          }
        },
        "operation": "q8_1_quantize",
        "out_features": 2048,
        "q8_0_weight_bytes": 1671168,
        "q8_blocks_per_row": 24,
        "row_tile": 0,
        "rows": 1,
        "sequence_validation": {
          "burst_expected_repetitions": [
            0,
            1,
            2,
            3,
            4,
            5,
            6,
            7,
            8,
            9
          ],
          "input_repetition_pattern": "distinct_deterministic_salt",
          "output_partitioning": "disjoint",
          "single_expected_repetitions": [
            0
          ],
          "xq_partitioning": "disjoint"
        },
        "submission": {
          "completion_in_host_wall": true,
          "queue_or_stream_count": 4,
          "recording_in_timed_region": false,
          "strategy": "multi_stream",
          "submit_in_host_wall": true
        },
        "timing": {
          "burst": {
            "dispatches_per_iteration": 1,
            "gpu_elapsed": {
              "clock": "hip_event",
              "per_iteration_us": {
                "max": 0.548,
                "median": 0.32799999999999996,
                "min": 0.324,
                "n": 5,
                "p05": 0.32480000000000003,
                "p95": 0.5048,
                "samples": 5,
                "stdev": 0.08803635612631866
              },
              "sequence_us": {
                "max": 5.48,
                "median": 3.28,
                "min": 3.24,
                "n": 5,
                "p05": 3.2480000000000007,
                "p95": 5.048,
                "samples": 5,
                "stdev": 0.8803635612631865
              },
              "status": "ok"
            },
            "host_wall": {
              "clock": "steady_clock",
              "per_iteration_us": {
                "max": 19.5443,
                "median": 2.1510000000000002,
                "min": 2.086,
                "n": 5,
                "p05": 2.092,
                "p95": 16.070659999999997,
                "samples": 5,
                "stdev": 6.964877158830585
              },
              "sequence_us": {
                "max": 195.443,
                "median": 21.51,
                "min": 20.86,
                "n": 5,
                "p05": 20.919999999999998,
                "p95": 160.70659999999998,
                "samples": 5,
                "stdev": 69.64877158830585
              },
              "status": "ok"
            },
            "logical_iterations": 10
          },
          "single": {
            "dispatches_per_iteration": 1,
            "gpu_elapsed": {
              "clock": "hip_event",
              "per_iteration_us": {
                "max": 4.44,
                "median": 2.8,
                "min": 2.28,
                "n": 5,
                "p05": 2.368,
                "p95": 4.112,
                "samples": 5,
                "stdev": 0.7416306358289146
              },
              "sequence_us": {
                "max": 4.44,
                "median": 2.8,
                "min": 2.28,
                "n": 5,
                "p05": 2.368,
                "p95": 4.112,
                "samples": 5,
                "stdev": 0.7416306358289146
              },
              "status": "ok"
            },
            "host_wall": {
              "clock": "steady_clock",
              "per_iteration_us": {
                "max": 194.373,
                "median": 23.98,
                "min": 23.77,
                "n": 5,
                "p05": 23.784000000000002,
                "p95": 161.47059999999996,
                "samples": 5,
                "stdev": 67.6440293814613
              },
              "sequence_us": {
                "max": 194.373,
                "median": 23.98,
                "min": 23.77,
                "n": 5,
                "p05": 23.784000000000002,
                "p95": 161.47059999999996,
                "samples": 5,
                "stdev": 67.6440293814613
              },
              "status": "ok"
            },
            "logical_iterations": 1
          }
        },
        "timing_mode": "independent_throughput",
        "variant": "quantize",
        "workgroup_match": "exact_hip_wave32"
      },
      {
        "backend": "hip",
        "correctness": {
          "single_dispatch": {
            "oracle": "CPU Q8_0 dense q8_1+dp4a BF16 logits with KL <= 0.05 and top-1 >= 90%",
            "status": "pass"
          },
          "synchronization": {
            "barrier_count": 0,
            "method": "disjoint_xq_and_output_slices",
            "status": "pass"
          },
          "timed_sequence": {
            "coverage": "all_dispatches",
            "logical_iterations": 10,
            "oracle": "CPU Q8_0 dense q8_1+dp4a BF16 logits with KL <= 0.05 and top-1 >= 90%",
            "status": "pass"
          }
        },
        "correctness_pass": true,
        "dependency_contract": {
          "inter_dispatch_ordering": "none",
          "output_partitioning": "disjoint",
          "validation_status": "pass",
          "work_dependency": "independent"
        },
        "execution": {
          "actual_parallel_lanes": 4,
          "calibrated_timestamp_domain": false,
          "lane_assignment": "round_robin_streams",
          "requested_parallel_lanes": 4,
          "submission_strategy": "multi_stream"
        },
        "in_features": 768,
        "local_size": 32,
        "median_us": 1.1400000000000001,
        "numeric_correctness": {
          "burst": {
            "expected_repetitions": [
              0,
              1,
              2,
              3,
              4,
              5,
              6,
              7,
              8,
              9
            ],
            "kl_divergence": 2.862390963202815e-05,
            "max_abs": 0.015488624572753906,
            "mean_abs": 0.0024552212562412024,
            "oracle": "CPU Q8_0 dense q8_1+dp4a BF16 logits with KL/top-1 gate",
            "outputs_checked": 10,
            "pass": true,
            "top1": 1.0
          },
          "single": {
            "expected_repetitions": [
              0
            ],
            "kl_divergence": 1.1279088939565726e-05,
            "max_abs": 0.015120506286621094,
            "mean_abs": 0.0016973668243736029,
            "oracle": "CPU Q8_0 dense q8_1+dp4a BF16 logits with KL/top-1 gate",
            "outputs_checked": 1,
            "pass": true,
            "top1": 1.0
          }
        },
        "operation": "q8_0_dense_dp4a_dot_prequantized",
        "out_features": 2048,
        "q8_0_weight_bytes": 1671168,
        "q8_blocks_per_row": 24,
        "row_tile": 1,
        "rows": 1,
        "sequence_validation": {
          "burst_expected_repetitions": [
            0,
            1,
            2,
            3,
            4,
            5,
            6,
            7,
            8,
            9
          ],
          "input_repetition_pattern": "distinct_deterministic_salt",
          "output_partitioning": "disjoint",
          "single_expected_repetitions": [
            0
          ],
          "xq_partitioning": "disjoint"
        },
        "submission": {
          "completion_in_host_wall": true,
          "queue_or_stream_count": 4,
          "recording_in_timed_region": false,
          "strategy": "multi_stream",
          "submit_in_host_wall": true
        },
        "timing": {
          "burst": {
            "dispatches_per_iteration": 1,
            "gpu_elapsed": {
              "clock": "hip_event",
              "per_iteration_us": {
                "max": 2.92,
                "median": 1.1400000000000001,
                "min": 1.1,
                "n": 5,
                "p05": 1.1016000000000001,
                "p95": 2.5647999999999995,
                "samples": 5,
                "stdev": 0.7190064255623867
              },
              "sequence_us": {
                "max": 29.2,
                "median": 11.4,
                "min": 11.0,
                "n": 5,
                "p05": 11.016000000000002,
                "p95": 25.647999999999996,
                "samples": 5,
                "stdev": 7.190064255623867
              },
              "status": "ok"
            },
            "host_wall": {
              "clock": "steady_clock",
              "per_iteration_us": {
                "max": 34.2805,
                "median": 2.899,
                "min": 2.87,
                "n": 5,
                "p05": 2.8740200000000002,
                "p95": 28.007219999999997,
                "samples": 5,
                "stdev": 12.554888110469166
              },
              "sequence_us": {
                "max": 342.805,
                "median": 28.99,
                "min": 28.7,
                "n": 5,
                "p05": 28.7402,
                "p95": 280.07219999999995,
                "samples": 5,
                "stdev": 125.54888110469166
              },
              "status": "ok"
            },
            "logical_iterations": 10
          },
          "single": {
            "dispatches_per_iteration": 1,
            "gpu_elapsed": {
              "clock": "hip_event",
              "per_iteration_us": {
                "max": 5.0,
                "median": 3.28,
                "min": 3.24,
                "n": 5,
                "p05": 3.2480000000000007,
                "p95": 4.664,
                "samples": 5,
                "stdev": 0.6884649591664053
              },
              "sequence_us": {
                "max": 5.0,
                "median": 3.28,
                "min": 3.24,
                "n": 5,
                "p05": 3.2480000000000007,
                "p95": 4.664,
                "samples": 5,
                "stdev": 0.6884649591664053
              },
              "status": "ok"
            },
            "host_wall": {
              "clock": "steady_clock",
              "per_iteration_us": {
                "max": 319.605,
                "median": 21.261,
                "min": 20.91,
                "n": 5,
                "p05": 20.926000000000002,
                "p95": 259.988,
                "samples": 5,
                "stdev": 119.37409332581338
              },
              "sequence_us": {
                "max": 319.605,
                "median": 21.261,
                "min": 20.91,
                "n": 5,
                "p05": 20.926000000000002,
                "p95": 259.988,
                "samples": 5,
                "stdev": 119.37409332581338
              },
              "status": "ok"
            },
            "logical_iterations": 1
          }
        },
        "timing_mode": "independent_throughput",
        "variant": "single",
        "workgroup_match": "exact_hip_wave32"
      },
      {
        "backend": "hip",
        "correctness": {
          "single_dispatch": {
            "oracle": "CPU Q8_0 dense q8_1+dp4a BF16 logits with KL <= 0.05 and top-1 >= 90%",
            "status": "pass"
          },
          "synchronization": {
            "barrier_count": 0,
            "method": "disjoint_xq_and_output_slices",
            "status": "pass"
          },
          "timed_sequence": {
            "coverage": "all_dispatches",
            "logical_iterations": 10,
            "oracle": "CPU Q8_0 dense q8_1+dp4a BF16 logits with KL <= 0.05 and top-1 >= 90%",
            "status": "pass"
          }
        },
        "correctness_pass": true,
        "dependency_contract": {
          "inter_dispatch_ordering": "none",
          "output_partitioning": "disjoint",
          "validation_status": "pass",
          "work_dependency": "independent"
        },
        "execution": {
          "actual_parallel_lanes": 4,
          "calibrated_timestamp_domain": false,
          "lane_assignment": "round_robin_streams",
          "requested_parallel_lanes": 4,
          "submission_strategy": "multi_stream"
        },
        "in_features": 768,
        "local_size": 32,
        "median_us": 4.86,
        "numeric_correctness": {
          "burst": {
            "expected_repetitions": [
              0,
              1,
              2,
              3,
              4,
              5,
              6,
              7,
              8,
              9
            ],
            "kl_divergence": 2.862390963202815e-05,
            "max_abs": 0.015488624572753906,
            "mean_abs": 0.0024552212562412024,
            "oracle": "CPU Q8_0 dense q8_1+dp4a BF16 logits with KL/top-1 gate",
            "outputs_checked": 10,
            "pass": true,
            "top1": 1.0
          },
          "single": {
            "expected_repetitions": [
              0
            ],
            "kl_divergence": 1.1279088939565726e-05,
            "max_abs": 0.015120506286621094,
            "mean_abs": 0.0016973668243736029,
            "oracle": "CPU Q8_0 dense q8_1+dp4a BF16 logits with KL/top-1 gate",
            "outputs_checked": 1,
            "pass": true,
            "top1": 1.0
          }
        },
        "operation": "q8_0_dense_dp4a_quantize_plus_dot",
        "out_features": 2048,
        "q8_0_weight_bytes": 1671168,
        "q8_blocks_per_row": 24,
        "row_tile": 1,
        "rows": 1,
        "sequence_validation": {
          "burst_expected_repetitions": [
            0,
            1,
            2,
            3,
            4,
            5,
            6,
            7,
            8,
            9
          ],
          "input_repetition_pattern": "distinct_deterministic_salt",
          "output_partitioning": "disjoint",
          "single_expected_repetitions": [
            0
          ],
          "xq_partitioning": "disjoint"
        },
        "submission": {
          "completion_in_host_wall": true,
          "queue_or_stream_count": 4,
          "recording_in_timed_region": false,
          "strategy": "multi_stream",
          "submit_in_host_wall": true
        },
        "timing": {
          "burst": {
            "dispatches_per_iteration": 2,
            "gpu_elapsed": {
              "clock": "hip_event",
              "per_iteration_us": {
                "max": 6.292,
                "median": 4.86,
                "min": 4.772,
                "n": 5,
                "p05": 4.788,
                "p95": 6.0136,
                "samples": 5,
                "stdev": 0.579889092844485
              },
              "sequence_us": {
                "max": 62.92,
                "median": 48.6,
                "min": 47.72,
                "n": 5,
                "p05": 47.88,
                "p95": 60.135999999999996,
                "samples": 5,
                "stdev": 5.798890928444853
              },
              "status": "ok"
            },
            "host_wall": {
              "clock": "steady_clock",
              "per_iteration_us": {
                "max": 57.7719,
                "median": 6.9491,
                "min": 6.9241,
                "n": 5,
                "p05": 6.9247000000000005,
                "p95": 47.62013999999999,
                "samples": 5,
                "stdev": 20.327445250360412
              },
              "sequence_us": {
                "max": 577.719,
                "median": 69.491,
                "min": 69.241,
                "n": 5,
                "p05": 69.247,
                "p95": 476.2014,
                "samples": 5,
                "stdev": 203.27445250360412
              },
              "status": "ok"
            },
            "logical_iterations": 10
          },
          "single": {
            "dispatches_per_iteration": 2,
            "gpu_elapsed": {
              "clock": "hip_event",
              "per_iteration_us": {
                "max": 8.76,
                "median": 7.16,
                "min": 7.04,
                "n": 5,
                "p05": 7.048000000000001,
                "p95": 8.44,
                "samples": 5,
                "stdev": 0.6616343401003305
              },
              "sequence_us": {
                "max": 8.76,
                "median": 7.16,
                "min": 7.04,
                "n": 5,
                "p05": 7.048000000000001,
                "p95": 8.44,
                "samples": 5,
                "stdev": 0.6616343401003305
              },
              "status": "ok"
            },
            "host_wall": {
              "clock": "steady_clock",
              "per_iteration_us": {
                "max": 435.026,
                "median": 25.391,
                "min": 25.36,
                "n": 5,
                "p05": 25.364,
                "p95": 353.22299999999996,
                "samples": 5,
                "stdev": 163.79638435154789
              },
              "sequence_us": {
                "max": 435.026,
                "median": 25.391,
                "min": 25.36,
                "n": 5,
                "p05": 25.364,
                "p95": 353.22299999999996,
                "samples": 5,
                "stdev": 163.79638435154789
              },
              "status": "ok"
            },
            "logical_iterations": 1
          }
        },
        "timing_mode": "independent_throughput",
        "variant": "single",
        "workgroup_match": "exact_hip_wave32"
      },
      {
        "backend": "hip",
        "correctness": {
          "single_dispatch": {
            "oracle": "CPU Q8_0 dense q8_1+dp4a BF16 logits with KL <= 0.05 and top-1 >= 90%",
            "status": "pass"
          },
          "synchronization": {
            "barrier_count": 0,
            "method": "disjoint_xq_and_output_slices",
            "status": "pass"
          },
          "timed_sequence": {
            "coverage": "all_dispatches",
            "logical_iterations": 10,
            "oracle": "CPU Q8_0 dense q8_1+dp4a BF16 logits with KL <= 0.05 and top-1 >= 90%",
            "status": "pass"
          }
        },
        "correctness_pass": true,
        "dependency_contract": {
          "inter_dispatch_ordering": "none",
          "output_partitioning": "disjoint",
          "validation_status": "pass",
          "work_dependency": "independent"
        },
        "execution": {
          "actual_parallel_lanes": 4,
          "calibrated_timestamp_domain": false,
          "lane_assignment": "round_robin_streams",
          "requested_parallel_lanes": 4,
          "submission_strategy": "multi_stream"
        },
        "in_features": 768,
        "local_size": 32,
        "median_us": 1.592,
        "numeric_correctness": {
          "burst": {
            "expected_repetitions": [
              0,
              1,
              2,
              3,
              4,
              5,
              6,
              7,
              8,
              9
            ],
            "kl_divergence": 2.862390963202815e-05,
            "max_abs": 0.015488624572753906,
            "mean_abs": 0.0024552212562412024,
            "oracle": "CPU Q8_0 dense q8_1+dp4a BF16 logits with KL/top-1 gate",
            "outputs_checked": 10,
            "pass": true,
            "top1": 1.0
          },
          "single": {
            "expected_repetitions": [
              0
            ],
            "kl_divergence": 1.1279088939565726e-05,
            "max_abs": 0.015120506286621094,
            "mean_abs": 0.0016973668243736029,
            "oracle": "CPU Q8_0 dense q8_1+dp4a BF16 logits with KL/top-1 gate",
            "outputs_checked": 1,
            "pass": true,
            "top1": 1.0
          }
        },
        "operation": "q8_0_dense_dp4a_dot_prequantized",
        "out_features": 2048,
        "q8_0_weight_bytes": 1671168,
        "q8_blocks_per_row": 24,
        "row_tile": 4,
        "rows": 1,
        "sequence_validation": {
          "burst_expected_repetitions": [
            0,
            1,
            2,
            3,
            4,
            5,
            6,
            7,
            8,
            9
          ],
          "input_repetition_pattern": "distinct_deterministic_salt",
          "output_partitioning": "disjoint",
          "single_expected_repetitions": [
            0
          ],
          "xq_partitioning": "disjoint"
        },
        "submission": {
          "completion_in_host_wall": true,
          "queue_or_stream_count": 4,
          "recording_in_timed_region": false,
          "strategy": "multi_stream",
          "submit_in_host_wall": true
        },
        "timing": {
          "burst": {
            "dispatches_per_iteration": 1,
            "gpu_elapsed": {
              "clock": "hip_event",
              "per_iteration_us": {
                "max": 3.684,
                "median": 1.592,
                "min": 1.584,
                "n": 5,
                "p05": 1.5848000000000002,
                "p95": 3.2664,
                "samples": 5,
                "stdev": 0.8376095510439217
              },
              "sequence_us": {
                "max": 36.84,
                "median": 15.92,
                "min": 15.84,
                "n": 5,
                "p05": 15.848,
                "p95": 32.664,
                "samples": 5,
                "stdev": 8.376095510439217
              },
              "status": "ok"
            },
            "host_wall": {
              "clock": "steady_clock",
              "per_iteration_us": {
                "max": 22.9833,
                "median": 3.3981000000000003,
                "min": 3.372,
                "n": 5,
                "p05": 3.37602,
                "p95": 19.06864,
                "samples": 5,
                "stdev": 7.8361096579871825
              },
              "sequence_us": {
                "max": 229.833,
                "median": 33.981,
                "min": 33.72,
                "n": 5,
                "p05": 33.7602,
                "p95": 190.68639999999996,
                "samples": 5,
                "stdev": 78.36109657987183
              },
              "status": "ok"
            },
            "logical_iterations": 10
          },
          "single": {
            "dispatches_per_iteration": 1,
            "gpu_elapsed": {
              "clock": "hip_event",
              "per_iteration_us": {
                "max": 6.92,
                "median": 3.64,
                "min": 3.6,
                "n": 5,
                "p05": 3.6080000000000005,
                "p95": 6.287999999999999,
                "samples": 5,
                "stdev": 1.3051038272873159
              },
              "sequence_us": {
                "max": 6.92,
                "median": 3.64,
                "min": 3.6,
                "n": 5,
                "p05": 3.6080000000000005,
                "p95": 6.287999999999999,
                "samples": 5,
                "stdev": 1.3051038272873159
              },
              "status": "ok"
            },
            "host_wall": {
              "clock": "steady_clock",
              "per_iteration_us": {
                "max": 247.294,
                "median": 24.721,
                "min": 24.14,
                "n": 5,
                "p05": 24.226000000000003,
                "p95": 202.95519999999996,
                "samples": 5,
                "stdev": 89.015766751739
              },
              "sequence_us": {
                "max": 247.294,
                "median": 24.721,
                "min": 24.14,
                "n": 5,
                "p05": 24.226000000000003,
                "p95": 202.95519999999996,
                "samples": 5,
                "stdev": 89.015766751739
              },
              "status": "ok"
            },
            "logical_iterations": 1
          }
        },
        "timing_mode": "independent_throughput",
        "variant": "rowtile4",
        "workgroup_match": "exact_hip_wave32"
      },
      {
        "backend": "hip",
        "correctness": {
          "single_dispatch": {
            "oracle": "CPU Q8_0 dense q8_1+dp4a BF16 logits with KL <= 0.05 and top-1 >= 90%",
            "status": "pass"
          },
          "synchronization": {
            "barrier_count": 0,
            "method": "disjoint_xq_and_output_slices",
            "status": "pass"
          },
          "timed_sequence": {
            "coverage": "all_dispatches",
            "logical_iterations": 10,
            "oracle": "CPU Q8_0 dense q8_1+dp4a BF16 logits with KL <= 0.05 and top-1 >= 90%",
            "status": "pass"
          }
        },
        "correctness_pass": true,
        "dependency_contract": {
          "inter_dispatch_ordering": "none",
          "output_partitioning": "disjoint",
          "validation_status": "pass",
          "work_dependency": "independent"
        },
        "execution": {
          "actual_parallel_lanes": 4,
          "calibrated_timestamp_domain": false,
          "lane_assignment": "round_robin_streams",
          "requested_parallel_lanes": 4,
          "submission_strategy": "multi_stream"
        },
        "in_features": 768,
        "local_size": 32,
        "median_us": 5.4479999999999995,
        "numeric_correctness": {
          "burst": {
            "expected_repetitions": [
              0,
              1,
              2,
              3,
              4,
              5,
              6,
              7,
              8,
              9
            ],
            "kl_divergence": 2.862390963202815e-05,
            "max_abs": 0.015488624572753906,
            "mean_abs": 0.0024552212562412024,
            "oracle": "CPU Q8_0 dense q8_1+dp4a BF16 logits with KL/top-1 gate",
            "outputs_checked": 10,
            "pass": true,
            "top1": 1.0
          },
          "single": {
            "expected_repetitions": [
              0
            ],
            "kl_divergence": 1.1279088939565726e-05,
            "max_abs": 0.015120506286621094,
            "mean_abs": 0.0016973668243736029,
            "oracle": "CPU Q8_0 dense q8_1+dp4a BF16 logits with KL/top-1 gate",
            "outputs_checked": 1,
            "pass": true,
            "top1": 1.0
          }
        },
        "operation": "q8_0_dense_dp4a_quantize_plus_dot",
        "out_features": 2048,
        "q8_0_weight_bytes": 1671168,
        "q8_blocks_per_row": 24,
        "row_tile": 4,
        "rows": 1,
        "sequence_validation": {
          "burst_expected_repetitions": [
            0,
            1,
            2,
            3,
            4,
            5,
            6,
            7,
            8,
            9
          ],
          "input_repetition_pattern": "distinct_deterministic_salt",
          "output_partitioning": "disjoint",
          "single_expected_repetitions": [
            0
          ],
          "xq_partitioning": "disjoint"
        },
        "submission": {
          "completion_in_host_wall": true,
          "queue_or_stream_count": 4,
          "recording_in_timed_region": false,
          "strategy": "multi_stream",
          "submit_in_host_wall": true
        },
        "timing": {
          "burst": {
            "dispatches_per_iteration": 2,
            "gpu_elapsed": {
              "clock": "hip_event",
              "per_iteration_us": {
                "max": 6.659999999999999,
                "median": 5.4479999999999995,
                "min": 5.3759999999999994,
                "n": 5,
                "p05": 5.3856,
                "p95": 6.4192,
                "samples": 5,
                "stdev": 0.49438705484670586
              },
              "sequence_us": {
                "max": 66.6,
                "median": 54.48,
                "min": 53.76,
                "n": 5,
                "p05": 53.856,
                "p95": 64.192,
                "samples": 5,
                "stdev": 4.943870548467059
              },
              "status": "ok"
            },
            "host_wall": {
              "clock": "steady_clock",
              "per_iteration_us": {
                "max": 64.0569,
                "median": 7.3041,
                "min": 7.2262,
                "n": 5,
                "p05": 7.2401800000000005,
                "p95": 52.711139999999986,
                "samples": 5,
                "stdev": 22.707335324462885
              },
              "sequence_us": {
                "max": 640.569,
                "median": 73.041,
                "min": 72.262,
                "n": 5,
                "p05": 72.40180000000001,
                "p95": 527.1113999999999,
                "samples": 5,
                "stdev": 227.07335324462883
              },
              "status": "ok"
            },
            "logical_iterations": 10
          },
          "single": {
            "dispatches_per_iteration": 2,
            "gpu_elapsed": {
              "clock": "hip_event",
              "per_iteration_us": {
                "max": 11.32,
                "median": 8.24,
                "min": 8.12,
                "n": 5,
                "p05": 8.128,
                "p95": 10.727999999999998,
                "samples": 5,
                "stdev": 1.242706723245674
              },
              "sequence_us": {
                "max": 11.32,
                "median": 8.24,
                "min": 8.12,
                "n": 5,
                "p05": 8.128,
                "p95": 10.727999999999998,
                "samples": 5,
                "stdev": 1.242706723245674
              },
              "status": "ok"
            },
            "host_wall": {
              "clock": "steady_clock",
              "per_iteration_us": {
                "max": 255.114,
                "median": 26.98,
                "min": 26.63,
                "n": 5,
                "p05": 26.642200000000003,
                "p95": 209.52119999999996,
                "samples": 5,
                "stdev": 91.30069707510452
              },
              "sequence_us": {
                "max": 255.114,
                "median": 26.98,
                "min": 26.63,
                "n": 5,
                "p05": 26.642200000000003,
                "p95": 209.52119999999996,
                "samples": 5,
                "stdev": 91.30069707510452
              },
              "status": "ok"
            },
            "logical_iterations": 1
          }
        },
        "timing_mode": "independent_throughput",
        "variant": "rowtile4",
        "workgroup_match": "exact_hip_wave32"
      },
      {
        "backend": "hip",
        "correctness": {
          "single_dispatch": {
            "oracle": "CPU Q8_0 dense q8_1+dp4a BF16 logits with KL <= 0.05 and top-1 >= 90%",
            "status": "pass"
          },
          "synchronization": {
            "barrier_count": 0,
            "method": "disjoint_xq_and_output_slices",
            "status": "pass"
          },
          "timed_sequence": {
            "coverage": "all_dispatches",
            "logical_iterations": 10,
            "oracle": "CPU Q8_0 dense q8_1+dp4a BF16 logits with KL <= 0.05 and top-1 >= 90%",
            "status": "pass"
          }
        },
        "correctness_pass": true,
        "dependency_contract": {
          "inter_dispatch_ordering": "none",
          "output_partitioning": "disjoint",
          "validation_status": "pass",
          "work_dependency": "independent"
        },
        "execution": {
          "actual_parallel_lanes": 4,
          "calibrated_timestamp_domain": false,
          "lane_assignment": "round_robin_streams",
          "requested_parallel_lanes": 4,
          "submission_strategy": "multi_stream"
        },
        "in_features": 768,
        "local_size": 32,
        "median_us": 0.344,
        "numeric_correctness": {
          "burst": {
            "expected_repetitions": [
              0,
              1,
              2,
              3,
              4,
              5,
              6,
              7,
              8,
              9
            ],
            "kl_divergence": 2.862390963202815e-05,
            "max_abs": 0.015556812286376953,
            "mean_abs": 0.0019531159196048975,
            "oracle": "CPU Q8_0 dense q8_1+dp4a BF16 logits with KL/top-1 gate",
            "outputs_checked": 10,
            "pass": true,
            "top1": 1.0
          },
          "single": {
            "expected_repetitions": [
              0
            ],
            "kl_divergence": 1.1543760246709147e-05,
            "max_abs": 0.015120506286621094,
            "mean_abs": 0.0017210077494382858,
            "oracle": "CPU Q8_0 dense q8_1+dp4a BF16 logits with KL/top-1 gate",
            "outputs_checked": 1,
            "pass": true,
            "top1": 1.0
          }
        },
        "operation": "q8_1_quantize",
        "out_features": 2048,
        "q8_0_weight_bytes": 1671168,
        "q8_blocks_per_row": 24,
        "row_tile": 0,
        "rows": 4,
        "sequence_validation": {
          "burst_expected_repetitions": [
            0,
            1,
            2,
            3,
            4,
            5,
            6,
            7,
            8,
            9
          ],
          "input_repetition_pattern": "distinct_deterministic_salt",
          "output_partitioning": "disjoint",
          "single_expected_repetitions": [
            0
          ],
          "xq_partitioning": "disjoint"
        },
        "submission": {
          "completion_in_host_wall": true,
          "queue_or_stream_count": 4,
          "recording_in_timed_region": false,
          "strategy": "multi_stream",
          "submit_in_host_wall": true
        },
        "timing": {
          "burst": {
            "dispatches_per_iteration": 1,
            "gpu_elapsed": {
              "clock": "hip_event",
              "per_iteration_us": {
                "max": 0.5599999999999999,
                "median": 0.344,
                "min": 0.33999999999999997,
                "n": 5,
                "p05": 0.33999999999999997,
                "p95": 0.5183999999999999,
                "samples": 5,
                "stdev": 0.08651103975794071
              },
              "sequence_us": {
                "max": 5.6,
                "median": 3.44,
                "min": 3.4,
                "n": 5,
                "p05": 3.4000000000000004,
                "p95": 5.183999999999999,
                "samples": 5,
                "stdev": 0.8651103975794071
              },
              "status": "ok"
            },
            "host_wall": {
              "clock": "steady_clock",
              "per_iteration_us": {
                "max": 19.4483,
                "median": 2.177,
                "min": 2.1670000000000003,
                "n": 5,
                "p05": 2.16882,
                "p95": 16.00164,
                "samples": 5,
                "stdev": 6.905829711019524
              },
              "sequence_us": {
                "max": 194.483,
                "median": 21.77,
                "min": 21.67,
                "n": 5,
                "p05": 21.688200000000002,
                "p95": 160.01639999999998,
                "samples": 5,
                "stdev": 69.05829711019524
              },
              "status": "ok"
            },
            "logical_iterations": 10
          },
          "single": {
            "dispatches_per_iteration": 1,
            "gpu_elapsed": {
              "clock": "hip_event",
              "per_iteration_us": {
                "max": 4.12,
                "median": 2.32,
                "min": 2.28,
                "n": 5,
                "p05": 2.288,
                "p95": 3.768,
                "samples": 5,
                "stdev": 0.7204443073548434
              },
              "sequence_us": {
                "max": 4.12,
                "median": 2.32,
                "min": 2.28,
                "n": 5,
                "p05": 2.288,
                "p95": 3.768,
                "samples": 5,
                "stdev": 0.7204443073548434
              },
              "status": "ok"
            },
            "host_wall": {
              "clock": "steady_clock",
              "per_iteration_us": {
                "max": 186.863,
                "median": 21.37,
                "min": 21.02,
                "n": 5,
                "p05": 21.072,
                "p95": 153.76459999999997,
                "samples": 5,
                "stdev": 66.24122442527765
              },
              "sequence_us": {
                "max": 186.863,
                "median": 21.37,
                "min": 21.02,
                "n": 5,
                "p05": 21.072,
                "p95": 153.76459999999997,
                "samples": 5,
                "stdev": 66.24122442527765
              },
              "status": "ok"
            },
            "logical_iterations": 1
          }
        },
        "timing_mode": "independent_throughput",
        "variant": "quantize",
        "workgroup_match": "exact_hip_wave32"
      },
      {
        "backend": "hip",
        "correctness": {
          "single_dispatch": {
            "oracle": "CPU Q8_0 dense q8_1+dp4a BF16 logits with KL <= 0.05 and top-1 >= 90%",
            "status": "pass"
          },
          "synchronization": {
            "barrier_count": 0,
            "method": "disjoint_xq_and_output_slices",
            "status": "pass"
          },
          "timed_sequence": {
            "coverage": "all_dispatches",
            "logical_iterations": 10,
            "oracle": "CPU Q8_0 dense q8_1+dp4a BF16 logits with KL <= 0.05 and top-1 >= 90%",
            "status": "pass"
          }
        },
        "correctness_pass": true,
        "dependency_contract": {
          "inter_dispatch_ordering": "none",
          "output_partitioning": "disjoint",
          "validation_status": "pass",
          "work_dependency": "independent"
        },
        "execution": {
          "actual_parallel_lanes": 4,
          "calibrated_timestamp_domain": false,
          "lane_assignment": "round_robin_streams",
          "requested_parallel_lanes": 4,
          "submission_strategy": "multi_stream"
        },
        "in_features": 768,
        "local_size": 32,
        "median_us": 3.7840000000000003,
        "numeric_correctness": {
          "burst": {
            "expected_repetitions": [
              0,
              1,
              2,
              3,
              4,
              5,
              6,
              7,
              8,
              9
            ],
            "kl_divergence": 2.862390963202815e-05,
            "max_abs": 0.015556812286376953,
            "mean_abs": 0.0019531159196048975,
            "oracle": "CPU Q8_0 dense q8_1+dp4a BF16 logits with KL/top-1 gate",
            "outputs_checked": 10,
            "pass": true,
            "top1": 1.0
          },
          "single": {
            "expected_repetitions": [
              0
            ],
            "kl_divergence": 1.1543760246709147e-05,
            "max_abs": 0.015120506286621094,
            "mean_abs": 0.0017210077494382858,
            "oracle": "CPU Q8_0 dense q8_1+dp4a BF16 logits with KL/top-1 gate",
            "outputs_checked": 1,
            "pass": true,
            "top1": 1.0
          }
        },
        "operation": "q8_0_dense_dp4a_dot_prequantized",
        "out_features": 2048,
        "q8_0_weight_bytes": 1671168,
        "q8_blocks_per_row": 24,
        "row_tile": 1,
        "rows": 4,
        "sequence_validation": {
          "burst_expected_repetitions": [
            0,
            1,
            2,
            3,
            4,
            5,
            6,
            7,
            8,
            9
          ],
          "input_repetition_pattern": "distinct_deterministic_salt",
          "output_partitioning": "disjoint",
          "single_expected_repetitions": [
            0
          ],
          "xq_partitioning": "disjoint"
        },
        "submission": {
          "completion_in_host_wall": true,
          "queue_or_stream_count": 4,
          "recording_in_timed_region": false,
          "strategy": "multi_stream",
          "submit_in_host_wall": true
        },
        "timing": {
          "burst": {
            "dispatches_per_iteration": 1,
            "gpu_elapsed": {
              "clock": "hip_event",
              "per_iteration_us": {
                "max": 6.208,
                "median": 3.7840000000000003,
                "min": 3.7600000000000002,
                "n": 5,
                "p05": 3.7640000000000002,
                "p95": 5.7288,
                "samples": 5,
                "stdev": 0.9697419038073998
              },
              "sequence_us": {
                "max": 62.08,
                "median": 37.84,
                "min": 37.6,
                "n": 5,
                "p05": 37.64,
                "p95": 57.288,
                "samples": 5,
                "stdev": 9.697419038073996
              },
              "status": "ok"
            },
            "host_wall": {
              "clock": "steady_clock",
              "per_iteration_us": {
                "max": 37.546499999999995,
                "median": 5.7401,
                "min": 5.6671,
                "n": 5,
                "p05": 5.6743,
                "p95": 31.192419999999988,
                "samples": 5,
                "stdev": 12.730012042476627
              },
              "sequence_us": {
                "max": 375.465,
                "median": 57.401,
                "min": 56.671,
                "n": 5,
                "p05": 56.743,
                "p95": 311.9241999999999,
                "samples": 5,
                "stdev": 127.30012042476628
              },
              "status": "ok"
            },
            "logical_iterations": 10
          },
          "single": {
            "dispatches_per_iteration": 1,
            "gpu_elapsed": {
              "clock": "hip_event",
              "per_iteration_us": {
                "max": 9.68,
                "median": 6.8,
                "min": 6.76,
                "n": 5,
                "p05": 6.760000000000001,
                "p95": 9.128,
                "samples": 5,
                "stdev": 1.1494972814234925
              },
              "sequence_us": {
                "max": 9.68,
                "median": 6.8,
                "min": 6.76,
                "n": 5,
                "p05": 6.760000000000001,
                "p95": 9.128,
                "samples": 5,
                "stdev": 1.1494972814234925
              },
              "status": "ok"
            },
            "host_wall": {
              "clock": "steady_clock",
              "per_iteration_us": {
                "max": 307.444,
                "median": 25.461,
                "min": 25.241,
                "n": 5,
                "p05": 25.266800000000003,
                "p95": 251.06719999999996,
                "samples": 5,
                "stdev": 112.81444897068815
              },
              "sequence_us": {
                "max": 307.444,
                "median": 25.461,
                "min": 25.241,
                "n": 5,
                "p05": 25.266800000000003,
                "p95": 251.06719999999996,
                "samples": 5,
                "stdev": 112.81444897068815
              },
              "status": "ok"
            },
            "logical_iterations": 1
          }
        },
        "timing_mode": "independent_throughput",
        "variant": "single",
        "workgroup_match": "exact_hip_wave32"
      },
      {
        "backend": "hip",
        "correctness": {
          "single_dispatch": {
            "oracle": "CPU Q8_0 dense q8_1+dp4a BF16 logits with KL <= 0.05 and top-1 >= 90%",
            "status": "pass"
          },
          "synchronization": {
            "barrier_count": 0,
            "method": "disjoint_xq_and_output_slices",
            "status": "pass"
          },
          "timed_sequence": {
            "coverage": "all_dispatches",
            "logical_iterations": 10,
            "oracle": "CPU Q8_0 dense q8_1+dp4a BF16 logits with KL <= 0.05 and top-1 >= 90%",
            "status": "pass"
          }
        },
        "correctness_pass": true,
        "dependency_contract": {
          "inter_dispatch_ordering": "none",
          "output_partitioning": "disjoint",
          "validation_status": "pass",
          "work_dependency": "independent"
        },
        "execution": {
          "actual_parallel_lanes": 4,
          "calibrated_timestamp_domain": false,
          "lane_assignment": "round_robin_streams",
          "requested_parallel_lanes": 4,
          "submission_strategy": "multi_stream"
        },
        "in_features": 768,
        "local_size": 32,
        "median_us": 8.308,
        "numeric_correctness": {
          "burst": {
            "expected_repetitions": [
              0,
              1,
              2,
              3,
              4,
              5,
              6,
              7,
              8,
              9
            ],
            "kl_divergence": 2.862390963202815e-05,
            "max_abs": 0.015556812286376953,
            "mean_abs": 0.0019531159196048975,
            "oracle": "CPU Q8_0 dense q8_1+dp4a BF16 logits with KL/top-1 gate",
            "outputs_checked": 10,
            "pass": true,
            "top1": 1.0
          },
          "single": {
            "expected_repetitions": [
              0
            ],
            "kl_divergence": 1.1543760246709147e-05,
            "max_abs": 0.015120506286621094,
            "mean_abs": 0.0017210077494382858,
            "oracle": "CPU Q8_0 dense q8_1+dp4a BF16 logits with KL/top-1 gate",
            "outputs_checked": 1,
            "pass": true,
            "top1": 1.0
          }
        },
        "operation": "q8_0_dense_dp4a_quantize_plus_dot",
        "out_features": 2048,
        "q8_0_weight_bytes": 1671168,
        "q8_blocks_per_row": 24,
        "row_tile": 1,
        "rows": 4,
        "sequence_validation": {
          "burst_expected_repetitions": [
            0,
            1,
            2,
            3,
            4,
            5,
            6,
            7,
            8,
            9
          ],
          "input_repetition_pattern": "distinct_deterministic_salt",
          "output_partitioning": "disjoint",
          "single_expected_repetitions": [
            0
          ],
          "xq_partitioning": "disjoint"
        },
        "submission": {
          "completion_in_host_wall": true,
          "queue_or_stream_count": 4,
          "recording_in_timed_region": false,
          "strategy": "multi_stream",
          "submit_in_host_wall": true
        },
        "timing": {
          "burst": {
            "dispatches_per_iteration": 2,
            "gpu_elapsed": {
              "clock": "hip_event",
              "per_iteration_us": {
                "max": 8.995999999999999,
                "median": 8.308,
                "min": 8.272,
                "n": 5,
                "p05": 8.276,
                "p95": 8.859199999999998,
                "samples": 5,
                "stdev": 0.2803540618575013
              },
              "sequence_us": {
                "max": 89.96,
                "median": 83.08,
                "min": 82.72,
                "n": 5,
                "p05": 82.76,
                "p95": 88.59199999999998,
                "samples": 5,
                "stdev": 2.803540618575016
              },
              "status": "ok"
            },
            "host_wall": {
              "clock": "steady_clock",
              "per_iteration_us": {
                "max": 42.7936,
                "median": 10.1791,
                "min": 10.1182,
                "n": 5,
                "p05": 10.11858,
                "p95": 36.35251999999999,
                "samples": 5,
                "stdev": 13.018060286632567
              },
              "sequence_us": {
                "max": 427.936,
                "median": 101.791,
                "min": 101.182,
                "n": 5,
                "p05": 101.18580000000001,
                "p95": 363.5251999999999,
                "samples": 5,
                "stdev": 130.18060286632567
              },
              "status": "ok"
            },
            "logical_iterations": 10
          },
          "single": {
            "dispatches_per_iteration": 2,
            "gpu_elapsed": {
              "clock": "hip_event",
              "per_iteration_us": {
                "max": 11.68,
                "median": 10.56,
                "min": 10.44,
                "n": 5,
                "p05": 10.448,
                "p95": 11.463999999999999,
                "samples": 5,
                "stdev": 0.4674355570557292
              },
              "sequence_us": {
                "max": 11.68,
                "median": 10.56,
                "min": 10.44,
                "n": 5,
                "p05": 10.448,
                "p95": 11.463999999999999,
                "samples": 5,
                "stdev": 0.4674355570557292
              },
              "status": "ok"
            },
            "host_wall": {
              "clock": "steady_clock",
              "per_iteration_us": {
                "max": 390.115,
                "median": 29.881,
                "min": 29.5,
                "n": 5,
                "p05": 29.512,
                "p95": 318.09399999999994,
                "samples": 5,
                "stdev": 144.15102678427235
              },
              "sequence_us": {
                "max": 390.115,
                "median": 29.881,
                "min": 29.5,
                "n": 5,
                "p05": 29.512,
                "p95": 318.09399999999994,
                "samples": 5,
                "stdev": 144.15102678427235
              },
              "status": "ok"
            },
            "logical_iterations": 1
          }
        },
        "timing_mode": "independent_throughput",
        "variant": "single",
        "workgroup_match": "exact_hip_wave32"
      },
      {
        "backend": "hip",
        "correctness": {
          "single_dispatch": {
            "oracle": "CPU Q8_0 dense q8_1+dp4a BF16 logits with KL <= 0.05 and top-1 >= 90%",
            "status": "pass"
          },
          "synchronization": {
            "barrier_count": 0,
            "method": "disjoint_xq_and_output_slices",
            "status": "pass"
          },
          "timed_sequence": {
            "coverage": "all_dispatches",
            "logical_iterations": 10,
            "oracle": "CPU Q8_0 dense q8_1+dp4a BF16 logits with KL <= 0.05 and top-1 >= 90%",
            "status": "pass"
          }
        },
        "correctness_pass": true,
        "dependency_contract": {
          "inter_dispatch_ordering": "none",
          "output_partitioning": "disjoint",
          "validation_status": "pass",
          "work_dependency": "independent"
        },
        "execution": {
          "actual_parallel_lanes": 4,
          "calibrated_timestamp_domain": false,
          "lane_assignment": "round_robin_streams",
          "requested_parallel_lanes": 4,
          "submission_strategy": "multi_stream"
        },
        "in_features": 768,
        "local_size": 32,
        "median_us": 4.276,
        "numeric_correctness": {
          "burst": {
            "expected_repetitions": [
              0,
              1,
              2,
              3,
              4,
              5,
              6,
              7,
              8,
              9
            ],
            "kl_divergence": 2.862390963202815e-05,
            "max_abs": 0.015556812286376953,
            "mean_abs": 0.0019531159196048975,
            "oracle": "CPU Q8_0 dense q8_1+dp4a BF16 logits with KL/top-1 gate",
            "outputs_checked": 10,
            "pass": true,
            "top1": 1.0
          },
          "single": {
            "expected_repetitions": [
              0
            ],
            "kl_divergence": 1.1543760246709147e-05,
            "max_abs": 0.015120506286621094,
            "mean_abs": 0.0017210077494382858,
            "oracle": "CPU Q8_0 dense q8_1+dp4a BF16 logits with KL/top-1 gate",
            "outputs_checked": 1,
            "pass": true,
            "top1": 1.0
          }
        },
        "operation": "q8_0_dense_dp4a_dot_prequantized",
        "out_features": 2048,
        "q8_0_weight_bytes": 1671168,
        "q8_blocks_per_row": 24,
        "row_tile": 4,
        "rows": 4,
        "sequence_validation": {
          "burst_expected_repetitions": [
            0,
            1,
            2,
            3,
            4,
            5,
            6,
            7,
            8,
            9
          ],
          "input_repetition_pattern": "distinct_deterministic_salt",
          "output_partitioning": "disjoint",
          "single_expected_repetitions": [
            0
          ],
          "xq_partitioning": "disjoint"
        },
        "submission": {
          "completion_in_host_wall": true,
          "queue_or_stream_count": 4,
          "recording_in_timed_region": false,
          "strategy": "multi_stream",
          "submit_in_host_wall": true
        },
        "timing": {
          "burst": {
            "dispatches_per_iteration": 1,
            "gpu_elapsed": {
              "clock": "hip_event",
              "per_iteration_us": {
                "max": 5.756,
                "median": 4.276,
                "min": 4.268,
                "n": 5,
                "p05": 4.268,
                "p95": 5.4608,
                "samples": 5,
                "stdev": 0.5932182060591198
              },
              "sequence_us": {
                "max": 57.56,
                "median": 42.76,
                "min": 42.68,
                "n": 5,
                "p05": 42.68,
                "p95": 54.608000000000004,
                "samples": 5,
                "stdev": 5.932182060591197
              },
              "status": "ok"
            },
            "host_wall": {
              "clock": "steady_clock",
              "per_iteration_us": {
                "max": 25.5484,
                "median": 6.1751,
                "min": 6.147,
                "n": 5,
                "p05": 6.14762,
                "p95": 21.682339999999996,
                "samples": 5,
                "stdev": 7.750371780140615
              },
              "sequence_us": {
                "max": 255.484,
                "median": 61.751,
                "min": 61.47,
                "n": 5,
                "p05": 61.476200000000006,
                "p95": 216.82339999999996,
                "samples": 5,
                "stdev": 77.50371780140615
              },
              "status": "ok"
            },
            "logical_iterations": 10
          },
          "single": {
            "dispatches_per_iteration": 1,
            "gpu_elapsed": {
              "clock": "hip_event",
              "per_iteration_us": {
                "max": 8.84,
                "median": 6.36,
                "min": 6.32,
                "n": 5,
                "p05": 6.328000000000001,
                "p95": 8.384,
                "samples": 5,
                "stdev": 0.9795999183340104
              },
              "sequence_us": {
                "max": 8.84,
                "median": 6.36,
                "min": 6.32,
                "n": 5,
                "p05": 6.328000000000001,
                "p95": 8.384,
                "samples": 5,
                "stdev": 0.9795999183340104
              },
              "status": "ok"
            },
            "host_wall": {
              "clock": "steady_clock",
              "per_iteration_us": {
                "max": 187.503,
                "median": 25.52,
                "min": 25.36,
                "n": 5,
                "p05": 25.3602,
                "p95": 155.15239999999997,
                "samples": 5,
                "stdev": 64.80225709464138
              },
              "sequence_us": {
                "max": 187.503,
                "median": 25.52,
                "min": 25.36,
                "n": 5,
                "p05": 25.3602,
                "p95": 155.15239999999997,
                "samples": 5,
                "stdev": 64.80225709464138
              },
              "status": "ok"
            },
            "logical_iterations": 1
          }
        },
        "timing_mode": "independent_throughput",
        "variant": "rowtile4",
        "workgroup_match": "exact_hip_wave32"
      },
      {
        "backend": "hip",
        "correctness": {
          "single_dispatch": {
            "oracle": "CPU Q8_0 dense q8_1+dp4a BF16 logits with KL <= 0.05 and top-1 >= 90%",
            "status": "pass"
          },
          "synchronization": {
            "barrier_count": 0,
            "method": "disjoint_xq_and_output_slices",
            "status": "pass"
          },
          "timed_sequence": {
            "coverage": "all_dispatches",
            "logical_iterations": 10,
            "oracle": "CPU Q8_0 dense q8_1+dp4a BF16 logits with KL <= 0.05 and top-1 >= 90%",
            "status": "pass"
          }
        },
        "correctness_pass": true,
        "dependency_contract": {
          "inter_dispatch_ordering": "none",
          "output_partitioning": "disjoint",
          "validation_status": "pass",
          "work_dependency": "independent"
        },
        "execution": {
          "actual_parallel_lanes": 4,
          "calibrated_timestamp_domain": false,
          "lane_assignment": "round_robin_streams",
          "requested_parallel_lanes": 4,
          "submission_strategy": "multi_stream"
        },
        "in_features": 768,
        "local_size": 32,
        "median_us": 8.123999999999999,
        "numeric_correctness": {
          "burst": {
            "expected_repetitions": [
              0,
              1,
              2,
              3,
              4,
              5,
              6,
              7,
              8,
              9
            ],
            "kl_divergence": 2.862390963202815e-05,
            "max_abs": 0.015556812286376953,
            "mean_abs": 0.0019531159196048975,
            "oracle": "CPU Q8_0 dense q8_1+dp4a BF16 logits with KL/top-1 gate",
            "outputs_checked": 10,
            "pass": true,
            "top1": 1.0
          },
          "single": {
            "expected_repetitions": [
              0
            ],
            "kl_divergence": 1.1543760246709147e-05,
            "max_abs": 0.015120506286621094,
            "mean_abs": 0.0017210077494382858,
            "oracle": "CPU Q8_0 dense q8_1+dp4a BF16 logits with KL/top-1 gate",
            "outputs_checked": 1,
            "pass": true,
            "top1": 1.0
          }
        },
        "operation": "q8_0_dense_dp4a_quantize_plus_dot",
        "out_features": 2048,
        "q8_0_weight_bytes": 1671168,
        "q8_blocks_per_row": 24,
        "row_tile": 4,
        "rows": 4,
        "sequence_validation": {
          "burst_expected_repetitions": [
            0,
            1,
            2,
            3,
            4,
            5,
            6,
            7,
            8,
            9
          ],
          "input_repetition_pattern": "distinct_deterministic_salt",
          "output_partitioning": "disjoint",
          "single_expected_repetitions": [
            0
          ],
          "xq_partitioning": "disjoint"
        },
        "submission": {
          "completion_in_host_wall": true,
          "queue_or_stream_count": 4,
          "recording_in_timed_region": false,
          "strategy": "multi_stream",
          "submit_in_host_wall": true
        },
        "timing": {
          "burst": {
            "dispatches_per_iteration": 2,
            "gpu_elapsed": {
              "clock": "hip_event",
              "per_iteration_us": {
                "max": 8.968,
                "median": 8.123999999999999,
                "min": 8.068000000000001,
                "n": 5,
                "p05": 8.071200000000001,
                "p95": 8.8056,
                "samples": 5,
                "stdev": 0.3453740001795155
              },
              "sequence_us": {
                "max": 89.68,
                "median": 81.24,
                "min": 80.68,
                "n": 5,
                "p05": 80.71200000000002,
                "p95": 88.056,
                "samples": 5,
                "stdev": 3.453740001795157
              },
              "status": "ok"
            },
            "host_wall": {
              "clock": "steady_clock",
              "per_iteration_us": {
                "max": 37.396499999999996,
                "median": 10.1542,
                "min": 10.0231,
                "n": 5,
                "p05": 10.0283,
                "p95": 31.954039999999992,
                "samples": 5,
                "stdev": 10.91770948384321
              },
              "sequence_us": {
                "max": 373.965,
                "median": 101.542,
                "min": 100.231,
                "n": 5,
                "p05": 100.283,
                "p95": 319.5403999999999,
                "samples": 5,
                "stdev": 109.1770948384321
              },
              "status": "ok"
            },
            "logical_iterations": 10
          },
          "single": {
            "dispatches_per_iteration": 2,
            "gpu_elapsed": {
              "clock": "hip_event",
              "per_iteration_us": {
                "max": 11.8,
                "median": 11.4,
                "min": 11.28,
                "n": 5,
                "p05": 11.288,
                "p95": 11.744,
                "samples": 5,
                "stdev": 0.18693314312876705
              },
              "sequence_us": {
                "max": 11.8,
                "median": 11.4,
                "min": 11.28,
                "n": 5,
                "p05": 11.288,
                "p95": 11.744,
                "samples": 5,
                "stdev": 0.18693314312876705
              },
              "status": "ok"
            },
            "host_wall": {
              "clock": "steady_clock",
              "per_iteration_us": {
                "max": 254.153,
                "median": 30.76,
                "min": 29.98,
                "n": 5,
                "p05": 30.0422,
                "p95": 209.57659999999996,
                "samples": 5,
                "stdev": 89.43206597859628
              },
              "sequence_us": {
                "max": 254.153,
                "median": 30.76,
                "min": 29.98,
                "n": 5,
                "p05": 30.0422,
                "p95": 209.57659999999996,
                "samples": 5,
                "stdev": 89.43206597859628
              },
              "status": "ok"
            },
            "logical_iterations": 1
          }
        },
        "timing_mode": "independent_throughput",
        "variant": "rowtile4",
        "workgroup_match": "exact_hip_wave32"
      },
      {
        "backend": "hip",
        "correctness": {
          "single_dispatch": {
            "oracle": "CPU Q8_0 dense q8_1+dp4a BF16 logits with KL <= 0.05 and top-1 >= 90%",
            "status": "pass"
          },
          "synchronization": {
            "barrier_count": 0,
            "method": "disjoint_xq_and_output_slices",
            "status": "pass"
          },
          "timed_sequence": {
            "coverage": "all_dispatches",
            "logical_iterations": 10,
            "oracle": "CPU Q8_0 dense q8_1+dp4a BF16 logits with KL <= 0.05 and top-1 >= 90%",
            "status": "pass"
          }
        },
        "correctness_pass": true,
        "dependency_contract": {
          "inter_dispatch_ordering": "none",
          "output_partitioning": "disjoint",
          "validation_status": "pass",
          "work_dependency": "independent"
        },
        "execution": {
          "actual_parallel_lanes": 4,
          "calibrated_timestamp_domain": false,
          "lane_assignment": "round_robin_streams",
          "requested_parallel_lanes": 4,
          "submission_strategy": "multi_stream"
        },
        "in_features": 2048,
        "local_size": 32,
        "median_us": 0.324,
        "numeric_correctness": {
          "burst": {
            "expected_repetitions": [
              0,
              1,
              2,
              3,
              4,
              5,
              6,
              7,
              8,
              9
            ],
            "kl_divergence": 3.700663128005921e-05,
            "max_abs": 0.030849456787109375,
            "mean_abs": 0.0034960899502038956,
            "oracle": "CPU Q8_0 dense q8_1+dp4a BF16 logits with KL/top-1 gate",
            "outputs_checked": 10,
            "pass": true,
            "top1": 1.0
          },
          "single": {
            "expected_repetitions": [
              0
            ],
            "kl_divergence": 2.433502797593441e-05,
            "max_abs": 0.015345096588134766,
            "mean_abs": 0.0030660531483590603,
            "oracle": "CPU Q8_0 dense q8_1+dp4a BF16 logits with KL/top-1 gate",
            "outputs_checked": 1,
            "pass": true,
            "top1": 1.0
          }
        },
        "operation": "q8_1_quantize",
        "out_features": 2048,
        "q8_0_weight_bytes": 4456448,
        "q8_blocks_per_row": 64,
        "row_tile": 0,
        "rows": 1,
        "sequence_validation": {
          "burst_expected_repetitions": [
            0,
            1,
            2,
            3,
            4,
            5,
            6,
            7,
            8,
            9
          ],
          "input_repetition_pattern": "distinct_deterministic_salt",
          "output_partitioning": "disjoint",
          "single_expected_repetitions": [
            0
          ],
          "xq_partitioning": "disjoint"
        },
        "submission": {
          "completion_in_host_wall": true,
          "queue_or_stream_count": 4,
          "recording_in_timed_region": false,
          "strategy": "multi_stream",
          "submit_in_host_wall": true
        },
        "timing": {
          "burst": {
            "dispatches_per_iteration": 1,
            "gpu_elapsed": {
              "clock": "hip_event",
              "per_iteration_us": {
                "max": 0.572,
                "median": 0.324,
                "min": 0.324,
                "n": 5,
                "p05": 0.32400000000000007,
                "p95": 0.5231999999999999,
                "samples": 5,
                "stdev": 0.09881214500252485
              },
              "sequence_us": {
                "max": 5.72,
                "median": 3.24,
                "min": 3.24,
                "n": 5,
                "p05": 3.2400000000000007,
                "p95": 5.231999999999999,
                "samples": 5,
                "stdev": 0.9881214500252485
              },
              "status": "ok"
            },
            "host_wall": {
              "clock": "steady_clock",
              "per_iteration_us": {
                "max": 18.4332,
                "median": 2.1791,
                "min": 2.148,
                "n": 5,
                "p05": 2.152,
                "p95": 15.186759999999998,
                "samples": 5,
                "stdev": 6.503692556571228
              },
              "sequence_us": {
                "max": 184.332,
                "median": 21.791,
                "min": 21.48,
                "n": 5,
                "p05": 21.520000000000003,
                "p95": 151.86759999999998,
                "samples": 5,
                "stdev": 65.03692556571228
              },
              "status": "ok"
            },
            "logical_iterations": 10
          },
          "single": {
            "dispatches_per_iteration": 1,
            "gpu_elapsed": {
              "clock": "hip_event",
              "per_iteration_us": {
                "max": 4.8,
                "median": 2.44,
                "min": 2.4,
                "n": 5,
                "p05": 2.408,
                "p95": 4.327999999999999,
                "samples": 5,
                "stdev": 0.9481265738286212
              },
              "sequence_us": {
                "max": 4.8,
                "median": 2.44,
                "min": 2.4,
                "n": 5,
                "p05": 2.408,
                "p95": 4.327999999999999,
                "samples": 5,
                "stdev": 0.9481265738286212
              },
              "status": "ok"
            },
            "host_wall": {
              "clock": "steady_clock",
              "per_iteration_us": {
                "max": 191.603,
                "median": 21.98,
                "min": 21.65,
                "n": 5,
                "p05": 21.656,
                "p95": 157.72639999999998,
                "samples": 5,
                "stdev": 67.8885218151051
              },
              "sequence_us": {
                "max": 191.603,
                "median": 21.98,
                "min": 21.65,
                "n": 5,
                "p05": 21.656,
                "p95": 157.72639999999998,
                "samples": 5,
                "stdev": 67.8885218151051
              },
              "status": "ok"
            },
            "logical_iterations": 1
          }
        },
        "timing_mode": "independent_throughput",
        "variant": "quantize",
        "workgroup_match": "exact_hip_wave32"
      },
      {
        "backend": "hip",
        "correctness": {
          "single_dispatch": {
            "oracle": "CPU Q8_0 dense q8_1+dp4a BF16 logits with KL <= 0.05 and top-1 >= 90%",
            "status": "pass"
          },
          "synchronization": {
            "barrier_count": 0,
            "method": "disjoint_xq_and_output_slices",
            "status": "pass"
          },
          "timed_sequence": {
            "coverage": "all_dispatches",
            "logical_iterations": 10,
            "oracle": "CPU Q8_0 dense q8_1+dp4a BF16 logits with KL <= 0.05 and top-1 >= 90%",
            "status": "pass"
          }
        },
        "correctness_pass": true,
        "dependency_contract": {
          "inter_dispatch_ordering": "none",
          "output_partitioning": "disjoint",
          "validation_status": "pass",
          "work_dependency": "independent"
        },
        "execution": {
          "actual_parallel_lanes": 4,
          "calibrated_timestamp_domain": false,
          "lane_assignment": "round_robin_streams",
          "requested_parallel_lanes": 4,
          "submission_strategy": "multi_stream"
        },
        "in_features": 2048,
        "local_size": 32,
        "median_us": 2.04,
        "numeric_correctness": {
          "burst": {
            "expected_repetitions": [
              0,
              1,
              2,
              3,
              4,
              5,
              6,
              7,
              8,
              9
            ],
            "kl_divergence": 3.700663128005921e-05,
            "max_abs": 0.030849456787109375,
            "mean_abs": 0.0034960899502038956,
            "oracle": "CPU Q8_0 dense q8_1+dp4a BF16 logits with KL/top-1 gate",
            "outputs_checked": 10,
            "pass": true,
            "top1": 1.0
          },
          "single": {
            "expected_repetitions": [
              0
            ],
            "kl_divergence": 2.433502797593441e-05,
            "max_abs": 0.015345096588134766,
            "mean_abs": 0.0030660531483590603,
            "oracle": "CPU Q8_0 dense q8_1+dp4a BF16 logits with KL/top-1 gate",
            "outputs_checked": 1,
            "pass": true,
            "top1": 1.0
          }
        },
        "operation": "q8_0_dense_dp4a_dot_prequantized",
        "out_features": 2048,
        "q8_0_weight_bytes": 4456448,
        "q8_blocks_per_row": 64,
        "row_tile": 1,
        "rows": 1,
        "sequence_validation": {
          "burst_expected_repetitions": [
            0,
            1,
            2,
            3,
            4,
            5,
            6,
            7,
            8,
            9
          ],
          "input_repetition_pattern": "distinct_deterministic_salt",
          "output_partitioning": "disjoint",
          "single_expected_repetitions": [
            0
          ],
          "xq_partitioning": "disjoint"
        },
        "submission": {
          "completion_in_host_wall": true,
          "queue_or_stream_count": 4,
          "recording_in_timed_region": false,
          "strategy": "multi_stream",
          "submit_in_host_wall": true
        },
        "timing": {
          "burst": {
            "dispatches_per_iteration": 1,
            "gpu_elapsed": {
              "clock": "hip_event",
              "per_iteration_us": {
                "max": 3.664,
                "median": 2.04,
                "min": 2.032,
                "n": 5,
                "p05": 2.032,
                "p95": 3.34,
                "samples": 5,
                "stdev": 0.6508165947484745
              },
              "sequence_us": {
                "max": 36.64,
                "median": 20.4,
                "min": 20.32,
                "n": 5,
                "p05": 20.32,
                "p95": 33.4,
                "samples": 5,
                "stdev": 6.508165947484745
              },
              "status": "ok"
            },
            "host_wall": {
              "clock": "steady_clock",
              "per_iteration_us": {
                "max": 34.5575,
                "median": 3.864,
                "min": 3.8161,
                "n": 5,
                "p05": 3.8243,
                "p95": 28.42041999999999,
                "samples": 5,
                "stdev": 12.282085163619408
              },
              "sequence_us": {
                "max": 345.575,
                "median": 38.64,
                "min": 38.161,
                "n": 5,
                "p05": 38.243,
                "p95": 284.2041999999999,
                "samples": 5,
                "stdev": 122.82085163619408
              },
              "status": "ok"
            },
            "logical_iterations": 10
          },
          "single": {
            "dispatches_per_iteration": 1,
            "gpu_elapsed": {
              "clock": "hip_event",
              "per_iteration_us": {
                "max": 7.24,
                "median": 4.4,
                "min": 4.36,
                "n": 5,
                "p05": 4.368,
                "p95": 6.672,
                "samples": 5,
                "stdev": 1.1401052582985485
              },
              "sequence_us": {
                "max": 7.24,
                "median": 4.4,
                "min": 4.36,
                "n": 5,
                "p05": 4.368,
                "p95": 6.672,
                "samples": 5,
                "stdev": 1.1401052582985485
              },
              "status": "ok"
            },
            "host_wall": {
              "clock": "steady_clock",
              "per_iteration_us": {
                "max": 303.164,
                "median": 23.031,
                "min": 22.851,
                "n": 5,
                "p05": 22.8708,
                "p95": 247.27719999999994,
                "samples": 5,
                "stdev": 112.00982817842369
              },
              "sequence_us": {
                "max": 303.164,
                "median": 23.031,
                "min": 22.851,
                "n": 5,
                "p05": 22.8708,
                "p95": 247.27719999999994,
                "samples": 5,
                "stdev": 112.00982817842369
              },
              "status": "ok"
            },
            "logical_iterations": 1
          }
        },
        "timing_mode": "independent_throughput",
        "variant": "single",
        "workgroup_match": "exact_hip_wave32"
      },
      {
        "backend": "hip",
        "correctness": {
          "single_dispatch": {
            "oracle": "CPU Q8_0 dense q8_1+dp4a BF16 logits with KL <= 0.05 and top-1 >= 90%",
            "status": "pass"
          },
          "synchronization": {
            "barrier_count": 0,
            "method": "disjoint_xq_and_output_slices",
            "status": "pass"
          },
          "timed_sequence": {
            "coverage": "all_dispatches",
            "logical_iterations": 10,
            "oracle": "CPU Q8_0 dense q8_1+dp4a BF16 logits with KL <= 0.05 and top-1 >= 90%",
            "status": "pass"
          }
        },
        "correctness_pass": true,
        "dependency_contract": {
          "inter_dispatch_ordering": "none",
          "output_partitioning": "disjoint",
          "validation_status": "pass",
          "work_dependency": "independent"
        },
        "execution": {
          "actual_parallel_lanes": 4,
          "calibrated_timestamp_domain": false,
          "lane_assignment": "round_robin_streams",
          "requested_parallel_lanes": 4,
          "submission_strategy": "multi_stream"
        },
        "in_features": 2048,
        "local_size": 32,
        "median_us": 5.424,
        "numeric_correctness": {
          "burst": {
            "expected_repetitions": [
              0,
              1,
              2,
              3,
              4,
              5,
              6,
              7,
              8,
              9
            ],
            "kl_divergence": 3.700663128005921e-05,
            "max_abs": 0.030849456787109375,
            "mean_abs": 0.0034960899502038956,
            "oracle": "CPU Q8_0 dense q8_1+dp4a BF16 logits with KL/top-1 gate",
            "outputs_checked": 10,
            "pass": true,
            "top1": 1.0
          },
          "single": {
            "expected_repetitions": [
              0
            ],
            "kl_divergence": 2.433502797593441e-05,
            "max_abs": 0.015345096588134766,
            "mean_abs": 0.0030660531483590603,
            "oracle": "CPU Q8_0 dense q8_1+dp4a BF16 logits with KL/top-1 gate",
            "outputs_checked": 1,
            "pass": true,
            "top1": 1.0
          }
        },
        "operation": "q8_0_dense_dp4a_quantize_plus_dot",
        "out_features": 2048,
        "q8_0_weight_bytes": 4456448,
        "q8_blocks_per_row": 64,
        "row_tile": 1,
        "rows": 1,
        "sequence_validation": {
          "burst_expected_repetitions": [
            0,
            1,
            2,
            3,
            4,
            5,
            6,
            7,
            8,
            9
          ],
          "input_repetition_pattern": "distinct_deterministic_salt",
          "output_partitioning": "disjoint",
          "single_expected_repetitions": [
            0
          ],
          "xq_partitioning": "disjoint"
        },
        "submission": {
          "completion_in_host_wall": true,
          "queue_or_stream_count": 4,
          "recording_in_timed_region": false,
          "strategy": "multi_stream",
          "submit_in_host_wall": true
        },
        "timing": {
          "burst": {
            "dispatches_per_iteration": 2,
            "gpu_elapsed": {
              "clock": "hip_event",
              "per_iteration_us": {
                "max": 6.736,
                "median": 5.424,
                "min": 5.388,
                "n": 5,
                "p05": 5.388000000000001,
                "p95": 6.7184,
                "samples": 5,
                "stdev": 0.6336959523304533
              },
              "sequence_us": {
                "max": 67.36,
                "median": 54.24,
                "min": 53.88,
                "n": 5,
                "p05": 53.88000000000001,
                "p95": 67.184,
                "samples": 5,
                "stdev": 6.3369595233045315
              },
              "status": "ok"
            },
            "host_wall": {
              "clock": "steady_clock",
              "per_iteration_us": {
                "max": 45.3506,
                "median": 7.2521,
                "min": 7.1941999999999995,
                "n": 5,
                "p05": 7.202579999999999,
                "p95": 38.01169999999999,
                "samples": 5,
                "stdev": 15.116531527225417
              },
              "sequence_us": {
                "max": 453.506,
                "median": 72.521,
                "min": 71.942,
                "n": 5,
                "p05": 72.0258,
                "p95": 380.1169999999999,
                "samples": 5,
                "stdev": 151.16531527225416
              },
              "status": "ok"
            },
            "logical_iterations": 10
          },
          "single": {
            "dispatches_per_iteration": 2,
            "gpu_elapsed": {
              "clock": "hip_event",
              "per_iteration_us": {
                "max": 9.36,
                "median": 8.04,
                "min": 7.96,
                "n": 5,
                "p05": 7.968,
                "p95": 9.136,
                "samples": 5,
                "stdev": 0.528847804193229
              },
              "sequence_us": {
                "max": 9.36,
                "median": 8.04,
                "min": 7.96,
                "n": 5,
                "p05": 7.968,
                "p95": 9.136,
                "samples": 5,
                "stdev": 0.528847804193229
              },
              "status": "ok"
            },
            "host_wall": {
              "clock": "steady_clock",
              "per_iteration_us": {
                "max": 361.976,
                "median": 26.11,
                "min": 26.001,
                "n": 5,
                "p05": 26.004800000000003,
                "p95": 294.89079999999996,
                "samples": 5,
                "stdev": 134.32244819627135
              },
              "sequence_us": {
                "max": 361.976,
                "median": 26.11,
                "min": 26.001,
                "n": 5,
                "p05": 26.004800000000003,
                "p95": 294.89079999999996,
                "samples": 5,
                "stdev": 134.32244819627135
              },
              "status": "ok"
            },
            "logical_iterations": 1
          }
        },
        "timing_mode": "independent_throughput",
        "variant": "single",
        "workgroup_match": "exact_hip_wave32"
      },
      {
        "backend": "hip",
        "correctness": {
          "single_dispatch": {
            "oracle": "CPU Q8_0 dense q8_1+dp4a BF16 logits with KL <= 0.05 and top-1 >= 90%",
            "status": "pass"
          },
          "synchronization": {
            "barrier_count": 0,
            "method": "disjoint_xq_and_output_slices",
            "status": "pass"
          },
          "timed_sequence": {
            "coverage": "all_dispatches",
            "logical_iterations": 10,
            "oracle": "CPU Q8_0 dense q8_1+dp4a BF16 logits with KL <= 0.05 and top-1 >= 90%",
            "status": "pass"
          }
        },
        "correctness_pass": true,
        "dependency_contract": {
          "inter_dispatch_ordering": "none",
          "output_partitioning": "disjoint",
          "validation_status": "pass",
          "work_dependency": "independent"
        },
        "execution": {
          "actual_parallel_lanes": 4,
          "calibrated_timestamp_domain": false,
          "lane_assignment": "round_robin_streams",
          "requested_parallel_lanes": 4,
          "submission_strategy": "multi_stream"
        },
        "in_features": 2048,
        "local_size": 32,
        "median_us": 2.564,
        "numeric_correctness": {
          "burst": {
            "expected_repetitions": [
              0,
              1,
              2,
              3,
              4,
              5,
              6,
              7,
              8,
              9
            ],
            "kl_divergence": 3.700663128005921e-05,
            "max_abs": 0.030849456787109375,
            "mean_abs": 0.0034960899502038956,
            "oracle": "CPU Q8_0 dense q8_1+dp4a BF16 logits with KL/top-1 gate",
            "outputs_checked": 10,
            "pass": true,
            "top1": 1.0
          },
          "single": {
            "expected_repetitions": [
              0
            ],
            "kl_divergence": 2.433502797593441e-05,
            "max_abs": 0.015345096588134766,
            "mean_abs": 0.0030660531483590603,
            "oracle": "CPU Q8_0 dense q8_1+dp4a BF16 logits with KL/top-1 gate",
            "outputs_checked": 1,
            "pass": true,
            "top1": 1.0
          }
        },
        "operation": "q8_0_dense_dp4a_dot_prequantized",
        "out_features": 2048,
        "q8_0_weight_bytes": 4456448,
        "q8_blocks_per_row": 64,
        "row_tile": 4,
        "rows": 1,
        "sequence_validation": {
          "burst_expected_repetitions": [
            0,
            1,
            2,
            3,
            4,
            5,
            6,
            7,
            8,
            9
          ],
          "input_repetition_pattern": "distinct_deterministic_salt",
          "output_partitioning": "disjoint",
          "single_expected_repetitions": [
            0
          ],
          "xq_partitioning": "disjoint"
        },
        "submission": {
          "completion_in_host_wall": true,
          "queue_or_stream_count": 4,
          "recording_in_timed_region": false,
          "strategy": "multi_stream",
          "submit_in_host_wall": true
        },
        "timing": {
          "burst": {
            "dispatches_per_iteration": 1,
            "gpu_elapsed": {
              "clock": "hip_event",
              "per_iteration_us": {
                "max": 4.424,
                "median": 2.564,
                "min": 2.556,
                "n": 5,
                "p05": 2.5576,
                "p95": 4.0600000000000005,
                "samples": 5,
                "stdev": 0.740990040418898
              },
              "sequence_us": {
                "max": 44.24,
                "median": 25.64,
                "min": 25.56,
                "n": 5,
                "p05": 25.576,
                "p95": 40.6,
                "samples": 5,
                "stdev": 7.40990040418898
              },
              "status": "ok"
            },
            "host_wall": {
              "clock": "steady_clock",
              "per_iteration_us": {
                "max": 23.159299999999998,
                "median": 4.4521,
                "min": 4.3931,
                "n": 5,
                "p05": 4.39628,
                "p95": 19.422059999999995,
                "samples": 5,
                "stdev": 7.491045203548033
              },
              "sequence_us": {
                "max": 231.593,
                "median": 44.521,
                "min": 43.931,
                "n": 5,
                "p05": 43.9628,
                "p95": 194.22059999999996,
                "samples": 5,
                "stdev": 74.91045203548033
              },
              "status": "ok"
            },
            "logical_iterations": 10
          },
          "single": {
            "dispatches_per_iteration": 1,
            "gpu_elapsed": {
              "clock": "hip_event",
              "per_iteration_us": {
                "max": 7.64,
                "median": 4.52,
                "min": 4.48,
                "n": 5,
                "p05": 4.48,
                "p95": 7.031999999999999,
                "samples": 5,
                "stdev": 1.2487689938495428
              },
              "sequence_us": {
                "max": 7.64,
                "median": 4.52,
                "min": 4.48,
                "n": 5,
                "p05": 4.48,
                "p95": 7.031999999999999,
                "samples": 5,
                "stdev": 1.2487689938495428
              },
              "status": "ok"
            },
            "host_wall": {
              "clock": "steady_clock",
              "per_iteration_us": {
                "max": 186.733,
                "median": 23.751,
                "min": 23.48,
                "n": 5,
                "p05": 23.524,
                "p95": 154.29639999999998,
                "samples": 5,
                "stdev": 65.14610937085959
              },
              "sequence_us": {
                "max": 186.733,
                "median": 23.751,
                "min": 23.48,
                "n": 5,
                "p05": 23.524,
                "p95": 154.29639999999998,
                "samples": 5,
                "stdev": 65.14610937085959
              },
              "status": "ok"
            },
            "logical_iterations": 1
          }
        },
        "timing_mode": "independent_throughput",
        "variant": "rowtile4",
        "workgroup_match": "exact_hip_wave32"
      },
      {
        "backend": "hip",
        "correctness": {
          "single_dispatch": {
            "oracle": "CPU Q8_0 dense q8_1+dp4a BF16 logits with KL <= 0.05 and top-1 >= 90%",
            "status": "pass"
          },
          "synchronization": {
            "barrier_count": 0,
            "method": "disjoint_xq_and_output_slices",
            "status": "pass"
          },
          "timed_sequence": {
            "coverage": "all_dispatches",
            "logical_iterations": 10,
            "oracle": "CPU Q8_0 dense q8_1+dp4a BF16 logits with KL <= 0.05 and top-1 >= 90%",
            "status": "pass"
          }
        },
        "correctness_pass": true,
        "dependency_contract": {
          "inter_dispatch_ordering": "none",
          "output_partitioning": "disjoint",
          "validation_status": "pass",
          "work_dependency": "independent"
        },
        "execution": {
          "actual_parallel_lanes": 4,
          "calibrated_timestamp_domain": false,
          "lane_assignment": "round_robin_streams",
          "requested_parallel_lanes": 4,
          "submission_strategy": "multi_stream"
        },
        "in_features": 2048,
        "local_size": 32,
        "median_us": 6.348,
        "numeric_correctness": {
          "burst": {
            "expected_repetitions": [
              0,
              1,
              2,
              3,
              4,
              5,
              6,
              7,
              8,
              9
            ],
            "kl_divergence": 3.700663128005921e-05,
            "max_abs": 0.030849456787109375,
            "mean_abs": 0.0034960899502038956,
            "oracle": "CPU Q8_0 dense q8_1+dp4a BF16 logits with KL/top-1 gate",
            "outputs_checked": 10,
            "pass": true,
            "top1": 1.0
          },
          "single": {
            "expected_repetitions": [
              0
            ],
            "kl_divergence": 2.433502797593441e-05,
            "max_abs": 0.015345096588134766,
            "mean_abs": 0.0030660531483590603,
            "oracle": "CPU Q8_0 dense q8_1+dp4a BF16 logits with KL/top-1 gate",
            "outputs_checked": 1,
            "pass": true,
            "top1": 1.0
          }
        },
        "operation": "q8_0_dense_dp4a_quantize_plus_dot",
        "out_features": 2048,
        "q8_0_weight_bytes": 4456448,
        "q8_blocks_per_row": 64,
        "row_tile": 4,
        "rows": 1,
        "sequence_validation": {
          "burst_expected_repetitions": [
            0,
            1,
            2,
            3,
            4,
            5,
            6,
            7,
            8,
            9
          ],
          "input_repetition_pattern": "distinct_deterministic_salt",
          "output_partitioning": "disjoint",
          "single_expected_repetitions": [
            0
          ],
          "xq_partitioning": "disjoint"
        },
        "submission": {
          "completion_in_host_wall": true,
          "queue_or_stream_count": 4,
          "recording_in_timed_region": false,
          "strategy": "multi_stream",
          "submit_in_host_wall": true
        },
        "timing": {
          "burst": {
            "dispatches_per_iteration": 2,
            "gpu_elapsed": {
              "clock": "hip_event",
              "per_iteration_us": {
                "max": 7.4319999999999995,
                "median": 6.348,
                "min": 6.284000000000001,
                "n": 5,
                "p05": 6.2936000000000005,
                "p95": 7.219199999999999,
                "samples": 5,
                "stdev": 0.4404753795616728
              },
              "sequence_us": {
                "max": 74.32,
                "median": 63.48,
                "min": 62.84,
                "n": 5,
                "p05": 62.93600000000001,
                "p95": 72.192,
                "samples": 5,
                "stdev": 4.404753795616728
              },
              "status": "ok"
            },
            "host_wall": {
              "clock": "steady_clock",
              "per_iteration_us": {
                "max": 33.6275,
                "median": 8.2011,
                "min": 8.177200000000001,
                "n": 5,
                "p05": 8.180380000000001,
                "p95": 28.545019999999994,
                "samples": 5,
                "stdev": 10.172357383812269
              },
              "sequence_us": {
                "max": 336.275,
                "median": 82.011,
                "min": 81.772,
                "n": 5,
                "p05": 81.80380000000001,
                "p95": 285.45019999999994,
                "samples": 5,
                "stdev": 101.72357383812269
              },
              "status": "ok"
            },
            "logical_iterations": 10
          },
          "single": {
            "dispatches_per_iteration": 2,
            "gpu_elapsed": {
              "clock": "hip_event",
              "per_iteration_us": {
                "max": 10.4,
                "median": 9.12,
                "min": 8.96,
                "n": 5,
                "p05": 8.984000000000002,
                "p95": 10.184000000000001,
                "samples": 5,
                "stdev": 0.5249609509287334
              },
              "sequence_us": {
                "max": 10.4,
                "median": 9.12,
                "min": 8.96,
                "n": 5,
                "p05": 8.984000000000002,
                "p95": 10.184000000000001,
                "samples": 5,
                "stdev": 0.5249609509287334
              },
              "status": "ok"
            },
            "host_wall": {
              "clock": "steady_clock",
              "per_iteration_us": {
                "max": 253.964,
                "median": 27.85,
                "min": 27.68,
                "n": 5,
                "p05": 27.690200000000004,
                "p95": 208.76919999999996,
                "samples": 5,
                "stdev": 90.46056313333452
              },
              "sequence_us": {
                "max": 253.964,
                "median": 27.85,
                "min": 27.68,
                "n": 5,
                "p05": 27.690200000000004,
                "p95": 208.76919999999996,
                "samples": 5,
                "stdev": 90.46056313333452
              },
              "status": "ok"
            },
            "logical_iterations": 1
          }
        },
        "timing_mode": "independent_throughput",
        "variant": "rowtile4",
        "workgroup_match": "exact_hip_wave32"
      },
      {
        "backend": "hip",
        "correctness": {
          "single_dispatch": {
            "oracle": "CPU Q8_0 dense q8_1+dp4a BF16 logits with KL <= 0.05 and top-1 >= 90%",
            "status": "pass"
          },
          "synchronization": {
            "barrier_count": 0,
            "method": "disjoint_xq_and_output_slices",
            "status": "pass"
          },
          "timed_sequence": {
            "coverage": "all_dispatches",
            "logical_iterations": 10,
            "oracle": "CPU Q8_0 dense q8_1+dp4a BF16 logits with KL <= 0.05 and top-1 >= 90%",
            "status": "pass"
          }
        },
        "correctness_pass": true,
        "dependency_contract": {
          "inter_dispatch_ordering": "none",
          "output_partitioning": "disjoint",
          "validation_status": "pass",
          "work_dependency": "independent"
        },
        "execution": {
          "actual_parallel_lanes": 4,
          "calibrated_timestamp_domain": false,
          "lane_assignment": "round_robin_streams",
          "requested_parallel_lanes": 4,
          "submission_strategy": "multi_stream"
        },
        "in_features": 2048,
        "local_size": 32,
        "median_us": 0.40800000000000003,
        "numeric_correctness": {
          "burst": {
            "expected_repetitions": [
              0,
              1,
              2,
              3,
              4,
              5,
              6,
              7,
              8,
              9
            ],
            "kl_divergence": 0.00017967943123879806,
            "max_abs": 0.030849456787109375,
            "mean_abs": 0.003383165691047907,
            "oracle": "CPU Q8_0 dense q8_1+dp4a BF16 logits with KL/top-1 gate",
            "outputs_checked": 10,
            "pass": true,
            "top1": 1.0
          },
          "single": {
            "expected_repetitions": [
              0
            ],
            "kl_divergence": 4.218463729143969e-05,
            "max_abs": 0.022086143493652344,
            "mean_abs": 0.0026487447321414948,
            "oracle": "CPU Q8_0 dense q8_1+dp4a BF16 logits with KL/top-1 gate",
            "outputs_checked": 1,
            "pass": true,
            "top1": 1.0
          }
        },
        "operation": "q8_1_quantize",
        "out_features": 2048,
        "q8_0_weight_bytes": 4456448,
        "q8_blocks_per_row": 64,
        "row_tile": 0,
        "rows": 4,
        "sequence_validation": {
          "burst_expected_repetitions": [
            0,
            1,
            2,
            3,
            4,
            5,
            6,
            7,
            8,
            9
          ],
          "input_repetition_pattern": "distinct_deterministic_salt",
          "output_partitioning": "disjoint",
          "single_expected_repetitions": [
            0
          ],
          "xq_partitioning": "disjoint"
        },
        "submission": {
          "completion_in_host_wall": true,
          "queue_or_stream_count": 4,
          "recording_in_timed_region": false,
          "strategy": "multi_stream",
          "submit_in_host_wall": true
        },
        "timing": {
          "burst": {
            "dispatches_per_iteration": 1,
            "gpu_elapsed": {
              "clock": "hip_event",
              "per_iteration_us": {
                "max": 0.72,
                "median": 0.40800000000000003,
                "min": 0.4,
                "n": 5,
                "p05": 0.40160000000000007,
                "p95": 0.6576,
                "samples": 5,
                "stdev": 0.1256382107481637
              },
              "sequence_us": {
                "max": 7.2,
                "median": 4.08,
                "min": 4.0,
                "n": 5,
                "p05": 4.016,
                "p95": 6.576,
                "samples": 5,
                "stdev": 1.2563821074816373
              },
              "status": "ok"
            },
            "host_wall": {
              "clock": "steady_clock",
              "per_iteration_us": {
                "max": 19.5963,
                "median": 2.246,
                "min": 2.2221,
                "n": 5,
                "p05": 2.2244800000000002,
                "p95": 16.134639999999997,
                "samples": 5,
                "stdev": 6.939545591866948
              },
              "sequence_us": {
                "max": 195.963,
                "median": 22.46,
                "min": 22.221,
                "n": 5,
                "p05": 22.2448,
                "p95": 161.34639999999996,
                "samples": 5,
                "stdev": 69.39545591866948
              },
              "status": "ok"
            },
            "logical_iterations": 10
          },
          "single": {
            "dispatches_per_iteration": 1,
            "gpu_elapsed": {
              "clock": "hip_event",
              "per_iteration_us": {
                "max": 4.36,
                "median": 2.48,
                "min": 2.36,
                "n": 5,
                "p05": 2.376,
                "p95": 4.072,
                "samples": 5,
                "stdev": 0.749783968887039
              },
              "sequence_us": {
                "max": 4.36,
                "median": 2.48,
                "min": 2.36,
                "n": 5,
                "p05": 2.376,
                "p95": 4.072,
                "samples": 5,
                "stdev": 0.749783968887039
              },
              "status": "ok"
            },
            "host_wall": {
              "clock": "steady_clock",
              "per_iteration_us": {
                "max": 185.683,
                "median": 22.13,
                "min": 21.45,
                "n": 5,
                "p05": 21.5122,
                "p95": 153.02439999999996,
                "samples": 5,
                "stdev": 65.50087943043208
              },
              "sequence_us": {
                "max": 185.683,
                "median": 22.13,
                "min": 21.45,
                "n": 5,
                "p05": 21.5122,
                "p95": 153.02439999999996,
                "samples": 5,
                "stdev": 65.50087943043208
              },
              "status": "ok"
            },
            "logical_iterations": 1
          }
        },
        "timing_mode": "independent_throughput",
        "variant": "quantize",
        "workgroup_match": "exact_hip_wave32"
      },
      {
        "backend": "hip",
        "correctness": {
          "single_dispatch": {
            "oracle": "CPU Q8_0 dense q8_1+dp4a BF16 logits with KL <= 0.05 and top-1 >= 90%",
            "status": "pass"
          },
          "synchronization": {
            "barrier_count": 0,
            "method": "disjoint_xq_and_output_slices",
            "status": "pass"
          },
          "timed_sequence": {
            "coverage": "all_dispatches",
            "logical_iterations": 10,
            "oracle": "CPU Q8_0 dense q8_1+dp4a BF16 logits with KL <= 0.05 and top-1 >= 90%",
            "status": "pass"
          }
        },
        "correctness_pass": true,
        "dependency_contract": {
          "inter_dispatch_ordering": "none",
          "output_partitioning": "disjoint",
          "validation_status": "pass",
          "work_dependency": "independent"
        },
        "execution": {
          "actual_parallel_lanes": 4,
          "calibrated_timestamp_domain": false,
          "lane_assignment": "round_robin_streams",
          "requested_parallel_lanes": 4,
          "submission_strategy": "multi_stream"
        },
        "in_features": 2048,
        "local_size": 32,
        "median_us": 7.676,
        "numeric_correctness": {
          "burst": {
            "expected_repetitions": [
              0,
              1,
              2,
              3,
              4,
              5,
              6,
              7,
              8,
              9
            ],
            "kl_divergence": 0.00017967943123879806,
            "max_abs": 0.030849456787109375,
            "mean_abs": 0.003383165691047907,
            "oracle": "CPU Q8_0 dense q8_1+dp4a BF16 logits with KL/top-1 gate",
            "outputs_checked": 10,
            "pass": true,
            "top1": 1.0
          },
          "single": {
            "expected_repetitions": [
              0
            ],
            "kl_divergence": 4.218463729143969e-05,
            "max_abs": 0.022086143493652344,
            "mean_abs": 0.0026487447321414948,
            "oracle": "CPU Q8_0 dense q8_1+dp4a BF16 logits with KL/top-1 gate",
            "outputs_checked": 1,
            "pass": true,
            "top1": 1.0
          }
        },
        "operation": "q8_0_dense_dp4a_dot_prequantized",
        "out_features": 2048,
        "q8_0_weight_bytes": 4456448,
        "q8_blocks_per_row": 64,
        "row_tile": 1,
        "rows": 4,
        "sequence_validation": {
          "burst_expected_repetitions": [
            0,
            1,
            2,
            3,
            4,
            5,
            6,
            7,
            8,
            9
          ],
          "input_repetition_pattern": "distinct_deterministic_salt",
          "output_partitioning": "disjoint",
          "single_expected_repetitions": [
            0
          ],
          "xq_partitioning": "disjoint"
        },
        "submission": {
          "completion_in_host_wall": true,
          "queue_or_stream_count": 4,
          "recording_in_timed_region": false,
          "strategy": "multi_stream",
          "submit_in_host_wall": true
        },
        "timing": {
          "burst": {
            "dispatches_per_iteration": 1,
            "gpu_elapsed": {
              "clock": "hip_event",
              "per_iteration_us": {
                "max": 9.36,
                "median": 7.676,
                "min": 7.659999999999999,
                "n": 5,
                "p05": 7.6616,
                "p95": 9.027999999999999,
                "samples": 5,
                "stdev": 0.6737330034961918
              },
              "sequence_us": {
                "max": 93.6,
                "median": 76.76,
                "min": 76.6,
                "n": 5,
                "p05": 76.616,
                "p95": 90.28,
                "samples": 5,
                "stdev": 6.737330034961918
              },
              "status": "ok"
            },
            "host_wall": {
              "clock": "steady_clock",
              "per_iteration_us": {
                "max": 40.5396,
                "median": 9.4771,
                "min": 9.4572,
                "n": 5,
                "p05": 9.460980000000001,
                "p95": 34.330099999999995,
                "samples": 5,
                "stdev": 12.4255949358411
              },
              "sequence_us": {
                "max": 405.396,
                "median": 94.771,
                "min": 94.572,
                "n": 5,
                "p05": 94.6098,
                "p95": 343.301,
                "samples": 5,
                "stdev": 124.25594935841102
              },
              "status": "ok"
            },
            "logical_iterations": 10
          },
          "single": {
            "dispatches_per_iteration": 1,
            "gpu_elapsed": {
              "clock": "hip_event",
              "per_iteration_us": {
                "max": 14.6,
                "median": 11.12,
                "min": 11.08,
                "n": 5,
                "p05": 11.088000000000001,
                "p95": 13.911999999999999,
                "samples": 5,
                "stdev": 1.392229866078156
              },
              "sequence_us": {
                "max": 14.6,
                "median": 11.12,
                "min": 11.08,
                "n": 5,
                "p05": 11.088000000000001,
                "p95": 13.911999999999999,
                "samples": 5,
                "stdev": 1.392229866078156
              },
              "status": "ok"
            },
            "host_wall": {
              "clock": "steady_clock",
              "per_iteration_us": {
                "max": 315.475,
                "median": 29.621,
                "min": 29.27,
                "n": 5,
                "p05": 29.328,
                "p95": 258.356,
                "samples": 5,
                "stdev": 114.35706452930664
              },
              "sequence_us": {
                "max": 315.475,
                "median": 29.621,
                "min": 29.27,
                "n": 5,
                "p05": 29.328,
                "p95": 258.356,
                "samples": 5,
                "stdev": 114.35706452930664
              },
              "status": "ok"
            },
            "logical_iterations": 1
          }
        },
        "timing_mode": "independent_throughput",
        "variant": "single",
        "workgroup_match": "exact_hip_wave32"
      },
      {
        "backend": "hip",
        "correctness": {
          "single_dispatch": {
            "oracle": "CPU Q8_0 dense q8_1+dp4a BF16 logits with KL <= 0.05 and top-1 >= 90%",
            "status": "pass"
          },
          "synchronization": {
            "barrier_count": 0,
            "method": "disjoint_xq_and_output_slices",
            "status": "pass"
          },
          "timed_sequence": {
            "coverage": "all_dispatches",
            "logical_iterations": 10,
            "oracle": "CPU Q8_0 dense q8_1+dp4a BF16 logits with KL <= 0.05 and top-1 >= 90%",
            "status": "pass"
          }
        },
        "correctness_pass": true,
        "dependency_contract": {
          "inter_dispatch_ordering": "none",
          "output_partitioning": "disjoint",
          "validation_status": "pass",
          "work_dependency": "independent"
        },
        "execution": {
          "actual_parallel_lanes": 4,
          "calibrated_timestamp_domain": false,
          "lane_assignment": "round_robin_streams",
          "requested_parallel_lanes": 4,
          "submission_strategy": "multi_stream"
        },
        "in_features": 2048,
        "local_size": 32,
        "median_us": 11.728,
        "numeric_correctness": {
          "burst": {
            "expected_repetitions": [
              0,
              1,
              2,
              3,
              4,
              5,
              6,
              7,
              8,
              9
            ],
            "kl_divergence": 0.00017967943123879806,
            "max_abs": 0.030849456787109375,
            "mean_abs": 0.003383165691047907,
            "oracle": "CPU Q8_0 dense q8_1+dp4a BF16 logits with KL/top-1 gate",
            "outputs_checked": 10,
            "pass": true,
            "top1": 1.0
          },
          "single": {
            "expected_repetitions": [
              0
            ],
            "kl_divergence": 4.218463729143969e-05,
            "max_abs": 0.022086143493652344,
            "mean_abs": 0.0026487447321414948,
            "oracle": "CPU Q8_0 dense q8_1+dp4a BF16 logits with KL/top-1 gate",
            "outputs_checked": 1,
            "pass": true,
            "top1": 1.0
          }
        },
        "operation": "q8_0_dense_dp4a_quantize_plus_dot",
        "out_features": 2048,
        "q8_0_weight_bytes": 4456448,
        "q8_blocks_per_row": 64,
        "row_tile": 1,
        "rows": 4,
        "sequence_validation": {
          "burst_expected_repetitions": [
            0,
            1,
            2,
            3,
            4,
            5,
            6,
            7,
            8,
            9
          ],
          "input_repetition_pattern": "distinct_deterministic_salt",
          "output_partitioning": "disjoint",
          "single_expected_repetitions": [
            0
          ],
          "xq_partitioning": "disjoint"
        },
        "submission": {
          "completion_in_host_wall": true,
          "queue_or_stream_count": 4,
          "recording_in_timed_region": false,
          "strategy": "multi_stream",
          "submit_in_host_wall": true
        },
        "timing": {
          "burst": {
            "dispatches_per_iteration": 2,
            "gpu_elapsed": {
              "clock": "hip_event",
              "per_iteration_us": {
                "max": 12.528,
                "median": 11.728,
                "min": 11.712,
                "n": 5,
                "p05": 11.712,
                "p95": 12.376,
                "samples": 5,
                "stdev": 0.319855967585412
              },
              "sequence_us": {
                "max": 125.28,
                "median": 117.28,
                "min": 117.12,
                "n": 5,
                "p05": 117.12000000000002,
                "p95": 123.75999999999999,
                "samples": 5,
                "stdev": 3.1985596758541166
              },
              "status": "ok"
            },
            "host_wall": {
              "clock": "steady_clock",
              "per_iteration_us": {
                "max": 51.497699999999995,
                "median": 13.5922,
                "min": 13.5532,
                "n": 5,
                "p05": 13.5556,
                "p95": 43.92339999999999,
                "samples": 5,
                "stdev": 15.165420770951261
              },
              "sequence_us": {
                "max": 514.977,
                "median": 135.922,
                "min": 135.532,
                "n": 5,
                "p05": 135.556,
                "p95": 439.2339999999999,
                "samples": 5,
                "stdev": 151.65420770951263
              },
              "status": "ok"
            },
            "logical_iterations": 10
          },
          "single": {
            "dispatches_per_iteration": 2,
            "gpu_elapsed": {
              "clock": "hip_event",
              "per_iteration_us": {
                "max": 15.76,
                "median": 13.72,
                "min": 13.68,
                "n": 5,
                "p05": 13.688,
                "p95": 15.36,
                "samples": 5,
                "stdev": 0.8163920626757708
              },
              "sequence_us": {
                "max": 15.76,
                "median": 13.72,
                "min": 13.68,
                "n": 5,
                "p05": 13.688,
                "p95": 15.36,
                "samples": 5,
                "stdev": 0.8163920626757708
              },
              "status": "ok"
            },
            "host_wall": {
              "clock": "steady_clock",
              "per_iteration_us": {
                "max": 386.116,
                "median": 32.571,
                "min": 32.13,
                "n": 5,
                "p05": 32.146,
                "p95": 315.4127999999999,
                "samples": 5,
                "stdev": 141.49542456998387
              },
              "sequence_us": {
                "max": 386.116,
                "median": 32.571,
                "min": 32.13,
                "n": 5,
                "p05": 32.146,
                "p95": 315.4127999999999,
                "samples": 5,
                "stdev": 141.49542456998387
              },
              "status": "ok"
            },
            "logical_iterations": 1
          }
        },
        "timing_mode": "independent_throughput",
        "variant": "single",
        "workgroup_match": "exact_hip_wave32"
      },
      {
        "backend": "hip",
        "correctness": {
          "single_dispatch": {
            "oracle": "CPU Q8_0 dense q8_1+dp4a BF16 logits with KL <= 0.05 and top-1 >= 90%",
            "status": "pass"
          },
          "synchronization": {
            "barrier_count": 0,
            "method": "disjoint_xq_and_output_slices",
            "status": "pass"
          },
          "timed_sequence": {
            "coverage": "all_dispatches",
            "logical_iterations": 10,
            "oracle": "CPU Q8_0 dense q8_1+dp4a BF16 logits with KL <= 0.05 and top-1 >= 90%",
            "status": "pass"
          }
        },
        "correctness_pass": true,
        "dependency_contract": {
          "inter_dispatch_ordering": "none",
          "output_partitioning": "disjoint",
          "validation_status": "pass",
          "work_dependency": "independent"
        },
        "execution": {
          "actual_parallel_lanes": 4,
          "calibrated_timestamp_domain": false,
          "lane_assignment": "round_robin_streams",
          "requested_parallel_lanes": 4,
          "submission_strategy": "multi_stream"
        },
        "in_features": 2048,
        "local_size": 32,
        "median_us": 9.02,
        "numeric_correctness": {
          "burst": {
            "expected_repetitions": [
              0,
              1,
              2,
              3,
              4,
              5,
              6,
              7,
              8,
              9
            ],
            "kl_divergence": 0.00017967943123879806,
            "max_abs": 0.030849456787109375,
            "mean_abs": 0.003383165691047907,
            "oracle": "CPU Q8_0 dense q8_1+dp4a BF16 logits with KL/top-1 gate",
            "outputs_checked": 10,
            "pass": true,
            "top1": 1.0
          },
          "single": {
            "expected_repetitions": [
              0
            ],
            "kl_divergence": 4.218463729143969e-05,
            "max_abs": 0.022086143493652344,
            "mean_abs": 0.0026487447321414948,
            "oracle": "CPU Q8_0 dense q8_1+dp4a BF16 logits with KL/top-1 gate",
            "outputs_checked": 1,
            "pass": true,
            "top1": 1.0
          }
        },
        "operation": "q8_0_dense_dp4a_dot_prequantized",
        "out_features": 2048,
        "q8_0_weight_bytes": 4456448,
        "q8_blocks_per_row": 64,
        "row_tile": 4,
        "rows": 4,
        "sequence_validation": {
          "burst_expected_repetitions": [
            0,
            1,
            2,
            3,
            4,
            5,
            6,
            7,
            8,
            9
          ],
          "input_repetition_pattern": "distinct_deterministic_salt",
          "output_partitioning": "disjoint",
          "single_expected_repetitions": [
            0
          ],
          "xq_partitioning": "disjoint"
        },
        "submission": {
          "completion_in_host_wall": true,
          "queue_or_stream_count": 4,
          "recording_in_timed_region": false,
          "strategy": "multi_stream",
          "submit_in_host_wall": true
        },
        "timing": {
          "burst": {
            "dispatches_per_iteration": 1,
            "gpu_elapsed": {
              "clock": "hip_event",
              "per_iteration_us": {
                "max": 10.216,
                "median": 9.02,
                "min": 9.004000000000001,
                "n": 5,
                "p05": 9.006400000000001,
                "p95": 10.079199999999998,
                "samples": 5,
                "stdev": 0.47391205935278713
              },
              "sequence_us": {
                "max": 102.16,
                "median": 90.2,
                "min": 90.04,
                "n": 5,
                "p05": 90.06400000000001,
                "p95": 100.792,
                "samples": 5,
                "stdev": 4.739120593527873
              },
              "status": "ok"
            },
            "host_wall": {
              "clock": "steady_clock",
              "per_iteration_us": {
                "max": 29.336399999999998,
                "median": 10.8902,
                "min": 10.8342,
                "n": 5,
                "p05": 10.838980000000001,
                "p95": 25.891959999999994,
                "samples": 5,
                "stdev": 7.281111299355339
              },
              "sequence_us": {
                "max": 293.364,
                "median": 108.902,
                "min": 108.342,
                "n": 5,
                "p05": 108.38980000000001,
                "p95": 258.91959999999995,
                "samples": 5,
                "stdev": 72.81111299355338
              },
              "status": "ok"
            },
            "logical_iterations": 10
          },
          "single": {
            "dispatches_per_iteration": 1,
            "gpu_elapsed": {
              "clock": "hip_event",
              "per_iteration_us": {
                "max": 14.6,
                "median": 11.32,
                "min": 11.08,
                "n": 5,
                "p05": 11.112000000000002,
                "p95": 13.968,
                "samples": 5,
                "stdev": 1.3371252746096753
              },
              "sequence_us": {
                "max": 14.6,
                "median": 11.32,
                "min": 11.08,
                "n": 5,
                "p05": 11.112000000000002,
                "p95": 13.968,
                "samples": 5,
                "stdev": 1.3371252746096753
              },
              "status": "ok"
            },
            "host_wall": {
              "clock": "steady_clock",
              "per_iteration_us": {
                "max": 189.383,
                "median": 30.121,
                "min": 29.841,
                "n": 5,
                "p05": 29.888800000000003,
                "p95": 157.6164,
                "samples": 5,
                "stdev": 63.694410093822206
              },
              "sequence_us": {
                "max": 189.383,
                "median": 30.121,
                "min": 29.841,
                "n": 5,
                "p05": 29.888800000000003,
                "p95": 157.6164,
                "samples": 5,
                "stdev": 63.694410093822206
              },
              "status": "ok"
            },
            "logical_iterations": 1
          }
        },
        "timing_mode": "independent_throughput",
        "variant": "rowtile4",
        "workgroup_match": "exact_hip_wave32"
      },
      {
        "backend": "hip",
        "correctness": {
          "single_dispatch": {
            "oracle": "CPU Q8_0 dense q8_1+dp4a BF16 logits with KL <= 0.05 and top-1 >= 90%",
            "status": "pass"
          },
          "synchronization": {
            "barrier_count": 0,
            "method": "disjoint_xq_and_output_slices",
            "status": "pass"
          },
          "timed_sequence": {
            "coverage": "all_dispatches",
            "logical_iterations": 10,
            "oracle": "CPU Q8_0 dense q8_1+dp4a BF16 logits with KL <= 0.05 and top-1 >= 90%",
            "status": "pass"
          }
        },
        "correctness_pass": true,
        "dependency_contract": {
          "inter_dispatch_ordering": "none",
          "output_partitioning": "disjoint",
          "validation_status": "pass",
          "work_dependency": "independent"
        },
        "execution": {
          "actual_parallel_lanes": 4,
          "calibrated_timestamp_domain": false,
          "lane_assignment": "round_robin_streams",
          "requested_parallel_lanes": 4,
          "submission_strategy": "multi_stream"
        },
        "in_features": 2048,
        "local_size": 32,
        "median_us": 14.187999999999999,
        "numeric_correctness": {
          "burst": {
            "expected_repetitions": [
              0,
              1,
              2,
              3,
              4,
              5,
              6,
              7,
              8,
              9
            ],
            "kl_divergence": 0.00017967943123879806,
            "max_abs": 0.030849456787109375,
            "mean_abs": 0.003383165691047907,
            "oracle": "CPU Q8_0 dense q8_1+dp4a BF16 logits with KL/top-1 gate",
            "outputs_checked": 10,
            "pass": true,
            "top1": 1.0
          },
          "single": {
            "expected_repetitions": [
              0
            ],
            "kl_divergence": 4.218463729143969e-05,
            "max_abs": 0.022086143493652344,
            "mean_abs": 0.0026487447321414948,
            "oracle": "CPU Q8_0 dense q8_1+dp4a BF16 logits with KL/top-1 gate",
            "outputs_checked": 1,
            "pass": true,
            "top1": 1.0
          }
        },
        "operation": "q8_0_dense_dp4a_quantize_plus_dot",
        "out_features": 2048,
        "q8_0_weight_bytes": 4456448,
        "q8_blocks_per_row": 64,
        "row_tile": 4,
        "rows": 4,
        "sequence_validation": {
          "burst_expected_repetitions": [
            0,
            1,
            2,
            3,
            4,
            5,
            6,
            7,
            8,
            9
          ],
          "input_repetition_pattern": "distinct_deterministic_salt",
          "output_partitioning": "disjoint",
          "single_expected_repetitions": [
            0
          ],
          "xq_partitioning": "disjoint"
        },
        "submission": {
          "completion_in_host_wall": true,
          "queue_or_stream_count": 4,
          "recording_in_timed_region": false,
          "strategy": "multi_stream",
          "submit_in_host_wall": true
        },
        "timing": {
          "burst": {
            "dispatches_per_iteration": 2,
            "gpu_elapsed": {
              "clock": "hip_event",
              "per_iteration_us": {
                "max": 14.424000000000001,
                "median": 14.187999999999999,
                "min": 13.991999999999999,
                "n": 5,
                "p05": 14.0296,
                "p95": 14.402400000000002,
                "samples": 5,
                "stdev": 0.14521707888537125
              },
              "sequence_us": {
                "max": 144.24,
                "median": 141.88,
                "min": 139.92,
                "n": 5,
                "p05": 140.296,
                "p95": 144.024,
                "samples": 5,
                "stdev": 1.4521707888537134
              },
              "status": "ok"
            },
            "host_wall": {
              "clock": "steady_clock",
              "per_iteration_us": {
                "max": 40.8015,
                "median": 16.202199999999998,
                "min": 16.072300000000002,
                "n": 5,
                "p05": 16.073300000000003,
                "p95": 35.90783999999999,
                "samples": 5,
                "stdev": 9.852564899151895
              },
              "sequence_us": {
                "max": 408.015,
                "median": 162.022,
                "min": 160.723,
                "n": 5,
                "p05": 160.733,
                "p95": 359.07839999999993,
                "samples": 5,
                "stdev": 98.52564899151895
              },
              "status": "ok"
            },
            "logical_iterations": 10
          },
          "single": {
            "dispatches_per_iteration": 2,
            "gpu_elapsed": {
              "clock": "hip_event",
              "per_iteration_us": {
                "max": 26.72,
                "median": 18.16,
                "min": 16.96,
                "n": 5,
                "p05": 17.152,
                "p95": 25.023999999999997,
                "samples": 5,
                "stdev": 3.589139172559347
              },
              "sequence_us": {
                "max": 26.72,
                "median": 18.16,
                "min": 16.96,
                "n": 5,
                "p05": 17.152,
                "p95": 25.023999999999997,
                "samples": 5,
                "stdev": 3.589139172559347
              },
              "status": "ok"
            },
            "host_wall": {
              "clock": "steady_clock",
              "per_iteration_us": {
                "max": 264.864,
                "median": 44.07,
                "min": 36.561,
                "n": 5,
                "p05": 36.6548,
                "p95": 221.20139999999995,
                "samples": 5,
                "stdev": 89.608910118135
              },
              "sequence_us": {
                "max": 264.864,
                "median": 44.07,
                "min": 36.561,
                "n": 5,
                "p05": 36.6548,
                "p95": 221.20139999999995,
                "samples": 5,
                "stdev": 89.608910118135
              },
              "status": "ok"
            },
            "logical_iterations": 1
          }
        },
        "timing_mode": "independent_throughput",
        "variant": "rowtile4",
        "workgroup_match": "exact_hip_wave32"
      }
    ]
  },
  "notes": "HIP raw GGUF Q8_0 dense q8_1+dp4a production-shaped probe using single-row and rowtile4 kernels.",
  "parameters": {
    "actual_parallel_lanes": 4,
    "exact_local_size": 32,
    "independent_streams": 4,
    "input_scale": 0.1,
    "repetitions": 10,
    "row_tiles": "1,4",
    "rows_list": "1,4",
    "samples": 5,
    "shapes": "768x2048,2048x2048",
    "timing_mode": "independent_throughput",
    "warmup_sequences": 3
  },
  "schema_version": 2,
  "source": {
    "branch": "",
    "commit": "f2c3ad6d74c86e3641ce09ff9fd759eaa6cd75e0",
    "dirty": false,
    "repo": "/tmp/hipEngine-f2c",
    "source_hash": "sha256:214f6025d39d0db222fdb915dba10e2000c598c23589a925a6147e97013926c6"
  },
  "timing_config": {
    "actual_parallel_lanes": 4,
    "independent_streams": 4,
    "method": "HIP events plus host wall for one-dispatch and exact repeated sequences",
    "reps": 10,
    "samples": 5,
    "timing_mode": "independent_throughput",
    "warmup": 3
  },
  "wrapper": {
    "build_dir": "/home/kaden/ClaudeCode/autorocm/redline-pub/examples/hipengine-6409/results/gfx1201/2026-07-12/build/redline/dense-q8",
    "command": [
      "python3",
      "/tmp/hipEngine-f2c/benchmarks/micro/runners/q8_0_dense_real_slice.py",
      "--backend",
      "hip",
      "--timing-mode",
      "independent_throughput",
      "--independent-streams",
      "4",
      "--reps",
      "10",
      "--warmup",
      "3",
      "--samples",
      "5",
      "--environment-json",
      "/home/kaden/ClaudeCode/autorocm/redline-pub/examples/hipengine-6409/results/gfx1201/2026-07-12/environment.json",
      "--environment-ref",
      "/home/kaden/ClaudeCode/autorocm/redline-pub/examples/hipengine-6409/results/gfx1201/2026-07-12/environment.json",
      "--gfx-arch",
      "gfx1201",
      "--hardware-gpu",
      "AMD Radeon Graphics",
      "--build-dir",
      "/home/kaden/ClaudeCode/autorocm/redline-pub/examples/hipengine-6409/results/gfx1201/2026-07-12/build/redline/dense-q8",
      "--shapes",
      "768x2048,2048x2048",
      "--rows-list",
      "1,4",
      "--local-sizes",
      "32,64,128",
      "--row-tiles",
      "1,4",
      "--out",
      "/home/kaden/ClaudeCode/autorocm/redline-pub/examples/hipengine-6409/results/gfx1201/2026-07-12/independent_throughput/redline-dense-q8.raw.json",
      "--pretty"
    ],
    "commands": [],
    "cwd": "/tmp/hipEngine-f2c",
    "schema": "hipengine.micro.q8_0_dense_real_slice_runner.v2"
  }
}

