WARNING: radv is not a conformant Vulkan implementation, testing use only.
shader: MESA_SHADER_COMPUTE
source_blake3: {0xc966d33c, 0x144a1dca, 0xce73b8bd, 0xa612cf8e, 0xce60bef2, 0x5a6d5cdf, 0x7e8163df, 0xa3a908c6}
workgroup_size: 64, 1, 1
num_ssbos: 3
system_values_read: 0x00000000'00000000'00008400'00000000
shared_size: 520
subgroup_size: 0
bit_sizes_float: 0x20
bit_sizes_int: 0x21
separate_shader: true
writes_memory: true
uniforms: 16
decl_var push_const INTERP_MODE_NONE none block #0
decl_var ssbo INTERP_MODE_NONE restrict readonly block#2 #1 (~0, 0, 0)
decl_var ssbo INTERP_MODE_NONE restrict writeonly block#4 #3 (~0, 0, 1)
decl_var ssbo INTERP_MODE_NONE restrict writeonly block#2 #5 (~0, 0, 2)
decl_function main () (entrypoint)

impl main {
    block b0:    // preds:
    32x3    %0 = @load_workgroup_id
    32      %1 = @load_vector_arg_amd (base=6, arg_upper_bound_u32_amd=63)
    32      %2 = @load_scalar_arg_amd (base=2, arg_upper_bound_u32_amd=0)
    1       %3 = ult %0.x, %2
                 // succs: b1 b63
    if %3 {
        block b1:    // preds: b0
        64      %4 = load_const (0x0000000000000001 = 0.000000)
        1       %5 = @inverse_ballot (%4 (0x1))
        32      %6 = load_const (0x00000000)
                     // succs: b2 b3
        if %5 {
            block b2:    // preds: b1
            32      %7 = load_const (0xffffffff = -nan = -1 = 4294967295)
            32      %8 = load_const (0xff7fffff = -3.402823e+38 = -8388609 = 4286578687)
            32x2    %9 = vec2 %8 (0xff7fffff), %7 (0xffffffff)
                         @store_shared (%9, %6 (0x0)) (base=0, wrmask=xy, align_mul=1073741824, align_offset=0)
                         // succs: b4
        } else {
            block b3:  // preds: b1, succs: b4
        }
        block b4:    // preds: b2 b3
                     @barrier (execution_scope=WORKGROUP, memory_scope=WORKGROUP, mem_semantics=ACQ|REL, mem_modes=shared)
        32     %10 = @load_scalar_arg_amd (base=3, arg_upper_bound_u32_amd=0)
        32     %11 = imul %0.x, %10
        64     %12 = load_const (0x000000000000000f = 0.000000 = 15)
        32     %13 = load_const (0x00000002)
        32     %14 = ishl %1, %13 (0x2)
        32     %15 = load_const (0x00000008)
        32     %16 = iadd.nuw %15 (0x8), %14
        32     %17 = load_const (0x00000108 = 264)
        32     %18 = iadd.nuw %17 (0x108), %14
        64     %19 = load_const (0x0000000000000003 = 0.000000)
        1      %20 = load_const (false)
        32     %21 = load_const (0x00000001)
        32     %22 = load_const (0x00000004)
        32     %23 = load_const (0xff7fffff = -3.402823e+38)
        32     %24 = load_const (0xffffffff = -1 = 4294967295)
        64     %25 = load_const (0x00000000ffffffff = 0.000000 = 4294967295)
        64     %26 = load_const (0x000000000000ffff = 0.000000 = 65535)
        64     %27 = load_const (0x00000000000000ff = 0.000000 = 255)
                     // succs: b5
        loop {
            block b5:    // preds: b4 b58
            32     %28 = phi b4: %6 (0x0), b58: %119
                         // succs: b6
            loop {
                block b6:    // preds: b5 b15
                32     %29 = phi b5: %24 (0xffffffff), b15: %53
                32     %30 = phi b5: %23 (-3.402823e+38), b15: %52
                32     %31 = phi b5: %1, b15: %55
                1      %32 = uge %31, %10
                             // succs: b7 b8
                if %32 {
                    block b7:// preds: b6
                    break
                    // succs: b16
                } else {
                    block b8:  // preds: b6, succs: b9
                }
                block b9:    // preds: b8
                1      %33 = ine %28, %6 (0x0)
                             // succs: b10 b11
                if %33 {
                    block b10:   // preds: b9
                    32     %34 = @load_shared (%6 (0x0)) (base=4, align_mul=1073741824, align_offset=4)
                    1      %35 = ieq %34, %31
                                 // succs: b12
                } else {
                    block b11:  // preds: b9, succs: b12
                }
                block b12:   // preds: b10 b11
                1      %36 = phi b10: %35, b11: %20 (false)
                1      %37 = inot %36
                             // succs: b13 b14
                if %37 {
                    block b13:   // preds: b12
                    32     %38 = iadd %11, %31
                    32     %39 = @load_scalar_arg_amd (base=1, arg_upper_bound_u32_amd=0)
                    32     %40 = load_const (0xffff8000 = -32768 = 4294934528)
                    64     %41 = pack_64_2x32_split %39, %40 (0xffff8000)
                    32x4   %42 = @load_smem_amd (%41, %6 (0x0)) (align_mul=1073741824, align_offset=0)
                    32     %43 = ishl %38, %13 (0x2)
                    32     %44 = @load_ssbo (%42, %43) (access=readonly|reorderable, align_mul=4, align_offset=0)
                    1      %45 = feq! %44, %30
                    1      %46 = ult %31, %29
                    1      %47 = iand %45, %46
                    1      %48 = flt! %30, %44
                    1      %49 = ior %48, %47
                    32     %50 = bcsel %49, %31, %29
                    32     %51 = bcsel %49, %44, %30
                                 // succs: b15
                } else {
                    block b14:  // preds: b12, succs: b15
                }
                block b15:   // preds: b13 b14
                32     %52 = phi b13: %51, b14: %30
                32     %53 = phi b13: %50, b14: %29
                32     %54 = load_const (0x00000040 = 64)
                32     %55 = iadd %31, %54 (0x40)
                             // succs: b6
            }
            block b16:   // preds: b7
                         @store_shared (%30, %14) (base=8, wrmask=x, align_mul=4, align_offset=0)
                         @store_shared (%29, %14) (base=264, wrmask=x, align_mul=4, align_offset=0)
                         @barrier (execution_scope=WORKGROUP, memory_scope=WORKGROUP, mem_semantics=ACQ|REL, mem_modes=shared)
            1      %56 = @inverse_ballot (%25 (0xffffffff))
                         // succs: b17 b21
            if %56 {
                block b17:   // preds: b16
                32x2   %57 = @load_shared2_amd (%16) (offset0=0, offset1=32, st64=0)
                32x2   %58 = @load_shared2_amd (%18) (offset0=0, offset1=32, st64=0)
                1      %59 = feq! %57.y, %57.x
                1      %60 = ult %58.y, %58.x
                1      %61 = iand %59, %60
                1      %62 = flt! %57.x, %57.y
                1      %63 = ior %62, %61
                             // succs: b18 b19
                if %63 {
                    block b18:   // preds: b17
                    32     %64 = mov %57.y
                                 @store_shared (%64, %14) (base=8, wrmask=x, align_mul=4, align_offset=0)
                    32     %65 = mov %58.y
                                 @store_shared (%65, %14) (base=264, wrmask=x, align_mul=4, align_offset=0)
                                 // succs: b20
                } else {
                    block b19:  // preds: b17, succs: b20
                }
                block b20:  // preds: b18 b19, succs: b22
            } else {
                block b21:  // preds: b16, succs: b22
            }
            block b22:   // preds: b20 b21
                         @barrier (execution_scope=WORKGROUP, memory_scope=WORKGROUP, mem_semantics=ACQ|REL, mem_modes=shared)
            1      %66 = @inverse_ballot (%26 (0xffff))
                         // succs: b23 b27
            if %66 {
                block b23:   // preds: b22
                32x2   %67 = @load_shared2_amd (%16) (offset0=0, offset1=16, st64=0)
                32x2   %68 = @load_shared2_amd (%18) (offset0=0, offset1=16, st64=0)
                1      %69 = feq! %67.y, %67.x
                1      %70 = ult %68.y, %68.x
                1      %71 = iand %69, %70
                1      %72 = flt! %67.x, %67.y
                1      %73 = ior %72, %71
                             // succs: b24 b25
                if %73 {
                    block b24:   // preds: b23
                    32     %74 = mov %67.y
                                 @store_shared (%74, %14) (base=8, wrmask=x, align_mul=4, align_offset=0)
                    32     %75 = mov %68.y
                                 @store_shared (%75, %14) (base=264, wrmask=x, align_mul=4, align_offset=0)
                                 // succs: b26
                } else {
                    block b25:  // preds: b23, succs: b26
                }
                block b26:  // preds: b24 b25, succs: b28
            } else {
                block b27:  // preds: b22, succs: b28
            }
            block b28:   // preds: b26 b27
                         @barrier (execution_scope=WORKGROUP, memory_scope=WORKGROUP, mem_semantics=ACQ|REL, mem_modes=shared)
            1      %76 = @inverse_ballot (%27 (0xff))
                         // succs: b29 b33
            if %76 {
                block b29:   // preds: b28
                32x2   %77 = @load_shared2_amd (%16) (offset0=0, offset1=8, st64=0)
                32x2   %78 = @load_shared2_amd (%18) (offset0=0, offset1=8, st64=0)
                1      %79 = feq! %77.y, %77.x
                1      %80 = ult %78.y, %78.x
                1      %81 = iand %79, %80
                1      %82 = flt! %77.x, %77.y
                1      %83 = ior %82, %81
                             // succs: b30 b31
                if %83 {
                    block b30:   // preds: b29
                    32     %84 = mov %77.y
                                 @store_shared (%84, %14) (base=8, wrmask=x, align_mul=4, align_offset=0)
                    32     %85 = mov %78.y
                                 @store_shared (%85, %14) (base=264, wrmask=x, align_mul=4, align_offset=0)
                                 // succs: b32
                } else {
                    block b31:  // preds: b29, succs: b32
                }
                block b32:  // preds: b30 b31, succs: b34
            } else {
                block b33:  // preds: b28, succs: b34
            }
            block b34:   // preds: b32 b33
                         @barrier (execution_scope=WORKGROUP, memory_scope=WORKGROUP, mem_semantics=ACQ|REL, mem_modes=shared)
            1      %86 = @inverse_ballot (%12 (0xf))
                         // succs: b35 b39
            if %86 {
                block b35:   // preds: b34
                32x2   %87 = @load_shared2_amd (%16) (offset0=0, offset1=4, st64=0)
                32x2   %88 = @load_shared2_amd (%18) (offset0=0, offset1=4, st64=0)
                1      %89 = feq! %87.y, %87.x
                1      %90 = ult %88.y, %88.x
                1      %91 = iand %89, %90
                1      %92 = flt! %87.x, %87.y
                1      %93 = ior %92, %91
                             // succs: b36 b37
                if %93 {
                    block b36:   // preds: b35
                    32     %94 = mov %87.y
                                 @store_shared (%94, %14) (base=8, wrmask=x, align_mul=4, align_offset=0)
                    32     %95 = mov %88.y
                                 @store_shared (%95, %14) (base=264, wrmask=x, align_mul=4, align_offset=0)
                                 // succs: b38
                } else {
                    block b37:  // preds: b35, succs: b38
                }
                block b38:  // preds: b36 b37, succs: b40
            } else {
                block b39:  // preds: b34, succs: b40
            }
            block b40:   // preds: b38 b39
                         @barrier (execution_scope=WORKGROUP, memory_scope=WORKGROUP, mem_semantics=ACQ|REL, mem_modes=shared)
            1      %96 = @inverse_ballot (%19 (0x3))
                         // succs: b41 b45
            if %96 {
                block b41:   // preds: b40
                32x2   %97 = @load_shared2_amd (%16) (offset0=0, offset1=2, st64=0)
                32x2   %98 = @load_shared2_amd (%18) (offset0=0, offset1=2, st64=0)
                1      %99 = feq! %97.y, %97.x
                1     %100 = ult %98.y, %98.x
                1     %101 = iand %99, %100
                1     %102 = flt! %97.x, %97.y
                1     %103 = ior %102, %101
                             // succs: b42 b43
                if %103 {
                    block b42:   // preds: b41
                    32    %104 = mov %97.y
                                 @store_shared (%104, %14) (base=8, wrmask=x, align_mul=4, align_offset=0)
                    32    %105 = mov %98.y
                                 @store_shared (%105, %14) (base=264, wrmask=x, align_mul=4, align_offset=0)
                                 // succs: b44
                } else {
                    block b43:  // preds: b41, succs: b44
                }
                block b44:  // preds: b42 b43, succs: b46
            } else {
                block b45:  // preds: b40, succs: b46
            }
            block b46:// preds: b44 b45
            @barrier (execution_scope=WORKGROUP, memory_scope=WORKGROUP, mem_semantics=ACQ|REL, mem_modes=shared)
            // succs: b47 b51
            if %5 {
                block b47:   // preds: b46
                32    %106 = @load_shared (%6 (0x0)) (base=12, align_mul=1073741824, align_offset=12)
                32    %107 = @load_shared (%6 (0x0)) (base=268, align_mul=1073741824, align_offset=268)
                32    %108 = @load_shared (%14) (base=8, align_mul=4, align_offset=0)
                32    %109 = @load_shared (%14) (base=264, align_mul=4, align_offset=0)
                1     %110 = feq! %106, %108
                1     %111 = ult %107, %109
                1     %112 = iand %110, %111
                1     %113 = flt! %108, %106
                1     %114 = ior %113, %112
                             // succs: b48 b49
                if %114 {
                    block b48:// preds: b47
                    @store_shared (%106, %14) (base=8, wrmask=x, align_mul=4, align_offset=0)
                    @store_shared (%107, %14) (base=264, wrmask=x, align_mul=4, align_offset=0)
                    // succs: b50
                } else {
                    block b49:  // preds: b47, succs: b50
                }
                block b50:  // preds: b48 b49, succs: b52
            } else {
                block b51:  // preds: b46, succs: b52
            }
            block b52:// preds: b50 b51
            @barrier (execution_scope=WORKGROUP, memory_scope=WORKGROUP, mem_semantics=ACQ|REL, mem_modes=shared)
            // succs: b53 b54
            if %5 {
                block b53:   // preds: b52
                32    %115 = @load_shared (%6 (0x0)) (base=8, align_mul=1073741824, align_offset=8)
                32    %116 = ishl %28, %13 (0x2)
                             @store_shared (%115, %116) (base=0, wrmask=x, align_mul=4, align_offset=0)
                32    %117 = @load_shared (%6 (0x0)) (base=264, align_mul=1073741824, align_offset=264)
                32    %118 = iadd %22 (0x4), %116
                             @store_shared (%117, %118) (base=0, wrmask=x, align_mul=4, align_offset=0)
                             // succs: b55
            } else {
                block b54:  // preds: b52, succs: b55
            }
            block b55:   // preds: b53 b54
                         @barrier (execution_scope=WORKGROUP, memory_scope=WORKGROUP, mem_semantics=ACQ|REL, mem_modes=shared)
            32    %119 = iadd %28, %21 (0x1)
            1     %120 = ine %119, %6 (0x0)
                         // succs: b56 b57
            if %120 {
                block b56:// preds: b55
                break
                // succs: b59
            } else {
                block b57:  // preds: b55, succs: b58
            }
            block b58:  // preds: b57, succs: b5
        }
        block b59:  // preds: b56, succs: b60 b61
        if %5 {
            block b60:   // preds: b59
            32    %121 = @load_scalar_arg_amd (base=4, arg_upper_bound_u32_amd=0)
            32    %122 = @load_scalar_arg_amd (base=5, arg_upper_bound_u32_amd=0)
            32    %123 = iadd %121, %0.x
            32x2  %124 = @load_shared (%6 (0x0)) (base=0, align_mul=1073741824, align_offset=0)
            32    %125 = @load_scalar_arg_amd (base=1, arg_upper_bound_u32_amd=0)
            32    %126 = load_const (0xffff8000 = -32768 = 4294934528)
            64    %127 = pack_64_2x32_split %125, %126 (0xffff8000)
            32    %128 = load_const (0x00000010 = 16)
            32x8  %129 = @load_smem_amd (%127, %128 (0x10)) (align_mul=1073741824, align_offset=16)
            32    %130 = mov %124.y
            32    %131 = ishl %123, %13 (0x2)
            32x4  %132 = vec4 %129.a, %129.b, %129.c, %129.d
                         @store_ssbo (%130, %132, %131) (wrmask=x, access=writeonly, align_mul=4, align_offset=0)
            32    %133 = load_const (0x3e000000 = 0.125000)
            32    %134 = u2f32 %122
            32    %135 = fmul %134, %133 (0.125000)
            32    %136 = fadd %124.x, %135
            32x4  %137 = vec4 %129.e, %129.f, %129.g, %129.h
                         @store_ssbo (%136, %137, %131) (wrmask=x, access=writeonly, align_mul=4, align_offset=0)
                         // succs: b62
        } else {
            block b61:  // preds: b59, succs: b62
        }
        block b62:  // preds: b60 b61, succs: b64
    } else {
        block b63:  // preds: b0, succs: b64
    }
    block b64:  // preds: b62 b63, succs: b65
    block b65:
}

After RA:
ACO shader stage: SW (CS), HW (COMPUTE_SHADER)
BB0
/* logical preds: / linear preds: / kind: uniform, top-level, */
	 s2: %141:s[0-1],  s1: %142:s[2],  s1: %143:s[3],  s1: %144:s[4],  s1: %145:s[5],  s1: %146:s[6],  v1: %147:v[0],  s1: %148:s[117],  s1: %150:s[116],  s1: %149:s[115] = p_startpgm
	p_logical_start
	 s1: %154:scc = s_cmp_lt_u32 %148:s[117], %143:s[3]
	p_logical_end
	p_cbranch_z %154:scc BB116, BB1
BB1
/* logical preds: BB0, / linear preds: BB0, / kind: branch, */
	p_logical_start
	 s2: %5:s[0-1] = p_create_vector 1, 0
	p_logical_end
	 s2: %0:exec = p_parallelcopy %5:s[0-1]
	p_cbranch_z %0:exec BB3, BB2
BB2
/* logical preds: BB1, / linear preds: BB1, / kind: uniform, */
	p_logical_start
	 v1: %157:v[1] = p_parallelcopy 0
	 v2: %158:v[2-3] = p_create_vector 0xff7fffff, -1
	ds_write_b64 %157:v[1], %158:v[2-3] storage:shared
	p_logical_end
	p_branch BB4
BB3
/* logical preds: / linear preds: BB1, / kind: uniform, */
	p_branch BB4
BB4
/* logical preds: / linear preds: BB2, BB3, / kind: invert, */
	 s2: %0:exec,  s1: %246:scc = s_andn2_b64 -1, %0:exec
	p_cbranch_z %0:exec BB6, BB5
BB5
/* logical preds: BB1, / linear preds: BB4, / kind: uniform, */
	p_logical_start
	p_logical_end
	p_branch BB7
BB6
/* logical preds: / linear preds: BB4, / kind: uniform, */
	p_branch BB7
BB7
/* logical preds: BB2, BB5, / linear preds: BB5, BB6, / kind: uniform, loop-preheader, merge, */
	 s2: %0:exec = p_parallelcopy -1
	p_logical_start
	p_barrier storage:shared semantics:acquire,release scope:workgroup exec_scope:workgroup
	 s1: %12:s[3] = s_mul_i32 %148:s[117], %144:s[4]
	 s2: %13:s[8-9] = p_create_vector 15, 0
	 v1: %15:v[1] = v_lshlrev_b32 2, (is16bit)%147:v[0]
	 s2: %20:s[10-11] = p_create_vector 3, 0
	 s2: %26:s[12-13] = p_create_vector -1, 0
	 s2: %27:s[14-15] = p_create_vector 0xffff, 0
	 s2: %28:s[16-17] = p_create_vector 0xff, 0
	p_logical_end
	p_branch BB8
BB8
/* logical preds: BB7, BB108, / linear preds: BB7, BB108, / kind: uniform, loop-preheader, loop-header, */
	 s1: %29:s[7] = p_linear_phi 0, %122:s[7]
	p_logical_start
	p_logical_end
	p_branch BB9
BB9
/* logical preds: BB8, BB26, / linear preds: BB8, BB26, / kind: loop-header, branch, */
	 v1: %32:v[2] = p_phi %147:v[0], %56:v[2]
	 v1: %31:v[3] = p_phi 0xff7fffff, %53:v[3]
	 v1: %30:v[4] = p_phi -1, %54:v[4]
	p_logical_start
	 s2: %33:vcc = v_cmp_le_u32 %144:s[4], %32:v[2]
	p_logical_end
	 s2: %248:s[18-19],  s1: %247:scc,  s2: %0:exec = s_and_saveexec_b64 %33:vcc, %0:exec
	p_cbranch_z %0:exec BB13, BB10
BB10
/* logical preds: BB9, / linear preds: BB9, / kind: break, */
	p_logical_start
	p_logical_end
	 s2: %250:s[18-19],  s1: %249:scc = s_andn2_b64 %248:s[18-19], %0:exec
	p_cbranch_nz %249:scc BB12, BB11
BB11
/* logical preds: / linear preds: BB10, / kind: uniform, */
	p_branch BB27
BB12
/* logical preds: / linear preds: BB10, / kind: uniform, */
	p_logical_start
	p_logical_end
	p_branch BB14
BB13
/* logical preds: / linear preds: BB9, / kind: uniform, */
	p_branch BB14
BB14
/* logical preds: / linear preds: BB12, BB13, / kind: invert, */
	 s2: %251:s[18-19] = p_linear_phi %250:s[18-19], %248:s[18-19]
	 s2: %0:exec,  s1: %252:scc = s_andn2_b64 %251:s[18-19], %0:exec
	p_cbranch_z %0:exec BB16, BB15
BB15
/* logical preds: BB9, / linear preds: BB14, / kind: uniform, */
	p_logical_start
	p_logical_end
	p_branch BB17
BB16
/* logical preds: / linear preds: BB14, / kind: uniform, */
	p_branch BB17
BB17
/* logical preds: BB15, / linear preds: BB15, BB16, / kind: uniform, merge, */
	 s2: %0:exec = p_parallelcopy %251:s[18-19]
	p_logical_start
	 s1: %159:scc = s_cmp_lg_i32 %29:s[7], 0
	p_logical_end
	p_cbranch_z %159:scc BB19, BB18
BB18
/* logical preds: BB17, / linear preds: BB17, / kind: uniform, */
	p_logical_start
	 v1: %162:v[5] = p_parallelcopy 0
	 v1: %163:v[5] = ds_read_b32 %162:v[5] offset0:4 storage:shared
	 s2: %36:vcc = v_cmp_eq_i32 %163:v[5], %32:v[2]
	p_logical_end
	p_branch BB20
BB19
/* logical preds: BB17, / linear preds: BB17, / kind: uniform, */
	p_logical_start
	p_logical_end
	p_branch BB20
BB20
/* logical preds: BB18, BB19, / linear preds: BB18, BB19, / kind: branch, */
	 s2: %37:vcc = p_linear_phi %36:vcc, 0
	p_logical_start
	 s2: %38:s[20-21],  s1: %165:scc = s_not_b64 %37:vcc
	p_logical_end
	 s2: %0:exec,  s1: %253:scc = s_and_b64 %38:s[20-21], %0:exec
	p_cbranch_z %0:exec BB22, BB21
BB21
/* logical preds: BB20, / linear preds: BB20, / kind: uniform, */
	p_logical_start
	 s2: %42:s[20-21] = p_create_vector %142:s[2], 0xffff8000
	 s4: %43:s[20-23] = s_load_dwordx4 %42:s[20-21], 0
	 v1: %44:v[5] = v_add_lshl_u32 %12:s[3], %32:v[2], 2
	 v1: %45:v[5] = buffer_load_dword %43:s[20-23], %44:v[5], 0 offen storage:buffer semantics:private,reorder
	 s2: %47:vcc = v_cmp_lt_u32 %32:v[2], %30:v[4]
	 s2: (precise)%46:s[20-21] = v_cmp_eq_f32 %45:v[5], %31:v[3]
	 s2: %48:s[20-21],  s1: %170:scc = s_and_b64 %46:s[20-21], %47:vcc
	 s2: (precise)%49:vcc = v_cmp_lt_f32 %31:v[3], %45:v[5]
	 s2: %50:vcc,  s1: %171:scc = s_or_b64 %49:vcc, %48:s[20-21]
	 v1: %51:v[4] = v_cndmask_b32 %30:v[4], %32:v[2], %50:vcc
	 v1: %52:v[3] = v_cndmask_b32 %31:v[3], %45:v[5], %50:vcc
	p_logical_end
	p_branch BB23
BB22
/* logical preds: / linear preds: BB20, / kind: uniform, */
	p_branch BB23
BB23
/* logical preds: / linear preds: BB21, BB22, / kind: invert, */
	 s2: %0:exec,  s1: %254:scc = s_andn2_b64 %251:s[18-19], %0:exec
	p_cbranch_z %0:exec BB25, BB24
BB24
/* logical preds: BB20, / linear preds: BB23, / kind: uniform, */
	p_logical_start
	p_logical_end
	p_branch BB26
BB25
/* logical preds: / linear preds: BB23, / kind: uniform, */
	p_branch BB26
BB26
/* logical preds: BB21, BB24, / linear preds: BB24, BB25, / kind: uniform, continue, merge, */
	 v1: %54:v[4] = p_phi %51:v[4], %30:v[4]
	 v1: %53:v[3] = p_phi %52:v[3], %31:v[3]
	 s2: %0:exec = p_parallelcopy %251:s[18-19]
	p_logical_start
	 v1: %56:v[2] = v_add_u32 64, %32:v[2]
	p_logical_end
	p_branch BB9
BB27
/* logical preds: BB10, / linear preds: BB11, / kind: loop-exit, branch, */
	 v1: %58:v[3] = p_phi %31:v[3]
	 v1: %57:v[4] = p_phi %30:v[4]
	 s2: %0:exec = p_parallelcopy -1
	p_logical_start
	ds_write_b32 %15:v[1], %58:v[3] offset0:8 storage:shared
	ds_write_b32 %15:v[1], %57:v[4] offset0:264 storage:shared
	p_barrier storage:shared semantics:acquire,release scope:workgroup exec_scope:workgroup
	p_logical_end
	 s2: %0:exec = p_parallelcopy %26:s[12-13]
	p_cbranch_z %0:exec BB35, BB28
BB28
/* logical preds: BB27, / linear preds: BB27, / kind: branch, */
	p_logical_start
	 v2: %60:v[2-3] = ds_read2_b32 %15:v[1] offset0:2 offset1:34 storage:shared
	 v2: %61:v[4-5] = ds_read2_b32 %15:v[1] offset0:66 offset1:98 storage:shared
	 v1: %172:v[2],  v1: %173:v[3] = p_split_vector %60:v[2-3]
	 s2: (precise)%62:vcc = v_cmp_eq_f32 %173:v[3], %172:v[2]
	 s2: (precise)%65:s[18-19] = v_cmp_lt_f32 %172:v[2], %173:v[3]
	 v1: %174:v[4],  v1: %175:v[5] = p_split_vector %61:v[4-5]
	 s2: %63:s[20-21] = v_cmp_lt_u32 %175:v[5], %174:v[4]
	 s2: %64:s[20-21],  s1: %176:scc = s_and_b64 %62:vcc, %63:s[20-21]
	 s2: %66:s[18-19],  s1: %177:scc = s_or_b64 %65:s[18-19], %64:s[20-21]
	p_logical_end
	 s2: %256:s[18-19],  s1: %255:scc,  s2: %0:exec = s_and_saveexec_b64 %66:s[18-19], %0:exec
	p_cbranch_z %0:exec BB30, BB29
BB29
/* logical preds: BB28, / linear preds: BB28, / kind: uniform, */
	p_logical_start
	ds_write_b32 %15:v[1], %173:v[3] offset0:8 storage:shared
	ds_write_b32 %15:v[1], %175:v[5] offset0:264 storage:shared
	p_logical_end
	p_branch BB31
BB30
/* logical preds: / linear preds: BB28, / kind: uniform, */
	p_branch BB31
BB31
/* logical preds: / linear preds: BB29, BB30, / kind: invert, */
	 s2: %0:exec,  s1: %257:scc = s_andn2_b64 %256:s[18-19], %0:exec
	p_cbranch_z %0:exec BB33, BB32
BB32
/* logical preds: BB28, / linear preds: BB31, / kind: uniform, */
	p_logical_start
	p_logical_end
	p_branch BB34
BB33
/* logical preds: / linear preds: BB31, / kind: uniform, */
	p_branch BB34
BB34
/* logical preds: BB29, BB32, / linear preds: BB32, BB33, / kind: uniform, merge, */
	 s2: %0:exec = p_parallelcopy %256:s[18-19]
	p_logical_start
	p_logical_end
	p_branch BB36
BB35
/* logical preds: / linear preds: BB27, / kind: uniform, */
	p_branch BB36
BB36
/* logical preds: / linear preds: BB34, BB35, / kind: invert, */
	 s2: %0:exec,  s1: %258:scc = s_andn2_b64 -1, %0:exec
	p_cbranch_z %0:exec BB38, BB37
BB37
/* logical preds: BB27, / linear preds: BB36, / kind: uniform, */
	p_logical_start
	p_logical_end
	p_branch BB39
BB38
/* logical preds: / linear preds: BB36, / kind: uniform, */
	p_branch BB39
BB39
/* logical preds: BB34, BB37, / linear preds: BB37, BB38, / kind: branch, merge, */
	 s2: %0:exec = p_parallelcopy -1
	p_logical_start
	p_barrier storage:shared semantics:acquire,release scope:workgroup exec_scope:workgroup
	p_logical_end
	 s2: %0:exec = p_parallelcopy %27:s[14-15]
	p_cbranch_z %0:exec BB47, BB40
BB40
/* logical preds: BB39, / linear preds: BB39, / kind: branch, */
	p_logical_start
	 v2: %70:v[2-3] = ds_read2_b32 %15:v[1] offset0:2 offset1:18 storage:shared
	 v2: %71:v[4-5] = ds_read2_b32 %15:v[1] offset0:66 offset1:82 storage:shared
	 v1: %178:v[2],  v1: %179:v[3] = p_split_vector %70:v[2-3]
	 s2: (precise)%72:vcc = v_cmp_eq_f32 %179:v[3], %178:v[2]
	 s2: (precise)%75:s[18-19] = v_cmp_lt_f32 %178:v[2], %179:v[3]
	 v1: %180:v[4],  v1: %181:v[5] = p_split_vector %71:v[4-5]
	 s2: %73:s[20-21] = v_cmp_lt_u32 %181:v[5], %180:v[4]
	 s2: %74:s[20-21],  s1: %182:scc = s_and_b64 %72:vcc, %73:s[20-21]
	 s2: %76:s[18-19],  s1: %183:scc = s_or_b64 %75:s[18-19], %74:s[20-21]
	p_logical_end
	 s2: %260:s[18-19],  s1: %259:scc,  s2: %0:exec = s_and_saveexec_b64 %76:s[18-19], %0:exec
	p_cbranch_z %0:exec BB42, BB41
BB41
/* logical preds: BB40, / linear preds: BB40, / kind: uniform, */
	p_logical_start
	ds_write_b32 %15:v[1], %179:v[3] offset0:8 storage:shared
	ds_write_b32 %15:v[1], %181:v[5] offset0:264 storage:shared
	p_logical_end
	p_branch BB43
BB42
/* logical preds: / linear preds: BB40, / kind: uniform, */
	p_branch BB43
BB43
/* logical preds: / linear preds: BB41, BB42, / kind: invert, */
	 s2: %0:exec,  s1: %261:scc = s_andn2_b64 %260:s[18-19], %0:exec
	p_cbranch_z %0:exec BB45, BB44
BB44
/* logical preds: BB40, / linear preds: BB43, / kind: uniform, */
	p_logical_start
	p_logical_end
	p_branch BB46
BB45
/* logical preds: / linear preds: BB43, / kind: uniform, */
	p_branch BB46
BB46
/* logical preds: BB41, BB44, / linear preds: BB44, BB45, / kind: uniform, merge, */
	 s2: %0:exec = p_parallelcopy %260:s[18-19]
	p_logical_start
	p_logical_end
	p_branch BB48
BB47
/* logical preds: / linear preds: BB39, / kind: uniform, */
	p_branch BB48
BB48
/* logical preds: / linear preds: BB46, BB47, / kind: invert, */
	 s2: %0:exec,  s1: %262:scc = s_andn2_b64 -1, %0:exec
	p_cbranch_z %0:exec BB50, BB49
BB49
/* logical preds: BB39, / linear preds: BB48, / kind: uniform, */
	p_logical_start
	p_logical_end
	p_branch BB51
BB50
/* logical preds: / linear preds: BB48, / kind: uniform, */
	p_branch BB51
BB51
/* logical preds: BB46, BB49, / linear preds: BB49, BB50, / kind: branch, merge, */
	 s2: %0:exec = p_parallelcopy -1
	p_logical_start
	p_barrier storage:shared semantics:acquire,release scope:workgroup exec_scope:workgroup
	p_logical_end
	 s2: %0:exec = p_parallelcopy %28:s[16-17]
	p_cbranch_z %0:exec BB59, BB52
BB52
/* logical preds: BB51, / linear preds: BB51, / kind: branch, */
	p_logical_start
	 v2: %80:v[2-3] = ds_read2_b32 %15:v[1] offset0:2 offset1:10 storage:shared
	 v2: %81:v[4-5] = ds_read2_b32 %15:v[1] offset0:66 offset1:74 storage:shared
	 v1: %184:v[2],  v1: %185:v[3] = p_split_vector %80:v[2-3]
	 s2: (precise)%82:vcc = v_cmp_eq_f32 %185:v[3], %184:v[2]
	 s2: (precise)%85:s[18-19] = v_cmp_lt_f32 %184:v[2], %185:v[3]
	 v1: %186:v[4],  v1: %187:v[5] = p_split_vector %81:v[4-5]
	 s2: %83:s[20-21] = v_cmp_lt_u32 %187:v[5], %186:v[4]
	 s2: %84:s[20-21],  s1: %188:scc = s_and_b64 %82:vcc, %83:s[20-21]
	 s2: %86:s[18-19],  s1: %189:scc = s_or_b64 %85:s[18-19], %84:s[20-21]
	p_logical_end
	 s2: %264:s[18-19],  s1: %263:scc,  s2: %0:exec = s_and_saveexec_b64 %86:s[18-19], %0:exec
	p_cbranch_z %0:exec BB54, BB53
BB53
/* logical preds: BB52, / linear preds: BB52, / kind: uniform, */
	p_logical_start
	ds_write_b32 %15:v[1], %185:v[3] offset0:8 storage:shared
	ds_write_b32 %15:v[1], %187:v[5] offset0:264 storage:shared
	p_logical_end
	p_branch BB55
BB54
/* logical preds: / linear preds: BB52, / kind: uniform, */
	p_branch BB55
BB55
/* logical preds: / linear preds: BB53, BB54, / kind: invert, */
	 s2: %0:exec,  s1: %265:scc = s_andn2_b64 %264:s[18-19], %0:exec
	p_cbranch_z %0:exec BB57, BB56
BB56
/* logical preds: BB52, / linear preds: BB55, / kind: uniform, */
	p_logical_start
	p_logical_end
	p_branch BB58
BB57
/* logical preds: / linear preds: BB55, / kind: uniform, */
	p_branch BB58
BB58
/* logical preds: BB53, BB56, / linear preds: BB56, BB57, / kind: uniform, merge, */
	 s2: %0:exec = p_parallelcopy %264:s[18-19]
	p_logical_start
	p_logical_end
	p_branch BB60
BB59
/* logical preds: / linear preds: BB51, / kind: uniform, */
	p_branch BB60
BB60
/* logical preds: / linear preds: BB58, BB59, / kind: invert, */
	 s2: %0:exec,  s1: %266:scc = s_andn2_b64 -1, %0:exec
	p_cbranch_z %0:exec BB62, BB61
BB61
/* logical preds: BB51, / linear preds: BB60, / kind: uniform, */
	p_logical_start
	p_logical_end
	p_branch BB63
BB62
/* logical preds: / linear preds: BB60, / kind: uniform, */
	p_branch BB63
BB63
/* logical preds: BB58, BB61, / linear preds: BB61, BB62, / kind: branch, merge, */
	 s2: %0:exec = p_parallelcopy -1
	p_logical_start
	p_barrier storage:shared semantics:acquire,release scope:workgroup exec_scope:workgroup
	p_logical_end
	 s2: %0:exec = p_parallelcopy %13:s[8-9]
	p_cbranch_z %0:exec BB71, BB64
BB64
/* logical preds: BB63, / linear preds: BB63, / kind: branch, */
	p_logical_start
	 v2: %90:v[2-3] = ds_read2_b32 %15:v[1] offset0:2 offset1:6 storage:shared
	 v2: %91:v[4-5] = ds_read2_b32 %15:v[1] offset0:66 offset1:70 storage:shared
	 v1: %190:v[2],  v1: %191:v[3] = p_split_vector %90:v[2-3]
	 s2: (precise)%92:vcc = v_cmp_eq_f32 %191:v[3], %190:v[2]
	 s2: (precise)%95:s[18-19] = v_cmp_lt_f32 %190:v[2], %191:v[3]
	 v1: %192:v[4],  v1: %193:v[5] = p_split_vector %91:v[4-5]
	 s2: %93:s[20-21] = v_cmp_lt_u32 %193:v[5], %192:v[4]
	 s2: %94:s[20-21],  s1: %194:scc = s_and_b64 %92:vcc, %93:s[20-21]
	 s2: %96:s[18-19],  s1: %195:scc = s_or_b64 %95:s[18-19], %94:s[20-21]
	p_logical_end
	 s2: %268:s[18-19],  s1: %267:scc,  s2: %0:exec = s_and_saveexec_b64 %96:s[18-19], %0:exec
	p_cbranch_z %0:exec BB66, BB65
BB65
/* logical preds: BB64, / linear preds: BB64, / kind: uniform, */
	p_logical_start
	ds_write_b32 %15:v[1], %191:v[3] offset0:8 storage:shared
	ds_write_b32 %15:v[1], %193:v[5] offset0:264 storage:shared
	p_logical_end
	p_branch BB67
BB66
/* logical preds: / linear preds: BB64, / kind: uniform, */
	p_branch BB67
BB67
/* logical preds: / linear preds: BB65, BB66, / kind: invert, */
	 s2: %0:exec,  s1: %269:scc = s_andn2_b64 %268:s[18-19], %0:exec
	p_cbranch_z %0:exec BB69, BB68
BB68
/* logical preds: BB64, / linear preds: BB67, / kind: uniform, */
	p_logical_start
	p_logical_end
	p_branch BB70
BB69
/* logical preds: / linear preds: BB67, / kind: uniform, */
	p_branch BB70
BB70
/* logical preds: BB65, BB68, / linear preds: BB68, BB69, / kind: uniform, merge, */
	 s2: %0:exec = p_parallelcopy %268:s[18-19]
	p_logical_start
	p_logical_end
	p_branch BB72
BB71
/* logical preds: / linear preds: BB63, / kind: uniform, */
	p_branch BB72
BB72
/* logical preds: / linear preds: BB70, BB71, / kind: invert, */
	 s2: %0:exec,  s1: %270:scc = s_andn2_b64 -1, %0:exec
	p_cbranch_z %0:exec BB74, BB73
BB73
/* logical preds: BB63, / linear preds: BB72, / kind: uniform, */
	p_logical_start
	p_logical_end
	p_branch BB75
BB74
/* logical preds: / linear preds: BB72, / kind: uniform, */
	p_branch BB75
BB75
/* logical preds: BB70, BB73, / linear preds: BB73, BB74, / kind: branch, merge, */
	 s2: %0:exec = p_parallelcopy -1
	p_logical_start
	p_barrier storage:shared semantics:acquire,release scope:workgroup exec_scope:workgroup
	p_logical_end
	 s2: %0:exec = p_parallelcopy %20:s[10-11]
	p_cbranch_z %0:exec BB83, BB76
BB76
/* logical preds: BB75, / linear preds: BB75, / kind: branch, */
	p_logical_start
	 v2: %100:v[2-3] = ds_read2_b32 %15:v[1] offset0:2 offset1:4 storage:shared
	 v2: %101:v[4-5] = ds_read2_b32 %15:v[1] offset0:66 offset1:68 storage:shared
	 v1: %196:v[2],  v1: %197:v[3] = p_split_vector %100:v[2-3]
	 s2: (precise)%102:vcc = v_cmp_eq_f32 %197:v[3], %196:v[2]
	 s2: (precise)%105:s[18-19] = v_cmp_lt_f32 %196:v[2], %197:v[3]
	 v1: %198:v[4],  v1: %199:v[5] = p_split_vector %101:v[4-5]
	 s2: %103:s[20-21] = v_cmp_lt_u32 %199:v[5], %198:v[4]
	 s2: %104:s[20-21],  s1: %200:scc = s_and_b64 %102:vcc, %103:s[20-21]
	 s2: %106:s[18-19],  s1: %201:scc = s_or_b64 %105:s[18-19], %104:s[20-21]
	p_logical_end
	 s2: %272:s[18-19],  s1: %271:scc,  s2: %0:exec = s_and_saveexec_b64 %106:s[18-19], %0:exec
	p_cbranch_z %0:exec BB78, BB77
BB77
/* logical preds: BB76, / linear preds: BB76, / kind: uniform, */
	p_logical_start
	ds_write_b32 %15:v[1], %197:v[3] offset0:8 storage:shared
	ds_write_b32 %15:v[1], %199:v[5] offset0:264 storage:shared
	p_logical_end
	p_branch BB79
BB78
/* logical preds: / linear preds: BB76, / kind: uniform, */
	p_branch BB79
BB79
/* logical preds: / linear preds: BB77, BB78, / kind: invert, */
	 s2: %0:exec,  s1: %273:scc = s_andn2_b64 %272:s[18-19], %0:exec
	p_cbranch_z %0:exec BB81, BB80
BB80
/* logical preds: BB76, / linear preds: BB79, / kind: uniform, */
	p_logical_start
	p_logical_end
	p_branch BB82
BB81
/* logical preds: / linear preds: BB79, / kind: uniform, */
	p_branch BB82
BB82
/* logical preds: BB77, BB80, / linear preds: BB80, BB81, / kind: uniform, merge, */
	 s2: %0:exec = p_parallelcopy %272:s[18-19]
	p_logical_start
	p_logical_end
	p_branch BB84
BB83
/* logical preds: / linear preds: BB75, / kind: uniform, */
	p_branch BB84
BB84
/* logical preds: / linear preds: BB82, BB83, / kind: invert, */
	 s2: %0:exec,  s1: %274:scc = s_andn2_b64 -1, %0:exec
	p_cbranch_z %0:exec BB86, BB85
BB85
/* logical preds: BB75, / linear preds: BB84, / kind: uniform, */
	p_logical_start
	p_logical_end
	p_branch BB87
BB86
/* logical preds: / linear preds: BB84, / kind: uniform, */
	p_branch BB87
BB87
/* logical preds: BB82, BB85, / linear preds: BB85, BB86, / kind: branch, merge, */
	 s2: %0:exec = p_parallelcopy -1
	p_logical_start
	p_barrier storage:shared semantics:acquire,release scope:workgroup exec_scope:workgroup
	p_logical_end
	 s2: %0:exec = p_parallelcopy %5:s[0-1]
	p_cbranch_z %0:exec BB95, BB88
BB88
/* logical preds: BB87, / linear preds: BB87, / kind: branch, */
	p_logical_start
	 v1: %202:v[2] = p_parallelcopy 0
	 v1: %203:v[3] = ds_read_b32 %202:v[2] offset0:12 storage:shared
	 v1: %206:v[2] = ds_read_b32 %202:v[2] offset0:268 storage:shared
	 v1: %111:v[4] = ds_read_b32 %15:v[1] offset0:8 storage:shared
	 v1: %112:v[5] = ds_read_b32 %15:v[1] offset0:264 storage:shared
	 s2: (precise)%113:vcc = v_cmp_eq_f32 %203:v[3], %111:v[4]
	 s2: (precise)%116:s[18-19] = v_cmp_gt_f32 %203:v[3], %111:v[4]
	 s2: %114:s[20-21] = v_cmp_lt_u32 %206:v[2], %112:v[5]
	 s2: %115:s[20-21],  s1: %208:scc = s_and_b64 %113:vcc, %114:s[20-21]
	 s2: %117:s[18-19],  s1: %209:scc = s_or_b64 %116:s[18-19], %115:s[20-21]
	p_logical_end
	 s2: %276:s[18-19],  s1: %275:scc,  s2: %0:exec = s_and_saveexec_b64 %117:s[18-19], %0:exec
	p_cbranch_z %0:exec BB90, BB89
BB89
/* logical preds: BB88, / linear preds: BB88, / kind: uniform, */
	p_logical_start
	ds_write_b32 %15:v[1], %203:v[3] offset0:8 storage:shared
	ds_write_b32 %15:v[1], %206:v[2] offset0:264 storage:shared
	p_logical_end
	p_branch BB91
BB90
/* logical preds: / linear preds: BB88, / kind: uniform, */
	p_branch BB91
BB91
/* logical preds: / linear preds: BB89, BB90, / kind: invert, */
	 s2: %0:exec,  s1: %277:scc = s_andn2_b64 %276:s[18-19], %0:exec
	p_cbranch_z %0:exec BB93, BB92
BB92
/* logical preds: BB88, / linear preds: BB91, / kind: uniform, */
	p_logical_start
	p_logical_end
	p_branch BB94
BB93
/* logical preds: / linear preds: BB91, / kind: uniform, */
	p_branch BB94
BB94
/* logical preds: BB89, BB92, / linear preds: BB92, BB93, / kind: uniform, merge, */
	 s2: %0:exec = p_parallelcopy %276:s[18-19]
	p_logical_start
	p_logical_end
	p_branch BB96
BB95
/* logical preds: / linear preds: BB87, / kind: uniform, */
	p_branch BB96
BB96
/* logical preds: / linear preds: BB94, BB95, / kind: invert, */
	 s2: %0:exec,  s1: %278:scc = s_andn2_b64 -1, %0:exec
	p_cbranch_z %0:exec BB98, BB97
BB97
/* logical preds: BB87, / linear preds: BB96, / kind: uniform, */
	p_logical_start
	p_logical_end
	p_branch BB99
BB98
/* logical preds: / linear preds: BB96, / kind: uniform, */
	p_branch BB99
BB99
/* logical preds: BB94, BB97, / linear preds: BB97, BB98, / kind: branch, merge, */
	 s2: %0:exec = p_parallelcopy -1
	p_logical_start
	p_barrier storage:shared semantics:acquire,release scope:workgroup exec_scope:workgroup
	p_logical_end
	 s2: %0:exec = p_parallelcopy %5:s[0-1]
	p_cbranch_z %0:exec BB101, BB100
BB100
/* logical preds: BB99, / linear preds: BB99, / kind: uniform, */
	p_logical_start
	 v1: %212:v[2] = p_parallelcopy 0
	 v1: %213:v[3] = ds_read_b32 %212:v[2] offset0:8 storage:shared
	 s1: %119:s[18],  s1: %215:scc = s_lshl_b32 %29:s[7], 2
	 v1: %216:v[4] = p_parallelcopy %119:s[18]
	ds_write_b32 %216:v[4], %213:v[3] storage:shared
	 v1: %219:v[2] = ds_read_b32 %212:v[2] offset0:264 storage:shared
	 s1: %121:s[19],  s1: %221:scc = s_lshl2_add_u32 %29:s[7], 4
	 v1: %222:v[5] = p_parallelcopy %121:s[19]
	ds_write_b32 %222:v[5], %219:v[2] storage:shared
	p_logical_end
	p_branch BB102
BB101
/* logical preds: / linear preds: BB99, / kind: uniform, */
	p_branch BB102
BB102
/* logical preds: / linear preds: BB100, BB101, / kind: invert, */
	 s2: %0:exec,  s1: %279:scc = s_andn2_b64 -1, %0:exec
	p_cbranch_z %0:exec BB104, BB103
BB103
/* logical preds: BB99, / linear preds: BB102, / kind: uniform, */
	p_logical_start
	p_logical_end
	p_branch BB105
BB104
/* logical preds: / linear preds: BB102, / kind: uniform, */
	p_branch BB105
BB105
/* logical preds: BB100, BB103, / linear preds: BB103, BB104, / kind: uniform, merge, */
	 s2: %0:exec = p_parallelcopy -1
	p_logical_start
	p_barrier storage:shared semantics:acquire,release scope:workgroup exec_scope:workgroup
	 s1: %122:s[7],  s1: %224:scc = s_add_u32 %29:s[7], 1
	 s1: %225:scc = s_cmp_lg_i32 %122:s[7], 0
	p_logical_end
	p_cbranch_z %225:scc BB107, BB106
BB106
/* logical preds: BB105, / linear preds: BB105, / kind: uniform, break, */
	p_logical_start
	p_logical_end
	p_branch BB109
BB107
/* logical preds: BB105, / linear preds: BB105, / kind: uniform, */
	p_logical_start
	p_logical_end
	p_branch BB108
BB108
/* logical preds: BB107, / linear preds: BB107, / kind: uniform, continue, */
	p_logical_start
	p_logical_end
	p_branch BB8
BB109
/* logical preds: BB106, / linear preds: BB106, / kind: loop-exit, branch, */
	p_logical_start
	p_logical_end
	 s2: %0:exec = p_parallelcopy %5:s[0-1]
	p_cbranch_z %0:exec BB111, BB110
BB110
/* logical preds: BB109, / linear preds: BB109, / kind: uniform, */
	p_logical_start
	 v1: %229:v[0] = p_parallelcopy 0
	 v2: %230:v[0-1] = ds_read_b64 %229:v[0] storage:shared
	 s2: %130:s[2-3] = p_create_vector %142:s[2], 0xffff8000
	 s8: %132:s[8-15] = s_load_dwordx8 %130:s[2-3], 16
	 s1: %126:s[5],  s1: %228:scc = s_add_u32 %145:s[5], %148:s[117]
	 v1: %231:v[0],  v1: %232:v[1] = p_split_vector %230:v[0-1]
	 s1: %233:s[0] = p_as_uniform %231:v[0]
	 s1: %134:s[5],  s1: %243:scc = s_lshl_b32 %126:s[5], 2
	 s1: %235:s[8],  s1: %236:s[9],  s1: %237:s[10],  s1: %238:s[11],  s1: %239:s[12],  s1: %240:s[13],  s1: %241:s[14],  s1: %242:s[15] = p_split_vector %132:s[8-15]
	 s4: %135:s[8-11] = p_create_vector %235:s[8], %236:s[9], %237:s[10], %238:s[11]
	buffer_store_dword %135:s[8-11],  v1: undef, %134:s[5], %232:v[1] disable_wqm storage:buffer
	 s1: %137:s[6] = s_cvt_f32_u32 %146:s[6]
	 s1: %138:s[6] = s_mul_f32 %137:s[6], 0x3e000000
	 s1: %139:s[0] = s_add_f32 %233:s[0], %138:s[6]
	 s4: %140:s[12-15] = p_create_vector %239:s[12], %240:s[13], %241:s[14], %242:s[15]
	 v1: %245:v[1] = p_parallelcopy %139:s[0]
	buffer_store_dword %140:s[12-15],  v1: undef, %134:s[5], %245:v[1] disable_wqm storage:buffer
	p_logical_end
	p_branch BB112
BB111
/* logical preds: / linear preds: BB109, / kind: uniform, */
	p_branch BB112
BB112
/* logical preds: / linear preds: BB110, BB111, / kind: invert, */
	 s2: %0:exec,  s1: %280:scc = s_andn2_b64 -1, %0:exec
	p_cbranch_z %0:exec BB114, BB113
BB113
/* logical preds: BB109, / linear preds: BB112, / kind: uniform, */
	p_logical_start
	p_logical_end
	p_branch BB115
BB114
/* logical preds: / linear preds: BB112, / kind: uniform, */
	p_branch BB115
BB115
/* logical preds: BB110, BB113, / linear preds: BB113, BB114, / kind: uniform, merge, */
	 s2: %0:exec = p_parallelcopy -1
	p_logical_start
	p_logical_end
	p_branch BB117
BB116
/* logical preds: BB0, / linear preds: BB0, / kind: uniform, */
	p_logical_start
	p_logical_end
	p_branch BB117
BB117
/* logical preds: BB115, BB116, / linear preds: BB115, BB116, / kind: uniform, top-level, */
	p_logical_start
	p_logical_end
	s_endpgm

Compute Shader
disasm:
BB0:
	s_cmp_lt_u32 ttmp9, s3                                      ; bf0a0375
	s_cbranch_scc0 BB117                                        ; bfa1010f
BB1:
	s_mov_b64 exec, 1                                           ; befe0181
	s_delay_alu instid0(SALU_CYCLE_1)                           ; bf870009
	s_mov_b64 s[0:1], exec                                      ; be80017e
BB2:
	v_mov_b32_e32 v1, 0                                         ; 7e020280
	v_mov_b32_e32 v2, 0xff7fffff                                ; 7e0402ff ff7fffff
	v_mov_b32_e32 v3, -1                                        ; 7e0602c1
	ds_store_b64 v1, v[2:3]                                     ; d9340000 00000201
BB7:
	s_mov_b64 exec, -1                                          ; befe01c1
	s_mul_i32 s3, ttmp9, s4                                     ; 96030475
	s_mov_b64 s[8:9], 15                                        ; be88018f
	s_mov_b64 s[10:11], 3                                       ; be8a0183
	s_bfm_b64 s[12:13], 32, 0                                   ; 958c80a0
	s_bfm_b64 s[14:15], 16, 0                                   ; 958e8090
	s_bfm_b64 s[16:17], 8, 0                                    ; 95908088
	s_mov_b32 s7, 0                                             ; be870080
	v_lshlrev_b32_e32 v1, 2, v0                                 ; 30020082
BB8:
	s_mov_b64 s[18:19], exec                                    ; be92017e
	v_mov_b32_e32 v2, v0                                        ; 7e040300
	v_mov_b32_e32 v3, 0xff7fffff                                ; 7e0602ff ff7fffff
	v_mov_b32_e32 v4, -1                                        ; 7e0802c1
	s_nop 0                                                     ; bf800000
	(then repeated 6 times)
BB9:
	s_delay_alu instid0(VALU_DEP_3)                             ; bf870003
	v_cmpx_le_u32_e32 s4, v2                                    ; 7d960404
BB10:
	s_and_not1_b64 s[18:19], s[18:19], exec                     ; 91927e12
	s_cbranch_scc0 BB27                                         ; bfa10026
BB17:
	s_mov_b64 exec, s[18:19]                                    ; befe0112
	s_cmp_lg_i32 s7, 0                                          ; bf018007
	s_cbranch_scc0 BB19                                         ; bfa10006
BB18:
	v_mov_b32_e32 v5, 0                                         ; 7e0a0280
	ds_load_b32 v5, v5 offset:4                                 ; d8d80004 05000005
	s_wait_dscnt 0x0                                            ; bfc60000
	v_cmp_eq_i32_e32 vcc, v5, v2                                ; 7c840505
	s_branch BB20                                               ; bfa00001
BB19:
	s_mov_b64 vcc, 0                                            ; beea0180
BB20:
	s_wait_alu 0xfffe                                           ; bf88fffe
	s_not_b64 s[20:21], vcc                                     ; be941f6a
	s_delay_alu instid0(SALU_CYCLE_1)                           ; bf870009
	s_and_b64 exec, s[20:21], exec                              ; 8bfe7e14
	s_cbranch_execz BB26                                        ; bfa50014
BB21:
	s_mov_b32 s20, s2                                           ; be940002
	s_movk_i32 s21, 0x8000                                      ; b0158000
	s_load_b128 s[20:23], s[20:21], 0x0                         ; f400450a f8000000
	v_add_lshl_u32 v5, s3, v2, 2                                ; d6470005 020a0403
	s_wait_kmcnt 0x0                                            ; bfc70000
	buffer_load_b32 v5, v5, s[20:23], null offen                ; c405007c 40802805 00000005
	v_cmp_lt_u32_e32 vcc, v2, v4                                ; 7c920902
	s_wait_loadcnt 0x0                                          ; bfc00000
	v_cmp_eq_f32_e64 s[20:21], v5, v3                           ; d4120014 00020705
	s_and_b64 s[20:21], s[20:21], vcc                           ; 8b946a14
	v_cmp_lt_f32_e32 vcc, v3, v5                                ; 7c220b03
	s_or_b64 vcc, vcc, s[20:21]                                 ; 8cea146a
	s_wait_alu 0xfffe                                           ; bf88fffe
	v_cndmask_b32_e32 v4, v4, v2, vcc                           ; 02080504
	v_cndmask_b32_e32 v3, v3, v5, vcc                           ; 02060b03
BB26:
	s_mov_b64 exec, s[18:19]                                    ; befe0112
	v_add_nc_u32_e32 v2, 64, v2                                 ; 4a0404c0
	s_branch BB9                                                ; bfa0ffd6
BB27:
	s_mov_b64 exec, -1                                          ; befe01c1
	ds_store_b32 v1, v3 offset:8                                ; d8340008 00000301
	ds_store_b32 v1, v4 offset:264                              ; d8340108 00000401
	s_mov_b64 exec, s[12:13]                                    ; befe010c
	s_cbranch_execz BB39                                        ; bfa50015
BB28:
	ds_load_2addr_b32 v[2:3], v1 offset0:2 offset1:34           ; d8dc2202 02000001
	ds_load_2addr_b32 v[4:5], v1 offset0:66 offset1:98          ; d8dc6242 04000001
	s_wait_dscnt 0x1                                            ; bfc60001
	v_cmp_eq_f32_e32 vcc, v3, v2                                ; 7c240503
	v_cmp_lt_f32_e64 s[18:19], v2, v3                           ; d4110012 00020702
	s_wait_dscnt 0x0                                            ; bfc60000
	v_cmp_lt_u32_e64 s[20:21], v5, v4                           ; d4490014 00020905
	s_and_b64 s[20:21], vcc, s[20:21]                           ; 8b94146a
	s_delay_alu instid0(SALU_CYCLE_1)                           ; bf870009
	s_or_b64 s[18:19], s[18:19], s[20:21]                       ; 8c921412
	s_wait_alu 0xfffe                                           ; bf88fffe
	s_and_saveexec_b64 s[18:19], s[18:19]                       ; be922112
	s_cbranch_execz BB39                                        ; bfa50004
BB29:
	ds_store_b32 v1, v3 offset:8                                ; d8340008 00000301
	ds_store_b32 v1, v5 offset:264                              ; d8340108 00000501
BB39:
	s_mov_b64 exec, s[14:15]                                    ; befe010e
	s_cbranch_execz BB51                                        ; bfa50015
BB40:
	ds_load_2addr_b32 v[2:3], v1 offset0:2 offset1:18           ; d8dc1202 02000001
	ds_load_2addr_b32 v[4:5], v1 offset0:66 offset1:82          ; d8dc5242 04000001
	s_wait_dscnt 0x1                                            ; bfc60001
	v_cmp_eq_f32_e32 vcc, v3, v2                                ; 7c240503
	v_cmp_lt_f32_e64 s[18:19], v2, v3                           ; d4110012 00020702
	s_wait_dscnt 0x0                                            ; bfc60000
	v_cmp_lt_u32_e64 s[20:21], v5, v4                           ; d4490014 00020905
	s_and_b64 s[20:21], vcc, s[20:21]                           ; 8b94146a
	s_delay_alu instid0(SALU_CYCLE_1)                           ; bf870009
	s_or_b64 s[18:19], s[18:19], s[20:21]                       ; 8c921412
	s_wait_alu 0xfffe                                           ; bf88fffe
	s_and_saveexec_b64 s[18:19], s[18:19]                       ; be922112
	s_cbranch_execz BB51                                        ; bfa50004
BB41:
	ds_store_b32 v1, v3 offset:8                                ; d8340008 00000301
	ds_store_b32 v1, v5 offset:264                              ; d8340108 00000501
BB51:
	s_mov_b64 exec, s[16:17]                                    ; befe0110
	s_cbranch_execz BB63                                        ; bfa50015
BB52:
	ds_load_2addr_b32 v[2:3], v1 offset0:2 offset1:10           ; d8dc0a02 02000001
	ds_load_2addr_b32 v[4:5], v1 offset0:66 offset1:74          ; d8dc4a42 04000001
	s_wait_dscnt 0x1                                            ; bfc60001
	v_cmp_eq_f32_e32 vcc, v3, v2                                ; 7c240503
	v_cmp_lt_f32_e64 s[18:19], v2, v3                           ; d4110012 00020702
	s_wait_dscnt 0x0                                            ; bfc60000
	v_cmp_lt_u32_e64 s[20:21], v5, v4                           ; d4490014 00020905
	s_and_b64 s[20:21], vcc, s[20:21]                           ; 8b94146a
	s_delay_alu instid0(SALU_CYCLE_1)                           ; bf870009
	s_or_b64 s[18:19], s[18:19], s[20:21]                       ; 8c921412
	s_wait_alu 0xfffe                                           ; bf88fffe
	s_and_saveexec_b64 s[18:19], s[18:19]                       ; be922112
	s_cbranch_execz BB63                                        ; bfa50004
BB53:
	ds_store_b32 v1, v3 offset:8                                ; d8340008 00000301
	ds_store_b32 v1, v5 offset:264                              ; d8340108 00000501
BB63:
	s_mov_b64 exec, s[8:9]                                      ; befe0108
	s_cbranch_execz BB75                                        ; bfa50015
BB64:
	ds_load_2addr_b32 v[2:3], v1 offset0:2 offset1:6            ; d8dc0602 02000001
	ds_load_2addr_b32 v[4:5], v1 offset0:66 offset1:70          ; d8dc4642 04000001
	s_wait_dscnt 0x1                                            ; bfc60001
	v_cmp_eq_f32_e32 vcc, v3, v2                                ; 7c240503
	v_cmp_lt_f32_e64 s[18:19], v2, v3                           ; d4110012 00020702
	s_wait_dscnt 0x0                                            ; bfc60000
	v_cmp_lt_u32_e64 s[20:21], v5, v4                           ; d4490014 00020905
	s_and_b64 s[20:21], vcc, s[20:21]                           ; 8b94146a
	s_delay_alu instid0(SALU_CYCLE_1)                           ; bf870009
	s_or_b64 s[18:19], s[18:19], s[20:21]                       ; 8c921412
	s_wait_alu 0xfffe                                           ; bf88fffe
	s_and_saveexec_b64 s[18:19], s[18:19]                       ; be922112
	s_cbranch_execz BB75                                        ; bfa50004
BB65:
	ds_store_b32 v1, v3 offset:8                                ; d8340008 00000301
	ds_store_b32 v1, v5 offset:264                              ; d8340108 00000501
BB75:
	s_mov_b64 exec, s[10:11]                                    ; befe010a
	s_cbranch_execz BB87                                        ; bfa50015
BB76:
	ds_load_2addr_b32 v[2:3], v1 offset0:2 offset1:4            ; d8dc0402 02000001
	ds_load_2addr_b32 v[4:5], v1 offset0:66 offset1:68          ; d8dc4442 04000001
	s_wait_dscnt 0x1                                            ; bfc60001
	v_cmp_eq_f32_e32 vcc, v3, v2                                ; 7c240503
	v_cmp_lt_f32_e64 s[18:19], v2, v3                           ; d4110012 00020702
	s_wait_dscnt 0x0                                            ; bfc60000
	v_cmp_lt_u32_e64 s[20:21], v5, v4                           ; d4490014 00020905
	s_and_b64 s[20:21], vcc, s[20:21]                           ; 8b94146a
	s_delay_alu instid0(SALU_CYCLE_1)                           ; bf870009
	s_or_b64 s[18:19], s[18:19], s[20:21]                       ; 8c921412
	s_wait_alu 0xfffe                                           ; bf88fffe
	s_and_saveexec_b64 s[18:19], s[18:19]                       ; be922112
	s_cbranch_execz BB87                                        ; bfa50004
BB77:
	ds_store_b32 v1, v3 offset:8                                ; d8340008 00000301
	ds_store_b32 v1, v5 offset:264                              ; d8340108 00000501
BB87:
	s_mov_b64 exec, s[0:1]                                      ; befe0100
	s_cbranch_execz BB99                                        ; bfa5001a
BB88:
	v_mov_b32_e32 v2, 0                                         ; 7e040280
	ds_load_b32 v3, v2 offset:12                                ; d8d8000c 03000002
	ds_load_b32 v2, v2 offset:268                               ; d8d8010c 02000002
	ds_load_b32 v4, v1 offset:8                                 ; d8d80008 04000001
	ds_load_b32 v5, v1 offset:264                               ; d8d80108 05000001
	s_wait_dscnt 0x1                                            ; bfc60001
	v_cmp_eq_f32_e32 vcc, v3, v4                                ; 7c240903
	v_cmp_gt_f32_e64 s[18:19], v3, v4                           ; d4140012 00020903
	s_wait_dscnt 0x0                                            ; bfc60000
	v_cmp_lt_u32_e64 s[20:21], v2, v5                           ; d4490014 00020b02
	s_and_b64 s[20:21], vcc, s[20:21]                           ; 8b94146a
	s_delay_alu instid0(SALU_CYCLE_1)                           ; bf870009
	s_or_b64 s[18:19], s[18:19], s[20:21]                       ; 8c921412
	s_wait_alu 0xfffe                                           ; bf88fffe
	s_and_saveexec_b64 s[18:19], s[18:19]                       ; be922112
	s_cbranch_execz BB99                                        ; bfa50004
BB89:
	ds_store_b32 v1, v3 offset:8                                ; d8340008 00000301
	ds_store_b32 v1, v2 offset:264                              ; d8340108 00000201
BB99:
	s_mov_b64 exec, s[0:1]                                      ; befe0100
	s_cbranch_execz BB105                                       ; bfa50011
BB100:
	v_mov_b32_e32 v2, 0                                         ; 7e040280
	ds_load_b32 v3, v2 offset:8                                 ; d8d80008 03000002
	s_lshl_b32 s18, s7, 2                                       ; 84128207
	s_wait_alu 0xfffe                                           ; bf88fffe
	v_mov_b32_e32 v4, s18                                       ; 7e080212
	s_wait_dscnt 0x0                                            ; bfc60000
	ds_store_b32 v4, v3                                         ; d8340000 00000304
	ds_load_b32 v2, v2 offset:264                               ; d8d80108 02000002
	s_lshl2_add_u32 s19, s7, 4                                  ; 87938407
	s_wait_alu 0xfffe                                           ; bf88fffe
	v_mov_b32_e32 v5, s19                                       ; 7e0a0213
	s_wait_dscnt 0x0                                            ; bfc60000
	ds_store_b32 v5, v2                                         ; d8340000 00000205
BB105:
	s_mov_b64 exec, -1                                          ; befe01c1
	s_add_co_u32 s7, s7, 1                                      ; 80078107
	s_delay_alu instid0(SALU_CYCLE_1)                           ; bf870009
	s_cmp_lg_i32 s7, 0                                          ; bf018007
	s_cbranch_scc0 BB8                                          ; bfa1ff1e
BB109:
	s_mov_b64 exec, s[0:1]                                      ; befe0100
	s_cbranch_execz BB117                                       ; bfa50019
BB110:
	v_mov_b32_e32 v0, 0                                         ; 7e000280
	ds_load_b64 v[0:1], v0                                      ; d9d80000 00000000
	s_movk_i32 s3, 0x8000                                       ; b0038000
	s_load_b256 s[8:15], s[2:3], 0x10                           ; f4006201 f8000010
	s_add_co_u32 s5, s5, ttmp9                                  ; 80057505
	s_wait_alu 0xfffe                                           ; bf88fffe
	s_lshl_b32 s5, s5, 2                                        ; 84058205
	s_wait_dscnt 0x0                                            ; bfc60000
	v_readfirstlane_b32 s0, v0                                  ; 7e000500
	s_wait_kmcnt 0x0                                            ; bfc70000
	buffer_store_b32 v1, off, s[8:11], s5                       ; c4068005 00801001 00000000
	s_cvt_f32_u32 s6, s6                                        ; be866506
	s_delay_alu instid0(SALU_CYCLE_3) | instskip(NEXT) | instid1(SALU_CYCLE_3) ; bf87059b
	s_mul_f32 s6, s6, 0x3e000000                                ; a206ff06 3e000000
	s_add_f32 s0, s0, s6                                        ; a0000600
	s_delay_alu instid0(SALU_CYCLE_3)                           ; bf87000b
	v_mov_b32_e32 v1, s0                                        ; 7e020200
	buffer_store_b32 v1, off, s[12:15], s5                      ; c4068005 00801801 00000000
BB117:
	s_nop 0                                                     ; bf800000
	s_sendmsg sendmsg(MSG_DEALLOC_VGPRS)                        ; bfb60003
	s_endpgm                                                    ; bfb00000


Compute Shader:
*** SHADER STATS ***
Driver pipeline hash: 11813684547081777130
SGPRs: 128
VGPRs: 12
Spilled SGPRs: 0
Spilled VGPRs: 0
Code size: 1104
LDS size: 1024
Scratch size: 0
Subgroups per SIMD: 32
Combined inputs: 0
Combined outputs: 0
Hash: 1454478415
Instructions: 209
Copies: 52
Branches: 21
Latency: 6576
Inverse Throughput: 411
VMEM Clause: 3
SMEM Clause: 2
Pre-Sched SGPRs: 25
Pre-Sched VGPRs: 6
VALU: 42
SALU: 61
VMEM: 3
SMEM: 2
VOPD: 0
********************


[vulkan] rows=1 vocab=1024 wg=64 median=8.04 us correctness=pass
WARNING: radv is not a conformant Vulkan implementation, testing use only.
[vulkan] rows=1 vocab=32768 wg=64 median=17.344 us correctness=pass
WARNING: radv is not a conformant Vulkan implementation, testing use only.
[vulkan] rows=4 vocab=32768 wg=64 median=16.956 us correctness=pass
WARNING: radv is not a conformant Vulkan implementation, testing use only.
[vulkan] rows=8 vocab=32768 wg=64 median=17.06 us correctness=pass
WARNING: radv is not a conformant Vulkan implementation, testing use only.
shader: MESA_SHADER_COMPUTE
source_blake3: {0xf3147c37, 0x94d1d187, 0xe6bed856, 0xed261330, 0x278be0e3, 0xf8e394e7, 0x468dd1fa, 0x9ba77ae1}
workgroup_size: 256, 1, 1
num_ssbos: 3
system_values_read: 0x00000000'00000000'00008400'00000000
shared_size: 2056
subgroup_size: 0
bit_sizes_float: 0x20
bit_sizes_int: 0x21
separate_shader: true
writes_memory: true
uniforms: 16
decl_var push_const INTERP_MODE_NONE none block #0
decl_var ssbo INTERP_MODE_NONE restrict readonly block#2 #1 (~0, 0, 0)
decl_var ssbo INTERP_MODE_NONE restrict writeonly block#4 #3 (~0, 0, 1)
decl_var ssbo INTERP_MODE_NONE restrict writeonly block#2 #5 (~0, 0, 2)
decl_function main () (entrypoint)

impl main {
    block b0:    // preds:
    32x3    %0 = @load_workgroup_id
    32      %1 = @load_vector_arg_amd (base=6, arg_upper_bound_u32_amd=255)
    32      %2 = @load_scalar_arg_amd (base=2, arg_upper_bound_u32_amd=0)
    1       %3 = ult %0.x, %2
                 // succs: b1 b75
    if %3 {
        block b1:    // preds: b0
        32      %4 = load_const (0x00000000)
        1       %5 = ieq %1, %4 (0x0)
                     // succs: b2 b3
        if %5 {
            block b2:    // preds: b1
            32      %6 = load_const (0xffffffff = -nan = -1 = 4294967295)
            32      %7 = load_const (0xff7fffff = -3.402823e+38 = -8388609 = 4286578687)
            32x2    %8 = vec2 %7 (0xff7fffff), %6 (0xffffffff)
                         @store_shared (%8, %4 (0x0)) (base=0, wrmask=xy, align_mul=1073741824, align_offset=0)
                         // succs: b4
        } else {
            block b3:  // preds: b1, succs: b4
        }
        block b4:    // preds: b2 b3
                     @barrier (execution_scope=WORKGROUP, memory_scope=WORKGROUP, mem_semantics=ACQ|REL, mem_modes=shared)
        32      %9 = @load_scalar_arg_amd (base=3, arg_upper_bound_u32_amd=0)
        32     %10 = imul %0.x, %9
        32     %11 = load_const (0xffffffff = -1 = 4294967295)
        32     %12 = load_const (0x00000002)
        32     %13 = ishl %1, %12 (0x2)
        32     %14 = load_const (0x00000008)
        32     %15 = iadd.nuw %14 (0x8), %13
        32     %16 = load_const (0x00000080 = 128)
        32     %17 = load_const (0x00000040 = 64)
        32     %18 = load_const (0x00000020 = 32)
        32     %19 = load_const (0x00000010 = 16)
        32     %20 = load_const (0x00000004)
        1      %21 = load_const (false)
        32     %22 = load_const (0x00000001)
        32     %23 = load_const (0xff7fffff = -3.402823e+38)
        1      %24 = ult %1, %16 (0x80)
        1      %25 = ult %1, %17 (0x40)
        1      %26 = ult %1, %18 (0x20)
        1      %27 = ult %1, %19 (0x10)
        1      %28 = ult %1, %14 (0x8)
        1      %29 = ult %1, %20 (0x4)
        1      %30 = ult %1, %12 (0x2)
                     // succs: b5
        loop {
            block b5:    // preds: b4 b70
            32     %31 = phi b4: %4 (0x0), b70: %135
                         // succs: b6
            loop {
                block b6:    // preds: b5 b15
                32     %32 = phi b5: %11 (0xffffffff), b15: %56
                32     %33 = phi b5: %23 (-3.402823e+38), b15: %55
                32     %34 = phi b5: %1, b15: %58
                1      %35 = uge %34, %9
                             // succs: b7 b8
                if %35 {
                    block b7:// preds: b6
                    break
                    // succs: b16
                } else {
                    block b8:  // preds: b6, succs: b9
                }
                block b9:    // preds: b8
                1      %36 = ine %31, %4 (0x0)
                             // succs: b10 b11
                if %36 {
                    block b10:   // preds: b9
                    32     %37 = @load_shared (%4 (0x0)) (base=4, align_mul=1073741824, align_offset=4)
                    1      %38 = ieq %37, %34
                                 // succs: b12
                } else {
                    block b11:  // preds: b9, succs: b12
                }
                block b12:   // preds: b10 b11
                1      %39 = phi b10: %38, b11: %21 (false)
                1      %40 = inot %39
                             // succs: b13 b14
                if %40 {
                    block b13:   // preds: b12
                    32     %41 = iadd %10, %34
                    32     %42 = @load_scalar_arg_amd (base=1, arg_upper_bound_u32_amd=0)
                    32     %43 = load_const (0xffff8000 = -32768 = 4294934528)
                    64     %44 = pack_64_2x32_split %42, %43 (0xffff8000)
                    32x4   %45 = @load_smem_amd (%44, %4 (0x0)) (align_mul=1073741824, align_offset=0)
                    32     %46 = ishl %41, %12 (0x2)
                    32     %47 = @load_ssbo (%45, %46) (access=readonly|reorderable, align_mul=4, align_offset=0)
                    1      %48 = feq! %47, %33
                    1      %49 = ult %34, %32
                    1      %50 = iand %48, %49
                    1      %51 = flt! %33, %47
                    1      %52 = ior %51, %50
                    32     %53 = bcsel %52, %34, %32
                    32     %54 = bcsel %52, %47, %33
                                 // succs: b15
                } else {
                    block b14:  // preds: b12, succs: b15
                }
                block b15:   // preds: b13 b14
                32     %55 = phi b13: %54, b14: %33
                32     %56 = phi b13: %53, b14: %32
                32     %57 = load_const (0x00000100 = 256)
                32     %58 = iadd %34, %57 (0x100)
                             // succs: b6
            }
            block b16:// preds: b7
            @store_shared (%33, %13) (base=8, wrmask=x, align_mul=4, align_offset=0)
            @store_shared (%32, %13) (base=1032, wrmask=x, align_mul=4, align_offset=0)
            @barrier (execution_scope=WORKGROUP, memory_scope=WORKGROUP, mem_semantics=ACQ|REL, mem_modes=shared)
            // succs: b17 b21
            if %24 {
                block b17:   // preds: b16
                32     %59 = @load_shared (%13) (base=520, align_mul=4, align_offset=0)
                32     %60 = @load_shared (%13) (base=1544, align_mul=4, align_offset=0)
                32     %61 = @load_shared (%13) (base=8, align_mul=4, align_offset=0)
                32     %62 = @load_shared (%13) (base=1032, align_mul=4, align_offset=0)
                1      %63 = feq! %59, %61
                1      %64 = ult %60, %62
                1      %65 = iand %63, %64
                1      %66 = flt! %61, %59
                1      %67 = ior %66, %65
                             // succs: b18 b19
                if %67 {
                    block b18:// preds: b17
                    @store_shared (%59, %13) (base=8, wrmask=x, align_mul=4, align_offset=0)
                    @store_shared (%60, %13) (base=1032, wrmask=x, align_mul=4, align_offset=0)
                    // succs: b20
                } else {
                    block b19:  // preds: b17, succs: b20
                }
                block b20:  // preds: b18 b19, succs: b22
            } else {
                block b21:  // preds: b16, succs: b22
            }
            block b22:// preds: b20 b21
            @barrier (execution_scope=WORKGROUP, memory_scope=WORKGROUP, mem_semantics=ACQ|REL, mem_modes=shared)
            // succs: b23 b27
            if %25 {
                block b23:   // preds: b22
                32     %68 = @load_shared (%13) (base=264, align_mul=4, align_offset=0)
                32     %69 = @load_shared (%13) (base=1288, align_mul=4, align_offset=0)
                32     %70 = @load_shared (%13) (base=8, align_mul=4, align_offset=0)
                32     %71 = @load_shared (%13) (base=1032, align_mul=4, align_offset=0)
                1      %72 = feq! %68, %70
                1      %73 = ult %69, %71
                1      %74 = iand %72, %73
                1      %75 = flt! %70, %68
                1      %76 = ior %75, %74
                             // succs: b24 b25
                if %76 {
                    block b24:// preds: b23
                    @store_shared (%68, %13) (base=8, wrmask=x, align_mul=4, align_offset=0)
                    @store_shared (%69, %13) (base=1032, wrmask=x, align_mul=4, align_offset=0)
                    // succs: b26
                } else {
                    block b25:  // preds: b23, succs: b26
                }
                block b26:  // preds: b24 b25, succs: b28
            } else {
                block b27:  // preds: b22, succs: b28
            }
            block b28:// preds: b26 b27
            @barrier (execution_scope=WORKGROUP, memory_scope=WORKGROUP, mem_semantics=ACQ|REL, mem_modes=shared)
            // succs: b29 b33
            if %26 {
                block b29:   // preds: b28
                32x2   %77 = @load_shared2_amd (%15) (offset0=0, offset1=32, st64=0)
                32     %78 = @load_shared (%13) (base=1160, align_mul=4, align_offset=0)
                32     %79 = @load_shared (%13) (base=1032, align_mul=4, align_offset=0)
                1      %80 = feq! %77.y, %77.x
                1      %81 = ult %78, %79
                1      %82 = iand %80, %81
                1      %83 = flt! %77.x, %77.y
                1      %84 = ior %83, %82
                             // succs: b30 b31
                if %84 {
                    block b30:   // preds: b29
                    32     %85 = mov %77.y
                                 @store_shared (%85, %13) (base=8, wrmask=x, align_mul=4, align_offset=0)
                                 @store_shared (%78, %13) (base=1032, wrmask=x, align_mul=4, align_offset=0)
                                 // succs: b32
                } else {
                    block b31:  // preds: b29, succs: b32
                }
                block b32:  // preds: b30 b31, succs: b34
            } else {
                block b33:  // preds: b28, succs: b34
            }
            block b34:// preds: b32 b33
            @barrier (execution_scope=WORKGROUP, memory_scope=WORKGROUP, mem_semantics=ACQ|REL, mem_modes=shared)
            // succs: b35 b39
            if %27 {
                block b35:   // preds: b34
                32x2   %86 = @load_shared2_amd (%15) (offset0=0, offset1=16, st64=0)
                32     %87 = @load_shared (%13) (base=1096, align_mul=4, align_offset=0)
                32     %88 = @load_shared (%13) (base=1032, align_mul=4, align_offset=0)
                1      %89 = feq! %86.y, %86.x
                1      %90 = ult %87, %88
                1      %91 = iand %89, %90
                1      %92 = flt! %86.x, %86.y
                1      %93 = ior %92, %91
                             // succs: b36 b37
                if %93 {
                    block b36:   // preds: b35
                    32     %94 = mov %86.y
                                 @store_shared (%94, %13) (base=8, wrmask=x, align_mul=4, align_offset=0)
                                 @store_shared (%87, %13) (base=1032, wrmask=x, align_mul=4, align_offset=0)
                                 // succs: b38
                } else {
                    block b37:  // preds: b35, succs: b38
                }
                block b38:  // preds: b36 b37, succs: b40
            } else {
                block b39:  // preds: b34, succs: b40
            }
            block b40:// preds: b38 b39
            @barrier (execution_scope=WORKGROUP, memory_scope=WORKGROUP, mem_semantics=ACQ|REL, mem_modes=shared)
            // succs: b41 b45
            if %28 {
                block b41:   // preds: b40
                32x2   %95 = @load_shared2_amd (%15) (offset0=0, offset1=8, st64=0)
                32     %96 = @load_shared (%13) (base=1064, align_mul=4, align_offset=0)
                32     %97 = @load_shared (%13) (base=1032, align_mul=4, align_offset=0)
                1      %98 = feq! %95.y, %95.x
                1      %99 = ult %96, %97
                1     %100 = iand %98, %99
                1     %101 = flt! %95.x, %95.y
                1     %102 = ior %101, %100
                             // succs: b42 b43
                if %102 {
                    block b42:   // preds: b41
                    32    %103 = mov %95.y
                                 @store_shared (%103, %13) (base=8, wrmask=x, align_mul=4, align_offset=0)
                                 @store_shared (%96, %13) (base=1032, wrmask=x, align_mul=4, align_offset=0)
                                 // succs: b44
                } else {
                    block b43:  // preds: b41, succs: b44
                }
                block b44:  // preds: b42 b43, succs: b46
            } else {
                block b45:  // preds: b40, succs: b46
            }
            block b46:// preds: b44 b45
            @barrier (execution_scope=WORKGROUP, memory_scope=WORKGROUP, mem_semantics=ACQ|REL, mem_modes=shared)
            // succs: b47 b51
            if %29 {
                block b47:   // preds: b46
                32x2  %104 = @load_shared2_amd (%15) (offset0=0, offset1=4, st64=0)
                32    %105 = @load_shared (%13) (base=1048, align_mul=4, align_offset=0)
                32    %106 = @load_shared (%13) (base=1032, align_mul=4, align_offset=0)
                1     %107 = feq! %104.y, %104.x
                1     %108 = ult %105, %106
                1     %109 = iand %107, %108
                1     %110 = flt! %104.x, %104.y
                1     %111 = ior %110, %109
                             // succs: b48 b49
                if %111 {
                    block b48:   // preds: b47
                    32    %112 = mov %104.y
                                 @store_shared (%112, %13) (base=8, wrmask=x, align_mul=4, align_offset=0)
                                 @store_shared (%105, %13) (base=1032, wrmask=x, align_mul=4, align_offset=0)
                                 // succs: b50
                } else {
                    block b49:  // preds: b47, succs: b50
                }
                block b50:  // preds: b48 b49, succs: b52
            } else {
                block b51:  // preds: b46, succs: b52
            }
            block b52:// preds: b50 b51
            @barrier (execution_scope=WORKGROUP, memory_scope=WORKGROUP, mem_semantics=ACQ|REL, mem_modes=shared)
            // succs: b53 b57
            if %30 {
                block b53:   // preds: b52
                32x2  %113 = @load_shared2_amd (%15) (offset0=0, offset1=2, st64=0)
                32    %114 = @load_shared (%13) (base=1040, align_mul=4, align_offset=0)
                32    %115 = @load_shared (%13) (base=1032, align_mul=4, align_offset=0)
                1     %116 = feq! %113.y, %113.x
                1     %117 = ult %114, %115
                1     %118 = iand %116, %117
                1     %119 = flt! %113.x, %113.y
                1     %120 = ior %119, %118
                             // succs: b54 b55
                if %120 {
                    block b54:   // preds: b53
                    32    %121 = mov %113.y
                                 @store_shared (%121, %13) (base=8, wrmask=x, align_mul=4, align_offset=0)
                                 @store_shared (%114, %13) (base=1032, wrmask=x, align_mul=4, align_offset=0)
                                 // succs: b56
                } else {
                    block b55:  // preds: b53, succs: b56
                }
                block b56:  // preds: b54 b55, succs: b58
            } else {
                block b57:  // preds: b52, succs: b58
            }
            block b58:// preds: b56 b57
            @barrier (execution_scope=WORKGROUP, memory_scope=WORKGROUP, mem_semantics=ACQ|REL, mem_modes=shared)
            // succs: b59 b63
            if %5 {
                block b59:   // preds: b58
                32    %122 = @load_shared (%4 (0x0)) (base=12, align_mul=1073741824, align_offset=12)
                32    %123 = @load_shared (%4 (0x0)) (base=1036, align_mul=1073741824, align_offset=1036)
                32    %124 = @load_shared (%13) (base=8, align_mul=4, align_offset=0)
                32    %125 = @load_shared (%13) (base=1032, align_mul=4, align_offset=0)
                1     %126 = feq! %122, %124
                1     %127 = ult %123, %125
                1     %128 = iand %126, %127
                1     %129 = flt! %124, %122
                1     %130 = ior %129, %128
                             // succs: b60 b61
                if %130 {
                    block b60:// preds: b59
                    @store_shared (%122, %13) (base=8, wrmask=x, align_mul=4, align_offset=0)
                    @store_shared (%123, %13) (base=1032, wrmask=x, align_mul=4, align_offset=0)
                    // succs: b62
                } else {
                    block b61:  // preds: b59, succs: b62
                }
                block b62:  // preds: b60 b61, succs: b64
            } else {
                block b63:  // preds: b58, succs: b64
            }
            block b64:// preds: b62 b63
            @barrier (execution_scope=WORKGROUP, memory_scope=WORKGROUP, mem_semantics=ACQ|REL, mem_modes=shared)
            // succs: b65 b66
            if %5 {
                block b65:   // preds: b64
                32    %131 = @load_shared (%4 (0x0)) (base=8, align_mul=1073741824, align_offset=8)
                32    %132 = ishl %31, %12 (0x2)
                             @store_shared (%131, %132) (base=0, wrmask=x, align_mul=4, align_offset=0)
                32    %133 = @load_shared (%4 (0x0)) (base=1032, align_mul=1073741824, align_offset=1032)
                32    %134 = iadd %20 (0x4), %132
                             @store_shared (%133, %134) (base=0, wrmask=x, align_mul=4, align_offset=0)
                             // succs: b67
            } else {
                block b66:  // preds: b64, succs: b67
            }
            block b67:   // preds: b65 b66
                         @barrier (execution_scope=WORKGROUP, memory_scope=WORKGROUP, mem_semantics=ACQ|REL, mem_modes=shared)
            32    %135 = iadd %31, %22 (0x1)
            1     %136 = ine %135, %4 (0x0)
                         // succs: b68 b69
            if %136 {
                block b68:// preds: b67
                break
                // succs: b71
            } else {
                block b69:  // preds: b67, succs: b70
            }
            block b70:  // preds: b69, succs: b5
        }
        block b71:  // preds: b68, succs: b72 b73
        if %5 {
            block b72:   // preds: b71
            32    %137 = @load_scalar_arg_amd (base=4, arg_upper_bound_u32_amd=0)
            32    %138 = @load_scalar_arg_amd (base=5, arg_upper_bound_u32_amd=0)
            32    %139 = iadd %137, %0.x
            32x2  %140 = @load_shared (%4 (0x0)) (base=0, align_mul=1073741824, align_offset=0)
            32    %141 = @load_scalar_arg_amd (base=1, arg_upper_bound_u32_amd=0)
            32    %142 = load_const (0xffff8000 = -32768 = 4294934528)
            64    %143 = pack_64_2x32_split %141, %142 (0xffff8000)
            32x8  %144 = @load_smem_amd (%143, %19 (0x10)) (align_mul=1073741824, align_offset=16)
            32    %145 = mov %140.y
            32    %146 = ishl %139, %12 (0x2)
            32x4  %147 = vec4 %144.a, %144.b, %144.c, %144.d
                         @store_ssbo (%145, %147, %146) (wrmask=x, access=writeonly, align_mul=4, align_offset=0)
            32    %148 = load_const (0x3e000000 = 0.125000)
            32    %149 = u2f32 %138
            32    %150 = fmul %149, %148 (0.125000)
            32    %151 = fadd %140.x, %150
            32x4  %152 = vec4 %144.e, %144.f, %144.g, %144.h
                         @store_ssbo (%151, %152, %146) (wrmask=x, access=writeonly, align_mul=4, align_offset=0)
                         // succs: b74
        } else {
            block b73:  // preds: b71, succs: b74
        }
        block b74:  // preds: b72 b73, succs: b76
    } else {
        block b75:  // preds: b0, succs: b76
    }
    block b76:  // preds: b74 b75, succs: b77
    block b77:
}

After RA:
ACO shader stage: SW (CS), HW (COMPUTE_SHADER)
BB0
/* logical preds: / linear preds: / kind: uniform, top-level, */
	 s2: %156:s[0-1],  s1: %157:s[2],  s1: %158:s[3],  s1: %159:s[4],  s1: %160:s[5],  s1: %161:s[6],  v1: %162:v[0],  s1: %163:s[117],  s1: %165:s[116],  s1: %164:s[115] = p_startpgm
	p_logical_start
	 s1: %169:scc = s_cmp_lt_u32 %163:s[117], %158:s[3]
	p_logical_end
	p_cbranch_z %169:scc BB140, BB1
BB1
/* logical preds: BB0, / linear preds: BB0, / kind: branch, */
	p_logical_start
	 s2: %6:vcc = v_cmp_eq_i32 0, %162:v[0]
	p_logical_end
	 s2: %0:exec = p_parallelcopy %6:vcc
	p_cbranch_z %0:exec BB3, BB2
BB2
/* logical preds: BB1, / linear preds: BB1, / kind: uniform, */
	p_logical_start
	 v1: %172:v[1] = p_parallelcopy 0
	 v2: %173:v[2-3] = p_create_vector 0xff7fffff, -1
	ds_write_b64 %172:v[1], %173:v[2-3] storage:shared
	p_logical_end
	p_branch BB4
BB3
/* logical preds: / linear preds: BB1, / kind: uniform, */
	p_branch BB4
BB4
/* logical preds: / linear preds: BB2, BB3, / kind: invert, */
	 s2: %0:exec,  s1: %255:scc = s_andn2_b64 -1, %0:exec
	p_cbranch_z %0:exec BB6, BB5
BB5
/* logical preds: BB1, / linear preds: BB4, / kind: uniform, */
	p_logical_start
	p_logical_end
	p_branch BB7
BB6
/* logical preds: / linear preds: BB4, / kind: uniform, */
	p_branch BB7
BB7
/* logical preds: BB2, BB5, / linear preds: BB5, BB6, / kind: uniform, loop-preheader, merge, */
	 s2: %0:exec = p_parallelcopy -1
	p_logical_start
	p_barrier storage:shared semantics:acquire,release scope:workgroup exec_scope:workgroup
	 s1: %11:s[0] = s_mul_i32 %163:s[117], %159:s[4]
	 v1: %14:v[1] = v_lshlrev_b32 2, (is16bit)%162:v[0]
	 s2: %25:s[8-9] = v_cmp_gt_u32 0x80, %162:v[0]
	 s2: %26:s[10-11] = v_cmp_gt_u32 64, %162:v[0]
	 s2: %27:s[12-13] = v_cmp_gt_u32 32, %162:v[0]
	 s2: %28:s[14-15] = v_cmp_gt_u32 16, %162:v[0]
	 s2: %29:s[16-17] = v_cmp_gt_u32 8, %162:v[0]
	 s2: %30:s[18-19] = v_cmp_gt_u32 4, %162:v[0]
	 s2: %31:s[20-21] = v_cmp_gt_u32 2, %162:v[0]
	p_logical_end
	p_branch BB8
BB8
/* logical preds: BB7, BB132, / linear preds: BB7, BB132, / kind: uniform, loop-preheader, loop-header, */
	 s1: %32:s[1] = p_linear_phi 0, %138:s[1]
	p_logical_start
	p_logical_end
	p_branch BB9
BB9
/* logical preds: BB8, BB26, / linear preds: BB8, BB26, / kind: loop-header, branch, */
	 v1: %35:v[2] = p_phi %162:v[0], %59:v[2]
	 v1: %34:v[3] = p_phi 0xff7fffff, %56:v[3]
	 v1: %33:v[4] = p_phi -1, %57:v[4]
	p_logical_start
	 s2: %36:s[22-23] = v_cmp_le_u32 %159:s[4], %35:v[2]
	p_logical_end
	 s2: %257:s[22-23],  s1: %256:scc,  s2: %0:exec = s_and_saveexec_b64 %36:s[22-23], %0:exec
	p_cbranch_z %0:exec BB13, BB10
BB10
/* logical preds: BB9, / linear preds: BB9, / kind: break, */
	p_logical_start
	p_logical_end
	 s2: %259:s[22-23],  s1: %258:scc = s_andn2_b64 %257:s[22-23], %0:exec
	p_cbranch_nz %258:scc BB12, BB11
BB11
/* logical preds: / linear preds: BB10, / kind: uniform, */
	p_branch BB27
BB12
/* logical preds: / linear preds: BB10, / kind: uniform, */
	p_logical_start
	p_logical_end
	p_branch BB14
BB13
/* logical preds: / linear preds: BB9, / kind: uniform, */
	p_branch BB14
BB14
/* logical preds: / linear preds: BB12, BB13, / kind: invert, */
	 s2: %260:s[22-23] = p_linear_phi %259:s[22-23], %257:s[22-23]
	 s2: %0:exec,  s1: %261:scc = s_andn2_b64 %260:s[22-23], %0:exec
	p_cbranch_z %0:exec BB16, BB15
BB15
/* logical preds: BB9, / linear preds: BB14, / kind: uniform, */
	p_logical_start
	p_logical_end
	p_branch BB17
BB16
/* logical preds: / linear preds: BB14, / kind: uniform, */
	p_branch BB17
BB17
/* logical preds: BB15, / linear preds: BB15, BB16, / kind: uniform, merge, */
	 s2: %0:exec = p_parallelcopy %260:s[22-23]
	p_logical_start
	 s1: %174:scc = s_cmp_lg_i32 %32:s[1], 0
	p_logical_end
	p_cbranch_z %174:scc BB19, BB18
BB18
/* logical preds: BB17, / linear preds: BB17, / kind: uniform, */
	p_logical_start
	 v1: %177:v[5] = p_parallelcopy 0
	 v1: %178:v[5] = ds_read_b32 %177:v[5] offset0:4 storage:shared
	 s1: %179:s[3] = v_readfirstlane_b32 %178:v[5]
	 s2: %39:s[24-25] = v_cmp_eq_i32 %179:s[3], %35:v[2]
	p_logical_end
	p_branch BB20
BB19
/* logical preds: BB17, / linear preds: BB17, / kind: uniform, */
	p_logical_start
	p_logical_end
	p_branch BB20
BB20
/* logical preds: BB18, BB19, / linear preds: BB18, BB19, / kind: branch, */
	 s2: %40:s[24-25] = p_linear_phi %39:s[24-25], 0
	p_logical_start
	 s2: %41:s[24-25],  s1: %180:scc = s_not_b64 %40:s[24-25]
	p_logical_end
	 s2: %0:exec,  s1: %262:scc = s_and_b64 %41:s[24-25], %0:exec
	p_cbranch_z %0:exec BB22, BB21
BB21
/* logical preds: BB20, / linear preds: BB20, / kind: uniform, */
	p_logical_start
	 s2: %45:s[24-25] = p_create_vector %157:s[2], 0xffff8000
	 s4: %46:s[24-27] = s_load_dwordx4 %45:s[24-25], 0
	 v1: %47:v[5] = v_add_lshl_u32 %11:s[0], %35:v[2], 2
	 v1: %48:v[5] = buffer_load_dword %46:s[24-27], %47:v[5], 0 offen storage:buffer semantics:private,reorder
	 s2: %50:s[24-25] = v_cmp_lt_u32 %35:v[2], %33:v[4]
	 s2: (precise)%49:s[26-27] = v_cmp_eq_f32 %48:v[5], %34:v[3]
	 s2: %51:s[24-25],  s1: %185:scc = s_and_b64 %49:s[26-27], %50:s[24-25]
	 s2: (precise)%52:s[26-27] = v_cmp_lt_f32 %34:v[3], %48:v[5]
	 s2: %53:s[24-25],  s1: %186:scc = s_or_b64 %52:s[26-27], %51:s[24-25]
	 v1: %54:v[4] = v_cndmask_b32 %33:v[4], %35:v[2], %53:s[24-25]
	 v1: %55:v[3] = v_cndmask_b32 %34:v[3], %48:v[5], %53:s[24-25]
	p_logical_end
	p_branch BB23
BB22
/* logical preds: / linear preds: BB20, / kind: uniform, */
	p_branch BB23
BB23
/* logical preds: / linear preds: BB21, BB22, / kind: invert, */
	 s2: %0:exec,  s1: %263:scc = s_andn2_b64 %260:s[22-23], %0:exec
	p_cbranch_z %0:exec BB25, BB24
BB24
/* logical preds: BB20, / linear preds: BB23, / kind: uniform, */
	p_logical_start
	p_logical_end
	p_branch BB26
BB25
/* logical preds: / linear preds: BB23, / kind: uniform, */
	p_branch BB26
BB26
/* logical preds: BB21, BB24, / linear preds: BB24, BB25, / kind: uniform, continue, merge, */
	 v1: %57:v[4] = p_phi %54:v[4], %33:v[4]
	 v1: %56:v[3] = p_phi %55:v[3], %34:v[3]
	 s2: %0:exec = p_parallelcopy %260:s[22-23]
	p_logical_start
	 v1: %59:v[2] = v_add_u32 0x100, %35:v[2]
	p_logical_end
	p_branch BB9
BB27
/* logical preds: BB10, / linear preds: BB11, / kind: loop-exit, branch, */
	 v1: %61:v[3] = p_phi %34:v[3]
	 v1: %60:v[4] = p_phi %33:v[4]
	 s2: %0:exec = p_parallelcopy -1
	p_logical_start
	ds_write_b32 %14:v[1], %61:v[3] offset0:8 storage:shared
	ds_write_b32 %14:v[1], %60:v[4] offset0:1032 storage:shared
	p_barrier storage:shared semantics:acquire,release scope:workgroup exec_scope:workgroup
	p_logical_end
	 s2: %0:exec = p_parallelcopy %25:s[8-9]
	p_cbranch_z %0:exec BB35, BB28
BB28
/* logical preds: BB27, / linear preds: BB27, / kind: branch, */
	p_logical_start
	 v1: %62:v[2] = ds_read_b32 %14:v[1] offset0:520 storage:shared
	 v1: %63:v[3] = ds_read_b32 %14:v[1] offset0:1544 storage:shared
	 v1: %64:v[4] = ds_read_b32 %14:v[1] offset0:8 storage:shared
	 v1: %65:v[5] = ds_read_b32 %14:v[1] offset0:1032 storage:shared
	 s2: (precise)%66:s[22-23] = v_cmp_eq_f32 %62:v[2], %64:v[4]
	 s2: (precise)%69:s[24-25] = v_cmp_lt_f32 %64:v[4], %62:v[2]
	 s2: %67:s[26-27] = v_cmp_lt_u32 %63:v[3], %65:v[5]
	 s2: %68:s[22-23],  s1: %187:scc = s_and_b64 %66:s[22-23], %67:s[26-27]
	 s2: %70:s[22-23],  s1: %188:scc = s_or_b64 %69:s[24-25], %68:s[22-23]
	p_logical_end
	 s2: %265:s[22-23],  s1: %264:scc,  s2: %0:exec = s_and_saveexec_b64 %70:s[22-23], %0:exec
	p_cbranch_z %0:exec BB30, BB29
BB29
/* logical preds: BB28, / linear preds: BB28, / kind: uniform, */
	p_logical_start
	ds_write_b32 %14:v[1], %62:v[2] offset0:8 storage:shared
	ds_write_b32 %14:v[1], %63:v[3] offset0:1032 storage:shared
	p_logical_end
	p_branch BB31
BB30
/* logical preds: / linear preds: BB28, / kind: uniform, */
	p_branch BB31
BB31
/* logical preds: / linear preds: BB29, BB30, / kind: invert, */
	 s2: %0:exec,  s1: %266:scc = s_andn2_b64 %265:s[22-23], %0:exec
	p_cbranch_z %0:exec BB33, BB32
BB32
/* logical preds: BB28, / linear preds: BB31, / kind: uniform, */
	p_logical_start
	p_logical_end
	p_branch BB34
BB33
/* logical preds: / linear preds: BB31, / kind: uniform, */
	p_branch BB34
BB34
/* logical preds: BB29, BB32, / linear preds: BB32, BB33, / kind: uniform, merge, */
	 s2: %0:exec = p_parallelcopy %265:s[22-23]
	p_logical_start
	p_logical_end
	p_branch BB36
BB35
/* logical preds: / linear preds: BB27, / kind: uniform, */
	p_branch BB36
BB36
/* logical preds: / linear preds: BB34, BB35, / kind: invert, */
	 s2: %0:exec,  s1: %267:scc = s_andn2_b64 -1, %0:exec
	p_cbranch_z %0:exec BB38, BB37
BB37
/* logical preds: BB27, / linear preds: BB36, / kind: uniform, */
	p_logical_start
	p_logical_end
	p_branch BB39
BB38
/* logical preds: / linear preds: BB36, / kind: uniform, */
	p_branch BB39
BB39
/* logical preds: BB34, BB37, / linear preds: BB37, BB38, / kind: branch, merge, */
	 s2: %0:exec = p_parallelcopy -1
	p_logical_start
	p_barrier storage:shared semantics:acquire,release scope:workgroup exec_scope:workgroup
	p_logical_end
	 s2: %0:exec = p_parallelcopy %26:s[10-11]
	p_cbranch_z %0:exec BB47, BB40
BB40
/* logical preds: BB39, / linear preds: BB39, / kind: branch, */
	p_logical_start
	 v1: %71:v[2] = ds_read_b32 %14:v[1] offset0:264 storage:shared
	 v1: %72:v[3] = ds_read_b32 %14:v[1] offset0:1288 storage:shared
	 v1: %73:v[4] = ds_read_b32 %14:v[1] offset0:8 storage:shared
	 v1: %74:v[5] = ds_read_b32 %14:v[1] offset0:1032 storage:shared
	 s2: (precise)%75:s[22-23] = v_cmp_eq_f32 %71:v[2], %73:v[4]
	 s2: (precise)%78:s[24-25] = v_cmp_lt_f32 %73:v[4], %71:v[2]
	 s2: %76:s[26-27] = v_cmp_lt_u32 %72:v[3], %74:v[5]
	 s2: %77:s[22-23],  s1: %189:scc = s_and_b64 %75:s[22-23], %76:s[26-27]
	 s2: %79:s[22-23],  s1: %190:scc = s_or_b64 %78:s[24-25], %77:s[22-23]
	p_logical_end
	 s2: %269:s[22-23],  s1: %268:scc,  s2: %0:exec = s_and_saveexec_b64 %79:s[22-23], %0:exec
	p_cbranch_z %0:exec BB42, BB41
BB41
/* logical preds: BB40, / linear preds: BB40, / kind: uniform, */
	p_logical_start
	ds_write_b32 %14:v[1], %71:v[2] offset0:8 storage:shared
	ds_write_b32 %14:v[1], %72:v[3] offset0:1032 storage:shared
	p_logical_end
	p_branch BB43
BB42
/* logical preds: / linear preds: BB40, / kind: uniform, */
	p_branch BB43
BB43
/* logical preds: / linear preds: BB41, BB42, / kind: invert, */
	 s2: %0:exec,  s1: %270:scc = s_andn2_b64 %269:s[22-23], %0:exec
	p_cbranch_z %0:exec BB45, BB44
BB44
/* logical preds: BB40, / linear preds: BB43, / kind: uniform, */
	p_logical_start
	p_logical_end
	p_branch BB46
BB45
/* logical preds: / linear preds: BB43, / kind: uniform, */
	p_branch BB46
BB46
/* logical preds: BB41, BB44, / linear preds: BB44, BB45, / kind: uniform, merge, */
	 s2: %0:exec = p_parallelcopy %269:s[22-23]
	p_logical_start
	p_logical_end
	p_branch BB48
BB47
/* logical preds: / linear preds: BB39, / kind: uniform, */
	p_branch BB48
BB48
/* logical preds: / linear preds: BB46, BB47, / kind: invert, */
	 s2: %0:exec,  s1: %271:scc = s_andn2_b64 -1, %0:exec
	p_cbranch_z %0:exec BB50, BB49
BB49
/* logical preds: BB39, / linear preds: BB48, / kind: uniform, */
	p_logical_start
	p_logical_end
	p_branch BB51
BB50
/* logical preds: / linear preds: BB48, / kind: uniform, */
	p_branch BB51
BB51
/* logical preds: BB46, BB49, / linear preds: BB49, BB50, / kind: branch, merge, */
	 s2: %0:exec = p_parallelcopy -1
	p_logical_start
	p_barrier storage:shared semantics:acquire,release scope:workgroup exec_scope:workgroup
	p_logical_end
	 s2: %0:exec = p_parallelcopy %27:s[12-13]
	p_cbranch_z %0:exec BB59, BB52
BB52
/* logical preds: BB51, / linear preds: BB51, / kind: branch, */
	p_logical_start
	 v2: %80:v[2-3] = ds_read2_b32 %14:v[1] offset0:2 offset1:34 storage:shared
	 v1: %81:v[4] = ds_read_b32 %14:v[1] offset0:1160 storage:shared
	 v1: %82:v[5] = ds_read_b32 %14:v[1] offset0:1032 storage:shared
	 v1: %191:v[2],  v1: %192:v[3] = p_split_vector %80:v[2-3]
	 s2: (precise)%83:s[22-23] = v_cmp_eq_f32 %192:v[3], %191:v[2]
	 s2: (precise)%86:s[24-25] = v_cmp_lt_f32 %191:v[2], %192:v[3]
	 s2: %84:s[26-27] = v_cmp_lt_u32 %81:v[4], %82:v[5]
	 s2: %85:s[22-23],  s1: %193:scc = s_and_b64 %83:s[22-23], %84:s[26-27]
	 s2: %87:s[22-23],  s1: %194:scc = s_or_b64 %86:s[24-25], %85:s[22-23]
	p_logical_end
	 s2: %273:s[22-23],  s1: %272:scc,  s2: %0:exec = s_and_saveexec_b64 %87:s[22-23], %0:exec
	p_cbranch_z %0:exec BB54, BB53
BB53
/* logical preds: BB52, / linear preds: BB52, / kind: uniform, */
	p_logical_start
	ds_write_b32 %14:v[1], %192:v[3] offset0:8 storage:shared
	ds_write_b32 %14:v[1], %81:v[4] offset0:1032 storage:shared
	p_logical_end
	p_branch BB55
BB54
/* logical preds: / linear preds: BB52, / kind: uniform, */
	p_branch BB55
BB55
/* logical preds: / linear preds: BB53, BB54, / kind: invert, */
	 s2: %0:exec,  s1: %274:scc = s_andn2_b64 %273:s[22-23], %0:exec
	p_cbranch_z %0:exec BB57, BB56
BB56
/* logical preds: BB52, / linear preds: BB55, / kind: uniform, */
	p_logical_start
	p_logical_end
	p_branch BB58
BB57
/* logical preds: / linear preds: BB55, / kind: uniform, */
	p_branch BB58
BB58
/* logical preds: BB53, BB56, / linear preds: BB56, BB57, / kind: uniform, merge, */
	 s2: %0:exec = p_parallelcopy %273:s[22-23]
	p_logical_start
	p_logical_end
	p_branch BB60
BB59
/* logical preds: / linear preds: BB51, / kind: uniform, */
	p_branch BB60
BB60
/* logical preds: / linear preds: BB58, BB59, / kind: invert, */
	 s2: %0:exec,  s1: %275:scc = s_andn2_b64 -1, %0:exec
	p_cbranch_z %0:exec BB62, BB61
BB61
/* logical preds: BB51, / linear preds: BB60, / kind: uniform, */
	p_logical_start
	p_logical_end
	p_branch BB63
BB62
/* logical preds: / linear preds: BB60, / kind: uniform, */
	p_branch BB63
BB63
/* logical preds: BB58, BB61, / linear preds: BB61, BB62, / kind: branch, merge, */
	 s2: %0:exec = p_parallelcopy -1
	p_logical_start
	p_barrier storage:shared semantics:acquire,release scope:workgroup exec_scope:workgroup
	p_logical_end
	 s2: %0:exec = p_parallelcopy %28:s[14-15]
	p_cbranch_z %0:exec BB71, BB64
BB64
/* logical preds: BB63, / linear preds: BB63, / kind: branch, */
	p_logical_start
	 v2: %89:v[2-3] = ds_read2_b32 %14:v[1] offset0:2 offset1:18 storage:shared
	 v1: %90:v[4] = ds_read_b32 %14:v[1] offset0:1096 storage:shared
	 v1: %91:v[5] = ds_read_b32 %14:v[1] offset0:1032 storage:shared
	 v1: %195:v[2],  v1: %196:v[3] = p_split_vector %89:v[2-3]
	 s2: (precise)%92:s[22-23] = v_cmp_eq_f32 %196:v[3], %195:v[2]
	 s2: (precise)%95:s[24-25] = v_cmp_lt_f32 %195:v[2], %196:v[3]
	 s2: %93:s[26-27] = v_cmp_lt_u32 %90:v[4], %91:v[5]
	 s2: %94:s[22-23],  s1: %197:scc = s_and_b64 %92:s[22-23], %93:s[26-27]
	 s2: %96:s[22-23],  s1: %198:scc = s_or_b64 %95:s[24-25], %94:s[22-23]
	p_logical_end
	 s2: %277:s[22-23],  s1: %276:scc,  s2: %0:exec = s_and_saveexec_b64 %96:s[22-23], %0:exec
	p_cbranch_z %0:exec BB66, BB65
BB65
/* logical preds: BB64, / linear preds: BB64, / kind: uniform, */
	p_logical_start
	ds_write_b32 %14:v[1], %196:v[3] offset0:8 storage:shared
	ds_write_b32 %14:v[1], %90:v[4] offset0:1032 storage:shared
	p_logical_end
	p_branch BB67
BB66
/* logical preds: / linear preds: BB64, / kind: uniform, */
	p_branch BB67
BB67
/* logical preds: / linear preds: BB65, BB66, / kind: invert, */
	 s2: %0:exec,  s1: %278:scc = s_andn2_b64 %277:s[22-23], %0:exec
	p_cbranch_z %0:exec BB69, BB68
BB68
/* logical preds: BB64, / linear preds: BB67, / kind: uniform, */
	p_logical_start
	p_logical_end
	p_branch BB70
BB69
/* logical preds: / linear preds: BB67, / kind: uniform, */
	p_branch BB70
BB70
/* logical preds: BB65, BB68, / linear preds: BB68, BB69, / kind: uniform, merge, */
	 s2: %0:exec = p_parallelcopy %277:s[22-23]
	p_logical_start
	p_logical_end
	p_branch BB72
BB71
/* logical preds: / linear preds: BB63, / kind: uniform, */
	p_branch BB72
BB72
/* logical preds: / linear preds: BB70, BB71, / kind: invert, */
	 s2: %0:exec,  s1: %279:scc = s_andn2_b64 -1, %0:exec
	p_cbranch_z %0:exec BB74, BB73
BB73
/* logical preds: BB63, / linear preds: BB72, / kind: uniform, */
	p_logical_start
	p_logical_end
	p_branch BB75
BB74
/* logical preds: / linear preds: BB72, / kind: uniform, */
	p_branch BB75
BB75
/* logical preds: BB70, BB73, / linear preds: BB73, BB74, / kind: branch, merge, */
	 s2: %0:exec = p_parallelcopy -1
	p_logical_start
	p_barrier storage:shared semantics:acquire,release scope:workgroup exec_scope:workgroup
	p_logical_end
	 s2: %0:exec = p_parallelcopy %29:s[16-17]
	p_cbranch_z %0:exec BB83, BB76
BB76
/* logical preds: BB75, / linear preds: BB75, / kind: branch, */
	p_logical_start
	 v2: %98:v[2-3] = ds_read2_b32 %14:v[1] offset0:2 offset1:10 storage:shared
	 v1: %99:v[4] = ds_read_b32 %14:v[1] offset0:1064 storage:shared
	 v1: %100:v[5] = ds_read_b32 %14:v[1] offset0:1032 storage:shared
	 v1: %199:v[2],  v1: %200:v[3] = p_split_vector %98:v[2-3]
	 s2: (precise)%101:s[22-23] = v_cmp_eq_f32 %200:v[3], %199:v[2]
	 s2: (precise)%104:s[24-25] = v_cmp_lt_f32 %199:v[2], %200:v[3]
	 s2: %102:s[26-27] = v_cmp_lt_u32 %99:v[4], %100:v[5]
	 s2: %103:s[22-23],  s1: %201:scc = s_and_b64 %101:s[22-23], %102:s[26-27]
	 s2: %105:s[22-23],  s1: %202:scc = s_or_b64 %104:s[24-25], %103:s[22-23]
	p_logical_end
	 s2: %281:s[22-23],  s1: %280:scc,  s2: %0:exec = s_and_saveexec_b64 %105:s[22-23], %0:exec
	p_cbranch_z %0:exec BB78, BB77
BB77
/* logical preds: BB76, / linear preds: BB76, / kind: uniform, */
	p_logical_start
	ds_write_b32 %14:v[1], %200:v[3] offset0:8 storage:shared
	ds_write_b32 %14:v[1], %99:v[4] offset0:1032 storage:shared
	p_logical_end
	p_branch BB79
BB78
/* logical preds: / linear preds: BB76, / kind: uniform, */
	p_branch BB79
BB79
/* logical preds: / linear preds: BB77, BB78, / kind: invert, */
	 s2: %0:exec,  s1: %282:scc = s_andn2_b64 %281:s[22-23], %0:exec
	p_cbranch_z %0:exec BB81, BB80
BB80
/* logical preds: BB76, / linear preds: BB79, / kind: uniform, */
	p_logical_start
	p_logical_end
	p_branch BB82
BB81
/* logical preds: / linear preds: BB79, / kind: uniform, */
	p_branch BB82
BB82
/* logical preds: BB77, BB80, / linear preds: BB80, BB81, / kind: uniform, merge, */
	 s2: %0:exec = p_parallelcopy %281:s[22-23]
	p_logical_start
	p_logical_end
	p_branch BB84
BB83
/* logical preds: / linear preds: BB75, / kind: uniform, */
	p_branch BB84
BB84
/* logical preds: / linear preds: BB82, BB83, / kind: invert, */
	 s2: %0:exec,  s1: %283:scc = s_andn2_b64 -1, %0:exec
	p_cbranch_z %0:exec BB86, BB85
BB85
/* logical preds: BB75, / linear preds: BB84, / kind: uniform, */
	p_logical_start
	p_logical_end
	p_branch BB87
BB86
/* logical preds: / linear preds: BB84, / kind: uniform, */
	p_branch BB87
BB87
/* logical preds: BB82, BB85, / linear preds: BB85, BB86, / kind: branch, merge, */
	 s2: %0:exec = p_parallelcopy -1
	p_logical_start
	p_barrier storage:shared semantics:acquire,release scope:workgroup exec_scope:workgroup
	p_logical_end
	 s2: %0:exec = p_parallelcopy %30:s[18-19]
	p_cbranch_z %0:exec BB95, BB88
BB88
/* logical preds: BB87, / linear preds: BB87, / kind: branch, */
	p_logical_start
	 v2: %107:v[2-3] = ds_read2_b32 %14:v[1] offset0:2 offset1:6 storage:shared
	 v1: %108:v[4] = ds_read_b32 %14:v[1] offset0:1048 storage:shared
	 v1: %109:v[5] = ds_read_b32 %14:v[1] offset0:1032 storage:shared
	 v1: %203:v[2],  v1: %204:v[3] = p_split_vector %107:v[2-3]
	 s2: (precise)%110:s[22-23] = v_cmp_eq_f32 %204:v[3], %203:v[2]
	 s2: (precise)%113:s[24-25] = v_cmp_lt_f32 %203:v[2], %204:v[3]
	 s2: %111:s[26-27] = v_cmp_lt_u32 %108:v[4], %109:v[5]
	 s2: %112:s[22-23],  s1: %205:scc = s_and_b64 %110:s[22-23], %111:s[26-27]
	 s2: %114:s[22-23],  s1: %206:scc = s_or_b64 %113:s[24-25], %112:s[22-23]
	p_logical_end
	 s2: %285:s[22-23],  s1: %284:scc,  s2: %0:exec = s_and_saveexec_b64 %114:s[22-23], %0:exec
	p_cbranch_z %0:exec BB90, BB89
BB89
/* logical preds: BB88, / linear preds: BB88, / kind: uniform, */
	p_logical_start
	ds_write_b32 %14:v[1], %204:v[3] offset0:8 storage:shared
	ds_write_b32 %14:v[1], %108:v[4] offset0:1032 storage:shared
	p_logical_end
	p_branch BB91
BB90
/* logical preds: / linear preds: BB88, / kind: uniform, */
	p_branch BB91
BB91
/* logical preds: / linear preds: BB89, BB90, / kind: invert, */
	 s2: %0:exec,  s1: %286:scc = s_andn2_b64 %285:s[22-23], %0:exec
	p_cbranch_z %0:exec BB93, BB92
BB92
/* logical preds: BB88, / linear preds: BB91, / kind: uniform, */
	p_logical_start
	p_logical_end
	p_branch BB94
BB93
/* logical preds: / linear preds: BB91, / kind: uniform, */
	p_branch BB94
BB94
/* logical preds: BB89, BB92, / linear preds: BB92, BB93, / kind: uniform, merge, */
	 s2: %0:exec = p_parallelcopy %285:s[22-23]
	p_logical_start
	p_logical_end
	p_branch BB96
BB95
/* logical preds: / linear preds: BB87, / kind: uniform, */
	p_branch BB96
BB96
/* logical preds: / linear preds: BB94, BB95, / kind: invert, */
	 s2: %0:exec,  s1: %287:scc = s_andn2_b64 -1, %0:exec
	p_cbranch_z %0:exec BB98, BB97
BB97
/* logical preds: BB87, / linear preds: BB96, / kind: uniform, */
	p_logical_start
	p_logical_end
	p_branch BB99
BB98
/* logical preds: / linear preds: BB96, / kind: uniform, */
	p_branch BB99
BB99
/* logical preds: BB94, BB97, / linear preds: BB97, BB98, / kind: branch, merge, */
	 s2: %0:exec = p_parallelcopy -1
	p_logical_start
	p_barrier storage:shared semantics:acquire,release scope:workgroup exec_scope:workgroup
	p_logical_end
	 s2: %0:exec = p_parallelcopy %31:s[20-21]
	p_cbranch_z %0:exec BB107, BB100
BB100
/* logical preds: BB99, / linear preds: BB99, / kind: branch, */
	p_logical_start
	 v2: %116:v[2-3] = ds_read2_b32 %14:v[1] offset0:2 offset1:4 storage:shared
	 v1: %117:v[4] = ds_read_b32 %14:v[1] offset0:1040 storage:shared
	 v1: %118:v[5] = ds_read_b32 %14:v[1] offset0:1032 storage:shared
	 v1: %207:v[2],  v1: %208:v[3] = p_split_vector %116:v[2-3]
	 s2: (precise)%119:s[22-23] = v_cmp_eq_f32 %208:v[3], %207:v[2]
	 s2: (precise)%122:s[24-25] = v_cmp_lt_f32 %207:v[2], %208:v[3]
	 s2: %120:s[26-27] = v_cmp_lt_u32 %117:v[4], %118:v[5]
	 s2: %121:s[22-23],  s1: %209:scc = s_and_b64 %119:s[22-23], %120:s[26-27]
	 s2: %123:s[22-23],  s1: %210:scc = s_or_b64 %122:s[24-25], %121:s[22-23]
	p_logical_end
	 s2: %289:s[22-23],  s1: %288:scc,  s2: %0:exec = s_and_saveexec_b64 %123:s[22-23], %0:exec
	p_cbranch_z %0:exec BB102, BB101
BB101
/* logical preds: BB100, / linear preds: BB100, / kind: uniform, */
	p_logical_start
	ds_write_b32 %14:v[1], %208:v[3] offset0:8 storage:shared
	ds_write_b32 %14:v[1], %117:v[4] offset0:1032 storage:shared
	p_logical_end
	p_branch BB103
BB102
/* logical preds: / linear preds: BB100, / kind: uniform, */
	p_branch BB103
BB103
/* logical preds: / linear preds: BB101, BB102, / kind: invert, */
	 s2: %0:exec,  s1: %290:scc = s_andn2_b64 %289:s[22-23], %0:exec
	p_cbranch_z %0:exec BB105, BB104
BB104
/* logical preds: BB100, / linear preds: BB103, / kind: uniform, */
	p_logical_start
	p_logical_end
	p_branch BB106
BB105
/* logical preds: / linear preds: BB103, / kind: uniform, */
	p_branch BB106
BB106
/* logical preds: BB101, BB104, / linear preds: BB104, BB105, / kind: uniform, merge, */
	 s2: %0:exec = p_parallelcopy %289:s[22-23]
	p_logical_start
	p_logical_end
	p_branch BB108
BB107
/* logical preds: / linear preds: BB99, / kind: uniform, */
	p_branch BB108
BB108
/* logical preds: / linear preds: BB106, BB107, / kind: invert, */
	 s2: %0:exec,  s1: %291:scc = s_andn2_b64 -1, %0:exec
	p_cbranch_z %0:exec BB110, BB109
BB109
/* logical preds: BB99, / linear preds: BB108, / kind: uniform, */
	p_logical_start
	p_logical_end
	p_branch BB111
BB110
/* logical preds: / linear preds: BB108, / kind: uniform, */
	p_branch BB111
BB111
/* logical preds: BB106, BB109, / linear preds: BB109, BB110, / kind: branch, merge, */
	 s2: %0:exec = p_parallelcopy -1
	p_logical_start
	p_barrier storage:shared semantics:acquire,release scope:workgroup exec_scope:workgroup
	p_logical_end
	 s2: %0:exec = p_parallelcopy %6:vcc
	p_cbranch_z %0:exec BB119, BB112
BB112
/* logical preds: BB111, / linear preds: BB111, / kind: branch, */
	p_logical_start
	 v1: %211:v[2] = p_parallelcopy 0
	 v1: %212:v[3] = ds_read_b32 %211:v[2] offset0:12 storage:shared
	 v1: %215:v[2] = ds_read_b32 %211:v[2] offset0:1036 storage:shared
	 v1: %127:v[4] = ds_read_b32 %14:v[1] offset0:8 storage:shared
	 v1: %128:v[5] = ds_read_b32 %14:v[1] offset0:1032 storage:shared
	 s1: %213:s[3] = v_readfirstlane_b32 %212:v[3]
	 s1: %216:s[7] = v_readfirstlane_b32 %215:v[2]
	 s2: (precise)%129:s[22-23] = v_cmp_eq_f32 %213:s[3], %127:v[4]
	 s2: (precise)%132:s[24-25] = v_cmp_gt_f32 %213:s[3], %127:v[4]
	 s2: %130:s[26-27] = v_cmp_lt_u32 %216:s[7], %128:v[5]
	 s2: %131:s[22-23],  s1: %217:scc = s_and_b64 %129:s[22-23], %130:s[26-27]
	 s2: %133:s[22-23],  s1: %218:scc = s_or_b64 %132:s[24-25], %131:s[22-23]
	p_logical_end
	 s2: %293:s[22-23],  s1: %292:scc,  s2: %0:exec = s_and_saveexec_b64 %133:s[22-23], %0:exec
	p_cbranch_z %0:exec BB114, BB113
BB113
/* logical preds: BB112, / linear preds: BB112, / kind: uniform, */
	p_logical_start
	 v1: %219:v[2] = p_parallelcopy %213:s[3]
	ds_write_b32 %14:v[1], %219:v[2] offset0:8 storage:shared
	 v1: %220:v[3] = p_parallelcopy %216:s[7]
	ds_write_b32 %14:v[1], %220:v[3] offset0:1032 storage:shared
	p_logical_end
	p_branch BB115
BB114
/* logical preds: / linear preds: BB112, / kind: uniform, */
	p_branch BB115
BB115
/* logical preds: / linear preds: BB113, BB114, / kind: invert, */
	 s2: %0:exec,  s1: %294:scc = s_andn2_b64 %293:s[22-23], %0:exec
	p_cbranch_z %0:exec BB117, BB116
BB116
/* logical preds: BB112, / linear preds: BB115, / kind: uniform, */
	p_logical_start
	p_logical_end
	p_branch BB118
BB117
/* logical preds: / linear preds: BB115, / kind: uniform, */
	p_branch BB118
BB118
/* logical preds: BB113, BB116, / linear preds: BB116, BB117, / kind: uniform, merge, */
	 s2: %0:exec = p_parallelcopy %293:s[22-23]
	p_logical_start
	p_logical_end
	p_branch BB120
BB119
/* logical preds: / linear preds: BB111, / kind: uniform, */
	p_branch BB120
BB120
/* logical preds: / linear preds: BB118, BB119, / kind: invert, */
	 s2: %0:exec,  s1: %295:scc = s_andn2_b64 -1, %0:exec
	p_cbranch_z %0:exec BB122, BB121
BB121
/* logical preds: BB111, / linear preds: BB120, / kind: uniform, */
	p_logical_start
	p_logical_end
	p_branch BB123
BB122
/* logical preds: / linear preds: BB120, / kind: uniform, */
	p_branch BB123
BB123
/* logical preds: BB118, BB121, / linear preds: BB121, BB122, / kind: branch, merge, */
	 s2: %0:exec = p_parallelcopy -1
	p_logical_start
	p_barrier storage:shared semantics:acquire,release scope:workgroup exec_scope:workgroup
	p_logical_end
	 s2: %0:exec = p_parallelcopy %6:vcc
	p_cbranch_z %0:exec BB125, BB124
BB124
/* logical preds: BB123, / linear preds: BB123, / kind: uniform, */
	p_logical_start
	 v1: %221:v[2] = p_parallelcopy 0
	 v1: %222:v[3] = ds_read_b32 %221:v[2] offset0:8 storage:shared
	 s1: %135:s[3],  s1: %224:scc = s_lshl_b32 %32:s[1], 2
	 v1: %225:v[4] = p_parallelcopy %135:s[3]
	 s1: %137:s[7],  s1: %230:scc = s_lshl2_add_u32 %32:s[1], 4
	 v1: %231:v[5] = p_parallelcopy %137:s[7]
	 s1: %223:s[22] = v_readfirstlane_b32 %222:v[3]
	 v1: %226:v[6] = p_parallelcopy %223:s[22]
	ds_write_b32 %225:v[4], %226:v[6] storage:shared
	 v1: %228:v[2] = ds_read_b32 %221:v[2] offset0:1032 storage:shared
	 s1: %229:s[23] = v_readfirstlane_b32 %228:v[2]
	 v1: %232:v[7] = p_parallelcopy %229:s[23]
	ds_write_b32 %231:v[5], %232:v[7] storage:shared
	p_logical_end
	p_branch BB126
BB125
/* logical preds: / linear preds: BB123, / kind: uniform, */
	p_branch BB126
BB126
/* logical preds: / linear preds: BB124, BB125, / kind: invert, */
	 s2: %0:exec,  s1: %296:scc = s_andn2_b64 -1, %0:exec
	p_cbranch_z %0:exec BB128, BB127
BB127
/* logical preds: BB123, / linear preds: BB126, / kind: uniform, */
	p_logical_start
	p_logical_end
	p_branch BB129
BB128
/* logical preds: / linear preds: BB126, / kind: uniform, */
	p_branch BB129
BB129
/* logical preds: BB124, BB127, / linear preds: BB127, BB128, / kind: uniform, merge, */
	 s2: %0:exec = p_parallelcopy -1
	p_logical_start
	p_barrier storage:shared semantics:acquire,release scope:workgroup exec_scope:workgroup
	 s1: %138:s[1],  s1: %233:scc = s_add_u32 %32:s[1], 1
	 s1: %234:scc = s_cmp_lg_i32 %138:s[1], 0
	p_logical_end
	p_cbranch_z %234:scc BB131, BB130
BB130
/* logical preds: BB129, / linear preds: BB129, / kind: uniform, break, */
	p_logical_start
	p_logical_end
	p_branch BB133
BB131
/* logical preds: BB129, / linear preds: BB129, / kind: uniform, */
	p_logical_start
	p_logical_end
	p_branch BB132
BB132
/* logical preds: BB131, / linear preds: BB131, / kind: uniform, continue, */
	p_logical_start
	p_logical_end
	p_branch BB8
BB133
/* logical preds: BB130, / linear preds: BB130, / kind: loop-exit, branch, */
	p_logical_start
	p_logical_end
	 s2: %0:exec = p_parallelcopy %6:vcc
	p_cbranch_z %0:exec BB135, BB134
BB134
/* logical preds: BB133, / linear preds: BB133, / kind: uniform, */
	p_logical_start
	 v1: %238:v[0] = p_parallelcopy 0
	 v2: %239:v[0-1] = ds_read_b64 %238:v[0] storage:shared
	 s2: %146:s[2-3] = p_create_vector %157:s[2], 0xffff8000
	 s8: %147:s[8-15] = s_load_dwordx8 %146:s[2-3], 16
	 s1: %142:s[5],  s1: %237:scc = s_add_u32 %160:s[5], %163:s[117]
	 v1: %240:v[0],  v1: %241:v[1] = p_split_vector %239:v[0-1]
	 s1: %242:s[0] = v_readfirstlane_b32 %240:v[0]
	 s1: %243:s[1] = v_readfirstlane_b32 %241:v[1]
	 s1: %149:s[5],  s1: %252:scc = s_lshl_b32 %142:s[5], 2
	 v1: %253:v[1] = p_parallelcopy %243:s[1]
	 s1: %244:s[8],  s1: %245:s[9],  s1: %246:s[10],  s1: %247:s[11],  s1: %248:s[12],  s1: %249:s[13],  s1: %250:s[14],  s1: %251:s[15] = p_split_vector %147:s[8-15]
	 s4: %150:s[8-11] = p_create_vector %244:s[8], %245:s[9], %246:s[10], %247:s[11]
	buffer_store_dword %150:s[8-11],  v1: undef, %149:s[5], %253:v[1] disable_wqm storage:buffer
	 s1: %152:s[6] = s_cvt_f32_u32 %161:s[6]
	 s1: %153:s[6] = s_mul_f32 %152:s[6], 0x3e000000
	 s1: %154:s[0] = s_add_f32 %242:s[0], %153:s[6]
	 s4: %155:s[12-15] = p_create_vector %248:s[12], %249:s[13], %250:s[14], %251:s[15]
	 v1: %254:v[2] = p_parallelcopy %154:s[0]
	buffer_store_dword %155:s[12-15],  v1: undef, %149:s[5], %254:v[2] disable_wqm storage:buffer
	p_logical_end
	p_branch BB136
BB135
/* logical preds: / linear preds: BB133, / kind: uniform, */
	p_branch BB136
BB136
/* logical preds: / linear preds: BB134, BB135, / kind: invert, */
	 s2: %0:exec,  s1: %297:scc = s_andn2_b64 -1, %0:exec
	p_cbranch_z %0:exec BB138, BB137
BB137
/* logical preds: BB133, / linear preds: BB136, / kind: uniform, */
	p_logical_start
	p_logical_end
	p_branch BB139
BB138
/* logical preds: / linear preds: BB136, / kind: uniform, */
	p_branch BB139
BB139
/* logical preds: BB134, BB137, / linear preds: BB137, BB138, / kind: uniform, merge, */
	 s2: %0:exec = p_parallelcopy -1
	p_logical_start
	p_logical_end
	p_branch BB141
BB140
/* logical preds: BB0, / linear preds: BB0, / kind: uniform, */
	p_logical_start
	p_logical_end
	p_branch BB141
BB141
/* logical preds: BB139, BB140, / linear preds: BB139, BB140, / kind: uniform, top-level, */
	p_logical_start
	p_logical_end
	s_endpgm

Compute Shader
disasm:
BB0:
	s_cmp_lt_u32 ttmp9, s3                                      ; bf0a0375
	s_cbranch_scc0 BB141                                        ; bfa10193
BB1:
	v_cmpx_eq_i32_e32 0, v0                                     ; 7d840080
	s_mov_b64 vcc, exec                                         ; beea017e
	s_cbranch_execz BB7                                         ; bfa50006
BB2:
	v_mov_b32_e32 v1, 0                                         ; 7e020280
	v_mov_b32_e32 v2, 0xff7fffff                                ; 7e0402ff ff7fffff
	v_mov_b32_e32 v3, -1                                        ; 7e0602c1
	ds_store_b64 v1, v[2:3]                                     ; d9340000 00000201
BB7:
	s_mov_b64 exec, -1                                          ; befe01c1
	s_wait_dscnt 0x0                                            ; bfc60000
	s_barrier_signal -1                                         ; be804ec1
	s_barrier_wait 0xffff                                       ; bf94ffff
	s_mul_i32 s0, ttmp9, s4                                     ; 96000475
	s_mov_b32 s1, 0                                             ; be810080
	v_lshlrev_b32_e32 v1, 2, v0                                 ; 30020082
	v_cmp_gt_u32_e64 s[8:9], 0x80, v0                           ; d44c0008 000200ff 00000080
	v_cmp_gt_u32_e64 s[10:11], 64, v0                           ; d44c000a 000200c0
	v_cmp_gt_u32_e64 s[12:13], 32, v0                           ; d44c000c 000200a0
	v_cmp_gt_u32_e64 s[14:15], 16, v0                           ; d44c000e 00020090
	v_cmp_gt_u32_e64 s[16:17], 8, v0                            ; d44c0010 00020088
	v_cmp_gt_u32_e64 s[18:19], 4, v0                            ; d44c0012 00020084
	v_cmp_gt_u32_e64 s[20:21], 2, v0                            ; d44c0014 00020082
BB8:
	s_mov_b64 s[22:23], exec                                    ; be96017e
	v_mov_b32_e32 v2, v0                                        ; 7e040300
	v_mov_b32_e32 v3, 0xff7fffff                                ; 7e0602ff ff7fffff
	v_mov_b32_e32 v4, -1                                        ; 7e0802c1
BB9:
	s_delay_alu instid0(VALU_DEP_3)                             ; bf870003
	v_cmpx_le_u32_e32 s4, v2                                    ; 7d960404
BB10:
	s_and_not1_b64 s[22:23], s[22:23], exec                     ; 91967e16
	s_cbranch_scc0 BB27                                         ; bfa1002e
BB17:
	s_mov_b64 exec, s[22:23]                                    ; befe0116
	s_cmp_lg_i32 s1, 0                                          ; bf018001
	s_cbranch_scc0 BB19                                         ; bfa10009
BB18:
	v_mov_b32_e32 v5, 0                                         ; 7e0a0280
	ds_load_b32 v5, v5 offset:4                                 ; d8d80004 05000005
	s_wait_dscnt 0x0                                            ; bfc60000
	v_readfirstlane_b32 s3, v5                                  ; 7e060505
	s_wait_alu 0xf1ff                                           ; bf88f1ff
	v_cmp_eq_i32_e64 s[24:25], s3, v2                           ; d4420018 00020403
	s_branch BB20                                               ; bfa00001
BB19:
	s_mov_b64 s[24:25], 0                                       ; be980180
BB20:
	s_wait_alu 0xfffe                                           ; bf88fffe
	s_not_b64 s[24:25], s[24:25]                                ; be981f18
	s_wait_alu 0xfffe                                           ; bf88fffe
	s_and_b64 exec, s[24:25], exec                              ; 8bfe7e18
	s_cbranch_execz BB26                                        ; bfa50018
BB21:
	s_mov_b32 s24, s2                                           ; be980002
	s_movk_i32 s25, 0x8000                                      ; b0198000
	s_load_b128 s[24:27], s[24:25], 0x0                         ; f400460c f8000000
	v_add_lshl_u32 v5, s0, v2, 2                                ; d6470005 020a0400
	s_wait_kmcnt 0x0                                            ; bfc70000
	buffer_load_b32 v5, v5, s[24:27], null offen                ; c405007c 40803005 00000005
	v_cmp_lt_u32_e64 s[24:25], v2, v4                           ; d4490018 00020902
	s_wait_loadcnt 0x0                                          ; bfc00000
	v_cmp_eq_f32_e64 s[26:27], v5, v3                           ; d412001a 00020705
	s_and_b64 s[24:25], s[26:27], s[24:25]                      ; 8b98181a
	v_cmp_lt_f32_e64 s[26:27], v3, v5                           ; d411001a 00020b03
	s_or_b64 s[24:25], s[26:27], s[24:25]                       ; 8c98181a
	s_wait_alu 0xfffe                                           ; bf88fffe
	v_cndmask_b32_e64 v4, v4, v2, s[24:25]                      ; d5010004 00620504
	v_cndmask_b32_e64 v3, v3, v5, s[24:25]                      ; d5010003 00620b03
BB26:
	s_mov_b64 exec, s[22:23]                                    ; befe0116
	v_add_nc_u32_e32 v2, 0x100, v2                              ; 4a0404ff 00000100
	s_branch BB9                                                ; bfa0ffce
BB27:
	s_mov_b64 exec, -1                                          ; befe01c1
	ds_store_b32 v1, v3 offset:8                                ; d8340008 00000301
	ds_store_b32 v1, v4 offset:1032                             ; d8340408 00000401
	s_wait_dscnt 0x0                                            ; bfc60000
	s_barrier_signal -1                                         ; be804ec1
	s_barrier_wait 0xffff                                       ; bf94ffff
	s_mov_b64 exec, s[8:9]                                      ; befe0108
	s_cbranch_execz BB39                                        ; bfa5001a
BB28:
	ds_load_b32 v2, v1 offset:520                               ; d8d80208 02000001
	ds_load_b32 v3, v1 offset:1544                              ; d8d80608 03000001
	ds_load_b32 v4, v1 offset:8                                 ; d8d80008 04000001
	ds_load_b32 v5, v1 offset:1032                              ; d8d80408 05000001
	s_wait_dscnt 0x1                                            ; bfc60001
	v_cmp_eq_f32_e64 s[22:23], v2, v4                           ; d4120016 00020902
	v_cmp_lt_f32_e64 s[24:25], v4, v2                           ; d4110018 00020504
	s_wait_dscnt 0x0                                            ; bfc60000
	v_cmp_lt_u32_e64 s[26:27], v3, v5                           ; d449001a 00020b03
	s_and_b64 s[22:23], s[22:23], s[26:27]                      ; 8b961a16
	s_wait_alu 0xfffe                                           ; bf88fffe
	s_or_b64 s[22:23], s[24:25], s[22:23]                       ; 8c961618
	s_wait_alu 0xfffe                                           ; bf88fffe
	s_and_saveexec_b64 s[22:23], s[22:23]                       ; be962116
	s_cbranch_execz BB39                                        ; bfa50004
BB29:
	ds_store_b32 v1, v2 offset:8                                ; d8340008 00000201
	ds_store_b32 v1, v3 offset:1032                             ; d8340408 00000301
BB39:
	s_wait_dscnt 0x0                                            ; bfc60000
	s_barrier_signal -1                                         ; be804ec1
	s_barrier_wait 0xffff                                       ; bf94ffff
	s_mov_b64 exec, s[10:11]                                    ; befe010a
	s_cbranch_execz BB51                                        ; bfa5001a
BB40:
	ds_load_b32 v2, v1 offset:264                               ; d8d80108 02000001
	ds_load_b32 v3, v1 offset:1288                              ; d8d80508 03000001
	ds_load_b32 v4, v1 offset:8                                 ; d8d80008 04000001
	ds_load_b32 v5, v1 offset:1032                              ; d8d80408 05000001
	s_wait_dscnt 0x1                                            ; bfc60001
	v_cmp_eq_f32_e64 s[22:23], v2, v4                           ; d4120016 00020902
	v_cmp_lt_f32_e64 s[24:25], v4, v2                           ; d4110018 00020504
	s_wait_dscnt 0x0                                            ; bfc60000
	v_cmp_lt_u32_e64 s[26:27], v3, v5                           ; d449001a 00020b03
	s_and_b64 s[22:23], s[22:23], s[26:27]                      ; 8b961a16
	s_wait_alu 0xfffe                                           ; bf88fffe
	s_or_b64 s[22:23], s[24:25], s[22:23]                       ; 8c961618
	s_wait_alu 0xfffe                                           ; bf88fffe
	s_and_saveexec_b64 s[22:23], s[22:23]                       ; be962116
	s_cbranch_execz BB51                                        ; bfa50004
BB41:
	ds_store_b32 v1, v2 offset:8                                ; d8340008 00000201
	ds_store_b32 v1, v3 offset:1032                             ; d8340408 00000301
BB51:
	s_wait_dscnt 0x0                                            ; bfc60000
	s_barrier_signal -1                                         ; be804ec1
	s_barrier_wait 0xffff                                       ; bf94ffff
	s_mov_b64 exec, s[12:13]                                    ; befe010c
	s_cbranch_execz BB63                                        ; bfa50018
BB52:
	ds_load_2addr_b32 v[2:3], v1 offset0:2 offset1:34           ; d8dc2202 02000001
	ds_load_b32 v4, v1 offset:1160                              ; d8d80488 04000001
	ds_load_b32 v5, v1 offset:1032                              ; d8d80408 05000001
	s_wait_dscnt 0x2                                            ; bfc60002
	v_cmp_eq_f32_e64 s[22:23], v3, v2                           ; d4120016 00020503
	v_cmp_lt_f32_e64 s[24:25], v2, v3                           ; d4110018 00020702
	s_wait_dscnt 0x0                                            ; bfc60000
	v_cmp_lt_u32_e64 s[26:27], v4, v5                           ; d449001a 00020b04
	s_and_b64 s[22:23], s[22:23], s[26:27]                      ; 8b961a16
	s_wait_alu 0xfffe                                           ; bf88fffe
	s_or_b64 s[22:23], s[24:25], s[22:23]                       ; 8c961618
	s_wait_alu 0xfffe                                           ; bf88fffe
	s_and_saveexec_b64 s[22:23], s[22:23]                       ; be962116
	s_cbranch_execz BB63                                        ; bfa50004
BB53:
	ds_store_b32 v1, v3 offset:8                                ; d8340008 00000301
	ds_store_b32 v1, v4 offset:1032                             ; d8340408 00000401
BB63:
	s_wait_dscnt 0x0                                            ; bfc60000
	s_barrier_signal -1                                         ; be804ec1
	s_barrier_wait 0xffff                                       ; bf94ffff
	s_mov_b64 exec, s[14:15]                                    ; befe010e
	s_cbranch_execz BB75                                        ; bfa50018
BB64:
	ds_load_2addr_b32 v[2:3], v1 offset0:2 offset1:18           ; d8dc1202 02000001
	ds_load_b32 v4, v1 offset:1096                              ; d8d80448 04000001
	ds_load_b32 v5, v1 offset:1032                              ; d8d80408 05000001
	s_wait_dscnt 0x2                                            ; bfc60002
	v_cmp_eq_f32_e64 s[22:23], v3, v2                           ; d4120016 00020503
	v_cmp_lt_f32_e64 s[24:25], v2, v3                           ; d4110018 00020702
	s_wait_dscnt 0x0                                            ; bfc60000
	v_cmp_lt_u32_e64 s[26:27], v4, v5                           ; d449001a 00020b04
	s_and_b64 s[22:23], s[22:23], s[26:27]                      ; 8b961a16
	s_wait_alu 0xfffe                                           ; bf88fffe
	s_or_b64 s[22:23], s[24:25], s[22:23]                       ; 8c961618
	s_wait_alu 0xfffe                                           ; bf88fffe
	s_and_saveexec_b64 s[22:23], s[22:23]                       ; be962116
	s_cbranch_execz BB75                                        ; bfa50004
BB65:
	ds_store_b32 v1, v3 offset:8                                ; d8340008 00000301
	ds_store_b32 v1, v4 offset:1032                             ; d8340408 00000401
BB75:
	s_wait_dscnt 0x0                                            ; bfc60000
	s_barrier_signal -1                                         ; be804ec1
	s_barrier_wait 0xffff                                       ; bf94ffff
	s_mov_b64 exec, s[16:17]                                    ; befe0110
	s_cbranch_execz BB87                                        ; bfa50018
BB76:
	ds_load_2addr_b32 v[2:3], v1 offset0:2 offset1:10           ; d8dc0a02 02000001
	ds_load_b32 v4, v1 offset:1064                              ; d8d80428 04000001
	ds_load_b32 v5, v1 offset:1032                              ; d8d80408 05000001
	s_wait_dscnt 0x2                                            ; bfc60002
	v_cmp_eq_f32_e64 s[22:23], v3, v2                           ; d4120016 00020503
	v_cmp_lt_f32_e64 s[24:25], v2, v3                           ; d4110018 00020702
	s_wait_dscnt 0x0                                            ; bfc60000
	v_cmp_lt_u32_e64 s[26:27], v4, v5                           ; d449001a 00020b04
	s_and_b64 s[22:23], s[22:23], s[26:27]                      ; 8b961a16
	s_wait_alu 0xfffe                                           ; bf88fffe
	s_or_b64 s[22:23], s[24:25], s[22:23]                       ; 8c961618
	s_wait_alu 0xfffe                                           ; bf88fffe
	s_and_saveexec_b64 s[22:23], s[22:23]                       ; be962116
	s_cbranch_execz BB87                                        ; bfa50004
BB77:
	ds_store_b32 v1, v3 offset:8                                ; d8340008 00000301
	ds_store_b32 v1, v4 offset:1032                             ; d8340408 00000401
BB87:
	s_wait_dscnt 0x0                                            ; bfc60000
	s_barrier_signal -1                                         ; be804ec1
	s_barrier_wait 0xffff                                       ; bf94ffff
	s_mov_b64 exec, s[18:19]                                    ; befe0112
	s_cbranch_execz BB99                                        ; bfa50018
BB88:
	ds_load_2addr_b32 v[2:3], v1 offset0:2 offset1:6            ; d8dc0602 02000001
	ds_load_b32 v4, v1 offset:1048                              ; d8d80418 04000001
	ds_load_b32 v5, v1 offset:1032                              ; d8d80408 05000001
	s_wait_dscnt 0x2                                            ; bfc60002
	v_cmp_eq_f32_e64 s[22:23], v3, v2                           ; d4120016 00020503
	v_cmp_lt_f32_e64 s[24:25], v2, v3                           ; d4110018 00020702
	s_wait_dscnt 0x0                                            ; bfc60000
	v_cmp_lt_u32_e64 s[26:27], v4, v5                           ; d449001a 00020b04
	s_and_b64 s[22:23], s[22:23], s[26:27]                      ; 8b961a16
	s_wait_alu 0xfffe                                           ; bf88fffe
	s_or_b64 s[22:23], s[24:25], s[22:23]                       ; 8c961618
	s_wait_alu 0xfffe                                           ; bf88fffe
	s_and_saveexec_b64 s[22:23], s[22:23]                       ; be962116
	s_cbranch_execz BB99                                        ; bfa50004
BB89:
	ds_store_b32 v1, v3 offset:8                                ; d8340008 00000301
	ds_store_b32 v1, v4 offset:1032                             ; d8340408 00000401
BB99:
	s_wait_dscnt 0x0                                            ; bfc60000
	s_barrier_signal -1                                         ; be804ec1
	s_barrier_wait 0xffff                                       ; bf94ffff
	s_mov_b64 exec, s[20:21]                                    ; befe0114
	s_cbranch_execz BB111                                       ; bfa50018
BB100:
	ds_load_2addr_b32 v[2:3], v1 offset0:2 offset1:4            ; d8dc0402 02000001
	ds_load_b32 v4, v1 offset:1040                              ; d8d80410 04000001
	ds_load_b32 v5, v1 offset:1032                              ; d8d80408 05000001
	s_wait_dscnt 0x2                                            ; bfc60002
	v_cmp_eq_f32_e64 s[22:23], v3, v2                           ; d4120016 00020503
	v_cmp_lt_f32_e64 s[24:25], v2, v3                           ; d4110018 00020702
	s_wait_dscnt 0x0                                            ; bfc60000
	v_cmp_lt_u32_e64 s[26:27], v4, v5                           ; d449001a 00020b04
	s_and_b64 s[22:23], s[22:23], s[26:27]                      ; 8b961a16
	s_wait_alu 0xfffe                                           ; bf88fffe
	s_or_b64 s[22:23], s[24:25], s[22:23]                       ; 8c961618
	s_wait_alu 0xfffe                                           ; bf88fffe
	s_and_saveexec_b64 s[22:23], s[22:23]                       ; be962116
	s_cbranch_execz BB111                                       ; bfa50004
BB101:
	ds_store_b32 v1, v3 offset:8                                ; d8340008 00000301
	ds_store_b32 v1, v4 offset:1032                             ; d8340408 00000401
BB111:
	s_wait_dscnt 0x0                                            ; bfc60000
	s_barrier_signal -1                                         ; be804ec1
	s_barrier_wait 0xffff                                       ; bf94ffff
	s_mov_b64 exec, vcc                                         ; befe016a
	s_cbranch_execz BB123                                       ; bfa50022
BB112:
	v_mov_b32_e32 v2, 0                                         ; 7e040280
	ds_load_b32 v3, v2 offset:12                                ; d8d8000c 03000002
	ds_load_b32 v2, v2 offset:1036                              ; d8d8040c 02000002
	ds_load_b32 v4, v1 offset:8                                 ; d8d80008 04000001
	ds_load_b32 v5, v1 offset:1032                              ; d8d80408 05000001
	s_wait_dscnt 0x3                                            ; bfc60003
	v_readfirstlane_b32 s3, v3                                  ; 7e060503
	s_wait_dscnt 0x2                                            ; bfc60002
	v_readfirstlane_b32 s7, v2                                  ; 7e0e0502
	s_wait_dscnt 0x1                                            ; bfc60001
	s_wait_alu 0xf1ff                                           ; bf88f1ff
	v_cmp_eq_f32_e64 s[22:23], s3, v4                           ; d4120016 00020803
	v_cmp_gt_f32_e64 s[24:25], s3, v4                           ; d4140018 00020803
	s_wait_dscnt 0x0                                            ; bfc60000
	v_cmp_lt_u32_e64 s[26:27], s7, v5                           ; d449001a 00020a07
	s_and_b64 s[22:23], s[22:23], s[26:27]                      ; 8b961a16
	s_wait_alu 0xfffe                                           ; bf88fffe
	s_or_b64 s[22:23], s[24:25], s[22:23]                       ; 8c961618
	s_wait_alu 0xfffe                                           ; bf88fffe
	s_and_saveexec_b64 s[22:23], s[22:23]                       ; be962116
	s_cbranch_execz BB123                                       ; bfa50006
BB113:
	v_mov_b32_e32 v2, s3                                        ; 7e040203
	v_mov_b32_e32 v3, s7                                        ; 7e060207
	ds_store_b32 v1, v2 offset:8                                ; d8340008 00000201
	ds_store_b32 v1, v3 offset:1032                             ; d8340408 00000301
BB123:
	s_wait_dscnt 0x0                                            ; bfc60000
	s_barrier_signal -1                                         ; be804ec1
	s_barrier_wait 0xffff                                       ; bf94ffff
	s_mov_b64 exec, vcc                                         ; befe016a
	s_cbranch_execz BB129                                       ; bfa50016
BB124:
	v_mov_b32_e32 v2, 0                                         ; 7e040280
	ds_load_b32 v3, v2 offset:8                                 ; d8d80008 03000002
	s_lshl_b32 s3, s1, 2                                        ; 84038201
	s_lshl2_add_u32 s7, s1, 4                                   ; 87878401
	s_wait_alu 0xfffe                                           ; bf88fffe
	v_mov_b32_e32 v4, s3                                        ; 7e080203
	v_mov_b32_e32 v5, s7                                        ; 7e0a0207
	s_wait_dscnt 0x0                                            ; bfc60000
	v_readfirstlane_b32 s22, v3                                 ; 7e2c0503
	s_wait_alu 0xf1ff                                           ; bf88f1ff
	v_mov_b32_e32 v6, s22                                       ; 7e0c0216
	ds_store_b32 v4, v6                                         ; d8340000 00000604
	ds_load_b32 v2, v2 offset:1032                              ; d8d80408 02000002
	s_wait_dscnt 0x0                                            ; bfc60000
	v_readfirstlane_b32 s23, v2                                 ; 7e2e0502
	s_wait_alu 0xf1ff                                           ; bf88f1ff
	v_mov_b32_e32 v7, s23                                       ; 7e0e0217
	ds_store_b32 v5, v7                                         ; d8340000 00000705
BB129:
	s_mov_b64 exec, -1                                          ; befe01c1
	s_wait_dscnt 0x0                                            ; bfc60000
	s_barrier_signal -1                                         ; be804ec1
	s_barrier_wait 0xffff                                       ; bf94ffff
	s_add_co_u32 s1, s1, 1                                      ; 80018101
	s_wait_alu 0xfffe                                           ; bf88fffe
	s_cmp_lg_i32 s1, 0                                          ; bf018001
	s_cbranch_scc0 BB8                                          ; bfa1feab
BB133:
	s_mov_b64 exec, vcc                                         ; befe016a
	s_cbranch_execz BB141                                       ; bfa5001d
BB134:
	v_mov_b32_e32 v0, 0                                         ; 7e000280
	ds_load_b64 v[0:1], v0                                      ; d9d80000 00000000
	s_movk_i32 s3, 0x8000                                       ; b0038000
	s_load_b256 s[8:15], s[2:3], 0x10                           ; f4006201 f8000010
	s_add_co_u32 s5, s5, ttmp9                                  ; 80057505
	s_wait_alu 0xfffe                                           ; bf88fffe
	s_lshl_b32 s5, s5, 2                                        ; 84058205
	s_wait_dscnt 0x0                                            ; bfc60000
	v_readfirstlane_b32 s0, v0                                  ; 7e000500
	v_readfirstlane_b32 s1, v1                                  ; 7e020501
	s_wait_alu 0xf1ff                                           ; bf88f1ff
	v_mov_b32_e32 v1, s1                                        ; 7e020201
	s_wait_kmcnt 0x0                                            ; bfc70000
	buffer_store_b32 v1, off, s[8:11], s5                       ; c4068005 00801001 00000000
	s_cvt_f32_u32 s6, s6                                        ; be866506
	s_wait_alu 0xfffe                                           ; bf88fffe
	s_mul_f32 s6, s6, 0x3e000000                                ; a206ff06 3e000000
	s_wait_alu 0xfffe                                           ; bf88fffe
	s_add_f32 s0, s0, s6                                        ; a0000600
	s_wait_alu 0xfffe                                           ; bf88fffe
	v_mov_b32_e32 v2, s0                                        ; 7e040200
	buffer_store_b32 v2, off, s[12:15], s5                      ; c4068005 00801802 00000000
BB141:
	s_nop 0                                                     ; bf800000
	s_sendmsg sendmsg(MSG_DEALLOC_VGPRS)                        ; bfb60003
	s_endpgm                                                    ; bfb00000


Compute Shader:
*** SHADER STATS ***
Driver pipeline hash: 590929817224480846
SGPRs: 128
VGPRs: 12
Spilled SGPRs: 0
Spilled VGPRs: 0
Code size: 1632
LDS size: 2560
Scratch size: 0
Subgroups per SIMD: 32
Combined inputs: 0
Combined outputs: 0
Hash: 284802202
Instructions: 305
Copies: 57
Branches: 26
Latency: 7918
Inverse Throughput: 495
VMEM Clause: 3
SMEM Clause: 2
Pre-Sched SGPRs: 29
Pre-Sched VGPRs: 6
VALU: 67
SALU: 74
VMEM: 3
SMEM: 2
VOPD: 0
********************


[vulkan] rows=1 vocab=1024 wg=256 median=4.2 us correctness=pass
WARNING: radv is not a conformant Vulkan implementation, testing use only.
[vulkan] rows=1 vocab=32768 wg=256 median=4.692 us correctness=pass
WARNING: radv is not a conformant Vulkan implementation, testing use only.
[vulkan] rows=4 vocab=32768 wg=256 median=4.624 us correctness=pass
WARNING: radv is not a conformant Vulkan implementation, testing use only.
[vulkan] rows=8 vocab=32768 wg=256 median=4.684 us correctness=pass
WARNING: radv is not a conformant Vulkan implementation, testing use only.
shader: MESA_SHADER_COMPUTE
source_blake3: {0x3fd6808f, 0x69a9abab, 0x835356e8, 0x38335f13, 0x6b2c1a4b, 0xce0b236c, 0x373bbe50, 0xd95cbc83}
workgroup_size: 64, 1, 1
num_ssbos: 3
system_values_read: 0x00000000'00000000'00008400'00000000
shared_size: 576
subgroup_size: 0
bit_sizes_float: 0x20
bit_sizes_int: 0x21
separate_shader: true
writes_memory: true
uniforms: 16
decl_var push_const INTERP_MODE_NONE none block #0
decl_var ssbo INTERP_MODE_NONE restrict readonly block#2 #1 (~0, 0, 0)
decl_var ssbo INTERP_MODE_NONE restrict writeonly block#4 #3 (~0, 0, 1)
decl_var ssbo INTERP_MODE_NONE restrict writeonly block#2 #5 (~0, 0, 2)
decl_function main () (entrypoint)

impl main {
    block b0:    // preds:
    32x3    %0 = @load_workgroup_id
    32      %1 = @load_vector_arg_amd (base=6, arg_upper_bound_u32_amd=63)
    32      %2 = @load_scalar_arg_amd (base=2, arg_upper_bound_u32_amd=0)
    1       %3 = ult %0.x, %2
                 // succs: b1 b84
    if %3 {
        block b1:    // preds: b0
        64      %4 = load_const (0x00000000000000ff = 0.000000 = 255)
        1       %5 = @inverse_ballot (%4 (0xff))
                     // succs: b2 b3
        if %5 {
            block b2:    // preds: b1
            32      %6 = load_const (0xffffffff = -nan = -1 = 4294967295)
            32      %7 = load_const (0xff7fffff = -3.402823e+38 = -8388609 = 4286578687)
            32x2    %8 = vec2 %7 (0xff7fffff), %6 (0xffffffff)
            32      %9 = load_const (0x00000002)
            32     %10 = ishl %1, %9 (0x2)
                         @store_shared2_amd (%8, %10) (offset0=0, offset1=8, st64=0)
                         // succs: b4
        } else {
            block b3:  // preds: b1, succs: b4
        }
        block b4:    // preds: b2 b3
                     @barrier (execution_scope=WORKGROUP, memory_scope=WORKGROUP, mem_semantics=ACQ|REL, mem_modes=shared)
        32     %11 = @load_scalar_arg_amd (base=3, arg_upper_bound_u32_amd=0)
        32     %12 = imul %0.x, %11
        64     %13 = load_const (0x0000000000000003 = 0.000000)
        32     %14 = load_const (0x00000000)
        32     %15 = load_const (0x00000002)
        32     %16 = ishl %1, %15 (0x2)
        32     %17 = load_const (0x00000040 = 64)
        32     %18 = iadd.nuw %17 (0x40), %16
        32     %19 = load_const (0x00000140 = 320)
        32     %20 = iadd.nuw %19 (0x140), %16
        64     %21 = load_const (0x0000000000000001 = 0.000000)
        1      %22 = load_const (false)
        32     %23 = load_const (0x00000008)
        32     %24 = load_const (0x00000004)
        32     %25 = load_const (0xff7fffff = -3.402823e+38)
        32     %26 = load_const (0xffffffff = -1 = 4294967295)
        32     %27 = load_const (0x00000020 = 32)
        64     %28 = load_const (0x00000000ffffffff = 0.000000 = 4294967295)
        32     %29 = load_const (0x00000001)
        64     %30 = load_const (0x000000000000ffff = 0.000000 = 65535)
        64     %31 = load_const (0x000000000000000f = 0.000000 = 15)
                     // succs: b5
        loop {
            block b5:    // preds: b4 b79
            32     %32 = phi b4: %14 (0x0), b79: %161
                         // succs: b6
            loop {
                block b6:    // preds: b5 b36
                32     %33 = phi b5: %26 (0xffffffff), b36: %96
                32     %34 = phi b5: %25 (-3.402823e+38), b36: %95
                32     %35 = phi b5: %1, b36: %97
                1      %36 = uge %35, %11
                             // succs: b7 b8
                if %36 {
                    block b7:// preds: b6
                    break
                    // succs: b37
                } else {
                    block b8:  // preds: b6, succs: b9
                }
                block b9:    // preds: b8
                1      %37 = ine %32, %14 (0x0)
                             // succs: b10 b11
                if %37 {
                    block b10:   // preds: b9
                    32     %38 = @load_shared (%14 (0x0)) (base=32, align_mul=1073741824, align_offset=32)
                    1      %39 = ieq %38, %35
                                 // succs: b12
                } else {
                    block b11:  // preds: b9, succs: b12
                }
                block b12:   // preds: b10 b11
                1      %40 = phi b10: %39, b11: %22 (false)
                1      %41 = ult %29 (0x1), %32
                             // succs: b13 b14
                if %41 {
                    block b13:   // preds: b12
                    32     %42 = @load_shared (%14 (0x0)) (base=36, align_mul=1073741824, align_offset=36)
                    1      %43 = ieq %42, %35
                                 // succs: b15
                } else {
                    block b14:  // preds: b12, succs: b15
                }
                block b15:   // preds: b13 b14
                1      %44 = phi b13: %43, b14: %22 (false)
                1      %45 = ior %44, %40
                1      %46 = ult %15 (0x2), %32
                             // succs: b16 b17
                if %46 {
                    block b16:   // preds: b15
                    32     %47 = @load_shared (%14 (0x0)) (base=40, align_mul=1073741824, align_offset=40)
                    1      %48 = ieq %47, %35
                                 // succs: b18
                } else {
                    block b17:  // preds: b15, succs: b18
                }
                block b18:   // preds: b16 b17
                1      %49 = phi b16: %48, b17: %22 (false)
                1      %50 = ior %49, %45
                32     %51 = load_const (0x00000003)
                1      %52 = ult %51 (0x3), %32
                             // succs: b19 b20
                if %52 {
                    block b19:   // preds: b18
                    32     %53 = @load_shared (%14 (0x0)) (base=44, align_mul=1073741824, align_offset=44)
                    1      %54 = ieq %53, %35
                                 // succs: b21
                } else {
                    block b20:  // preds: b18, succs: b21
                }
                block b21:   // preds: b19 b20
                1      %55 = phi b19: %54, b20: %22 (false)
                1      %56 = ior %55, %50
                1      %57 = ult %24 (0x4), %32
                             // succs: b22 b23
                if %57 {
                    block b22:   // preds: b21
                    32     %58 = @load_shared (%14 (0x0)) (base=48, align_mul=1073741824, align_offset=48)
                    1      %59 = ieq %58, %35
                                 // succs: b24
                } else {
                    block b23:  // preds: b21, succs: b24
                }
                block b24:   // preds: b22 b23
                1      %60 = phi b22: %59, b23: %22 (false)
                1      %61 = ior %60, %56
                32     %62 = load_const (0x00000005)
                1      %63 = ult %62 (0x5), %32
                             // succs: b25 b26
                if %63 {
                    block b25:   // preds: b24
                    32     %64 = @load_shared (%14 (0x0)) (base=52, align_mul=1073741824, align_offset=52)
                    1      %65 = ieq %64, %35
                                 // succs: b27
                } else {
                    block b26:  // preds: b24, succs: b27
                }
                block b27:   // preds: b25 b26
                1      %66 = phi b25: %65, b26: %22 (false)
                1      %67 = ior %66, %61
                32     %68 = load_const (0x00000006)
                1      %69 = ult %68 (0x6), %32
                             // succs: b28 b29
                if %69 {
                    block b28:   // preds: b27
                    32     %70 = @load_shared (%14 (0x0)) (base=56, align_mul=1073741824, align_offset=56)
                    1      %71 = ieq %70, %35
                                 // succs: b30
                } else {
                    block b29:  // preds: b27, succs: b30
                }
                block b30:   // preds: b28 b29
                1      %72 = phi b28: %71, b29: %22 (false)
                1      %73 = ior %72, %67
                32     %74 = load_const (0x00000007)
                1      %75 = ult %74 (0x7), %32
                             // succs: b31 b32
                if %75 {
                    block b31:   // preds: b30
                    32     %76 = @load_shared (%14 (0x0)) (base=60, align_mul=1073741824, align_offset=60)
                    1      %77 = ieq %76, %35
                                 // succs: b33
                } else {
                    block b32:  // preds: b30, succs: b33
                }
                block b33:   // preds: b31 b32
                1      %78 = phi b31: %77, b32: %22 (false)
                1      %79 = ior %78, %73
                1      %80 = inot %79
                             // succs: b34 b35
                if %80 {
                    block b34:   // preds: b33
                    32     %81 = iadd %12, %35
                    32     %82 = @load_scalar_arg_amd (base=1, arg_upper_bound_u32_amd=0)
                    32     %83 = load_const (0xffff8000 = -32768 = 4294934528)
                    64     %84 = pack_64_2x32_split %82, %83 (0xffff8000)
                    32x4   %85 = @load_smem_amd (%84, %14 (0x0)) (align_mul=1073741824, align_offset=0)
                    32     %86 = ishl %81, %15 (0x2)
                    32     %87 = @load_ssbo (%85, %86) (access=readonly|reorderable, align_mul=4, align_offset=0)
                    1      %88 = feq! %87, %34
                    1      %89 = ult %35, %33
                    1      %90 = iand %88, %89
                    1      %91 = flt! %34, %87
                    1      %92 = ior %91, %90
                    32     %93 = bcsel %92, %35, %33
                    32     %94 = bcsel %92, %87, %34
                                 // succs: b36
                } else {
                    block b35:  // preds: b33, succs: b36
                }
                block b36:   // preds: b34 b35
                32     %95 = phi b34: %94, b35: %34
                32     %96 = phi b34: %93, b35: %33
                32     %97 = iadd %35, %17 (0x40)
                             // succs: b6
            }
            block b37:   // preds: b7
                         @store_shared (%34, %16) (base=64, wrmask=x, align_mul=4, align_offset=0)
                         @store_shared (%33, %16) (base=320, wrmask=x, align_mul=4, align_offset=0)
                         @barrier (execution_scope=WORKGROUP, memory_scope=WORKGROUP, mem_semantics=ACQ|REL, mem_modes=shared)
            1      %98 = @inverse_ballot (%28 (0xffffffff))
                         // succs: b38 b42
            if %98 {
                block b38:   // preds: b37
                32x2   %99 = @load_shared2_amd (%18) (offset0=0, offset1=32, st64=0)
                32x2  %100 = @load_shared2_amd (%20) (offset0=0, offset1=32, st64=0)
                1     %101 = feq! %99.y, %99.x
                1     %102 = ult %100.y, %100.x
                1     %103 = iand %101, %102
                1     %104 = flt! %99.x, %99.y
                1     %105 = ior %104, %103
                             // succs: b39 b40
                if %105 {
                    block b39:   // preds: b38
                    32    %106 = mov %99.y
                                 @store_shared (%106, %16) (base=64, wrmask=x, align_mul=4, align_offset=0)
                    32    %107 = mov %100.y
                                 @store_shared (%107, %16) (base=320, wrmask=x, align_mul=4, align_offset=0)
                                 // succs: b41
                } else {
                    block b40:  // preds: b38, succs: b41
                }
                block b41:  // preds: b39 b40, succs: b43
            } else {
                block b42:  // preds: b37, succs: b43
            }
            block b43:   // preds: b41 b42
                         @barrier (execution_scope=WORKGROUP, memory_scope=WORKGROUP, mem_semantics=ACQ|REL, mem_modes=shared)
            1     %108 = @inverse_ballot (%30 (0xffff))
                         // succs: b44 b48
            if %108 {
                block b44:   // preds: b43
                32x2  %109 = @load_shared2_amd (%18) (offset0=0, offset1=16, st64=0)
                32x2  %110 = @load_shared2_amd (%20) (offset0=0, offset1=16, st64=0)
                1     %111 = feq! %109.y, %109.x
                1     %112 = ult %110.y, %110.x
                1     %113 = iand %111, %112
                1     %114 = flt! %109.x, %109.y
                1     %115 = ior %114, %113
                             // succs: b45 b46
                if %115 {
                    block b45:   // preds: b44
                    32    %116 = mov %109.y
                                 @store_shared (%116, %16) (base=64, wrmask=x, align_mul=4, align_offset=0)
                    32    %117 = mov %110.y
                                 @store_shared (%117, %16) (base=320, wrmask=x, align_mul=4, align_offset=0)
                                 // succs: b47
                } else {
                    block b46:  // preds: b44, succs: b47
                }
                block b47:  // preds: b45 b46, succs: b49
            } else {
                block b48:  // preds: b43, succs: b49
            }
            block b49:// preds: b47 b48
            @barrier (execution_scope=WORKGROUP, memory_scope=WORKGROUP, mem_semantics=ACQ|REL, mem_modes=shared)
            // succs: b50 b54
            if %5 {
                block b50:   // preds: b49
                32x2  %118 = @load_shared2_amd (%18) (offset0=0, offset1=8, st64=0)
                32x2  %119 = @load_shared2_amd (%20) (offset0=0, offset1=8, st64=0)
                1     %120 = feq! %118.y, %118.x
                1     %121 = ult %119.y, %119.x
                1     %122 = iand %120, %121
                1     %123 = flt! %118.x, %118.y
                1     %124 = ior %123, %122
                             // succs: b51 b52
                if %124 {
                    block b51:   // preds: b50
                    32    %125 = mov %118.y
                                 @store_shared (%125, %16) (base=64, wrmask=x, align_mul=4, align_offset=0)
                    32    %126 = mov %119.y
                                 @store_shared (%126, %16) (base=320, wrmask=x, align_mul=4, align_offset=0)
                                 // succs: b53
                } else {
                    block b52:  // preds: b50, succs: b53
                }
                block b53:  // preds: b51 b52, succs: b55
            } else {
                block b54:  // preds: b49, succs: b55
            }
            block b55:   // preds: b53 b54
                         @barrier (execution_scope=WORKGROUP, memory_scope=WORKGROUP, mem_semantics=ACQ|REL, mem_modes=shared)
            1     %127 = @inverse_ballot (%31 (0xf))
                         // succs: b56 b60
            if %127 {
                block b56:   // preds: b55
                32x2  %128 = @load_shared2_amd (%18) (offset0=0, offset1=4, st64=0)
                32x2  %129 = @load_shared2_amd (%20) (offset0=0, offset1=4, st64=0)
                1     %130 = feq! %128.y, %128.x
                1     %131 = ult %129.y, %129.x
                1     %132 = iand %130, %131
                1     %133 = flt! %128.x, %128.y
                1     %134 = ior %133, %132
                             // succs: b57 b58
                if %134 {
                    block b57:   // preds: b56
                    32    %135 = mov %128.y
                                 @store_shared (%135, %16) (base=64, wrmask=x, align_mul=4, align_offset=0)
                    32    %136 = mov %129.y
                                 @store_shared (%136, %16) (base=320, wrmask=x, align_mul=4, align_offset=0)
                                 // succs: b59
                } else {
                    block b58:  // preds: b56, succs: b59
                }
                block b59:  // preds: b57 b58, succs: b61
            } else {
                block b60:  // preds: b55, succs: b61
            }
            block b61:   // preds: b59 b60
                         @barrier (execution_scope=WORKGROUP, memory_scope=WORKGROUP, mem_semantics=ACQ|REL, mem_modes=shared)
            1     %137 = @inverse_ballot (%13 (0x3))
                         // succs: b62 b66
            if %137 {
                block b62:   // preds: b61
                32x2  %138 = @load_shared2_amd (%18) (offset0=0, offset1=2, st64=0)
                32x2  %139 = @load_shared2_amd (%20) (offset0=0, offset1=2, st64=0)
                1     %140 = feq! %138.y, %138.x
                1     %141 = ult %139.y, %139.x
                1     %142 = iand %140, %141
                1     %143 = flt! %138.x, %138.y
                1     %144 = ior %143, %142
                             // succs: b63 b64
                if %144 {
                    block b63:   // preds: b62
                    32    %145 = mov %138.y
                                 @store_shared (%145, %16) (base=64, wrmask=x, align_mul=4, align_offset=0)
                    32    %146 = mov %139.y
                                 @store_shared (%146, %16) (base=320, wrmask=x, align_mul=4, align_offset=0)
                                 // succs: b65
                } else {
                    block b64:  // preds: b62, succs: b65
                }
                block b65:  // preds: b63 b64, succs: b67
            } else {
                block b66:  // preds: b61, succs: b67
            }
            block b67:   // preds: b65 b66
                         @barrier (execution_scope=WORKGROUP, memory_scope=WORKGROUP, mem_semantics=ACQ|REL, mem_modes=shared)
            1     %147 = @inverse_ballot (%21 (0x1))
                         // succs: b68 b72
            if %147 {
                block b68:   // preds: b67
                32    %148 = @load_shared (%14 (0x0)) (base=68, align_mul=1073741824, align_offset=68)
                32    %149 = @load_shared (%14 (0x0)) (base=324, align_mul=1073741824, align_offset=324)
                32    %150 = @load_shared (%16) (base=64, align_mul=4, align_offset=0)
                32    %151 = @load_shared (%16) (base=320, align_mul=4, align_offset=0)
                1     %152 = feq! %148, %150
                1     %153 = ult %149, %151
                1     %154 = iand %152, %153
                1     %155 = flt! %150, %148
                1     %156 = ior %155, %154
                             // succs: b69 b70
                if %156 {
                    block b69:// preds: b68
                    @store_shared (%148, %16) (base=64, wrmask=x, align_mul=4, align_offset=0)
                    @store_shared (%149, %16) (base=320, wrmask=x, align_mul=4, align_offset=0)
                    // succs: b71
                } else {
                    block b70:  // preds: b68, succs: b71
                }
                block b71:  // preds: b69 b70, succs: b73
            } else {
                block b72:  // preds: b67, succs: b73
            }
            block b73:// preds: b71 b72
            @barrier (execution_scope=WORKGROUP, memory_scope=WORKGROUP, mem_semantics=ACQ|REL, mem_modes=shared)
            // succs: b74 b75
            if %147 {
                block b74:   // preds: b73
                32    %157 = @load_shared (%14 (0x0)) (base=64, align_mul=1073741824, align_offset=64)
                32    %158 = ishl %32, %15 (0x2)
                             @store_shared (%157, %158) (base=0, wrmask=x, align_mul=4, align_offset=0)
                32    %159 = @load_shared (%14 (0x0)) (base=320, align_mul=1073741824, align_offset=320)
                32    %160 = iadd %27 (0x20), %158
                             @store_shared (%159, %160) (base=0, wrmask=x, align_mul=4, align_offset=0)
                             // succs: b76
            } else {
                block b75:  // preds: b73, succs: b76
            }
            block b76:   // preds: b74 b75
                         @barrier (execution_scope=WORKGROUP, memory_scope=WORKGROUP, mem_semantics=ACQ|REL, mem_modes=shared)
            32    %161 = iadd %32, %29 (0x1)
            1     %162 = uge %161, %23 (0x8)
                         // succs: b77 b78
            if %162 {
                block b77:// preds: b76
                break
                // succs: b80
            } else {
                block b78:  // preds: b76, succs: b79
            }
            block b79:  // preds: b78, succs: b5
        }
        block b80:  // preds: b77, succs: b81 b82
        if %5 {
            block b81:   // preds: b80
            32    %163 = @load_scalar_arg_amd (base=4, arg_upper_bound_u32_amd=0)
            32    %164 = @load_scalar_arg_amd (base=5, arg_upper_bound_u32_amd=0)
            32    %165 = load_const (0x00000003)
            32    %166 = ishl %0.x, %165 (0x3)
            32    %167 = iadd %163, %166
            32    %168 = iadd %167, %1
            32x2  %169 = @load_shared2_amd (%16) (offset0=0, offset1=8, st64=0)
            32    %170 = @load_scalar_arg_amd (base=1, arg_upper_bound_u32_amd=0)
            32    %171 = load_const (0xffff8000 = -32768 = 4294934528)
            64    %172 = pack_64_2x32_split %170, %171 (0xffff8000)
            32    %173 = load_const (0x00000010 = 16)
            32x8  %174 = @load_smem_amd (%172, %173 (0x10)) (align_mul=1073741824, align_offset=16)
            32    %175 = mov %169.y
            32    %176 = ishl %168, %15 (0x2)
            32x4  %177 = vec4 %174.a, %174.b, %174.c, %174.d
                         @store_ssbo (%175, %177, %176) (wrmask=x, access=writeonly, align_mul=4, align_offset=0)
            32    %178 = load_const (0x3e000000 = 0.125000)
            32    %179 = u2f32 %164
            32    %180 = fmul %179, %178 (0.125000)
            32    %181 = fadd %169.x, %180
            32x4  %182 = vec4 %174.e, %174.f, %174.g, %174.h
                         @store_ssbo (%181, %182, %176) (wrmask=x, access=writeonly, align_mul=4, align_offset=0)
                         // succs: b83
        } else {
            block b82:  // preds: b80, succs: b83
        }
        block b83:  // preds: b81 b82, succs: b85
    } else {
        block b84:  // preds: b0, succs: b85
    }
    block b85:  // preds: b83 b84, succs: b86
    block b86:
}

After RA:
ACO shader stage: SW (CS), HW (COMPUTE_SHADER)
BB0
/* logical preds: / linear preds: / kind: uniform, top-level, */
	 s2: %186:s[0-1],  s1: %187:s[2],  s1: %188:s[3],  s1: %189:s[4],  s1: %190:s[5],  s1: %191:s[6],  v1: %192:v[0],  s1: %193:s[117],  s1: %195:s[116],  s1: %194:s[115] = p_startpgm
	p_logical_start
	 s1: %199:scc = s_cmp_lt_u32 %193:s[117], %188:s[3]
	p_logical_end
	p_cbranch_z %199:scc BB137, BB1
BB1
/* logical preds: BB0, / linear preds: BB0, / kind: branch, */
	p_logical_start
	 s2: %5:s[0-1] = p_create_vector 0xff, 0
	p_logical_end
	 s2: %0:exec = p_parallelcopy %5:s[0-1]
	p_cbranch_z %0:exec BB3, BB2
BB2
/* logical preds: BB1, / linear preds: BB1, / kind: uniform, */
	p_logical_start
	 v1: %11:v[1] = v_lshlrev_b32 2, (is16bit)%192:v[0]
	 v1: %202:v[2] = p_parallelcopy 0xff7fffff
	 v1: %203:v[3] = p_parallelcopy -1
	ds_write2_b32 %11:v[1], %202:v[2], %203:v[3] offset1:8 storage:shared
	p_logical_end
	p_branch BB4
BB3
/* logical preds: / linear preds: BB1, / kind: uniform, */
	p_branch BB4
BB4
/* logical preds: / linear preds: BB2, BB3, / kind: invert, */
	 s2: %0:exec,  s1: %334:scc = s_andn2_b64 -1, %0:exec
	p_cbranch_z %0:exec BB6, BB5
BB5
/* logical preds: BB1, / linear preds: BB4, / kind: uniform, */
	p_logical_start
	p_logical_end
	p_branch BB7
BB6
/* logical preds: / linear preds: BB4, / kind: uniform, */
	p_branch BB7
BB7
/* logical preds: BB2, BB5, / linear preds: BB5, BB6, / kind: uniform, loop-preheader, merge, */
	 s2: %0:exec = p_parallelcopy -1
	p_logical_start
	p_barrier storage:shared semantics:acquire,release scope:workgroup exec_scope:workgroup
	 s1: %13:s[3] = s_mul_i32 %193:s[117], %189:s[4]
	 s2: %14:s[8-9] = p_create_vector 3, 0
	 v1: %17:v[1] = v_lshlrev_b32 2, (is16bit)%192:v[0]
	 s2: %22:s[10-11] = p_create_vector 1, 0
	 s2: %29:s[12-13] = p_create_vector -1, 0
	 s2: %31:s[14-15] = p_create_vector 0xffff, 0
	 s2: %32:s[16-17] = p_create_vector 15, 0
	p_logical_end
	p_branch BB8
BB8
/* logical preds: BB7, BB129, / linear preds: BB7, BB129, / kind: uniform, loop-preheader, loop-header, */
	 s1: %33:s[7] = p_linear_phi 0, %164:s[7]
	p_logical_start
	p_logical_end
	p_branch BB9
BB9
/* logical preds: BB8, BB47, / linear preds: BB8, BB47, / kind: loop-header, branch, */
	 v1: %36:v[2] = p_phi %192:v[0], %98:v[2]
	 v1: %35:v[3] = p_phi 0xff7fffff, %96:v[3]
	 v1: %34:v[4] = p_phi -1, %97:v[4]
	p_logical_start
	 s2: %37:vcc = v_cmp_le_u32 %189:s[4], %36:v[2]
	p_logical_end
	 s2: %336:s[18-19],  s1: %335:scc,  s2: %0:exec = s_and_saveexec_b64 %37:vcc, %0:exec
	p_cbranch_z %0:exec BB13, BB10
BB10
/* logical preds: BB9, / linear preds: BB9, / kind: break, */
	p_logical_start
	p_logical_end
	 s2: %338:s[18-19],  s1: %337:scc = s_andn2_b64 %336:s[18-19], %0:exec
	p_cbranch_nz %337:scc BB12, BB11
BB11
/* logical preds: / linear preds: BB10, / kind: uniform, */
	p_branch BB48
BB12
/* logical preds: / linear preds: BB10, / kind: uniform, */
	p_logical_start
	p_logical_end
	p_branch BB14
BB13
/* logical preds: / linear preds: BB9, / kind: uniform, */
	p_branch BB14
BB14
/* logical preds: / linear preds: BB12, BB13, / kind: invert, */
	 s2: %339:s[18-19] = p_linear_phi %338:s[18-19], %336:s[18-19]
	 s2: %0:exec,  s1: %340:scc = s_andn2_b64 %339:s[18-19], %0:exec
	p_cbranch_z %0:exec BB16, BB15
BB15
/* logical preds: BB9, / linear preds: BB14, / kind: uniform, */
	p_logical_start
	p_logical_end
	p_branch BB17
BB16
/* logical preds: / linear preds: BB14, / kind: uniform, */
	p_branch BB17
BB17
/* logical preds: BB15, / linear preds: BB15, BB16, / kind: uniform, merge, */
	 s2: %0:exec = p_parallelcopy %339:s[18-19]
	p_logical_start
	 s1: %204:scc = s_cmp_lg_i32 %33:s[7], 0
	p_logical_end
	p_cbranch_z %204:scc BB19, BB18
BB18
/* logical preds: BB17, / linear preds: BB17, / kind: uniform, */
	p_logical_start
	 v1: %207:v[5] = p_parallelcopy 0
	 v1: %208:v[5] = ds_read_b32 %207:v[5] offset0:32 storage:shared
	 s2: %40:vcc = v_cmp_eq_i32 %208:v[5], %36:v[2]
	p_logical_end
	p_branch BB20
BB19
/* logical preds: BB17, / linear preds: BB17, / kind: uniform, */
	p_logical_start
	p_logical_end
	p_branch BB20
BB20
/* logical preds: BB18, BB19, / linear preds: BB18, BB19, / kind: uniform, */
	 s2: %41:vcc = p_linear_phi %40:vcc, 0
	p_logical_start
	 s1: %210:scc = s_cmp_lt_u32 1, %33:s[7]
	p_logical_end
	p_cbranch_z %210:scc BB22, BB21
BB21
/* logical preds: BB20, / linear preds: BB20, / kind: uniform, */
	p_logical_start
	 v1: %213:v[5] = p_parallelcopy 0
	 v1: %214:v[5] = ds_read_b32 %213:v[5] offset0:36 storage:shared
	 s2: %44:s[20-21] = v_cmp_eq_i32 %214:v[5], %36:v[2]
	p_logical_end
	p_branch BB23
BB22
/* logical preds: BB20, / linear preds: BB20, / kind: uniform, */
	p_logical_start
	p_logical_end
	p_branch BB23
BB23
/* logical preds: BB21, BB22, / linear preds: BB21, BB22, / kind: uniform, */
	 s2: %45:s[20-21] = p_linear_phi %44:s[20-21], 0
	p_logical_start
	 s2: %46:s[20-21],  s1: %216:scc = s_or_b64 %45:s[20-21], %41:vcc
	 s1: %217:scc = s_cmp_lt_u32 2, %33:s[7]
	p_logical_end
	p_cbranch_z %217:scc BB25, BB24
BB24
/* logical preds: BB23, / linear preds: BB23, / kind: uniform, */
	p_logical_start
	 v1: %220:v[5] = p_parallelcopy 0
	 v1: %221:v[5] = ds_read_b32 %220:v[5] offset0:40 storage:shared
	 s2: %49:vcc = v_cmp_eq_i32 %221:v[5], %36:v[2]
	p_logical_end
	p_branch BB26
BB25
/* logical preds: BB23, / linear preds: BB23, / kind: uniform, */
	p_logical_start
	p_logical_end
	p_branch BB26
BB26
/* logical preds: BB24, BB25, / linear preds: BB24, BB25, / kind: uniform, */
	 s2: %50:vcc = p_linear_phi %49:vcc, 0
	p_logical_start
	 s2: %51:s[20-21],  s1: %223:scc = s_or_b64 %50:vcc, %46:s[20-21]
	 s1: %224:scc = s_cmp_lt_u32 3, %33:s[7]
	p_logical_end
	p_cbranch_z %224:scc BB28, BB27
BB27
/* logical preds: BB26, / linear preds: BB26, / kind: uniform, */
	p_logical_start
	 v1: %227:v[5] = p_parallelcopy 0
	 v1: %228:v[5] = ds_read_b32 %227:v[5] offset0:44 storage:shared
	 s2: %55:vcc = v_cmp_eq_i32 %228:v[5], %36:v[2]
	p_logical_end
	p_branch BB29
BB28
/* logical preds: BB26, / linear preds: BB26, / kind: uniform, */
	p_logical_start
	p_logical_end
	p_branch BB29
BB29
/* logical preds: BB27, BB28, / linear preds: BB27, BB28, / kind: uniform, */
	 s2: %56:vcc = p_linear_phi %55:vcc, 0
	p_logical_start
	 s2: %57:s[20-21],  s1: %230:scc = s_or_b64 %56:vcc, %51:s[20-21]
	 s1: %231:scc = s_cmp_lt_u32 4, %33:s[7]
	p_logical_end
	p_cbranch_z %231:scc BB31, BB30
BB30
/* logical preds: BB29, / linear preds: BB29, / kind: uniform, */
	p_logical_start
	 v1: %234:v[5] = p_parallelcopy 0
	 v1: %235:v[5] = ds_read_b32 %234:v[5] offset0:48 storage:shared
	 s2: %60:vcc = v_cmp_eq_i32 %235:v[5], %36:v[2]
	p_logical_end
	p_branch BB32
BB31
/* logical preds: BB29, / linear preds: BB29, / kind: uniform, */
	p_logical_start
	p_logical_end
	p_branch BB32
BB32
/* logical preds: BB30, BB31, / linear preds: BB30, BB31, / kind: uniform, */
	 s2: %61:vcc = p_linear_phi %60:vcc, 0
	p_logical_start
	 s2: %62:s[20-21],  s1: %237:scc = s_or_b64 %61:vcc, %57:s[20-21]
	 s1: %238:scc = s_cmp_lt_u32 5, %33:s[7]
	p_logical_end
	p_cbranch_z %238:scc BB34, BB33
BB33
/* logical preds: BB32, / linear preds: BB32, / kind: uniform, */
	p_logical_start
	 v1: %241:v[5] = p_parallelcopy 0
	 v1: %242:v[5] = ds_read_b32 %241:v[5] offset0:52 storage:shared
	 s2: %66:vcc = v_cmp_eq_i32 %242:v[5], %36:v[2]
	p_logical_end
	p_branch BB35
BB34
/* logical preds: BB32, / linear preds: BB32, / kind: uniform, */
	p_logical_start
	p_logical_end
	p_branch BB35
BB35
/* logical preds: BB33, BB34, / linear preds: BB33, BB34, / kind: uniform, */
	 s2: %67:vcc = p_linear_phi %66:vcc, 0
	p_logical_start
	 s2: %68:s[20-21],  s1: %244:scc = s_or_b64 %67:vcc, %62:s[20-21]
	 s1: %245:scc = s_cmp_lt_u32 6, %33:s[7]
	p_logical_end
	p_cbranch_z %245:scc BB37, BB36
BB36
/* logical preds: BB35, / linear preds: BB35, / kind: uniform, */
	p_logical_start
	 v1: %248:v[5] = p_parallelcopy 0
	 v1: %249:v[5] = ds_read_b32 %248:v[5] offset0:56 storage:shared
	 s2: %72:vcc = v_cmp_eq_i32 %249:v[5], %36:v[2]
	p_logical_end
	p_branch BB38
BB37
/* logical preds: BB35, / linear preds: BB35, / kind: uniform, */
	p_logical_start
	p_logical_end
	p_branch BB38
BB38
/* logical preds: BB36, BB37, / linear preds: BB36, BB37, / kind: uniform, */
	 s2: %73:vcc = p_linear_phi %72:vcc, 0
	p_logical_start
	 s2: %74:s[20-21],  s1: %251:scc = s_or_b64 %73:vcc, %68:s[20-21]
	 s1: %252:scc = s_cmp_lt_u32 7, %33:s[7]
	p_logical_end
	p_cbranch_z %252:scc BB40, BB39
BB39
/* logical preds: BB38, / linear preds: BB38, / kind: uniform, */
	p_logical_start
	 v1: %255:v[5] = p_parallelcopy 0
	 v1: %256:v[5] = ds_read_b32 %255:v[5] offset0:60 storage:shared
	 s2: %78:vcc = v_cmp_eq_i32 %256:v[5], %36:v[2]
	p_logical_end
	p_branch BB41
BB40
/* logical preds: BB38, / linear preds: BB38, / kind: uniform, */
	p_logical_start
	p_logical_end
	p_branch BB41
BB41
/* logical preds: BB39, BB40, / linear preds: BB39, BB40, / kind: branch, */
	 s2: %79:vcc = p_linear_phi %78:vcc, 0
	p_logical_start
	 s2: %81:s[20-21],  s1: %259:scc = s_nor_b64 %79:vcc, %74:s[20-21]
	p_logical_end
	 s2: %0:exec,  s1: %341:scc = s_and_b64 %81:s[20-21], %0:exec
	p_cbranch_z %0:exec BB43, BB42
BB42
/* logical preds: BB41, / linear preds: BB41, / kind: uniform, */
	p_logical_start
	 s2: %85:s[20-21] = p_create_vector %187:s[2], 0xffff8000
	 s4: %86:s[20-23] = s_load_dwordx4 %85:s[20-21], 0
	 v1: %87:v[5] = v_add_lshl_u32 %13:s[3], %36:v[2], 2
	 v1: %88:v[5] = buffer_load_dword %86:s[20-23], %87:v[5], 0 offen storage:buffer semantics:private,reorder
	 s2: %90:vcc = v_cmp_lt_u32 %36:v[2], %34:v[4]
	 s2: (precise)%89:s[20-21] = v_cmp_eq_f32 %88:v[5], %35:v[3]
	 s2: %91:s[20-21],  s1: %264:scc = s_and_b64 %89:s[20-21], %90:vcc
	 s2: (precise)%92:vcc = v_cmp_lt_f32 %35:v[3], %88:v[5]
	 s2: %93:vcc,  s1: %265:scc = s_or_b64 %92:vcc, %91:s[20-21]
	 v1: %94:v[4] = v_cndmask_b32 %34:v[4], %36:v[2], %93:vcc
	 v1: %95:v[3] = v_cndmask_b32 %35:v[3], %88:v[5], %93:vcc
	p_logical_end
	p_branch BB44
BB43
/* logical preds: / linear preds: BB41, / kind: uniform, */
	p_branch BB44
BB44
/* logical preds: / linear preds: BB42, BB43, / kind: invert, */
	 s2: %0:exec,  s1: %342:scc = s_andn2_b64 %339:s[18-19], %0:exec
	p_cbranch_z %0:exec BB46, BB45
BB45
/* logical preds: BB41, / linear preds: BB44, / kind: uniform, */
	p_logical_start
	p_logical_end
	p_branch BB47
BB46
/* logical preds: / linear preds: BB44, / kind: uniform, */
	p_branch BB47
BB47
/* logical preds: BB42, BB45, / linear preds: BB45, BB46, / kind: uniform, continue, merge, */
	 v1: %97:v[4] = p_phi %94:v[4], %34:v[4]
	 v1: %96:v[3] = p_phi %95:v[3], %35:v[3]
	 s2: %0:exec = p_parallelcopy %339:s[18-19]
	p_logical_start
	 v1: %98:v[2] = v_add_u32 64, %36:v[2]
	p_logical_end
	p_branch BB9
BB48
/* logical preds: BB10, / linear preds: BB11, / kind: loop-exit, branch, */
	 v1: %100:v[3] = p_phi %35:v[3]
	 v1: %99:v[4] = p_phi %34:v[4]
	 s2: %0:exec = p_parallelcopy -1
	p_logical_start
	ds_write_b32 %17:v[1], %100:v[3] offset0:64 storage:shared
	ds_write_b32 %17:v[1], %99:v[4] offset0:320 storage:shared
	p_barrier storage:shared semantics:acquire,release scope:workgroup exec_scope:workgroup
	p_logical_end
	 s2: %0:exec = p_parallelcopy %29:s[12-13]
	p_cbranch_z %0:exec BB56, BB49
BB49
/* logical preds: BB48, / linear preds: BB48, / kind: branch, */
	p_logical_start
	 v2: %102:v[2-3] = ds_read2_b32 %17:v[1] offset0:16 offset1:48 storage:shared
	 v2: %103:v[4-5] = ds_read2_b32 %17:v[1] offset0:80 offset1:112 storage:shared
	 v1: %266:v[2],  v1: %267:v[3] = p_split_vector %102:v[2-3]
	 s2: (precise)%104:vcc = v_cmp_eq_f32 %267:v[3], %266:v[2]
	 s2: (precise)%107:s[18-19] = v_cmp_lt_f32 %266:v[2], %267:v[3]
	 v1: %268:v[4],  v1: %269:v[5] = p_split_vector %103:v[4-5]
	 s2: %105:s[20-21] = v_cmp_lt_u32 %269:v[5], %268:v[4]
	 s2: %106:s[20-21],  s1: %270:scc = s_and_b64 %104:vcc, %105:s[20-21]
	 s2: %108:s[18-19],  s1: %271:scc = s_or_b64 %107:s[18-19], %106:s[20-21]
	p_logical_end
	 s2: %344:s[18-19],  s1: %343:scc,  s2: %0:exec = s_and_saveexec_b64 %108:s[18-19], %0:exec
	p_cbranch_z %0:exec BB51, BB50
BB50
/* logical preds: BB49, / linear preds: BB49, / kind: uniform, */
	p_logical_start
	ds_write_b32 %17:v[1], %267:v[3] offset0:64 storage:shared
	ds_write_b32 %17:v[1], %269:v[5] offset0:320 storage:shared
	p_logical_end
	p_branch BB52
BB51
/* logical preds: / linear preds: BB49, / kind: uniform, */
	p_branch BB52
BB52
/* logical preds: / linear preds: BB50, BB51, / kind: invert, */
	 s2: %0:exec,  s1: %345:scc = s_andn2_b64 %344:s[18-19], %0:exec
	p_cbranch_z %0:exec BB54, BB53
BB53
/* logical preds: BB49, / linear preds: BB52, / kind: uniform, */
	p_logical_start
	p_logical_end
	p_branch BB55
BB54
/* logical preds: / linear preds: BB52, / kind: uniform, */
	p_branch BB55
BB55
/* logical preds: BB50, BB53, / linear preds: BB53, BB54, / kind: uniform, merge, */
	 s2: %0:exec = p_parallelcopy %344:s[18-19]
	p_logical_start
	p_logical_end
	p_branch BB57
BB56
/* logical preds: / linear preds: BB48, / kind: uniform, */
	p_branch BB57
BB57
/* logical preds: / linear preds: BB55, BB56, / kind: invert, */
	 s2: %0:exec,  s1: %346:scc = s_andn2_b64 -1, %0:exec
	p_cbranch_z %0:exec BB59, BB58
BB58
/* logical preds: BB48, / linear preds: BB57, / kind: uniform, */
	p_logical_start
	p_logical_end
	p_branch BB60
BB59
/* logical preds: / linear preds: BB57, / kind: uniform, */
	p_branch BB60
BB60
/* logical preds: BB55, BB58, / linear preds: BB58, BB59, / kind: branch, merge, */
	 s2: %0:exec = p_parallelcopy -1
	p_logical_start
	p_barrier storage:shared semantics:acquire,release scope:workgroup exec_scope:workgroup
	p_logical_end
	 s2: %0:exec = p_parallelcopy %31:s[14-15]
	p_cbranch_z %0:exec BB68, BB61
BB61
/* logical preds: BB60, / linear preds: BB60, / kind: branch, */
	p_logical_start
	 v2: %112:v[2-3] = ds_read2_b32 %17:v[1] offset0:16 offset1:32 storage:shared
	 v2: %113:v[4-5] = ds_read2_b32 %17:v[1] offset0:80 offset1:96 storage:shared
	 v1: %272:v[2],  v1: %273:v[3] = p_split_vector %112:v[2-3]
	 s2: (precise)%114:vcc = v_cmp_eq_f32 %273:v[3], %272:v[2]
	 s2: (precise)%117:s[18-19] = v_cmp_lt_f32 %272:v[2], %273:v[3]
	 v1: %274:v[4],  v1: %275:v[5] = p_split_vector %113:v[4-5]
	 s2: %115:s[20-21] = v_cmp_lt_u32 %275:v[5], %274:v[4]
	 s2: %116:s[20-21],  s1: %276:scc = s_and_b64 %114:vcc, %115:s[20-21]
	 s2: %118:s[18-19],  s1: %277:scc = s_or_b64 %117:s[18-19], %116:s[20-21]
	p_logical_end
	 s2: %348:s[18-19],  s1: %347:scc,  s2: %0:exec = s_and_saveexec_b64 %118:s[18-19], %0:exec
	p_cbranch_z %0:exec BB63, BB62
BB62
/* logical preds: BB61, / linear preds: BB61, / kind: uniform, */
	p_logical_start
	ds_write_b32 %17:v[1], %273:v[3] offset0:64 storage:shared
	ds_write_b32 %17:v[1], %275:v[5] offset0:320 storage:shared
	p_logical_end
	p_branch BB64
BB63
/* logical preds: / linear preds: BB61, / kind: uniform, */
	p_branch BB64
BB64
/* logical preds: / linear preds: BB62, BB63, / kind: invert, */
	 s2: %0:exec,  s1: %349:scc = s_andn2_b64 %348:s[18-19], %0:exec
	p_cbranch_z %0:exec BB66, BB65
BB65
/* logical preds: BB61, / linear preds: BB64, / kind: uniform, */
	p_logical_start
	p_logical_end
	p_branch BB67
BB66
/* logical preds: / linear preds: BB64, / kind: uniform, */
	p_branch BB67
BB67
/* logical preds: BB62, BB65, / linear preds: BB65, BB66, / kind: uniform, merge, */
	 s2: %0:exec = p_parallelcopy %348:s[18-19]
	p_logical_start
	p_logical_end
	p_branch BB69
BB68
/* logical preds: / linear preds: BB60, / kind: uniform, */
	p_branch BB69
BB69
/* logical preds: / linear preds: BB67, BB68, / kind: invert, */
	 s2: %0:exec,  s1: %350:scc = s_andn2_b64 -1, %0:exec
	p_cbranch_z %0:exec BB71, BB70
BB70
/* logical preds: BB60, / linear preds: BB69, / kind: uniform, */
	p_logical_start
	p_logical_end
	p_branch BB72
BB71
/* logical preds: / linear preds: BB69, / kind: uniform, */
	p_branch BB72
BB72
/* logical preds: BB67, BB70, / linear preds: BB70, BB71, / kind: branch, merge, */
	 s2: %0:exec = p_parallelcopy -1
	p_logical_start
	p_barrier storage:shared semantics:acquire,release scope:workgroup exec_scope:workgroup
	p_logical_end
	 s2: %0:exec = p_parallelcopy %5:s[0-1]
	p_cbranch_z %0:exec BB80, BB73
BB73
/* logical preds: BB72, / linear preds: BB72, / kind: branch, */
	p_logical_start
	 v2: %121:v[2-3] = ds_read2_b32 %17:v[1] offset0:16 offset1:24 storage:shared
	 v2: %122:v[4-5] = ds_read2_b32 %17:v[1] offset0:80 offset1:88 storage:shared
	 v1: %278:v[2],  v1: %279:v[3] = p_split_vector %121:v[2-3]
	 s2: (precise)%123:vcc = v_cmp_eq_f32 %279:v[3], %278:v[2]
	 s2: (precise)%126:s[18-19] = v_cmp_lt_f32 %278:v[2], %279:v[3]
	 v1: %280:v[4],  v1: %281:v[5] = p_split_vector %122:v[4-5]
	 s2: %124:s[20-21] = v_cmp_lt_u32 %281:v[5], %280:v[4]
	 s2: %125:s[20-21],  s1: %282:scc = s_and_b64 %123:vcc, %124:s[20-21]
	 s2: %127:s[18-19],  s1: %283:scc = s_or_b64 %126:s[18-19], %125:s[20-21]
	p_logical_end
	 s2: %352:s[18-19],  s1: %351:scc,  s2: %0:exec = s_and_saveexec_b64 %127:s[18-19], %0:exec
	p_cbranch_z %0:exec BB75, BB74
BB74
/* logical preds: BB73, / linear preds: BB73, / kind: uniform, */
	p_logical_start
	ds_write_b32 %17:v[1], %279:v[3] offset0:64 storage:shared
	ds_write_b32 %17:v[1], %281:v[5] offset0:320 storage:shared
	p_logical_end
	p_branch BB76
BB75
/* logical preds: / linear preds: BB73, / kind: uniform, */
	p_branch BB76
BB76
/* logical preds: / linear preds: BB74, BB75, / kind: invert, */
	 s2: %0:exec,  s1: %353:scc = s_andn2_b64 %352:s[18-19], %0:exec
	p_cbranch_z %0:exec BB78, BB77
BB77
/* logical preds: BB73, / linear preds: BB76, / kind: uniform, */
	p_logical_start
	p_logical_end
	p_branch BB79
BB78
/* logical preds: / linear preds: BB76, / kind: uniform, */
	p_branch BB79
BB79
/* logical preds: BB74, BB77, / linear preds: BB77, BB78, / kind: uniform, merge, */
	 s2: %0:exec = p_parallelcopy %352:s[18-19]
	p_logical_start
	p_logical_end
	p_branch BB81
BB80
/* logical preds: / linear preds: BB72, / kind: uniform, */
	p_branch BB81
BB81
/* logical preds: / linear preds: BB79, BB80, / kind: invert, */
	 s2: %0:exec,  s1: %354:scc = s_andn2_b64 -1, %0:exec
	p_cbranch_z %0:exec BB83, BB82
BB82
/* logical preds: BB72, / linear preds: BB81, / kind: uniform, */
	p_logical_start
	p_logical_end
	p_branch BB84
BB83
/* logical preds: / linear preds: BB81, / kind: uniform, */
	p_branch BB84
BB84
/* logical preds: BB79, BB82, / linear preds: BB82, BB83, / kind: branch, merge, */
	 s2: %0:exec = p_parallelcopy -1
	p_logical_start
	p_barrier storage:shared semantics:acquire,release scope:workgroup exec_scope:workgroup
	p_logical_end
	 s2: %0:exec = p_parallelcopy %32:s[16-17]
	p_cbranch_z %0:exec BB92, BB85
BB85
/* logical preds: BB84, / linear preds: BB84, / kind: branch, */
	p_logical_start
	 v2: %131:v[2-3] = ds_read2_b32 %17:v[1] offset0:16 offset1:20 storage:shared
	 v2: %132:v[4-5] = ds_read2_b32 %17:v[1] offset0:80 offset1:84 storage:shared
	 v1: %284:v[2],  v1: %285:v[3] = p_split_vector %131:v[2-3]
	 s2: (precise)%133:vcc = v_cmp_eq_f32 %285:v[3], %284:v[2]
	 s2: (precise)%136:s[18-19] = v_cmp_lt_f32 %284:v[2], %285:v[3]
	 v1: %286:v[4],  v1: %287:v[5] = p_split_vector %132:v[4-5]
	 s2: %134:s[20-21] = v_cmp_lt_u32 %287:v[5], %286:v[4]
	 s2: %135:s[20-21],  s1: %288:scc = s_and_b64 %133:vcc, %134:s[20-21]
	 s2: %137:s[18-19],  s1: %289:scc = s_or_b64 %136:s[18-19], %135:s[20-21]
	p_logical_end
	 s2: %356:s[18-19],  s1: %355:scc,  s2: %0:exec = s_and_saveexec_b64 %137:s[18-19], %0:exec
	p_cbranch_z %0:exec BB87, BB86
BB86
/* logical preds: BB85, / linear preds: BB85, / kind: uniform, */
	p_logical_start
	ds_write_b32 %17:v[1], %285:v[3] offset0:64 storage:shared
	ds_write_b32 %17:v[1], %287:v[5] offset0:320 storage:shared
	p_logical_end
	p_branch BB88
BB87
/* logical preds: / linear preds: BB85, / kind: uniform, */
	p_branch BB88
BB88
/* logical preds: / linear preds: BB86, BB87, / kind: invert, */
	 s2: %0:exec,  s1: %357:scc = s_andn2_b64 %356:s[18-19], %0:exec
	p_cbranch_z %0:exec BB90, BB89
BB89
/* logical preds: BB85, / linear preds: BB88, / kind: uniform, */
	p_logical_start
	p_logical_end
	p_branch BB91
BB90
/* logical preds: / linear preds: BB88, / kind: uniform, */
	p_branch BB91
BB91
/* logical preds: BB86, BB89, / linear preds: BB89, BB90, / kind: uniform, merge, */
	 s2: %0:exec = p_parallelcopy %356:s[18-19]
	p_logical_start
	p_logical_end
	p_branch BB93
BB92
/* logical preds: / linear preds: BB84, / kind: uniform, */
	p_branch BB93
BB93
/* logical preds: / linear preds: BB91, BB92, / kind: invert, */
	 s2: %0:exec,  s1: %358:scc = s_andn2_b64 -1, %0:exec
	p_cbranch_z %0:exec BB95, BB94
BB94
/* logical preds: BB84, / linear preds: BB93, / kind: uniform, */
	p_logical_start
	p_logical_end
	p_branch BB96
BB95
/* logical preds: / linear preds: BB93, / kind: uniform, */
	p_branch BB96
BB96
/* logical preds: BB91, BB94, / linear preds: BB94, BB95, / kind: branch, merge, */
	 s2: %0:exec = p_parallelcopy -1
	p_logical_start
	p_barrier storage:shared semantics:acquire,release scope:workgroup exec_scope:workgroup
	p_logical_end
	 s2: %0:exec = p_parallelcopy %14:s[8-9]
	p_cbranch_z %0:exec BB104, BB97
BB97
/* logical preds: BB96, / linear preds: BB96, / kind: branch, */
	p_logical_start
	 v2: %141:v[2-3] = ds_read2_b32 %17:v[1] offset0:16 offset1:18 storage:shared
	 v2: %142:v[4-5] = ds_read2_b32 %17:v[1] offset0:80 offset1:82 storage:shared
	 v1: %290:v[2],  v1: %291:v[3] = p_split_vector %141:v[2-3]
	 s2: (precise)%143:vcc = v_cmp_eq_f32 %291:v[3], %290:v[2]
	 s2: (precise)%146:s[18-19] = v_cmp_lt_f32 %290:v[2], %291:v[3]
	 v1: %292:v[4],  v1: %293:v[5] = p_split_vector %142:v[4-5]
	 s2: %144:s[20-21] = v_cmp_lt_u32 %293:v[5], %292:v[4]
	 s2: %145:s[20-21],  s1: %294:scc = s_and_b64 %143:vcc, %144:s[20-21]
	 s2: %147:s[18-19],  s1: %295:scc = s_or_b64 %146:s[18-19], %145:s[20-21]
	p_logical_end
	 s2: %360:s[18-19],  s1: %359:scc,  s2: %0:exec = s_and_saveexec_b64 %147:s[18-19], %0:exec
	p_cbranch_z %0:exec BB99, BB98
BB98
/* logical preds: BB97, / linear preds: BB97, / kind: uniform, */
	p_logical_start
	ds_write_b32 %17:v[1], %291:v[3] offset0:64 storage:shared
	ds_write_b32 %17:v[1], %293:v[5] offset0:320 storage:shared
	p_logical_end
	p_branch BB100
BB99
/* logical preds: / linear preds: BB97, / kind: uniform, */
	p_branch BB100
BB100
/* logical preds: / linear preds: BB98, BB99, / kind: invert, */
	 s2: %0:exec,  s1: %361:scc = s_andn2_b64 %360:s[18-19], %0:exec
	p_cbranch_z %0:exec BB102, BB101
BB101
/* logical preds: BB97, / linear preds: BB100, / kind: uniform, */
	p_logical_start
	p_logical_end
	p_branch BB103
BB102
/* logical preds: / linear preds: BB100, / kind: uniform, */
	p_branch BB103
BB103
/* logical preds: BB98, BB101, / linear preds: BB101, BB102, / kind: uniform, merge, */
	 s2: %0:exec = p_parallelcopy %360:s[18-19]
	p_logical_start
	p_logical_end
	p_branch BB105
BB104
/* logical preds: / linear preds: BB96, / kind: uniform, */
	p_branch BB105
BB105
/* logical preds: / linear preds: BB103, BB104, / kind: invert, */
	 s2: %0:exec,  s1: %362:scc = s_andn2_b64 -1, %0:exec
	p_cbranch_z %0:exec BB107, BB106
BB106
/* logical preds: BB96, / linear preds: BB105, / kind: uniform, */
	p_logical_start
	p_logical_end
	p_branch BB108
BB107
/* logical preds: / linear preds: BB105, / kind: uniform, */
	p_branch BB108
BB108
/* logical preds: BB103, BB106, / linear preds: BB106, BB107, / kind: branch, merge, */
	 s2: %0:exec = p_parallelcopy -1
	p_logical_start
	p_barrier storage:shared semantics:acquire,release scope:workgroup exec_scope:workgroup
	p_logical_end
	 s2: %0:exec = p_parallelcopy %22:s[10-11]
	p_cbranch_z %0:exec BB116, BB109
BB109
/* logical preds: BB108, / linear preds: BB108, / kind: branch, */
	p_logical_start
	 v1: %296:v[2] = p_parallelcopy 0
	 v1: %297:v[3] = ds_read_b32 %296:v[2] offset0:68 storage:shared
	 v1: %300:v[2] = ds_read_b32 %296:v[2] offset0:324 storage:shared
	 v1: %153:v[4] = ds_read_b32 %17:v[1] offset0:64 storage:shared
	 v1: %154:v[5] = ds_read_b32 %17:v[1] offset0:320 storage:shared
	 s2: (precise)%155:vcc = v_cmp_eq_f32 %297:v[3], %153:v[4]
	 s2: (precise)%158:s[18-19] = v_cmp_gt_f32 %297:v[3], %153:v[4]
	 s2: %156:s[20-21] = v_cmp_lt_u32 %300:v[2], %154:v[5]
	 s2: %157:s[20-21],  s1: %302:scc = s_and_b64 %155:vcc, %156:s[20-21]
	 s2: %159:s[18-19],  s1: %303:scc = s_or_b64 %158:s[18-19], %157:s[20-21]
	p_logical_end
	 s2: %364:s[18-19],  s1: %363:scc,  s2: %0:exec = s_and_saveexec_b64 %159:s[18-19], %0:exec
	p_cbranch_z %0:exec BB111, BB110
BB110
/* logical preds: BB109, / linear preds: BB109, / kind: uniform, */
	p_logical_start
	ds_write_b32 %17:v[1], %297:v[3] offset0:64 storage:shared
	ds_write_b32 %17:v[1], %300:v[2] offset0:320 storage:shared
	p_logical_end
	p_branch BB112
BB111
/* logical preds: / linear preds: BB109, / kind: uniform, */
	p_branch BB112
BB112
/* logical preds: / linear preds: BB110, BB111, / kind: invert, */
	 s2: %0:exec,  s1: %365:scc = s_andn2_b64 %364:s[18-19], %0:exec
	p_cbranch_z %0:exec BB114, BB113
BB113
/* logical preds: BB109, / linear preds: BB112, / kind: uniform, */
	p_logical_start
	p_logical_end
	p_branch BB115
BB114
/* logical preds: / linear preds: BB112, / kind: uniform, */
	p_branch BB115
BB115
/* logical preds: BB110, BB113, / linear preds: BB113, BB114, / kind: uniform, merge, */
	 s2: %0:exec = p_parallelcopy %364:s[18-19]
	p_logical_start
	p_logical_end
	p_branch BB117
BB116
/* logical preds: / linear preds: BB108, / kind: uniform, */
	p_branch BB117
BB117
/* logical preds: / linear preds: BB115, BB116, / kind: invert, */
	 s2: %0:exec,  s1: %366:scc = s_andn2_b64 -1, %0:exec
	p_cbranch_z %0:exec BB119, BB118
BB118
/* logical preds: BB108, / linear preds: BB117, / kind: uniform, */
	p_logical_start
	p_logical_end
	p_branch BB120
BB119
/* logical preds: / linear preds: BB117, / kind: uniform, */
	p_branch BB120
BB120
/* logical preds: BB115, BB118, / linear preds: BB118, BB119, / kind: branch, merge, */
	 s2: %0:exec = p_parallelcopy -1
	p_logical_start
	p_barrier storage:shared semantics:acquire,release scope:workgroup exec_scope:workgroup
	p_logical_end
	 s2: %0:exec = p_parallelcopy %22:s[10-11]
	p_cbranch_z %0:exec BB122, BB121
BB121
/* logical preds: BB120, / linear preds: BB120, / kind: uniform, */
	p_logical_start
	 v1: %306:v[2] = p_parallelcopy 0
	 v1: %307:v[3] = ds_read_b32 %306:v[2] offset0:64 storage:shared
	 s1: %161:s[18],  s1: %309:scc = s_lshl_b32 %33:s[7], 2
	 v1: %310:v[4] = p_parallelcopy %161:s[18]
	ds_write_b32 %310:v[4], %307:v[3] storage:shared
	 v1: %313:v[2] = ds_read_b32 %306:v[2] offset0:320 storage:shared
	 s1: %163:s[19],  s1: %315:scc = s_lshl2_add_u32 %33:s[7], 32
	 v1: %316:v[5] = p_parallelcopy %163:s[19]
	ds_write_b32 %316:v[5], %313:v[2] storage:shared
	p_logical_end
	p_branch BB123
BB122
/* logical preds: / linear preds: BB120, / kind: uniform, */
	p_branch BB123
BB123
/* logical preds: / linear preds: BB121, BB122, / kind: invert, */
	 s2: %0:exec,  s1: %367:scc = s_andn2_b64 -1, %0:exec
	p_cbranch_z %0:exec BB125, BB124
BB124
/* logical preds: BB120, / linear preds: BB123, / kind: uniform, */
	p_logical_start
	p_logical_end
	p_branch BB126
BB125
/* logical preds: / linear preds: BB123, / kind: uniform, */
	p_branch BB126
BB126
/* logical preds: BB121, BB124, / linear preds: BB124, BB125, / kind: uniform, merge, */
	 s2: %0:exec = p_parallelcopy -1
	p_logical_start
	p_barrier storage:shared semantics:acquire,release scope:workgroup exec_scope:workgroup
	 s1: %164:s[7],  s1: %318:scc = s_add_u32 %33:s[7], 1
	 s1: %319:scc = s_cmp_ge_u32 %164:s[7], 8
	p_logical_end
	p_cbranch_z %319:scc BB128, BB127
BB127
/* logical preds: BB126, / linear preds: BB126, / kind: uniform, break, */
	p_logical_start
	p_logical_end
	p_branch BB130
BB128
/* logical preds: BB126, / linear preds: BB126, / kind: uniform, */
	p_logical_start
	p_logical_end
	p_branch BB129
BB129
/* logical preds: BB128, / linear preds: BB128, / kind: uniform, continue, */
	p_logical_start
	p_logical_end
	p_branch BB8
BB130
/* logical preds: BB127, / linear preds: BB127, / kind: loop-exit, branch, */
	p_logical_start
	p_logical_end
	 s2: %0:exec = p_parallelcopy %5:s[0-1]
	p_cbranch_z %0:exec BB132, BB131
BB131
/* logical preds: BB130, / linear preds: BB130, / kind: uniform, */
	p_logical_start
	 v2: %172:v[2-3] = ds_read2_b32 %17:v[1] offset1:8 storage:shared
	 s2: %175:s[2-3] = p_create_vector %187:s[2], 0xffff8000
	 s8: %177:s[8-15] = s_load_dwordx8 %175:s[2-3], 16
	 s1: %170:s[5],  s1: %323:scc = s_lshl3_add_u32 %193:s[117], %190:s[5]
	 v1: %324:v[2],  v1: %325:v[3] = p_split_vector %172:v[2-3]
	 v1: %179:v[0] = v_add_lshl_u32 %170:s[5], %192:v[0], 2
	 s1: %326:s[8],  s1: %327:s[9],  s1: %328:s[10],  s1: %329:s[11],  s1: %330:s[12],  s1: %331:s[13],  s1: %332:s[14],  s1: %333:s[15] = p_split_vector %177:s[8-15]
	 s4: %180:s[8-11] = p_create_vector %326:s[8], %327:s[9], %328:s[10], %329:s[11]
	buffer_store_dword %180:s[8-11], %179:v[0], 0, %325:v[3] offen disable_wqm storage:buffer
	 s1: %182:s[6] = s_cvt_f32_u32 %191:s[6]
	 s1: %183:s[6] = s_mul_f32 %182:s[6], 0x3e000000
	 v1: %184:v[2] = v_add_f32 %183:s[6], %324:v[2]
	 s4: %185:s[12-15] = p_create_vector %330:s[12], %331:s[13], %332:s[14], %333:s[15]
	buffer_store_dword %185:s[12-15], %179:v[0], 0, %184:v[2] offen disable_wqm storage:buffer
	p_logical_end
	p_branch BB133
BB132
/* logical preds: / linear preds: BB130, / kind: uniform, */
	p_branch BB133
BB133
/* logical preds: / linear preds: BB131, BB132, / kind: invert, */
	 s2: %0:exec,  s1: %368:scc = s_andn2_b64 -1, %0:exec
	p_cbranch_z %0:exec BB135, BB134
BB134
/* logical preds: BB130, / linear preds: BB133, / kind: uniform, */
	p_logical_start
	p_logical_end
	p_branch BB136
BB135
/* logical preds: / linear preds: BB133, / kind: uniform, */
	p_branch BB136
BB136
/* logical preds: BB131, BB134, / linear preds: BB134, BB135, / kind: uniform, merge, */
	 s2: %0:exec = p_parallelcopy -1
	p_logical_start
	p_logical_end
	p_branch BB138
BB137
/* logical preds: BB0, / linear preds: BB0, / kind: uniform, */
	p_logical_start
	p_logical_end
	p_branch BB138
BB138
/* logical preds: BB136, BB137, / linear preds: BB136, BB137, / kind: uniform, top-level, */
	p_logical_start
	p_logical_end
	s_endpgm

Compute Shader
disasm:
BB0:
	s_cmp_lt_u32 ttmp9, s3                                      ; bf0a0375
	s_cbranch_scc0 BB138                                        ; bfa10151
BB1:
	s_bfm_b64 exec, 8, 0                                        ; 95fe8088
	s_delay_alu instid0(SALU_CYCLE_1)                           ; bf870009
	s_mov_b64 s[0:1], exec                                      ; be80017e
BB2:
	v_lshlrev_b32_e32 v1, 2, v0                                 ; 30020082
	v_mov_b32_e32 v2, 0xff7fffff                                ; 7e0402ff ff7fffff
	v_mov_b32_e32 v3, -1                                        ; 7e0602c1
	ds_store_2addr_b32 v1, v2, v3 offset1:8                     ; d8380800 00030201
BB7:
	s_mov_b64 exec, -1                                          ; befe01c1
	s_mul_i32 s3, ttmp9, s4                                     ; 96030475
	s_mov_b64 s[8:9], 3                                         ; be880183
	s_mov_b64 s[10:11], 1                                       ; be8a0181
	s_bfm_b64 s[12:13], 32, 0                                   ; 958c80a0
	s_bfm_b64 s[14:15], 16, 0                                   ; 958e8090
	s_mov_b64 s[16:17], 15                                      ; be90018f
	s_mov_b32 s7, 0                                             ; be870080
	v_lshlrev_b32_e32 v1, 2, v0                                 ; 30020082
BB8:
	s_mov_b64 s[18:19], exec                                    ; be92017e
	v_mov_b32_e32 v2, v0                                        ; 7e040300
	v_mov_b32_e32 v3, 0xff7fffff                                ; 7e0602ff ff7fffff
	v_mov_b32_e32 v4, -1                                        ; 7e0802c1
BB9:
	s_delay_alu instid0(VALU_DEP_3)                             ; bf870003
	v_cmpx_le_u32_e32 s4, v2                                    ; 7d960404
BB10:
	s_and_not1_b64 s[18:19], s[18:19], exec                     ; 91927e12
	s_cbranch_scc0 BB48                                         ; bfa10072
BB17:
	s_mov_b64 exec, s[18:19]                                    ; befe0112
	s_cmp_lg_i32 s7, 0                                          ; bf018007
	s_cbranch_scc0 BB19                                         ; bfa10006
BB18:
	v_mov_b32_e32 v5, 0                                         ; 7e0a0280
	ds_load_b32 v5, v5 offset:32                                ; d8d80020 05000005
	s_wait_dscnt 0x0                                            ; bfc60000
	v_cmp_eq_i32_e32 vcc, v5, v2                                ; 7c840505
	s_branch BB20                                               ; bfa00001
BB19:
	s_mov_b64 vcc, 0                                            ; beea0180
BB20:
	s_cmp_lt_u32 1, s7                                          ; bf0a0781
	s_cbranch_scc0 BB22                                         ; bfa10007
BB21:
	v_mov_b32_e32 v5, 0                                         ; 7e0a0280
	ds_load_b32 v5, v5 offset:36                                ; d8d80024 05000005
	s_wait_dscnt 0x0                                            ; bfc60000
	v_cmp_eq_i32_e64 s[20:21], v5, v2                           ; d4420014 00020505
	s_branch BB23                                               ; bfa00001
BB22:
	s_mov_b64 s[20:21], 0                                       ; be940180
BB23:
	s_delay_alu instid0(SALU_CYCLE_1)                           ; bf870009
	s_or_b64 s[20:21], s[20:21], vcc                            ; 8c946a14
	s_cmp_lt_u32 2, s7                                          ; bf0a0782
	s_cbranch_scc0 BB25                                         ; bfa10006
BB24:
	v_mov_b32_e32 v5, 0                                         ; 7e0a0280
	ds_load_b32 v5, v5 offset:40                                ; d8d80028 05000005
	s_wait_dscnt 0x0                                            ; bfc60000
	v_cmp_eq_i32_e32 vcc, v5, v2                                ; 7c840505
	s_branch BB26                                               ; bfa00001
BB25:
	s_mov_b64 vcc, 0                                            ; beea0180
BB26:
	s_wait_alu 0xfffe                                           ; bf88fffe
	s_or_b64 s[20:21], vcc, s[20:21]                            ; 8c94146a
	s_cmp_lt_u32 3, s7                                          ; bf0a0783
	s_cbranch_scc0 BB28                                         ; bfa10006
BB27:
	v_mov_b32_e32 v5, 0                                         ; 7e0a0280
	ds_load_b32 v5, v5 offset:44                                ; d8d8002c 05000005
	s_wait_dscnt 0x0                                            ; bfc60000
	v_cmp_eq_i32_e32 vcc, v5, v2                                ; 7c840505
	s_branch BB29                                               ; bfa00001
BB28:
	s_mov_b64 vcc, 0                                            ; beea0180
BB29:
	s_wait_alu 0xfffe                                           ; bf88fffe
	s_or_b64 s[20:21], vcc, s[20:21]                            ; 8c94146a
	s_cmp_lt_u32 4, s7                                          ; bf0a0784
	s_cbranch_scc0 BB31                                         ; bfa10006
BB30:
	v_mov_b32_e32 v5, 0                                         ; 7e0a0280
	ds_load_b32 v5, v5 offset:48                                ; d8d80030 05000005
	s_wait_dscnt 0x0                                            ; bfc60000
	v_cmp_eq_i32_e32 vcc, v5, v2                                ; 7c840505
	s_branch BB32                                               ; bfa00001
BB31:
	s_mov_b64 vcc, 0                                            ; beea0180
BB32:
	s_wait_alu 0xfffe                                           ; bf88fffe
	s_or_b64 s[20:21], vcc, s[20:21]                            ; 8c94146a
	s_cmp_lt_u32 5, s7                                          ; bf0a0785
	s_cbranch_scc0 BB34                                         ; bfa10006
BB33:
	v_mov_b32_e32 v5, 0                                         ; 7e0a0280
	ds_load_b32 v5, v5 offset:52                                ; d8d80034 05000005
	s_wait_dscnt 0x0                                            ; bfc60000
	v_cmp_eq_i32_e32 vcc, v5, v2                                ; 7c840505
	s_branch BB35                                               ; bfa00001
BB34:
	s_mov_b64 vcc, 0                                            ; beea0180
BB35:
	s_wait_alu 0xfffe                                           ; bf88fffe
	s_or_b64 s[20:21], vcc, s[20:21]                            ; 8c94146a
	s_cmp_lt_u32 6, s7                                          ; bf0a0786
	s_cbranch_scc0 BB37                                         ; bfa10006
BB36:
	v_mov_b32_e32 v5, 0                                         ; 7e0a0280
	ds_load_b32 v5, v5 offset:56                                ; d8d80038 05000005
	s_wait_dscnt 0x0                                            ; bfc60000
	v_cmp_eq_i32_e32 vcc, v5, v2                                ; 7c840505
	s_branch BB38                                               ; bfa00001
BB37:
	s_mov_b64 vcc, 0                                            ; beea0180
BB38:
	s_wait_alu 0xfffe                                           ; bf88fffe
	s_or_b64 s[20:21], vcc, s[20:21]                            ; 8c94146a
	s_cmp_lt_u32 7, s7                                          ; bf0a0787
	s_cbranch_scc0 BB40                                         ; bfa10006
BB39:
	v_mov_b32_e32 v5, 0                                         ; 7e0a0280
	ds_load_b32 v5, v5 offset:60                                ; d8d8003c 05000005
	s_wait_dscnt 0x0                                            ; bfc60000
	v_cmp_eq_i32_e32 vcc, v5, v2                                ; 7c840505
	s_branch BB41                                               ; bfa00001
BB40:
	s_mov_b64 vcc, 0                                            ; beea0180
BB41:
	s_wait_alu 0xfffe                                           ; bf88fffe
	s_nor_b64 s[20:21], vcc, s[20:21]                           ; 8f94146a
	s_delay_alu instid0(SALU_CYCLE_1)                           ; bf870009
	s_and_b64 exec, s[20:21], exec                              ; 8bfe7e14
	s_cbranch_execz BB47                                        ; bfa50014
BB42:
	s_mov_b32 s20, s2                                           ; be940002
	s_movk_i32 s21, 0x8000                                      ; b0158000
	s_load_b128 s[20:23], s[20:21], 0x0                         ; f400450a f8000000
	v_add_lshl_u32 v5, s3, v2, 2                                ; d6470005 020a0403
	s_wait_kmcnt 0x0                                            ; bfc70000
	buffer_load_b32 v5, v5, s[20:23], null offen                ; c405007c 40802805 00000005
	v_cmp_lt_u32_e32 vcc, v2, v4                                ; 7c920902
	s_wait_loadcnt 0x0                                          ; bfc00000
	v_cmp_eq_f32_e64 s[20:21], v5, v3                           ; d4120014 00020705
	s_and_b64 s[20:21], s[20:21], vcc                           ; 8b946a14
	v_cmp_lt_f32_e32 vcc, v3, v5                                ; 7c220b03
	s_or_b64 vcc, vcc, s[20:21]                                 ; 8cea146a
	s_wait_alu 0xfffe                                           ; bf88fffe
	v_cndmask_b32_e32 v4, v4, v2, vcc                           ; 02080504
	v_cndmask_b32_e32 v3, v3, v5, vcc                           ; 02060b03
BB47:
	s_mov_b64 exec, s[18:19]                                    ; befe0112
	v_add_nc_u32_e32 v2, 64, v2                                 ; 4a0404c0
	s_branch BB9                                                ; bfa0ff8a
BB48:
	s_mov_b64 exec, -1                                          ; befe01c1
	ds_store_b32 v1, v3 offset:64                               ; d8340040 00000301
	ds_store_b32 v1, v4 offset:320                              ; d8340140 00000401
	s_mov_b64 exec, s[12:13]                                    ; befe010c
	s_cbranch_execz BB60                                        ; bfa50015
BB49:
	ds_load_2addr_b32 v[2:3], v1 offset0:16 offset1:48          ; d8dc3010 02000001
	ds_load_2addr_b32 v[4:5], v1 offset0:80 offset1:112         ; d8dc7050 04000001
	s_wait_dscnt 0x1                                            ; bfc60001
	v_cmp_eq_f32_e32 vcc, v3, v2                                ; 7c240503
	v_cmp_lt_f32_e64 s[18:19], v2, v3                           ; d4110012 00020702
	s_wait_dscnt 0x0                                            ; bfc60000
	v_cmp_lt_u32_e64 s[20:21], v5, v4                           ; d4490014 00020905
	s_and_b64 s[20:21], vcc, s[20:21]                           ; 8b94146a
	s_delay_alu instid0(SALU_CYCLE_1)                           ; bf870009
	s_or_b64 s[18:19], s[18:19], s[20:21]                       ; 8c921412
	s_wait_alu 0xfffe                                           ; bf88fffe
	s_and_saveexec_b64 s[18:19], s[18:19]                       ; be922112
	s_cbranch_execz BB60                                        ; bfa50004
BB50:
	ds_store_b32 v1, v3 offset:64                               ; d8340040 00000301
	ds_store_b32 v1, v5 offset:320                              ; d8340140 00000501
BB60:
	s_mov_b64 exec, s[14:15]                                    ; befe010e
	s_cbranch_execz BB72                                        ; bfa50015
BB61:
	ds_load_2addr_b32 v[2:3], v1 offset0:16 offset1:32          ; d8dc2010 02000001
	ds_load_2addr_b32 v[4:5], v1 offset0:80 offset1:96          ; d8dc6050 04000001
	s_wait_dscnt 0x1                                            ; bfc60001
	v_cmp_eq_f32_e32 vcc, v3, v2                                ; 7c240503
	v_cmp_lt_f32_e64 s[18:19], v2, v3                           ; d4110012 00020702
	s_wait_dscnt 0x0                                            ; bfc60000
	v_cmp_lt_u32_e64 s[20:21], v5, v4                           ; d4490014 00020905
	s_and_b64 s[20:21], vcc, s[20:21]                           ; 8b94146a
	s_delay_alu instid0(SALU_CYCLE_1)                           ; bf870009
	s_or_b64 s[18:19], s[18:19], s[20:21]                       ; 8c921412
	s_wait_alu 0xfffe                                           ; bf88fffe
	s_and_saveexec_b64 s[18:19], s[18:19]                       ; be922112
	s_cbranch_execz BB72                                        ; bfa50004
BB62:
	ds_store_b32 v1, v3 offset:64                               ; d8340040 00000301
	ds_store_b32 v1, v5 offset:320                              ; d8340140 00000501
BB72:
	s_mov_b64 exec, s[0:1]                                      ; befe0100
	s_cbranch_execz BB84                                        ; bfa50015
BB73:
	ds_load_2addr_b32 v[2:3], v1 offset0:16 offset1:24          ; d8dc1810 02000001
	ds_load_2addr_b32 v[4:5], v1 offset0:80 offset1:88          ; d8dc5850 04000001
	s_wait_dscnt 0x1                                            ; bfc60001
	v_cmp_eq_f32_e32 vcc, v3, v2                                ; 7c240503
	v_cmp_lt_f32_e64 s[18:19], v2, v3                           ; d4110012 00020702
	s_wait_dscnt 0x0                                            ; bfc60000
	v_cmp_lt_u32_e64 s[20:21], v5, v4                           ; d4490014 00020905
	s_and_b64 s[20:21], vcc, s[20:21]                           ; 8b94146a
	s_delay_alu instid0(SALU_CYCLE_1)                           ; bf870009
	s_or_b64 s[18:19], s[18:19], s[20:21]                       ; 8c921412
	s_wait_alu 0xfffe                                           ; bf88fffe
	s_and_saveexec_b64 s[18:19], s[18:19]                       ; be922112
	s_cbranch_execz BB84                                        ; bfa50004
BB74:
	ds_store_b32 v1, v3 offset:64                               ; d8340040 00000301
	ds_store_b32 v1, v5 offset:320                              ; d8340140 00000501
BB84:
	s_mov_b64 exec, s[16:17]                                    ; befe0110
	s_cbranch_execz BB96                                        ; bfa50015
BB85:
	ds_load_2addr_b32 v[2:3], v1 offset0:16 offset1:20          ; d8dc1410 02000001
	ds_load_2addr_b32 v[4:5], v1 offset0:80 offset1:84          ; d8dc5450 04000001
	s_wait_dscnt 0x1                                            ; bfc60001
	v_cmp_eq_f32_e32 vcc, v3, v2                                ; 7c240503
	v_cmp_lt_f32_e64 s[18:19], v2, v3                           ; d4110012 00020702
	s_wait_dscnt 0x0                                            ; bfc60000
	v_cmp_lt_u32_e64 s[20:21], v5, v4                           ; d4490014 00020905
	s_and_b64 s[20:21], vcc, s[20:21]                           ; 8b94146a
	s_delay_alu instid0(SALU_CYCLE_1)                           ; bf870009
	s_or_b64 s[18:19], s[18:19], s[20:21]                       ; 8c921412
	s_wait_alu 0xfffe                                           ; bf88fffe
	s_and_saveexec_b64 s[18:19], s[18:19]                       ; be922112
	s_cbranch_execz BB96                                        ; bfa50004
BB86:
	ds_store_b32 v1, v3 offset:64                               ; d8340040 00000301
	ds_store_b32 v1, v5 offset:320                              ; d8340140 00000501
BB96:
	s_mov_b64 exec, s[8:9]                                      ; befe0108
	s_cbranch_execz BB108                                       ; bfa50015
BB97:
	ds_load_2addr_b32 v[2:3], v1 offset0:16 offset1:18          ; d8dc1210 02000001
	ds_load_2addr_b32 v[4:5], v1 offset0:80 offset1:82          ; d8dc5250 04000001
	s_wait_dscnt 0x1                                            ; bfc60001
	v_cmp_eq_f32_e32 vcc, v3, v2                                ; 7c240503
	v_cmp_lt_f32_e64 s[18:19], v2, v3                           ; d4110012 00020702
	s_wait_dscnt 0x0                                            ; bfc60000
	v_cmp_lt_u32_e64 s[20:21], v5, v4                           ; d4490014 00020905
	s_and_b64 s[20:21], vcc, s[20:21]                           ; 8b94146a
	s_delay_alu instid0(SALU_CYCLE_1)                           ; bf870009
	s_or_b64 s[18:19], s[18:19], s[20:21]                       ; 8c921412
	s_wait_alu 0xfffe                                           ; bf88fffe
	s_and_saveexec_b64 s[18:19], s[18:19]                       ; be922112
	s_cbranch_execz BB108                                       ; bfa50004
BB98:
	ds_store_b32 v1, v3 offset:64                               ; d8340040 00000301
	ds_store_b32 v1, v5 offset:320                              ; d8340140 00000501
BB108:
	s_mov_b64 exec, s[10:11]                                    ; befe010a
	s_cbranch_execz BB120                                       ; bfa5001a
BB109:
	v_mov_b32_e32 v2, 0                                         ; 7e040280
	ds_load_b32 v3, v2 offset:68                                ; d8d80044 03000002
	ds_load_b32 v2, v2 offset:324                               ; d8d80144 02000002
	ds_load_b32 v4, v1 offset:64                                ; d8d80040 04000001
	ds_load_b32 v5, v1 offset:320                               ; d8d80140 05000001
	s_wait_dscnt 0x1                                            ; bfc60001
	v_cmp_eq_f32_e32 vcc, v3, v4                                ; 7c240903
	v_cmp_gt_f32_e64 s[18:19], v3, v4                           ; d4140012 00020903
	s_wait_dscnt 0x0                                            ; bfc60000
	v_cmp_lt_u32_e64 s[20:21], v2, v5                           ; d4490014 00020b02
	s_and_b64 s[20:21], vcc, s[20:21]                           ; 8b94146a
	s_delay_alu instid0(SALU_CYCLE_1)                           ; bf870009
	s_or_b64 s[18:19], s[18:19], s[20:21]                       ; 8c921412
	s_wait_alu 0xfffe                                           ; bf88fffe
	s_and_saveexec_b64 s[18:19], s[18:19]                       ; be922112
	s_cbranch_execz BB120                                       ; bfa50004
BB110:
	ds_store_b32 v1, v3 offset:64                               ; d8340040 00000301
	ds_store_b32 v1, v2 offset:320                              ; d8340140 00000201
BB120:
	s_mov_b64 exec, s[10:11]                                    ; befe010a
	s_cbranch_execz BB126                                       ; bfa50011
BB121:
	v_mov_b32_e32 v2, 0                                         ; 7e040280
	ds_load_b32 v3, v2 offset:64                                ; d8d80040 03000002
	s_lshl_b32 s18, s7, 2                                       ; 84128207
	s_wait_alu 0xfffe                                           ; bf88fffe
	v_mov_b32_e32 v4, s18                                       ; 7e080212
	s_wait_dscnt 0x0                                            ; bfc60000
	ds_store_b32 v4, v3                                         ; d8340000 00000304
	ds_load_b32 v2, v2 offset:320                               ; d8d80140 02000002
	s_lshl2_add_u32 s19, s7, 32                                 ; 8793a007
	s_wait_alu 0xfffe                                           ; bf88fffe
	v_mov_b32_e32 v5, s19                                       ; 7e0a0213
	s_wait_dscnt 0x0                                            ; bfc60000
	ds_store_b32 v5, v2                                         ; d8340000 00000205
BB126:
	s_mov_b64 exec, -1                                          ; befe01c1
	s_add_co_u32 s7, s7, 1                                      ; 80078107
	s_delay_alu instid0(SALU_CYCLE_1)                           ; bf870009
	s_cmp_ge_u32 s7, 8                                          ; bf098807
	s_cbranch_scc0 BB8                                          ; bfa1fed9
BB130:
	s_mov_b64 exec, s[0:1]                                      ; befe0100
	s_cbranch_execz BB138                                       ; bfa50016
BB131:
	ds_load_2addr_b32 v[2:3], v1 offset1:8                      ; d8dc0800 02000001
	s_movk_i32 s3, 0x8000                                       ; b0038000
	s_load_b256 s[8:15], s[2:3], 0x10                           ; f4006201 f8000010
	s_lshl3_add_u32 s5, ttmp9, s5                               ; 88050575
	s_wait_alu 0xfffe                                           ; bf88fffe
	v_add_lshl_u32 v0, s5, v0, 2                                ; d6470000 020a0005
	s_wait_dscnt 0x0                                            ; bfc60000
	s_wait_kmcnt 0x0                                            ; bfc70000
	buffer_store_b32 v3, v0, s[8:11], null offen                ; c406807c 40801003 00000000
	s_cvt_f32_u32 s6, s6                                        ; be866506
	s_delay_alu instid0(SALU_CYCLE_3) | instskip(NEXT) | instid1(SALU_CYCLE_3) ; bf87059b
	s_mul_f32 s6, s6, 0x3e000000                                ; a206ff06 3e000000
	v_add_f32_e32 v2, s6, v2                                    ; 06040406
	buffer_store_b32 v2, v0, s[12:15], null offen               ; c406807c 40801802 00000000
BB138:
	s_nop 0                                                     ; bf800000
	s_sendmsg sendmsg(MSG_DEALLOC_VGPRS)                        ; bfb60003
	s_endpgm                                                    ; bfb00000


Compute Shader:
*** SHADER STATS ***
Driver pipeline hash: 14351527611702594888
SGPRs: 128
VGPRs: 12
Spilled SGPRs: 0
Spilled VGPRs: 0
Code size: 1368
LDS size: 1024
Scratch size: 0
Subgroups per SIMD: 32
Combined inputs: 0
Combined outputs: 0
Hash: 3800805458
Instructions: 273
Copies: 63
Branches: 35
Latency: 8989
Inverse Throughput: 865
VMEM Clause: 3
SMEM Clause: 2
Pre-Sched SGPRs: 25
Pre-Sched VGPRs: 6
VALU: 55
SALU: 79
VMEM: 3
SMEM: 2
VOPD: 0
********************


[vulkan] rows=1 vocab=1024 wg=64 median=57.96 us correctness=pass
WARNING: radv is not a conformant Vulkan implementation, testing use only.
[vulkan] rows=1 vocab=32768 wg=64 median=208.172 us correctness=pass
WARNING: radv is not a conformant Vulkan implementation, testing use only.
[vulkan] rows=4 vocab=32768 wg=64 median=209.944 us correctness=pass
WARNING: radv is not a conformant Vulkan implementation, testing use only.
[vulkan] rows=8 vocab=32768 wg=64 median=210.06 us correctness=pass
WARNING: radv is not a conformant Vulkan implementation, testing use only.
shader: MESA_SHADER_COMPUTE
source_blake3: {0x509a937a, 0x607ac69e, 0x53c6ed46, 0x7222e397, 0xad7f9b89, 0x2487ff8a, 0x1c32cecf, 0x2e23a71c}
workgroup_size: 256, 1, 1
num_ssbos: 3
system_values_read: 0x00000000'00000000'00008400'00000000
shared_size: 2112
subgroup_size: 0
bit_sizes_float: 0x20
bit_sizes_int: 0x21
separate_shader: true
writes_memory: true
uniforms: 16
decl_var push_const INTERP_MODE_NONE none block #0
decl_var ssbo INTERP_MODE_NONE restrict readonly block#2 #1 (~0, 0, 0)
decl_var ssbo INTERP_MODE_NONE restrict writeonly block#4 #3 (~0, 0, 1)
decl_var ssbo INTERP_MODE_NONE restrict writeonly block#2 #5 (~0, 0, 2)
decl_function main () (entrypoint)

impl main {
    block b0:    // preds:
    32x3    %0 = @load_workgroup_id
    32      %1 = @load_vector_arg_amd (base=6, arg_upper_bound_u32_amd=255)
    32      %2 = @load_scalar_arg_amd (base=2, arg_upper_bound_u32_amd=0)
    1       %3 = ult %0.x, %2
                 // succs: b1 b96
    if %3 {
        block b1:    // preds: b0
        32      %4 = load_const (0x00000008)
        1       %5 = ult %1, %4 (0x8)
                     // succs: b2 b3
        if %5 {
            block b2:    // preds: b1
            32      %6 = load_const (0xffffffff = -nan = -1 = 4294967295)
            32      %7 = load_const (0xff7fffff = -3.402823e+38 = -8388609 = 4286578687)
            32x2    %8 = vec2 %7 (0xff7fffff), %6 (0xffffffff)
            32      %9 = load_const (0x00000002)
            32     %10 = ishl %1, %9 (0x2)
                         @store_shared2_amd (%8, %10) (offset0=0, offset1=8, st64=0)
                         // succs: b4
        } else {
            block b3:  // preds: b1, succs: b4
        }
        block b4:    // preds: b2 b3
                     @barrier (execution_scope=WORKGROUP, memory_scope=WORKGROUP, mem_semantics=ACQ|REL, mem_modes=shared)
        32     %11 = @load_scalar_arg_amd (base=3, arg_upper_bound_u32_amd=0)
        32     %12 = imul %0.x, %11
        32     %13 = load_const (0x00000001)
        32     %14 = load_const (0x00000000)
        32     %15 = load_const (0x00000002)
        32     %16 = ishl %1, %15 (0x2)
        32     %17 = load_const (0x00000040 = 64)
        32     %18 = iadd.nuw %17 (0x40), %16
        32     %19 = load_const (0x00000080 = 128)
        32     %20 = load_const (0x00000020 = 32)
        32     %21 = load_const (0x00000010 = 16)
        32     %22 = load_const (0x00000004)
        1      %23 = load_const (false)
        32     %24 = load_const (0xff7fffff = -3.402823e+38)
        32     %25 = load_const (0xffffffff = -1 = 4294967295)
        1      %26 = ult %1, %19 (0x80)
        1      %27 = ult %1, %17 (0x40)
        1      %28 = ult %1, %20 (0x20)
        1      %29 = ult %1, %21 (0x10)
        1      %30 = ult %1, %22 (0x4)
        1      %31 = ult %1, %15 (0x2)
        1      %32 = ieq %1, %14 (0x0)
                     // succs: b5
        loop {
            block b5:    // preds: b4 b91
            32     %33 = phi b4: %14 (0x0), b91: %176
                         // succs: b6
            loop {
                block b6:    // preds: b5 b36
                32     %34 = phi b5: %25 (0xffffffff), b36: %97
                32     %35 = phi b5: %24 (-3.402823e+38), b36: %96
                32     %36 = phi b5: %1, b36: %99
                1      %37 = uge %36, %11
                             // succs: b7 b8
                if %37 {
                    block b7:// preds: b6
                    break
                    // succs: b37
                } else {
                    block b8:  // preds: b6, succs: b9
                }
                block b9:    // preds: b8
                1      %38 = ine %33, %14 (0x0)
                             // succs: b10 b11
                if %38 {
                    block b10:   // preds: b9
                    32     %39 = @load_shared (%14 (0x0)) (base=32, align_mul=1073741824, align_offset=32)
                    1      %40 = ieq %39, %36
                                 // succs: b12
                } else {
                    block b11:  // preds: b9, succs: b12
                }
                block b12:   // preds: b10 b11
                1      %41 = phi b10: %40, b11: %23 (false)
                1      %42 = ult %13 (0x1), %33
                             // succs: b13 b14
                if %42 {
                    block b13:   // preds: b12
                    32     %43 = @load_shared (%14 (0x0)) (base=36, align_mul=1073741824, align_offset=36)
                    1      %44 = ieq %43, %36
                                 // succs: b15
                } else {
                    block b14:  // preds: b12, succs: b15
                }
                block b15:   // preds: b13 b14
                1      %45 = phi b13: %44, b14: %23 (false)
                1      %46 = ior %45, %41
                1      %47 = ult %15 (0x2), %33
                             // succs: b16 b17
                if %47 {
                    block b16:   // preds: b15
                    32     %48 = @load_shared (%14 (0x0)) (base=40, align_mul=1073741824, align_offset=40)
                    1      %49 = ieq %48, %36
                                 // succs: b18
                } else {
                    block b17:  // preds: b15, succs: b18
                }
                block b18:   // preds: b16 b17
                1      %50 = phi b16: %49, b17: %23 (false)
                1      %51 = ior %50, %46
                32     %52 = load_const (0x00000003)
                1      %53 = ult %52 (0x3), %33
                             // succs: b19 b20
                if %53 {
                    block b19:   // preds: b18
                    32     %54 = @load_shared (%14 (0x0)) (base=44, align_mul=1073741824, align_offset=44)
                    1      %55 = ieq %54, %36
                                 // succs: b21
                } else {
                    block b20:  // preds: b18, succs: b21
                }
                block b21:   // preds: b19 b20
                1      %56 = phi b19: %55, b20: %23 (false)
                1      %57 = ior %56, %51
                1      %58 = ult %22 (0x4), %33
                             // succs: b22 b23
                if %58 {
                    block b22:   // preds: b21
                    32     %59 = @load_shared (%14 (0x0)) (base=48, align_mul=1073741824, align_offset=48)
                    1      %60 = ieq %59, %36
                                 // succs: b24
                } else {
                    block b23:  // preds: b21, succs: b24
                }
                block b24:   // preds: b22 b23
                1      %61 = phi b22: %60, b23: %23 (false)
                1      %62 = ior %61, %57
                32     %63 = load_const (0x00000005)
                1      %64 = ult %63 (0x5), %33
                             // succs: b25 b26
                if %64 {
                    block b25:   // preds: b24
                    32     %65 = @load_shared (%14 (0x0)) (base=52, align_mul=1073741824, align_offset=52)
                    1      %66 = ieq %65, %36
                                 // succs: b27
                } else {
                    block b26:  // preds: b24, succs: b27
                }
                block b27:   // preds: b25 b26
                1      %67 = phi b25: %66, b26: %23 (false)
                1      %68 = ior %67, %62
                32     %69 = load_const (0x00000006)
                1      %70 = ult %69 (0x6), %33
                             // succs: b28 b29
                if %70 {
                    block b28:   // preds: b27
                    32     %71 = @load_shared (%14 (0x0)) (base=56, align_mul=1073741824, align_offset=56)
                    1      %72 = ieq %71, %36
                                 // succs: b30
                } else {
                    block b29:  // preds: b27, succs: b30
                }
                block b30:   // preds: b28 b29
                1      %73 = phi b28: %72, b29: %23 (false)
                1      %74 = ior %73, %68
                32     %75 = load_const (0x00000007)
                1      %76 = ult %75 (0x7), %33
                             // succs: b31 b32
                if %76 {
                    block b31:   // preds: b30
                    32     %77 = @load_shared (%14 (0x0)) (base=60, align_mul=1073741824, align_offset=60)
                    1      %78 = ieq %77, %36
                                 // succs: b33
                } else {
                    block b32:  // preds: b30, succs: b33
                }
                block b33:   // preds: b31 b32
                1      %79 = phi b31: %78, b32: %23 (false)
                1      %80 = ior %79, %74
                1      %81 = inot %80
                             // succs: b34 b35
                if %81 {
                    block b34:   // preds: b33
                    32     %82 = iadd %12, %36
                    32     %83 = @load_scalar_arg_amd (base=1, arg_upper_bound_u32_amd=0)
                    32     %84 = load_const (0xffff8000 = -32768 = 4294934528)
                    64     %85 = pack_64_2x32_split %83, %84 (0xffff8000)
                    32x4   %86 = @load_smem_amd (%85, %14 (0x0)) (align_mul=1073741824, align_offset=0)
                    32     %87 = ishl %82, %15 (0x2)
                    32     %88 = @load_ssbo (%86, %87) (access=readonly|reorderable, align_mul=4, align_offset=0)
                    1      %89 = feq! %88, %35
                    1      %90 = ult %36, %34
                    1      %91 = iand %89, %90
                    1      %92 = flt! %35, %88
                    1      %93 = ior %92, %91
                    32     %94 = bcsel %93, %36, %34
                    32     %95 = bcsel %93, %88, %35
                                 // succs: b36
                } else {
                    block b35:  // preds: b33, succs: b36
                }
                block b36:   // preds: b34 b35
                32     %96 = phi b34: %95, b35: %35
                32     %97 = phi b34: %94, b35: %34
                32     %98 = load_const (0x00000100 = 256)
                32     %99 = iadd %36, %98 (0x100)
                             // succs: b6
            }
            block b37:// preds: b7
            @store_shared (%35, %16) (base=64, wrmask=x, align_mul=4, align_offset=0)
            @store_shared (%34, %16) (base=1088, wrmask=x, align_mul=4, align_offset=0)
            @barrier (execution_scope=WORKGROUP, memory_scope=WORKGROUP, mem_semantics=ACQ|REL, mem_modes=shared)
            // succs: b38 b42
            if %26 {
                block b38:   // preds: b37
                32    %100 = @load_shared (%16) (base=576, align_mul=4, align_offset=0)
                32    %101 = @load_shared (%16) (base=1600, align_mul=4, align_offset=0)
                32    %102 = @load_shared (%16) (base=64, align_mul=4, align_offset=0)
                32    %103 = @load_shared (%16) (base=1088, align_mul=4, align_offset=0)
                1     %104 = feq! %100, %102
                1     %105 = ult %101, %103
                1     %106 = iand %104, %105
                1     %107 = flt! %102, %100
                1     %108 = ior %107, %106
                             // succs: b39 b40
                if %108 {
                    block b39:// preds: b38
                    @store_shared (%100, %16) (base=64, wrmask=x, align_mul=4, align_offset=0)
                    @store_shared (%101, %16) (base=1088, wrmask=x, align_mul=4, align_offset=0)
                    // succs: b41
                } else {
                    block b40:  // preds: b38, succs: b41
                }
                block b41:  // preds: b39 b40, succs: b43
            } else {
                block b42:  // preds: b37, succs: b43
            }
            block b43:// preds: b41 b42
            @barrier (execution_scope=WORKGROUP, memory_scope=WORKGROUP, mem_semantics=ACQ|REL, mem_modes=shared)
            // succs: b44 b48
            if %27 {
                block b44:   // preds: b43
                32    %109 = @load_shared (%16) (base=320, align_mul=4, align_offset=0)
                32    %110 = @load_shared (%16) (base=1344, align_mul=4, align_offset=0)
                32    %111 = @load_shared (%16) (base=64, align_mul=4, align_offset=0)
                32    %112 = @load_shared (%16) (base=1088, align_mul=4, align_offset=0)
                1     %113 = feq! %109, %111
                1     %114 = ult %110, %112
                1     %115 = iand %113, %114
                1     %116 = flt! %111, %109
                1     %117 = ior %116, %115
                             // succs: b45 b46
                if %117 {
                    block b45:// preds: b44
                    @store_shared (%109, %16) (base=64, wrmask=x, align_mul=4, align_offset=0)
                    @store_shared (%110, %16) (base=1088, wrmask=x, align_mul=4, align_offset=0)
                    // succs: b47
                } else {
                    block b46:  // preds: b44, succs: b47
                }
                block b47:  // preds: b45 b46, succs: b49
            } else {
                block b48:  // preds: b43, succs: b49
            }
            block b49:// preds: b47 b48
            @barrier (execution_scope=WORKGROUP, memory_scope=WORKGROUP, mem_semantics=ACQ|REL, mem_modes=shared)
            // succs: b50 b54
            if %28 {
                block b50:   // preds: b49
                32x2  %118 = @load_shared2_amd (%18) (offset0=0, offset1=32, st64=0)
                32    %119 = @load_shared (%16) (base=1216, align_mul=4, align_offset=0)
                32    %120 = @load_shared (%16) (base=1088, align_mul=4, align_offset=0)
                1     %121 = feq! %118.y, %118.x
                1     %122 = ult %119, %120
                1     %123 = iand %121, %122
                1     %124 = flt! %118.x, %118.y
                1     %125 = ior %124, %123
                             // succs: b51 b52
                if %125 {
                    block b51:   // preds: b50
                    32    %126 = mov %118.y
                                 @store_shared (%126, %16) (base=64, wrmask=x, align_mul=4, align_offset=0)
                                 @store_shared (%119, %16) (base=1088, wrmask=x, align_mul=4, align_offset=0)
                                 // succs: b53
                } else {
                    block b52:  // preds: b50, succs: b53
                }
                block b53:  // preds: b51 b52, succs: b55
            } else {
                block b54:  // preds: b49, succs: b55
            }
            block b55:// preds: b53 b54
            @barrier (execution_scope=WORKGROUP, memory_scope=WORKGROUP, mem_semantics=ACQ|REL, mem_modes=shared)
            // succs: b56 b60
            if %29 {
                block b56:   // preds: b55
                32x2  %127 = @load_shared2_amd (%18) (offset0=0, offset1=16, st64=0)
                32    %128 = @load_shared (%16) (base=1152, align_mul=4, align_offset=0)
                32    %129 = @load_shared (%16) (base=1088, align_mul=4, align_offset=0)
                1     %130 = feq! %127.y, %127.x
                1     %131 = ult %128, %129
                1     %132 = iand %130, %131
                1     %133 = flt! %127.x, %127.y
                1     %134 = ior %133, %132
                             // succs: b57 b58
                if %134 {
                    block b57:   // preds: b56
                    32    %135 = mov %127.y
                                 @store_shared (%135, %16) (base=64, wrmask=x, align_mul=4, align_offset=0)
                                 @store_shared (%128, %16) (base=1088, wrmask=x, align_mul=4, align_offset=0)
                                 // succs: b59
                } else {
                    block b58:  // preds: b56, succs: b59
                }
                block b59:  // preds: b57 b58, succs: b61
            } else {
                block b60:  // preds: b55, succs: b61
            }
            block b61:// preds: b59 b60
            @barrier (execution_scope=WORKGROUP, memory_scope=WORKGROUP, mem_semantics=ACQ|REL, mem_modes=shared)
            // succs: b62 b66
            if %5 {
                block b62:   // preds: b61
                32x2  %136 = @load_shared2_amd (%18) (offset0=0, offset1=8, st64=0)
                32    %137 = @load_shared (%16) (base=1120, align_mul=4, align_offset=0)
                32    %138 = @load_shared (%16) (base=1088, align_mul=4, align_offset=0)
                1     %139 = feq! %136.y, %136.x
                1     %140 = ult %137, %138
                1     %141 = iand %139, %140
                1     %142 = flt! %136.x, %136.y
                1     %143 = ior %142, %141
                             // succs: b63 b64
                if %143 {
                    block b63:   // preds: b62
                    32    %144 = mov %136.y
                                 @store_shared (%144, %16) (base=64, wrmask=x, align_mul=4, align_offset=0)
                                 @store_shared (%137, %16) (base=1088, wrmask=x, align_mul=4, align_offset=0)
                                 // succs: b65
                } else {
                    block b64:  // preds: b62, succs: b65
                }
                block b65:  // preds: b63 b64, succs: b67
            } else {
                block b66:  // preds: b61, succs: b67
            }
            block b67:// preds: b65 b66
            @barrier (execution_scope=WORKGROUP, memory_scope=WORKGROUP, mem_semantics=ACQ|REL, mem_modes=shared)
            // succs: b68 b72
            if %30 {
                block b68:   // preds: b67
                32x2  %145 = @load_shared2_amd (%18) (offset0=0, offset1=4, st64=0)
                32    %146 = @load_shared (%16) (base=1104, align_mul=4, align_offset=0)
                32    %147 = @load_shared (%16) (base=1088, align_mul=4, align_offset=0)
                1     %148 = feq! %145.y, %145.x
                1     %149 = ult %146, %147
                1     %150 = iand %148, %149
                1     %151 = flt! %145.x, %145.y
                1     %152 = ior %151, %150
                             // succs: b69 b70
                if %152 {
                    block b69:   // preds: b68
                    32    %153 = mov %145.y
                                 @store_shared (%153, %16) (base=64, wrmask=x, align_mul=4, align_offset=0)
                                 @store_shared (%146, %16) (base=1088, wrmask=x, align_mul=4, align_offset=0)
                                 // succs: b71
                } else {
                    block b70:  // preds: b68, succs: b71
                }
                block b71:  // preds: b69 b70, succs: b73
            } else {
                block b72:  // preds: b67, succs: b73
            }
            block b73:// preds: b71 b72
            @barrier (execution_scope=WORKGROUP, memory_scope=WORKGROUP, mem_semantics=ACQ|REL, mem_modes=shared)
            // succs: b74 b78
            if %31 {
                block b74:   // preds: b73
                32x2  %154 = @load_shared2_amd (%18) (offset0=0, offset1=2, st64=0)
                32    %155 = @load_shared (%16) (base=1096, align_mul=4, align_offset=0)
                32    %156 = @load_shared (%16) (base=1088, align_mul=4, align_offset=0)
                1     %157 = feq! %154.y, %154.x
                1     %158 = ult %155, %156
                1     %159 = iand %157, %158
                1     %160 = flt! %154.x, %154.y
                1     %161 = ior %160, %159
                             // succs: b75 b76
                if %161 {
                    block b75:   // preds: b74
                    32    %162 = mov %154.y
                                 @store_shared (%162, %16) (base=64, wrmask=x, align_mul=4, align_offset=0)
                                 @store_shared (%155, %16) (base=1088, wrmask=x, align_mul=4, align_offset=0)
                                 // succs: b77
                } else {
                    block b76:  // preds: b74, succs: b77
                }
                block b77:  // preds: b75 b76, succs: b79
            } else {
                block b78:  // preds: b73, succs: b79
            }
            block b79:// preds: b77 b78
            @barrier (execution_scope=WORKGROUP, memory_scope=WORKGROUP, mem_semantics=ACQ|REL, mem_modes=shared)
            // succs: b80 b84
            if %32 {
                block b80:   // preds: b79
                32    %163 = @load_shared (%14 (0x0)) (base=68, align_mul=1073741824, align_offset=68)
                32    %164 = @load_shared (%14 (0x0)) (base=1092, align_mul=1073741824, align_offset=1092)
                32    %165 = @load_shared (%16) (base=64, align_mul=4, align_offset=0)
                32    %166 = @load_shared (%16) (base=1088, align_mul=4, align_offset=0)
                1     %167 = feq! %163, %165
                1     %168 = ult %164, %166
                1     %169 = iand %167, %168
                1     %170 = flt! %165, %163
                1     %171 = ior %170, %169
                             // succs: b81 b82
                if %171 {
                    block b81:// preds: b80
                    @store_shared (%163, %16) (base=64, wrmask=x, align_mul=4, align_offset=0)
                    @store_shared (%164, %16) (base=1088, wrmask=x, align_mul=4, align_offset=0)
                    // succs: b83
                } else {
                    block b82:  // preds: b80, succs: b83
                }
                block b83:  // preds: b81 b82, succs: b85
            } else {
                block b84:  // preds: b79, succs: b85
            }
            block b85:// preds: b83 b84
            @barrier (execution_scope=WORKGROUP, memory_scope=WORKGROUP, mem_semantics=ACQ|REL, mem_modes=shared)
            // succs: b86 b87
            if %32 {
                block b86:   // preds: b85
                32    %172 = @load_shared (%14 (0x0)) (base=64, align_mul=1073741824, align_offset=64)
                32    %173 = ishl %33, %15 (0x2)
                             @store_shared (%172, %173) (base=0, wrmask=x, align_mul=4, align_offset=0)
                32    %174 = @load_shared (%14 (0x0)) (base=1088, align_mul=1073741824, align_offset=1088)
                32    %175 = iadd %20 (0x20), %173
                             @store_shared (%174, %175) (base=0, wrmask=x, align_mul=4, align_offset=0)
                             // succs: b88
            } else {
                block b87:  // preds: b85, succs: b88
            }
            block b88:   // preds: b86 b87
                         @barrier (execution_scope=WORKGROUP, memory_scope=WORKGROUP, mem_semantics=ACQ|REL, mem_modes=shared)
            32    %176 = iadd %33, %13 (0x1)
            1     %177 = uge %176, %4 (0x8)
                         // succs: b89 b90
            if %177 {
                block b89:// preds: b88
                break
                // succs: b92
            } else {
                block b90:  // preds: b88, succs: b91
            }
            block b91:  // preds: b90, succs: b5
        }
        block b92:  // preds: b89, succs: b93 b94
        if %5 {
            block b93:   // preds: b92
            32    %178 = @load_scalar_arg_amd (base=4, arg_upper_bound_u32_amd=0)
            32    %179 = @load_scalar_arg_amd (base=5, arg_upper_bound_u32_amd=0)
            32    %180 = load_const (0x00000003)
            32    %181 = ishl %0.x, %180 (0x3)
            32    %182 = iadd %178, %181
            32    %183 = iadd %182, %1
            32x2  %184 = @load_shared2_amd (%16) (offset0=0, offset1=8, st64=0)
            32    %185 = @load_scalar_arg_amd (base=1, arg_upper_bound_u32_amd=0)
            32    %186 = load_const (0xffff8000 = -32768 = 4294934528)
            64    %187 = pack_64_2x32_split %185, %186 (0xffff8000)
            32x8  %188 = @load_smem_amd (%187, %21 (0x10)) (align_mul=1073741824, align_offset=16)
            32    %189 = mov %184.y
            32    %190 = ishl %183, %15 (0x2)
            32x4  %191 = vec4 %188.a, %188.b, %188.c, %188.d
                         @store_ssbo (%189, %191, %190) (wrmask=x, access=writeonly, align_mul=4, align_offset=0)
            32    %192 = load_const (0x3e000000 = 0.125000)
            32    %193 = u2f32 %179
            32    %194 = fmul %193, %192 (0.125000)
            32    %195 = fadd %184.x, %194
            32x4  %196 = vec4 %188.e, %188.f, %188.g, %188.h
                         @store_ssbo (%195, %196, %190) (wrmask=x, access=writeonly, align_mul=4, align_offset=0)
                         // succs: b95
        } else {
            block b94:  // preds: b92, succs: b95
        }
        block b95:  // preds: b93 b94, succs: b97
    } else {
        block b96:  // preds: b0, succs: b97
    }
    block b97:  // preds: b95 b96, succs: b98
    block b98:
}

After RA:
ACO shader stage: SW (CS), HW (COMPUTE_SHADER)
BB0
/* logical preds: / linear preds: / kind: uniform, top-level, */
	 s2: %200:s[0-1],  s1: %201:s[2],  s1: %202:s[3],  s1: %203:s[4],  s1: %204:s[5],  s1: %205:s[6],  v1: %206:v[0],  s1: %207:s[117],  s1: %209:s[116],  s1: %208:s[115] = p_startpgm
	p_logical_start
	 s1: %213:scc = s_cmp_lt_u32 %207:s[117], %202:s[3]
	p_logical_end
	p_cbranch_z %213:scc BB161, BB1
BB1
/* logical preds: BB0, / linear preds: BB0, / kind: branch, */
	p_logical_start
	 s2: %6:vcc = v_cmp_gt_u32 8, %206:v[0]
	p_logical_end
	 s2: %0:exec = p_parallelcopy %6:vcc
	p_cbranch_z %0:exec BB3, BB2
BB2
/* logical preds: BB1, / linear preds: BB1, / kind: uniform, */
	p_logical_start
	 v1: %11:v[1] = v_lshlrev_b32 2, (is16bit)%206:v[0]
	 v1: %216:v[2] = p_parallelcopy 0xff7fffff
	 v1: %217:v[3] = p_parallelcopy -1
	ds_write2_b32 %11:v[1], %216:v[2], %217:v[3] offset1:8 storage:shared
	p_logical_end
	p_branch BB4
BB3
/* logical preds: / linear preds: BB1, / kind: uniform, */
	p_branch BB4
BB4
/* logical preds: / linear preds: BB2, BB3, / kind: invert, */
	 s2: %0:exec,  s1: %342:scc = s_andn2_b64 -1, %0:exec
	p_cbranch_z %0:exec BB6, BB5
BB5
/* logical preds: BB1, / linear preds: BB4, / kind: uniform, */
	p_logical_start
	p_logical_end
	p_branch BB7
BB6
/* logical preds: / linear preds: BB4, / kind: uniform, */
	p_branch BB7
BB7
/* logical preds: BB2, BB5, / linear preds: BB5, BB6, / kind: uniform, loop-preheader, merge, */
	 s2: %0:exec = p_parallelcopy -1
	p_logical_start
	p_barrier storage:shared semantics:acquire,release scope:workgroup exec_scope:workgroup
	 s1: %13:s[0] = s_mul_i32 %207:s[117], %203:s[4]
	 v1: %17:v[1] = v_lshlrev_b32 2, (is16bit)%206:v[0]
	 s2: %27:s[8-9] = v_cmp_gt_u32 0x80, %206:v[0]
	 s2: %28:s[10-11] = v_cmp_gt_u32 64, %206:v[0]
	 s2: %29:s[12-13] = v_cmp_gt_u32 32, %206:v[0]
	 s2: %30:s[14-15] = v_cmp_gt_u32 16, %206:v[0]
	 s2: %31:s[16-17] = v_cmp_gt_u32 4, %206:v[0]
	 s2: %32:s[18-19] = v_cmp_gt_u32 2, %206:v[0]
	 s2: %33:s[20-21] = v_cmp_eq_i32 0, %206:v[0]
	p_logical_end
	p_branch BB8
BB8
/* logical preds: BB7, BB153, / linear preds: BB7, BB153, / kind: uniform, loop-preheader, loop-header, */
	 s1: %34:s[1] = p_linear_phi 0, %179:s[1]
	p_logical_start
	p_logical_end
	p_branch BB9
BB9
/* logical preds: BB8, BB47, / linear preds: BB8, BB47, / kind: loop-header, branch, */
	 v1: %37:v[2] = p_phi %206:v[0], %100:v[2]
	 v1: %36:v[3] = p_phi 0xff7fffff, %97:v[3]
	 v1: %35:v[4] = p_phi -1, %98:v[4]
	p_logical_start
	 s2: %38:s[22-23] = v_cmp_le_u32 %203:s[4], %37:v[2]
	p_logical_end
	 s2: %344:s[22-23],  s1: %343:scc,  s2: %0:exec = s_and_saveexec_b64 %38:s[22-23], %0:exec
	p_cbranch_z %0:exec BB13, BB10
BB10
/* logical preds: BB9, / linear preds: BB9, / kind: break, */
	p_logical_start
	p_logical_end
	 s2: %346:s[22-23],  s1: %345:scc = s_andn2_b64 %344:s[22-23], %0:exec
	p_cbranch_nz %345:scc BB12, BB11
BB11
/* logical preds: / linear preds: BB10, / kind: uniform, */
	p_branch BB48
BB12
/* logical preds: / linear preds: BB10, / kind: uniform, */
	p_logical_start
	p_logical_end
	p_branch BB14
BB13
/* logical preds: / linear preds: BB9, / kind: uniform, */
	p_branch BB14
BB14
/* logical preds: / linear preds: BB12, BB13, / kind: invert, */
	 s2: %347:s[22-23] = p_linear_phi %346:s[22-23], %344:s[22-23]
	 s2: %0:exec,  s1: %348:scc = s_andn2_b64 %347:s[22-23], %0:exec
	p_cbranch_z %0:exec BB16, BB15
BB15
/* logical preds: BB9, / linear preds: BB14, / kind: uniform, */
	p_logical_start
	p_logical_end
	p_branch BB17
BB16
/* logical preds: / linear preds: BB14, / kind: uniform, */
	p_branch BB17
BB17
/* logical preds: BB15, / linear preds: BB15, BB16, / kind: uniform, merge, */
	 s2: %0:exec = p_parallelcopy %347:s[22-23]
	p_logical_start
	 s1: %218:scc = s_cmp_lg_i32 %34:s[1], 0
	p_logical_end
	p_cbranch_z %218:scc BB19, BB18
BB18
/* logical preds: BB17, / linear preds: BB17, / kind: uniform, */
	p_logical_start
	 v1: %221:v[5] = p_parallelcopy 0
	 v1: %222:v[5] = ds_read_b32 %221:v[5] offset0:32 storage:shared
	 s1: %223:s[3] = v_readfirstlane_b32 %222:v[5]
	 s2: %41:s[24-25] = v_cmp_eq_i32 %223:s[3], %37:v[2]
	p_logical_end
	p_branch BB20
BB19
/* logical preds: BB17, / linear preds: BB17, / kind: uniform, */
	p_logical_start
	p_logical_end
	p_branch BB20
BB20
/* logical preds: BB18, BB19, / linear preds: BB18, BB19, / kind: uniform, */
	 s2: %42:s[24-25] = p_linear_phi %41:s[24-25], 0
	p_logical_start
	 s1: %224:scc = s_cmp_lt_u32 1, %34:s[1]
	p_logical_end
	p_cbranch_z %224:scc BB22, BB21
BB21
/* logical preds: BB20, / linear preds: BB20, / kind: uniform, */
	p_logical_start
	 v1: %227:v[5] = p_parallelcopy 0
	 v1: %228:v[5] = ds_read_b32 %227:v[5] offset0:36 storage:shared
	 s1: %229:s[3] = v_readfirstlane_b32 %228:v[5]
	 s2: %45:s[26-27] = v_cmp_eq_i32 %229:s[3], %37:v[2]
	p_logical_end
	p_branch BB23
BB22
/* logical preds: BB20, / linear preds: BB20, / kind: uniform, */
	p_logical_start
	p_logical_end
	p_branch BB23
BB23
/* logical preds: BB21, BB22, / linear preds: BB21, BB22, / kind: uniform, */
	 s2: %46:s[26-27] = p_linear_phi %45:s[26-27], 0
	p_logical_start
	 s2: %47:s[24-25],  s1: %230:scc = s_or_b64 %46:s[26-27], %42:s[24-25]
	 s1: %231:scc = s_cmp_lt_u32 2, %34:s[1]
	p_logical_end
	p_cbranch_z %231:scc BB25, BB24
BB24
/* logical preds: BB23, / linear preds: BB23, / kind: uniform, */
	p_logical_start
	 v1: %234:v[5] = p_parallelcopy 0
	 v1: %235:v[5] = ds_read_b32 %234:v[5] offset0:40 storage:shared
	 s1: %236:s[3] = v_readfirstlane_b32 %235:v[5]
	 s2: %50:s[26-27] = v_cmp_eq_i32 %236:s[3], %37:v[2]
	p_logical_end
	p_branch BB26
BB25
/* logical preds: BB23, / linear preds: BB23, / kind: uniform, */
	p_logical_start
	p_logical_end
	p_branch BB26
BB26
/* logical preds: BB24, BB25, / linear preds: BB24, BB25, / kind: uniform, */
	 s2: %51:s[26-27] = p_linear_phi %50:s[26-27], 0
	p_logical_start
	 s2: %52:s[24-25],  s1: %237:scc = s_or_b64 %51:s[26-27], %47:s[24-25]
	 s1: %238:scc = s_cmp_lt_u32 3, %34:s[1]
	p_logical_end
	p_cbranch_z %238:scc BB28, BB27
BB27
/* logical preds: BB26, / linear preds: BB26, / kind: uniform, */
	p_logical_start
	 v1: %241:v[5] = p_parallelcopy 0
	 v1: %242:v[5] = ds_read_b32 %241:v[5] offset0:44 storage:shared
	 s1: %243:s[3] = v_readfirstlane_b32 %242:v[5]
	 s2: %56:s[26-27] = v_cmp_eq_i32 %243:s[3], %37:v[2]
	p_logical_end
	p_branch BB29
BB28
/* logical preds: BB26, / linear preds: BB26, / kind: uniform, */
	p_logical_start
	p_logical_end
	p_branch BB29
BB29
/* logical preds: BB27, BB28, / linear preds: BB27, BB28, / kind: uniform, */
	 s2: %57:s[26-27] = p_linear_phi %56:s[26-27], 0
	p_logical_start
	 s2: %58:s[24-25],  s1: %244:scc = s_or_b64 %57:s[26-27], %52:s[24-25]
	 s1: %245:scc = s_cmp_lt_u32 4, %34:s[1]
	p_logical_end
	p_cbranch_z %245:scc BB31, BB30
BB30
/* logical preds: BB29, / linear preds: BB29, / kind: uniform, */
	p_logical_start
	 v1: %248:v[5] = p_parallelcopy 0
	 v1: %249:v[5] = ds_read_b32 %248:v[5] offset0:48 storage:shared
	 s1: %250:s[3] = v_readfirstlane_b32 %249:v[5]
	 s2: %61:s[26-27] = v_cmp_eq_i32 %250:s[3], %37:v[2]
	p_logical_end
	p_branch BB32
BB31
/* logical preds: BB29, / linear preds: BB29, / kind: uniform, */
	p_logical_start
	p_logical_end
	p_branch BB32
BB32
/* logical preds: BB30, BB31, / linear preds: BB30, BB31, / kind: uniform, */
	 s2: %62:s[26-27] = p_linear_phi %61:s[26-27], 0
	p_logical_start
	 s2: %63:s[24-25],  s1: %251:scc = s_or_b64 %62:s[26-27], %58:s[24-25]
	 s1: %252:scc = s_cmp_lt_u32 5, %34:s[1]
	p_logical_end
	p_cbranch_z %252:scc BB34, BB33
BB33
/* logical preds: BB32, / linear preds: BB32, / kind: uniform, */
	p_logical_start
	 v1: %255:v[5] = p_parallelcopy 0
	 v1: %256:v[5] = ds_read_b32 %255:v[5] offset0:52 storage:shared
	 s1: %257:s[3] = v_readfirstlane_b32 %256:v[5]
	 s2: %67:s[26-27] = v_cmp_eq_i32 %257:s[3], %37:v[2]
	p_logical_end
	p_branch BB35
BB34
/* logical preds: BB32, / linear preds: BB32, / kind: uniform, */
	p_logical_start
	p_logical_end
	p_branch BB35
BB35
/* logical preds: BB33, BB34, / linear preds: BB33, BB34, / kind: uniform, */
	 s2: %68:s[26-27] = p_linear_phi %67:s[26-27], 0
	p_logical_start
	 s2: %69:s[24-25],  s1: %258:scc = s_or_b64 %68:s[26-27], %63:s[24-25]
	 s1: %259:scc = s_cmp_lt_u32 6, %34:s[1]
	p_logical_end
	p_cbranch_z %259:scc BB37, BB36
BB36
/* logical preds: BB35, / linear preds: BB35, / kind: uniform, */
	p_logical_start
	 v1: %262:v[5] = p_parallelcopy 0
	 v1: %263:v[5] = ds_read_b32 %262:v[5] offset0:56 storage:shared
	 s1: %264:s[3] = v_readfirstlane_b32 %263:v[5]
	 s2: %73:s[26-27] = v_cmp_eq_i32 %264:s[3], %37:v[2]
	p_logical_end
	p_branch BB38
BB37
/* logical preds: BB35, / linear preds: BB35, / kind: uniform, */
	p_logical_start
	p_logical_end
	p_branch BB38
BB38
/* logical preds: BB36, BB37, / linear preds: BB36, BB37, / kind: uniform, */
	 s2: %74:s[26-27] = p_linear_phi %73:s[26-27], 0
	p_logical_start
	 s2: %75:s[24-25],  s1: %265:scc = s_or_b64 %74:s[26-27], %69:s[24-25]
	 s1: %266:scc = s_cmp_lt_u32 7, %34:s[1]
	p_logical_end
	p_cbranch_z %266:scc BB40, BB39
BB39
/* logical preds: BB38, / linear preds: BB38, / kind: uniform, */
	p_logical_start
	 v1: %269:v[5] = p_parallelcopy 0
	 v1: %270:v[5] = ds_read_b32 %269:v[5] offset0:60 storage:shared
	 s1: %271:s[3] = v_readfirstlane_b32 %270:v[5]
	 s2: %79:s[26-27] = v_cmp_eq_i32 %271:s[3], %37:v[2]
	p_logical_end
	p_branch BB41
BB40
/* logical preds: BB38, / linear preds: BB38, / kind: uniform, */
	p_logical_start
	p_logical_end
	p_branch BB41
BB41
/* logical preds: BB39, BB40, / linear preds: BB39, BB40, / kind: branch, */
	 s2: %80:s[26-27] = p_linear_phi %79:s[26-27], 0
	p_logical_start
	 s2: %82:s[24-25],  s1: %273:scc = s_nor_b64 %80:s[26-27], %75:s[24-25]
	p_logical_end
	 s2: %0:exec,  s1: %349:scc = s_and_b64 %82:s[24-25], %0:exec
	p_cbranch_z %0:exec BB43, BB42
BB42
/* logical preds: BB41, / linear preds: BB41, / kind: uniform, */
	p_logical_start
	 s2: %86:s[24-25] = p_create_vector %201:s[2], 0xffff8000
	 s4: %87:s[24-27] = s_load_dwordx4 %86:s[24-25], 0
	 v1: %88:v[5] = v_add_lshl_u32 %13:s[0], %37:v[2], 2
	 v1: %89:v[5] = buffer_load_dword %87:s[24-27], %88:v[5], 0 offen storage:buffer semantics:private,reorder
	 s2: %91:s[24-25] = v_cmp_lt_u32 %37:v[2], %35:v[4]
	 s2: (precise)%90:s[26-27] = v_cmp_eq_f32 %89:v[5], %36:v[3]
	 s2: %92:s[24-25],  s1: %278:scc = s_and_b64 %90:s[26-27], %91:s[24-25]
	 s2: (precise)%93:s[26-27] = v_cmp_lt_f32 %36:v[3], %89:v[5]
	 s2: %94:s[24-25],  s1: %279:scc = s_or_b64 %93:s[26-27], %92:s[24-25]
	 v1: %95:v[4] = v_cndmask_b32 %35:v[4], %37:v[2], %94:s[24-25]
	 v1: %96:v[3] = v_cndmask_b32 %36:v[3], %89:v[5], %94:s[24-25]
	p_logical_end
	p_branch BB44
BB43
/* logical preds: / linear preds: BB41, / kind: uniform, */
	p_branch BB44
BB44
/* logical preds: / linear preds: BB42, BB43, / kind: invert, */
	 s2: %0:exec,  s1: %350:scc = s_andn2_b64 %347:s[22-23], %0:exec
	p_cbranch_z %0:exec BB46, BB45
BB45
/* logical preds: BB41, / linear preds: BB44, / kind: uniform, */
	p_logical_start
	p_logical_end
	p_branch BB47
BB46
/* logical preds: / linear preds: BB44, / kind: uniform, */
	p_branch BB47
BB47
/* logical preds: BB42, BB45, / linear preds: BB45, BB46, / kind: uniform, continue, merge, */
	 v1: %98:v[4] = p_phi %95:v[4], %35:v[4]
	 v1: %97:v[3] = p_phi %96:v[3], %36:v[3]
	 s2: %0:exec = p_parallelcopy %347:s[22-23]
	p_logical_start
	 v1: %100:v[2] = v_add_u32 0x100, %37:v[2]
	p_logical_end
	p_branch BB9
BB48
/* logical preds: BB10, / linear preds: BB11, / kind: loop-exit, branch, */
	 v1: %102:v[3] = p_phi %36:v[3]
	 v1: %101:v[4] = p_phi %35:v[4]
	 s2: %0:exec = p_parallelcopy -1
	p_logical_start
	ds_write_b32 %17:v[1], %102:v[3] offset0:64 storage:shared
	ds_write_b32 %17:v[1], %101:v[4] offset0:1088 storage:shared
	p_barrier storage:shared semantics:acquire,release scope:workgroup exec_scope:workgroup
	p_logical_end
	 s2: %0:exec = p_parallelcopy %27:s[8-9]
	p_cbranch_z %0:exec BB56, BB49
BB49
/* logical preds: BB48, / linear preds: BB48, / kind: branch, */
	p_logical_start
	 v1: %103:v[2] = ds_read_b32 %17:v[1] offset0:576 storage:shared
	 v1: %104:v[3] = ds_read_b32 %17:v[1] offset0:1600 storage:shared
	 v1: %105:v[4] = ds_read_b32 %17:v[1] offset0:64 storage:shared
	 v1: %106:v[5] = ds_read_b32 %17:v[1] offset0:1088 storage:shared
	 s2: (precise)%107:s[22-23] = v_cmp_eq_f32 %103:v[2], %105:v[4]
	 s2: (precise)%110:s[24-25] = v_cmp_lt_f32 %105:v[4], %103:v[2]
	 s2: %108:s[26-27] = v_cmp_lt_u32 %104:v[3], %106:v[5]
	 s2: %109:s[22-23],  s1: %280:scc = s_and_b64 %107:s[22-23], %108:s[26-27]
	 s2: %111:s[22-23],  s1: %281:scc = s_or_b64 %110:s[24-25], %109:s[22-23]
	p_logical_end
	 s2: %352:s[22-23],  s1: %351:scc,  s2: %0:exec = s_and_saveexec_b64 %111:s[22-23], %0:exec
	p_cbranch_z %0:exec BB51, BB50
BB50
/* logical preds: BB49, / linear preds: BB49, / kind: uniform, */
	p_logical_start
	ds_write_b32 %17:v[1], %103:v[2] offset0:64 storage:shared
	ds_write_b32 %17:v[1], %104:v[3] offset0:1088 storage:shared
	p_logical_end
	p_branch BB52
BB51
/* logical preds: / linear preds: BB49, / kind: uniform, */
	p_branch BB52
BB52
/* logical preds: / linear preds: BB50, BB51, / kind: invert, */
	 s2: %0:exec,  s1: %353:scc = s_andn2_b64 %352:s[22-23], %0:exec
	p_cbranch_z %0:exec BB54, BB53
BB53
/* logical preds: BB49, / linear preds: BB52, / kind: uniform, */
	p_logical_start
	p_logical_end
	p_branch BB55
BB54
/* logical preds: / linear preds: BB52, / kind: uniform, */
	p_branch BB55
BB55
/* logical preds: BB50, BB53, / linear preds: BB53, BB54, / kind: uniform, merge, */
	 s2: %0:exec = p_parallelcopy %352:s[22-23]
	p_logical_start
	p_logical_end
	p_branch BB57
BB56
/* logical preds: / linear preds: BB48, / kind: uniform, */
	p_branch BB57
BB57
/* logical preds: / linear preds: BB55, BB56, / kind: invert, */
	 s2: %0:exec,  s1: %354:scc = s_andn2_b64 -1, %0:exec
	p_cbranch_z %0:exec BB59, BB58
BB58
/* logical preds: BB48, / linear preds: BB57, / kind: uniform, */
	p_logical_start
	p_logical_end
	p_branch BB60
BB59
/* logical preds: / linear preds: BB57, / kind: uniform, */
	p_branch BB60
BB60
/* logical preds: BB55, BB58, / linear preds: BB58, BB59, / kind: branch, merge, */
	 s2: %0:exec = p_parallelcopy -1
	p_logical_start
	p_barrier storage:shared semantics:acquire,release scope:workgroup exec_scope:workgroup
	p_logical_end
	 s2: %0:exec = p_parallelcopy %28:s[10-11]
	p_cbranch_z %0:exec BB68, BB61
BB61
/* logical preds: BB60, / linear preds: BB60, / kind: branch, */
	p_logical_start
	 v1: %112:v[2] = ds_read_b32 %17:v[1] offset0:320 storage:shared
	 v1: %113:v[3] = ds_read_b32 %17:v[1] offset0:1344 storage:shared
	 v1: %114:v[4] = ds_read_b32 %17:v[1] offset0:64 storage:shared
	 v1: %115:v[5] = ds_read_b32 %17:v[1] offset0:1088 storage:shared
	 s2: (precise)%116:s[22-23] = v_cmp_eq_f32 %112:v[2], %114:v[4]
	 s2: (precise)%119:s[24-25] = v_cmp_lt_f32 %114:v[4], %112:v[2]
	 s2: %117:s[26-27] = v_cmp_lt_u32 %113:v[3], %115:v[5]
	 s2: %118:s[22-23],  s1: %282:scc = s_and_b64 %116:s[22-23], %117:s[26-27]
	 s2: %120:s[22-23],  s1: %283:scc = s_or_b64 %119:s[24-25], %118:s[22-23]
	p_logical_end
	 s2: %356:s[22-23],  s1: %355:scc,  s2: %0:exec = s_and_saveexec_b64 %120:s[22-23], %0:exec
	p_cbranch_z %0:exec BB63, BB62
BB62
/* logical preds: BB61, / linear preds: BB61, / kind: uniform, */
	p_logical_start
	ds_write_b32 %17:v[1], %112:v[2] offset0:64 storage:shared
	ds_write_b32 %17:v[1], %113:v[3] offset0:1088 storage:shared
	p_logical_end
	p_branch BB64
BB63
/* logical preds: / linear preds: BB61, / kind: uniform, */
	p_branch BB64
BB64
/* logical preds: / linear preds: BB62, BB63, / kind: invert, */
	 s2: %0:exec,  s1: %357:scc = s_andn2_b64 %356:s[22-23], %0:exec
	p_cbranch_z %0:exec BB66, BB65
BB65
/* logical preds: BB61, / linear preds: BB64, / kind: uniform, */
	p_logical_start
	p_logical_end
	p_branch BB67
BB66
/* logical preds: / linear preds: BB64, / kind: uniform, */
	p_branch BB67
BB67
/* logical preds: BB62, BB65, / linear preds: BB65, BB66, / kind: uniform, merge, */
	 s2: %0:exec = p_parallelcopy %356:s[22-23]
	p_logical_start
	p_logical_end
	p_branch BB69
BB68
/* logical preds: / linear preds: BB60, / kind: uniform, */
	p_branch BB69
BB69
/* logical preds: / linear preds: BB67, BB68, / kind: invert, */
	 s2: %0:exec,  s1: %358:scc = s_andn2_b64 -1, %0:exec
	p_cbranch_z %0:exec BB71, BB70
BB70
/* logical preds: BB60, / linear preds: BB69, / kind: uniform, */
	p_logical_start
	p_logical_end
	p_branch BB72
BB71
/* logical preds: / linear preds: BB69, / kind: uniform, */
	p_branch BB72
BB72
/* logical preds: BB67, BB70, / linear preds: BB70, BB71, / kind: branch, merge, */
	 s2: %0:exec = p_parallelcopy -1
	p_logical_start
	p_barrier storage:shared semantics:acquire,release scope:workgroup exec_scope:workgroup
	p_logical_end
	 s2: %0:exec = p_parallelcopy %29:s[12-13]
	p_cbranch_z %0:exec BB80, BB73
BB73
/* logical preds: BB72, / linear preds: BB72, / kind: branch, */
	p_logical_start
	 v2: %121:v[2-3] = ds_read2_b32 %17:v[1] offset0:16 offset1:48 storage:shared
	 v1: %122:v[4] = ds_read_b32 %17:v[1] offset0:1216 storage:shared
	 v1: %123:v[5] = ds_read_b32 %17:v[1] offset0:1088 storage:shared
	 v1: %284:v[2],  v1: %285:v[3] = p_split_vector %121:v[2-3]
	 s2: (precise)%124:s[22-23] = v_cmp_eq_f32 %285:v[3], %284:v[2]
	 s2: (precise)%127:s[24-25] = v_cmp_lt_f32 %284:v[2], %285:v[3]
	 s2: %125:s[26-27] = v_cmp_lt_u32 %122:v[4], %123:v[5]
	 s2: %126:s[22-23],  s1: %286:scc = s_and_b64 %124:s[22-23], %125:s[26-27]
	 s2: %128:s[22-23],  s1: %287:scc = s_or_b64 %127:s[24-25], %126:s[22-23]
	p_logical_end
	 s2: %360:s[22-23],  s1: %359:scc,  s2: %0:exec = s_and_saveexec_b64 %128:s[22-23], %0:exec
	p_cbranch_z %0:exec BB75, BB74
BB74
/* logical preds: BB73, / linear preds: BB73, / kind: uniform, */
	p_logical_start
	ds_write_b32 %17:v[1], %285:v[3] offset0:64 storage:shared
	ds_write_b32 %17:v[1], %122:v[4] offset0:1088 storage:shared
	p_logical_end
	p_branch BB76
BB75
/* logical preds: / linear preds: BB73, / kind: uniform, */
	p_branch BB76
BB76
/* logical preds: / linear preds: BB74, BB75, / kind: invert, */
	 s2: %0:exec,  s1: %361:scc = s_andn2_b64 %360:s[22-23], %0:exec
	p_cbranch_z %0:exec BB78, BB77
BB77
/* logical preds: BB73, / linear preds: BB76, / kind: uniform, */
	p_logical_start
	p_logical_end
	p_branch BB79
BB78
/* logical preds: / linear preds: BB76, / kind: uniform, */
	p_branch BB79
BB79
/* logical preds: BB74, BB77, / linear preds: BB77, BB78, / kind: uniform, merge, */
	 s2: %0:exec = p_parallelcopy %360:s[22-23]
	p_logical_start
	p_logical_end
	p_branch BB81
BB80
/* logical preds: / linear preds: BB72, / kind: uniform, */
	p_branch BB81
BB81
/* logical preds: / linear preds: BB79, BB80, / kind: invert, */
	 s2: %0:exec,  s1: %362:scc = s_andn2_b64 -1, %0:exec
	p_cbranch_z %0:exec BB83, BB82
BB82
/* logical preds: BB72, / linear preds: BB81, / kind: uniform, */
	p_logical_start
	p_logical_end
	p_branch BB84
BB83
/* logical preds: / linear preds: BB81, / kind: uniform, */
	p_branch BB84
BB84
/* logical preds: BB79, BB82, / linear preds: BB82, BB83, / kind: branch, merge, */
	 s2: %0:exec = p_parallelcopy -1
	p_logical_start
	p_barrier storage:shared semantics:acquire,release scope:workgroup exec_scope:workgroup
	p_logical_end
	 s2: %0:exec = p_parallelcopy %30:s[14-15]
	p_cbranch_z %0:exec BB92, BB85
BB85
/* logical preds: BB84, / linear preds: BB84, / kind: branch, */
	p_logical_start
	 v2: %130:v[2-3] = ds_read2_b32 %17:v[1] offset0:16 offset1:32 storage:shared
	 v1: %131:v[4] = ds_read_b32 %17:v[1] offset0:1152 storage:shared
	 v1: %132:v[5] = ds_read_b32 %17:v[1] offset0:1088 storage:shared
	 v1: %288:v[2],  v1: %289:v[3] = p_split_vector %130:v[2-3]
	 s2: (precise)%133:s[22-23] = v_cmp_eq_f32 %289:v[3], %288:v[2]
	 s2: (precise)%136:s[24-25] = v_cmp_lt_f32 %288:v[2], %289:v[3]
	 s2: %134:s[26-27] = v_cmp_lt_u32 %131:v[4], %132:v[5]
	 s2: %135:s[22-23],  s1: %290:scc = s_and_b64 %133:s[22-23], %134:s[26-27]
	 s2: %137:s[22-23],  s1: %291:scc = s_or_b64 %136:s[24-25], %135:s[22-23]
	p_logical_end
	 s2: %364:s[22-23],  s1: %363:scc,  s2: %0:exec = s_and_saveexec_b64 %137:s[22-23], %0:exec
	p_cbranch_z %0:exec BB87, BB86
BB86
/* logical preds: BB85, / linear preds: BB85, / kind: uniform, */
	p_logical_start
	ds_write_b32 %17:v[1], %289:v[3] offset0:64 storage:shared
	ds_write_b32 %17:v[1], %131:v[4] offset0:1088 storage:shared
	p_logical_end
	p_branch BB88
BB87
/* logical preds: / linear preds: BB85, / kind: uniform, */
	p_branch BB88
BB88
/* logical preds: / linear preds: BB86, BB87, / kind: invert, */
	 s2: %0:exec,  s1: %365:scc = s_andn2_b64 %364:s[22-23], %0:exec
	p_cbranch_z %0:exec BB90, BB89
BB89
/* logical preds: BB85, / linear preds: BB88, / kind: uniform, */
	p_logical_start
	p_logical_end
	p_branch BB91
BB90
/* logical preds: / linear preds: BB88, / kind: uniform, */
	p_branch BB91
BB91
/* logical preds: BB86, BB89, / linear preds: BB89, BB90, / kind: uniform, merge, */
	 s2: %0:exec = p_parallelcopy %364:s[22-23]
	p_logical_start
	p_logical_end
	p_branch BB93
BB92
/* logical preds: / linear preds: BB84, / kind: uniform, */
	p_branch BB93
BB93
/* logical preds: / linear preds: BB91, BB92, / kind: invert, */
	 s2: %0:exec,  s1: %366:scc = s_andn2_b64 -1, %0:exec
	p_cbranch_z %0:exec BB95, BB94
BB94
/* logical preds: BB84, / linear preds: BB93, / kind: uniform, */
	p_logical_start
	p_logical_end
	p_branch BB96
BB95
/* logical preds: / linear preds: BB93, / kind: uniform, */
	p_branch BB96
BB96
/* logical preds: BB91, BB94, / linear preds: BB94, BB95, / kind: branch, merge, */
	 s2: %0:exec = p_parallelcopy -1
	p_logical_start
	p_barrier storage:shared semantics:acquire,release scope:workgroup exec_scope:workgroup
	p_logical_end
	 s2: %0:exec = p_parallelcopy %6:vcc
	p_cbranch_z %0:exec BB104, BB97
BB97
/* logical preds: BB96, / linear preds: BB96, / kind: branch, */
	p_logical_start
	 v2: %139:v[2-3] = ds_read2_b32 %17:v[1] offset0:16 offset1:24 storage:shared
	 v1: %140:v[4] = ds_read_b32 %17:v[1] offset0:1120 storage:shared
	 v1: %141:v[5] = ds_read_b32 %17:v[1] offset0:1088 storage:shared
	 v1: %292:v[2],  v1: %293:v[3] = p_split_vector %139:v[2-3]
	 s2: (precise)%142:s[22-23] = v_cmp_eq_f32 %293:v[3], %292:v[2]
	 s2: (precise)%145:s[24-25] = v_cmp_lt_f32 %292:v[2], %293:v[3]
	 s2: %143:s[26-27] = v_cmp_lt_u32 %140:v[4], %141:v[5]
	 s2: %144:s[22-23],  s1: %294:scc = s_and_b64 %142:s[22-23], %143:s[26-27]
	 s2: %146:s[22-23],  s1: %295:scc = s_or_b64 %145:s[24-25], %144:s[22-23]
	p_logical_end
	 s2: %368:s[22-23],  s1: %367:scc,  s2: %0:exec = s_and_saveexec_b64 %146:s[22-23], %0:exec
	p_cbranch_z %0:exec BB99, BB98
BB98
/* logical preds: BB97, / linear preds: BB97, / kind: uniform, */
	p_logical_start
	ds_write_b32 %17:v[1], %293:v[3] offset0:64 storage:shared
	ds_write_b32 %17:v[1], %140:v[4] offset0:1088 storage:shared
	p_logical_end
	p_branch BB100
BB99
/* logical preds: / linear preds: BB97, / kind: uniform, */
	p_branch BB100
BB100
/* logical preds: / linear preds: BB98, BB99, / kind: invert, */
	 s2: %0:exec,  s1: %369:scc = s_andn2_b64 %368:s[22-23], %0:exec
	p_cbranch_z %0:exec BB102, BB101
BB101
/* logical preds: BB97, / linear preds: BB100, / kind: uniform, */
	p_logical_start
	p_logical_end
	p_branch BB103
BB102
/* logical preds: / linear preds: BB100, / kind: uniform, */
	p_branch BB103
BB103
/* logical preds: BB98, BB101, / linear preds: BB101, BB102, / kind: uniform, merge, */
	 s2: %0:exec = p_parallelcopy %368:s[22-23]
	p_logical_start
	p_logical_end
	p_branch BB105
BB104
/* logical preds: / linear preds: BB96, / kind: uniform, */
	p_branch BB105
BB105
/* logical preds: / linear preds: BB103, BB104, / kind: invert, */
	 s2: %0:exec,  s1: %370:scc = s_andn2_b64 -1, %0:exec
	p_cbranch_z %0:exec BB107, BB106
BB106
/* logical preds: BB96, / linear preds: BB105, / kind: uniform, */
	p_logical_start
	p_logical_end
	p_branch BB108
BB107
/* logical preds: / linear preds: BB105, / kind: uniform, */
	p_branch BB108
BB108
/* logical preds: BB103, BB106, / linear preds: BB106, BB107, / kind: branch, merge, */
	 s2: %0:exec = p_parallelcopy -1
	p_logical_start
	p_barrier storage:shared semantics:acquire,release scope:workgroup exec_scope:workgroup
	p_logical_end
	 s2: %0:exec = p_parallelcopy %31:s[16-17]
	p_cbranch_z %0:exec BB116, BB109
BB109
/* logical preds: BB108, / linear preds: BB108, / kind: branch, */
	p_logical_start
	 v2: %148:v[2-3] = ds_read2_b32 %17:v[1] offset0:16 offset1:20 storage:shared
	 v1: %149:v[4] = ds_read_b32 %17:v[1] offset0:1104 storage:shared
	 v1: %150:v[5] = ds_read_b32 %17:v[1] offset0:1088 storage:shared
	 v1: %296:v[2],  v1: %297:v[3] = p_split_vector %148:v[2-3]
	 s2: (precise)%151:s[22-23] = v_cmp_eq_f32 %297:v[3], %296:v[2]
	 s2: (precise)%154:s[24-25] = v_cmp_lt_f32 %296:v[2], %297:v[3]
	 s2: %152:s[26-27] = v_cmp_lt_u32 %149:v[4], %150:v[5]
	 s2: %153:s[22-23],  s1: %298:scc = s_and_b64 %151:s[22-23], %152:s[26-27]
	 s2: %155:s[22-23],  s1: %299:scc = s_or_b64 %154:s[24-25], %153:s[22-23]
	p_logical_end
	 s2: %372:s[22-23],  s1: %371:scc,  s2: %0:exec = s_and_saveexec_b64 %155:s[22-23], %0:exec
	p_cbranch_z %0:exec BB111, BB110
BB110
/* logical preds: BB109, / linear preds: BB109, / kind: uniform, */
	p_logical_start
	ds_write_b32 %17:v[1], %297:v[3] offset0:64 storage:shared
	ds_write_b32 %17:v[1], %149:v[4] offset0:1088 storage:shared
	p_logical_end
	p_branch BB112
BB111
/* logical preds: / linear preds: BB109, / kind: uniform, */
	p_branch BB112
BB112
/* logical preds: / linear preds: BB110, BB111, / kind: invert, */
	 s2: %0:exec,  s1: %373:scc = s_andn2_b64 %372:s[22-23], %0:exec
	p_cbranch_z %0:exec BB114, BB113
BB113
/* logical preds: BB109, / linear preds: BB112, / kind: uniform, */
	p_logical_start
	p_logical_end
	p_branch BB115
BB114
/* logical preds: / linear preds: BB112, / kind: uniform, */
	p_branch BB115
BB115
/* logical preds: BB110, BB113, / linear preds: BB113, BB114, / kind: uniform, merge, */
	 s2: %0:exec = p_parallelcopy %372:s[22-23]
	p_logical_start
	p_logical_end
	p_branch BB117
BB116
/* logical preds: / linear preds: BB108, / kind: uniform, */
	p_branch BB117
BB117
/* logical preds: / linear preds: BB115, BB116, / kind: invert, */
	 s2: %0:exec,  s1: %374:scc = s_andn2_b64 -1, %0:exec
	p_cbranch_z %0:exec BB119, BB118
BB118
/* logical preds: BB108, / linear preds: BB117, / kind: uniform, */
	p_logical_start
	p_logical_end
	p_branch BB120
BB119
/* logical preds: / linear preds: BB117, / kind: uniform, */
	p_branch BB120
BB120
/* logical preds: BB115, BB118, / linear preds: BB118, BB119, / kind: branch, merge, */
	 s2: %0:exec = p_parallelcopy -1
	p_logical_start
	p_barrier storage:shared semantics:acquire,release scope:workgroup exec_scope:workgroup
	p_logical_end
	 s2: %0:exec = p_parallelcopy %32:s[18-19]
	p_cbranch_z %0:exec BB128, BB121
BB121
/* logical preds: BB120, / linear preds: BB120, / kind: branch, */
	p_logical_start
	 v2: %157:v[2-3] = ds_read2_b32 %17:v[1] offset0:16 offset1:18 storage:shared
	 v1: %158:v[4] = ds_read_b32 %17:v[1] offset0:1096 storage:shared
	 v1: %159:v[5] = ds_read_b32 %17:v[1] offset0:1088 storage:shared
	 v1: %300:v[2],  v1: %301:v[3] = p_split_vector %157:v[2-3]
	 s2: (precise)%160:s[22-23] = v_cmp_eq_f32 %301:v[3], %300:v[2]
	 s2: (precise)%163:s[24-25] = v_cmp_lt_f32 %300:v[2], %301:v[3]
	 s2: %161:s[26-27] = v_cmp_lt_u32 %158:v[4], %159:v[5]
	 s2: %162:s[22-23],  s1: %302:scc = s_and_b64 %160:s[22-23], %161:s[26-27]
	 s2: %164:s[22-23],  s1: %303:scc = s_or_b64 %163:s[24-25], %162:s[22-23]
	p_logical_end
	 s2: %376:s[22-23],  s1: %375:scc,  s2: %0:exec = s_and_saveexec_b64 %164:s[22-23], %0:exec
	p_cbranch_z %0:exec BB123, BB122
BB122
/* logical preds: BB121, / linear preds: BB121, / kind: uniform, */
	p_logical_start
	ds_write_b32 %17:v[1], %301:v[3] offset0:64 storage:shared
	ds_write_b32 %17:v[1], %158:v[4] offset0:1088 storage:shared
	p_logical_end
	p_branch BB124
BB123
/* logical preds: / linear preds: BB121, / kind: uniform, */
	p_branch BB124
BB124
/* logical preds: / linear preds: BB122, BB123, / kind: invert, */
	 s2: %0:exec,  s1: %377:scc = s_andn2_b64 %376:s[22-23], %0:exec
	p_cbranch_z %0:exec BB126, BB125
BB125
/* logical preds: BB121, / linear preds: BB124, / kind: uniform, */
	p_logical_start
	p_logical_end
	p_branch BB127
BB126
/* logical preds: / linear preds: BB124, / kind: uniform, */
	p_branch BB127
BB127
/* logical preds: BB122, BB125, / linear preds: BB125, BB126, / kind: uniform, merge, */
	 s2: %0:exec = p_parallelcopy %376:s[22-23]
	p_logical_start
	p_logical_end
	p_branch BB129
BB128
/* logical preds: / linear preds: BB120, / kind: uniform, */
	p_branch BB129
BB129
/* logical preds: / linear preds: BB127, BB128, / kind: invert, */
	 s2: %0:exec,  s1: %378:scc = s_andn2_b64 -1, %0:exec
	p_cbranch_z %0:exec BB131, BB130
BB130
/* logical preds: BB120, / linear preds: BB129, / kind: uniform, */
	p_logical_start
	p_logical_end
	p_branch BB132
BB131
/* logical preds: / linear preds: BB129, / kind: uniform, */
	p_branch BB132
BB132
/* logical preds: BB127, BB130, / linear preds: BB130, BB131, / kind: branch, merge, */
	 s2: %0:exec = p_parallelcopy -1
	p_logical_start
	p_barrier storage:shared semantics:acquire,release scope:workgroup exec_scope:workgroup
	p_logical_end
	 s2: %0:exec = p_parallelcopy %33:s[20-21]
	p_cbranch_z %0:exec BB140, BB133
BB133
/* logical preds: BB132, / linear preds: BB132, / kind: branch, */
	p_logical_start
	 v1: %304:v[2] = p_parallelcopy 0
	 v1: %305:v[3] = ds_read_b32 %304:v[2] offset0:68 storage:shared
	 v1: %308:v[2] = ds_read_b32 %304:v[2] offset0:1092 storage:shared
	 v1: %168:v[4] = ds_read_b32 %17:v[1] offset0:64 storage:shared
	 v1: %169:v[5] = ds_read_b32 %17:v[1] offset0:1088 storage:shared
	 s1: %306:s[3] = v_readfirstlane_b32 %305:v[3]
	 s1: %309:s[7] = v_readfirstlane_b32 %308:v[2]
	 s2: (precise)%170:s[22-23] = v_cmp_eq_f32 %306:s[3], %168:v[4]
	 s2: (precise)%173:s[24-25] = v_cmp_gt_f32 %306:s[3], %168:v[4]
	 s2: %171:s[26-27] = v_cmp_lt_u32 %309:s[7], %169:v[5]
	 s2: %172:s[22-23],  s1: %310:scc = s_and_b64 %170:s[22-23], %171:s[26-27]
	 s2: %174:s[22-23],  s1: %311:scc = s_or_b64 %173:s[24-25], %172:s[22-23]
	p_logical_end
	 s2: %380:s[22-23],  s1: %379:scc,  s2: %0:exec = s_and_saveexec_b64 %174:s[22-23], %0:exec
	p_cbranch_z %0:exec BB135, BB134
BB134
/* logical preds: BB133, / linear preds: BB133, / kind: uniform, */
	p_logical_start
	 v1: %312:v[2] = p_parallelcopy %306:s[3]
	ds_write_b32 %17:v[1], %312:v[2] offset0:64 storage:shared
	 v1: %313:v[3] = p_parallelcopy %309:s[7]
	ds_write_b32 %17:v[1], %313:v[3] offset0:1088 storage:shared
	p_logical_end
	p_branch BB136
BB135
/* logical preds: / linear preds: BB133, / kind: uniform, */
	p_branch BB136
BB136
/* logical preds: / linear preds: BB134, BB135, / kind: invert, */
	 s2: %0:exec,  s1: %381:scc = s_andn2_b64 %380:s[22-23], %0:exec
	p_cbranch_z %0:exec BB138, BB137
BB137
/* logical preds: BB133, / linear preds: BB136, / kind: uniform, */
	p_logical_start
	p_logical_end
	p_branch BB139
BB138
/* logical preds: / linear preds: BB136, / kind: uniform, */
	p_branch BB139
BB139
/* logical preds: BB134, BB137, / linear preds: BB137, BB138, / kind: uniform, merge, */
	 s2: %0:exec = p_parallelcopy %380:s[22-23]
	p_logical_start
	p_logical_end
	p_branch BB141
BB140
/* logical preds: / linear preds: BB132, / kind: uniform, */
	p_branch BB141
BB141
/* logical preds: / linear preds: BB139, BB140, / kind: invert, */
	 s2: %0:exec,  s1: %382:scc = s_andn2_b64 -1, %0:exec
	p_cbranch_z %0:exec BB143, BB142
BB142
/* logical preds: BB132, / linear preds: BB141, / kind: uniform, */
	p_logical_start
	p_logical_end
	p_branch BB144
BB143
/* logical preds: / linear preds: BB141, / kind: uniform, */
	p_branch BB144
BB144
/* logical preds: BB139, BB142, / linear preds: BB142, BB143, / kind: branch, merge, */
	 s2: %0:exec = p_parallelcopy -1
	p_logical_start
	p_barrier storage:shared semantics:acquire,release scope:workgroup exec_scope:workgroup
	p_logical_end
	 s2: %0:exec = p_parallelcopy %33:s[20-21]
	p_cbranch_z %0:exec BB146, BB145
BB145
/* logical preds: BB144, / linear preds: BB144, / kind: uniform, */
	p_logical_start
	 v1: %314:v[2] = p_parallelcopy 0
	 v1: %315:v[3] = ds_read_b32 %314:v[2] offset0:64 storage:shared
	 s1: %176:s[3],  s1: %317:scc = s_lshl_b32 %34:s[1], 2
	 v1: %318:v[4] = p_parallelcopy %176:s[3]
	 s1: %178:s[7],  s1: %323:scc = s_lshl2_add_u32 %34:s[1], 32
	 v1: %324:v[5] = p_parallelcopy %178:s[7]
	 s1: %316:s[22] = v_readfirstlane_b32 %315:v[3]
	 v1: %319:v[6] = p_parallelcopy %316:s[22]
	ds_write_b32 %318:v[4], %319:v[6] storage:shared
	 v1: %321:v[2] = ds_read_b32 %314:v[2] offset0:1088 storage:shared
	 s1: %322:s[23] = v_readfirstlane_b32 %321:v[2]
	 v1: %325:v[7] = p_parallelcopy %322:s[23]
	ds_write_b32 %324:v[5], %325:v[7] storage:shared
	p_logical_end
	p_branch BB147
BB146
/* logical preds: / linear preds: BB144, / kind: uniform, */
	p_branch BB147
BB147
/* logical preds: / linear preds: BB145, BB146, / kind: invert, */
	 s2: %0:exec,  s1: %383:scc = s_andn2_b64 -1, %0:exec
	p_cbranch_z %0:exec BB149, BB148
BB148
/* logical preds: BB144, / linear preds: BB147, / kind: uniform, */
	p_logical_start
	p_logical_end
	p_branch BB150
BB149
/* logical preds: / linear preds: BB147, / kind: uniform, */
	p_branch BB150
BB150
/* logical preds: BB145, BB148, / linear preds: BB148, BB149, / kind: uniform, merge, */
	 s2: %0:exec = p_parallelcopy -1
	p_logical_start
	p_barrier storage:shared semantics:acquire,release scope:workgroup exec_scope:workgroup
	 s1: %179:s[1],  s1: %326:scc = s_add_u32 %34:s[1], 1
	 s1: %327:scc = s_cmp_ge_u32 %179:s[1], 8
	p_logical_end
	p_cbranch_z %327:scc BB152, BB151
BB151
/* logical preds: BB150, / linear preds: BB150, / kind: uniform, break, */
	p_logical_start
	p_logical_end
	p_branch BB154
BB152
/* logical preds: BB150, / linear preds: BB150, / kind: uniform, */
	p_logical_start
	p_logical_end
	p_branch BB153
BB153
/* logical preds: BB152, / linear preds: BB152, / kind: uniform, continue, */
	p_logical_start
	p_logical_end
	p_branch BB8
BB154
/* logical preds: BB151, / linear preds: BB151, / kind: loop-exit, branch, */
	p_logical_start
	p_logical_end
	 s2: %0:exec = p_parallelcopy %6:vcc
	p_cbranch_z %0:exec BB156, BB155
BB155
/* logical preds: BB154, / linear preds: BB154, / kind: uniform, */
	p_logical_start
	 v2: %187:v[2-3] = ds_read2_b32 %17:v[1] offset1:8 storage:shared
	 s2: %190:s[2-3] = p_create_vector %201:s[2], 0xffff8000
	 s8: %191:s[8-15] = s_load_dwordx8 %190:s[2-3], 16
	 s1: %185:s[5],  s1: %331:scc = s_lshl3_add_u32 %207:s[117], %204:s[5]
	 v1: %332:v[2],  v1: %333:v[3] = p_split_vector %187:v[2-3]
	 v1: %193:v[0] = v_add_lshl_u32 %185:s[5], %206:v[0], 2
	 s1: %334:s[8],  s1: %335:s[9],  s1: %336:s[10],  s1: %337:s[11],  s1: %338:s[12],  s1: %339:s[13],  s1: %340:s[14],  s1: %341:s[15] = p_split_vector %191:s[8-15]
	 s4: %194:s[8-11] = p_create_vector %334:s[8], %335:s[9], %336:s[10], %337:s[11]
	buffer_store_dword %194:s[8-11], %193:v[0], 0, %333:v[3] offen disable_wqm storage:buffer
	 s1: %196:s[6] = s_cvt_f32_u32 %205:s[6]
	 s1: %197:s[6] = s_mul_f32 %196:s[6], 0x3e000000
	 v1: %198:v[2] = v_add_f32 %197:s[6], %332:v[2]
	 s4: %199:s[12-15] = p_create_vector %338:s[12], %339:s[13], %340:s[14], %341:s[15]
	buffer_store_dword %199:s[12-15], %193:v[0], 0, %198:v[2] offen disable_wqm storage:buffer
	p_logical_end
	p_branch BB157
BB156
/* logical preds: / linear preds: BB154, / kind: uniform, */
	p_branch BB157
BB157
/* logical preds: / linear preds: BB155, BB156, / kind: invert, */
	 s2: %0:exec,  s1: %384:scc = s_andn2_b64 -1, %0:exec
	p_cbranch_z %0:exec BB159, BB158
BB158
/* logical preds: BB154, / linear preds: BB157, / kind: uniform, */
	p_logical_start
	p_logical_end
	p_branch BB160
BB159
/* logical preds: / linear preds: BB157, / kind: uniform, */
	p_branch BB160
BB160
/* logical preds: BB155, BB158, / linear preds: BB158, BB159, / kind: uniform, merge, */
	 s2: %0:exec = p_parallelcopy -1
	p_logical_start
	p_logical_end
	p_branch BB162
BB161
/* logical preds: BB0, / linear preds: BB0, / kind: uniform, */
	p_logical_start
	p_logical_end
	p_branch BB162
BB162
/* logical preds: BB160, BB161, / linear preds: BB160, BB161, / kind: uniform, top-level, */
	p_logical_start
	p_logical_end
	s_endpgm

Compute Shader
disasm:
BB0:
	s_cmp_lt_u32 ttmp9, s3                                      ; bf0a0375
	s_cbranch_scc0 BB162                                        ; bfa101ed
BB1:
	v_cmpx_gt_u32_e32 8, v0                                     ; 7d980088
	s_mov_b64 vcc, exec                                         ; beea017e
	s_cbranch_execz BB7                                         ; bfa50006
BB2:
	v_lshlrev_b32_e32 v1, 2, v0                                 ; 30020082
	v_mov_b32_e32 v2, 0xff7fffff                                ; 7e0402ff ff7fffff
	v_mov_b32_e32 v3, -1                                        ; 7e0602c1
	ds_store_2addr_b32 v1, v2, v3 offset1:8                     ; d8380800 00030201
BB7:
	s_mov_b64 exec, -1                                          ; befe01c1
	s_wait_dscnt 0x0                                            ; bfc60000
	s_barrier_signal -1                                         ; be804ec1
	s_barrier_wait 0xffff                                       ; bf94ffff
	s_mul_i32 s0, ttmp9, s4                                     ; 96000475
	s_mov_b32 s1, 0                                             ; be810080
	v_lshlrev_b32_e32 v1, 2, v0                                 ; 30020082
	v_cmp_gt_u32_e64 s[8:9], 0x80, v0                           ; d44c0008 000200ff 00000080
	v_cmp_gt_u32_e64 s[10:11], 64, v0                           ; d44c000a 000200c0
	v_cmp_gt_u32_e64 s[12:13], 32, v0                           ; d44c000c 000200a0
	v_cmp_gt_u32_e64 s[14:15], 16, v0                           ; d44c000e 00020090
	v_cmp_gt_u32_e64 s[16:17], 4, v0                            ; d44c0010 00020084
	v_cmp_gt_u32_e64 s[18:19], 2, v0                            ; d44c0012 00020082
	v_cmp_eq_i32_e64 s[20:21], 0, v0                            ; d4420014 00020080
BB8:
	s_mov_b64 s[22:23], exec                                    ; be96017e
	v_mov_b32_e32 v2, v0                                        ; 7e040300
	v_mov_b32_e32 v3, 0xff7fffff                                ; 7e0602ff ff7fffff
	v_mov_b32_e32 v4, -1                                        ; 7e0802c1
BB9:
	s_delay_alu instid0(VALU_DEP_3)                             ; bf870003
	v_cmpx_le_u32_e32 s4, v2                                    ; 7d960404
BB10:
	s_and_not1_b64 s[22:23], s[22:23], exec                     ; 91967e16
	s_cbranch_scc0 BB48                                         ; bfa1008e
BB17:
	s_mov_b64 exec, s[22:23]                                    ; befe0116
	s_cmp_lg_i32 s1, 0                                          ; bf018001
	s_cbranch_scc0 BB19                                         ; bfa10009
BB18:
	v_mov_b32_e32 v5, 0                                         ; 7e0a0280
	ds_load_b32 v5, v5 offset:32                                ; d8d80020 05000005
	s_wait_dscnt 0x0                                            ; bfc60000
	v_readfirstlane_b32 s3, v5                                  ; 7e060505
	s_wait_alu 0xf1ff                                           ; bf88f1ff
	v_cmp_eq_i32_e64 s[24:25], s3, v2                           ; d4420018 00020403
	s_branch BB20                                               ; bfa00001
BB19:
	s_mov_b64 s[24:25], 0                                       ; be980180
BB20:
	s_cmp_lt_u32 1, s1                                          ; bf0a0181
	s_cbranch_scc0 BB22                                         ; bfa10009
BB21:
	v_mov_b32_e32 v5, 0                                         ; 7e0a0280
	ds_load_b32 v5, v5 offset:36                                ; d8d80024 05000005
	s_wait_dscnt 0x0                                            ; bfc60000
	v_readfirstlane_b32 s3, v5                                  ; 7e060505
	s_wait_alu 0xf1ff                                           ; bf88f1ff
	v_cmp_eq_i32_e64 s[26:27], s3, v2                           ; d442001a 00020403
	s_branch BB23                                               ; bfa00001
BB22:
	s_mov_b64 s[26:27], 0                                       ; be9a0180
BB23:
	s_delay_alu instid0(SALU_CYCLE_1)                           ; bf870009
	s_or_b64 s[24:25], s[26:27], s[24:25]                       ; 8c98181a
	s_cmp_lt_u32 2, s1                                          ; bf0a0182
	s_cbranch_scc0 BB25                                         ; bfa10009
BB24:
	v_mov_b32_e32 v5, 0                                         ; 7e0a0280
	ds_load_b32 v5, v5 offset:40                                ; d8d80028 05000005
	s_wait_dscnt 0x0                                            ; bfc60000
	v_readfirstlane_b32 s3, v5                                  ; 7e060505
	s_wait_alu 0xf1ff                                           ; bf88f1ff
	v_cmp_eq_i32_e64 s[26:27], s3, v2                           ; d442001a 00020403
	s_branch BB26                                               ; bfa00001
BB25:
	s_mov_b64 s[26:27], 0                                       ; be9a0180
BB26:
	s_delay_alu instid0(SALU_CYCLE_1)                           ; bf870009
	s_or_b64 s[24:25], s[26:27], s[24:25]                       ; 8c98181a
	s_cmp_lt_u32 3, s1                                          ; bf0a0183
	s_cbranch_scc0 BB28                                         ; bfa10009
BB27:
	v_mov_b32_e32 v5, 0                                         ; 7e0a0280
	ds_load_b32 v5, v5 offset:44                                ; d8d8002c 05000005
	s_wait_dscnt 0x0                                            ; bfc60000
	v_readfirstlane_b32 s3, v5                                  ; 7e060505
	s_wait_alu 0xf1ff                                           ; bf88f1ff
	v_cmp_eq_i32_e64 s[26:27], s3, v2                           ; d442001a 00020403
	s_branch BB29                                               ; bfa00001
BB28:
	s_mov_b64 s[26:27], 0                                       ; be9a0180
BB29:
	s_delay_alu instid0(SALU_CYCLE_1)                           ; bf870009
	s_or_b64 s[24:25], s[26:27], s[24:25]                       ; 8c98181a
	s_cmp_lt_u32 4, s1                                          ; bf0a0184
	s_cbranch_scc0 BB31                                         ; bfa10009
BB30:
	v_mov_b32_e32 v5, 0                                         ; 7e0a0280
	ds_load_b32 v5, v5 offset:48                                ; d8d80030 05000005
	s_wait_dscnt 0x0                                            ; bfc60000
	v_readfirstlane_b32 s3, v5                                  ; 7e060505
	s_wait_alu 0xf1ff                                           ; bf88f1ff
	v_cmp_eq_i32_e64 s[26:27], s3, v2                           ; d442001a 00020403
	s_branch BB32                                               ; bfa00001
BB31:
	s_mov_b64 s[26:27], 0                                       ; be9a0180
BB32:
	s_delay_alu instid0(SALU_CYCLE_1)                           ; bf870009
	s_or_b64 s[24:25], s[26:27], s[24:25]                       ; 8c98181a
	s_cmp_lt_u32 5, s1                                          ; bf0a0185
	s_cbranch_scc0 BB34                                         ; bfa10009
BB33:
	v_mov_b32_e32 v5, 0                                         ; 7e0a0280
	ds_load_b32 v5, v5 offset:52                                ; d8d80034 05000005
	s_wait_dscnt 0x0                                            ; bfc60000
	v_readfirstlane_b32 s3, v5                                  ; 7e060505
	s_wait_alu 0xf1ff                                           ; bf88f1ff
	v_cmp_eq_i32_e64 s[26:27], s3, v2                           ; d442001a 00020403
	s_branch BB35                                               ; bfa00001
BB34:
	s_mov_b64 s[26:27], 0                                       ; be9a0180
BB35:
	s_delay_alu instid0(SALU_CYCLE_1)                           ; bf870009
	s_or_b64 s[24:25], s[26:27], s[24:25]                       ; 8c98181a
	s_cmp_lt_u32 6, s1                                          ; bf0a0186
	s_cbranch_scc0 BB37                                         ; bfa10009
BB36:
	v_mov_b32_e32 v5, 0                                         ; 7e0a0280
	ds_load_b32 v5, v5 offset:56                                ; d8d80038 05000005
	s_wait_dscnt 0x0                                            ; bfc60000
	v_readfirstlane_b32 s3, v5                                  ; 7e060505
	s_wait_alu 0xf1ff                                           ; bf88f1ff
	v_cmp_eq_i32_e64 s[26:27], s3, v2                           ; d442001a 00020403
	s_branch BB38                                               ; bfa00001
BB37:
	s_mov_b64 s[26:27], 0                                       ; be9a0180
BB38:
	s_delay_alu instid0(SALU_CYCLE_1)                           ; bf870009
	s_or_b64 s[24:25], s[26:27], s[24:25]                       ; 8c98181a
	s_cmp_lt_u32 7, s1                                          ; bf0a0187
	s_cbranch_scc0 BB40                                         ; bfa10009
BB39:
	v_mov_b32_e32 v5, 0                                         ; 7e0a0280
	ds_load_b32 v5, v5 offset:60                                ; d8d8003c 05000005
	s_wait_dscnt 0x0                                            ; bfc60000
	v_readfirstlane_b32 s3, v5                                  ; 7e060505
	s_wait_alu 0xf1ff                                           ; bf88f1ff
	v_cmp_eq_i32_e64 s[26:27], s3, v2                           ; d442001a 00020403
	s_branch BB41                                               ; bfa00001
BB40:
	s_mov_b64 s[26:27], 0                                       ; be9a0180
BB41:
	s_delay_alu instid0(SALU_CYCLE_1)                           ; bf870009
	s_nor_b64 s[24:25], s[26:27], s[24:25]                      ; 8f98181a
	s_wait_alu 0xfffe                                           ; bf88fffe
	s_and_b64 exec, s[24:25], exec                              ; 8bfe7e18
	s_cbranch_execz BB47                                        ; bfa50018
BB42:
	s_mov_b32 s24, s2                                           ; be980002
	s_movk_i32 s25, 0x8000                                      ; b0198000
	s_load_b128 s[24:27], s[24:25], 0x0                         ; f400460c f8000000
	v_add_lshl_u32 v5, s0, v2, 2                                ; d6470005 020a0400
	s_wait_kmcnt 0x0                                            ; bfc70000
	buffer_load_b32 v5, v5, s[24:27], null offen                ; c405007c 40803005 00000005
	v_cmp_lt_u32_e64 s[24:25], v2, v4                           ; d4490018 00020902
	s_wait_loadcnt 0x0                                          ; bfc00000
	v_cmp_eq_f32_e64 s[26:27], v5, v3                           ; d412001a 00020705
	s_and_b64 s[24:25], s[26:27], s[24:25]                      ; 8b98181a
	v_cmp_lt_f32_e64 s[26:27], v3, v5                           ; d411001a 00020b03
	s_or_b64 s[24:25], s[26:27], s[24:25]                       ; 8c98181a
	s_wait_alu 0xfffe                                           ; bf88fffe
	v_cndmask_b32_e64 v4, v4, v2, s[24:25]                      ; d5010004 00620504
	v_cndmask_b32_e64 v3, v3, v5, s[24:25]                      ; d5010003 00620b03
BB47:
	s_mov_b64 exec, s[22:23]                                    ; befe0116
	v_add_nc_u32_e32 v2, 0x100, v2                              ; 4a0404ff 00000100
	s_branch BB9                                                ; bfa0ff6e
BB48:
	s_mov_b64 exec, -1                                          ; befe01c1
	ds_store_b32 v1, v3 offset:64                               ; d8340040 00000301
	ds_store_b32 v1, v4 offset:1088                             ; d8340440 00000401
	s_wait_dscnt 0x0                                            ; bfc60000
	s_barrier_signal -1                                         ; be804ec1
	s_barrier_wait 0xffff                                       ; bf94ffff
	s_mov_b64 exec, s[8:9]                                      ; befe0108
	s_cbranch_execz BB60                                        ; bfa5001a
BB49:
	ds_load_b32 v2, v1 offset:576                               ; d8d80240 02000001
	ds_load_b32 v3, v1 offset:1600                              ; d8d80640 03000001
	ds_load_b32 v4, v1 offset:64                                ; d8d80040 04000001
	ds_load_b32 v5, v1 offset:1088                              ; d8d80440 05000001
	s_wait_dscnt 0x1                                            ; bfc60001
	v_cmp_eq_f32_e64 s[22:23], v2, v4                           ; d4120016 00020902
	v_cmp_lt_f32_e64 s[24:25], v4, v2                           ; d4110018 00020504
	s_wait_dscnt 0x0                                            ; bfc60000
	v_cmp_lt_u32_e64 s[26:27], v3, v5                           ; d449001a 00020b03
	s_and_b64 s[22:23], s[22:23], s[26:27]                      ; 8b961a16
	s_wait_alu 0xfffe                                           ; bf88fffe
	s_or_b64 s[22:23], s[24:25], s[22:23]                       ; 8c961618
	s_wait_alu 0xfffe                                           ; bf88fffe
	s_and_saveexec_b64 s[22:23], s[22:23]                       ; be962116
	s_cbranch_execz BB60                                        ; bfa50004
BB50:
	ds_store_b32 v1, v2 offset:64                               ; d8340040 00000201
	ds_store_b32 v1, v3 offset:1088                             ; d8340440 00000301
BB60:
	s_wait_dscnt 0x0                                            ; bfc60000
	s_barrier_signal -1                                         ; be804ec1
	s_barrier_wait 0xffff                                       ; bf94ffff
	s_mov_b64 exec, s[10:11]                                    ; befe010a
	s_cbranch_execz BB72                                        ; bfa5001a
BB61:
	ds_load_b32 v2, v1 offset:320                               ; d8d80140 02000001
	ds_load_b32 v3, v1 offset:1344                              ; d8d80540 03000001
	ds_load_b32 v4, v1 offset:64                                ; d8d80040 04000001
	ds_load_b32 v5, v1 offset:1088                              ; d8d80440 05000001
	s_wait_dscnt 0x1                                            ; bfc60001
	v_cmp_eq_f32_e64 s[22:23], v2, v4                           ; d4120016 00020902
	v_cmp_lt_f32_e64 s[24:25], v4, v2                           ; d4110018 00020504
	s_wait_dscnt 0x0                                            ; bfc60000
	v_cmp_lt_u32_e64 s[26:27], v3, v5                           ; d449001a 00020b03
	s_and_b64 s[22:23], s[22:23], s[26:27]                      ; 8b961a16
	s_wait_alu 0xfffe                                           ; bf88fffe
	s_or_b64 s[22:23], s[24:25], s[22:23]                       ; 8c961618
	s_wait_alu 0xfffe                                           ; bf88fffe
	s_and_saveexec_b64 s[22:23], s[22:23]                       ; be962116
	s_cbranch_execz BB72                                        ; bfa50004
BB62:
	ds_store_b32 v1, v2 offset:64                               ; d8340040 00000201
	ds_store_b32 v1, v3 offset:1088                             ; d8340440 00000301
BB72:
	s_wait_dscnt 0x0                                            ; bfc60000
	s_barrier_signal -1                                         ; be804ec1
	s_barrier_wait 0xffff                                       ; bf94ffff
	s_mov_b64 exec, s[12:13]                                    ; befe010c
	s_cbranch_execz BB84                                        ; bfa50018
BB73:
	ds_load_2addr_b32 v[2:3], v1 offset0:16 offset1:48          ; d8dc3010 02000001
	ds_load_b32 v4, v1 offset:1216                              ; d8d804c0 04000001
	ds_load_b32 v5, v1 offset:1088                              ; d8d80440 05000001
	s_wait_dscnt 0x2                                            ; bfc60002
	v_cmp_eq_f32_e64 s[22:23], v3, v2                           ; d4120016 00020503
	v_cmp_lt_f32_e64 s[24:25], v2, v3                           ; d4110018 00020702
	s_wait_dscnt 0x0                                            ; bfc60000
	v_cmp_lt_u32_e64 s[26:27], v4, v5                           ; d449001a 00020b04
	s_and_b64 s[22:23], s[22:23], s[26:27]                      ; 8b961a16
	s_wait_alu 0xfffe                                           ; bf88fffe
	s_or_b64 s[22:23], s[24:25], s[22:23]                       ; 8c961618
	s_wait_alu 0xfffe                                           ; bf88fffe
	s_and_saveexec_b64 s[22:23], s[22:23]                       ; be962116
	s_cbranch_execz BB84                                        ; bfa50004
BB74:
	ds_store_b32 v1, v3 offset:64                               ; d8340040 00000301
	ds_store_b32 v1, v4 offset:1088                             ; d8340440 00000401
BB84:
	s_wait_dscnt 0x0                                            ; bfc60000
	s_barrier_signal -1                                         ; be804ec1
	s_barrier_wait 0xffff                                       ; bf94ffff
	s_mov_b64 exec, s[14:15]                                    ; befe010e
	s_cbranch_execz BB96                                        ; bfa50018
BB85:
	ds_load_2addr_b32 v[2:3], v1 offset0:16 offset1:32          ; d8dc2010 02000001
	ds_load_b32 v4, v1 offset:1152                              ; d8d80480 04000001
	ds_load_b32 v5, v1 offset:1088                              ; d8d80440 05000001
	s_wait_dscnt 0x2                                            ; bfc60002
	v_cmp_eq_f32_e64 s[22:23], v3, v2                           ; d4120016 00020503
	v_cmp_lt_f32_e64 s[24:25], v2, v3                           ; d4110018 00020702
	s_wait_dscnt 0x0                                            ; bfc60000
	v_cmp_lt_u32_e64 s[26:27], v4, v5                           ; d449001a 00020b04
	s_and_b64 s[22:23], s[22:23], s[26:27]                      ; 8b961a16
	s_wait_alu 0xfffe                                           ; bf88fffe
	s_or_b64 s[22:23], s[24:25], s[22:23]                       ; 8c961618
	s_wait_alu 0xfffe                                           ; bf88fffe
	s_and_saveexec_b64 s[22:23], s[22:23]                       ; be962116
	s_cbranch_execz BB96                                        ; bfa50004
BB86:
	ds_store_b32 v1, v3 offset:64                               ; d8340040 00000301
	ds_store_b32 v1, v4 offset:1088                             ; d8340440 00000401
BB96:
	s_wait_dscnt 0x0                                            ; bfc60000
	s_barrier_signal -1                                         ; be804ec1
	s_barrier_wait 0xffff                                       ; bf94ffff
	s_mov_b64 exec, vcc                                         ; befe016a
	s_cbranch_execz BB108                                       ; bfa50018
BB97:
	ds_load_2addr_b32 v[2:3], v1 offset0:16 offset1:24          ; d8dc1810 02000001
	ds_load_b32 v4, v1 offset:1120                              ; d8d80460 04000001
	ds_load_b32 v5, v1 offset:1088                              ; d8d80440 05000001
	s_wait_dscnt 0x2                                            ; bfc60002
	v_cmp_eq_f32_e64 s[22:23], v3, v2                           ; d4120016 00020503
	v_cmp_lt_f32_e64 s[24:25], v2, v3                           ; d4110018 00020702
	s_wait_dscnt 0x0                                            ; bfc60000
	v_cmp_lt_u32_e64 s[26:27], v4, v5                           ; d449001a 00020b04
	s_and_b64 s[22:23], s[22:23], s[26:27]                      ; 8b961a16
	s_wait_alu 0xfffe                                           ; bf88fffe
	s_or_b64 s[22:23], s[24:25], s[22:23]                       ; 8c961618
	s_wait_alu 0xfffe                                           ; bf88fffe
	s_and_saveexec_b64 s[22:23], s[22:23]                       ; be962116
	s_cbranch_execz BB108                                       ; bfa50004
BB98:
	ds_store_b32 v1, v3 offset:64                               ; d8340040 00000301
	ds_store_b32 v1, v4 offset:1088                             ; d8340440 00000401
BB108:
	s_wait_dscnt 0x0                                            ; bfc60000
	s_barrier_signal -1                                         ; be804ec1
	s_barrier_wait 0xffff                                       ; bf94ffff
	s_mov_b64 exec, s[16:17]                                    ; befe0110
	s_cbranch_execz BB120                                       ; bfa50018
BB109:
	ds_load_2addr_b32 v[2:3], v1 offset0:16 offset1:20          ; d8dc1410 02000001
	ds_load_b32 v4, v1 offset:1104                              ; d8d80450 04000001
	ds_load_b32 v5, v1 offset:1088                              ; d8d80440 05000001
	s_wait_dscnt 0x2                                            ; bfc60002
	v_cmp_eq_f32_e64 s[22:23], v3, v2                           ; d4120016 00020503
	v_cmp_lt_f32_e64 s[24:25], v2, v3                           ; d4110018 00020702
	s_wait_dscnt 0x0                                            ; bfc60000
	v_cmp_lt_u32_e64 s[26:27], v4, v5                           ; d449001a 00020b04
	s_and_b64 s[22:23], s[22:23], s[26:27]                      ; 8b961a16
	s_wait_alu 0xfffe                                           ; bf88fffe
	s_or_b64 s[22:23], s[24:25], s[22:23]                       ; 8c961618
	s_wait_alu 0xfffe                                           ; bf88fffe
	s_and_saveexec_b64 s[22:23], s[22:23]                       ; be962116
	s_cbranch_execz BB120                                       ; bfa50004
BB110:
	ds_store_b32 v1, v3 offset:64                               ; d8340040 00000301
	ds_store_b32 v1, v4 offset:1088                             ; d8340440 00000401
BB120:
	s_wait_dscnt 0x0                                            ; bfc60000
	s_barrier_signal -1                                         ; be804ec1
	s_barrier_wait 0xffff                                       ; bf94ffff
	s_mov_b64 exec, s[18:19]                                    ; befe0112
	s_cbranch_execz BB132                                       ; bfa50018
BB121:
	ds_load_2addr_b32 v[2:3], v1 offset0:16 offset1:18          ; d8dc1210 02000001
	ds_load_b32 v4, v1 offset:1096                              ; d8d80448 04000001
	ds_load_b32 v5, v1 offset:1088                              ; d8d80440 05000001
	s_wait_dscnt 0x2                                            ; bfc60002
	v_cmp_eq_f32_e64 s[22:23], v3, v2                           ; d4120016 00020503
	v_cmp_lt_f32_e64 s[24:25], v2, v3                           ; d4110018 00020702
	s_wait_dscnt 0x0                                            ; bfc60000
	v_cmp_lt_u32_e64 s[26:27], v4, v5                           ; d449001a 00020b04
	s_and_b64 s[22:23], s[22:23], s[26:27]                      ; 8b961a16
	s_wait_alu 0xfffe                                           ; bf88fffe
	s_or_b64 s[22:23], s[24:25], s[22:23]                       ; 8c961618
	s_wait_alu 0xfffe                                           ; bf88fffe
	s_and_saveexec_b64 s[22:23], s[22:23]                       ; be962116
	s_cbranch_execz BB132                                       ; bfa50004
BB122:
	ds_store_b32 v1, v3 offset:64                               ; d8340040 00000301
	ds_store_b32 v1, v4 offset:1088                             ; d8340440 00000401
BB132:
	s_wait_dscnt 0x0                                            ; bfc60000
	s_barrier_signal -1                                         ; be804ec1
	s_barrier_wait 0xffff                                       ; bf94ffff
	s_mov_b64 exec, s[20:21]                                    ; befe0114
	s_cbranch_execz BB144                                       ; bfa50022
BB133:
	v_mov_b32_e32 v2, 0                                         ; 7e040280
	ds_load_b32 v3, v2 offset:68                                ; d8d80044 03000002
	ds_load_b32 v2, v2 offset:1092                              ; d8d80444 02000002
	ds_load_b32 v4, v1 offset:64                                ; d8d80040 04000001
	ds_load_b32 v5, v1 offset:1088                              ; d8d80440 05000001
	s_wait_dscnt 0x3                                            ; bfc60003
	v_readfirstlane_b32 s3, v3                                  ; 7e060503
	s_wait_dscnt 0x2                                            ; bfc60002
	v_readfirstlane_b32 s7, v2                                  ; 7e0e0502
	s_wait_dscnt 0x1                                            ; bfc60001
	s_wait_alu 0xf1ff                                           ; bf88f1ff
	v_cmp_eq_f32_e64 s[22:23], s3, v4                           ; d4120016 00020803
	v_cmp_gt_f32_e64 s[24:25], s3, v4                           ; d4140018 00020803
	s_wait_dscnt 0x0                                            ; bfc60000
	v_cmp_lt_u32_e64 s[26:27], s7, v5                           ; d449001a 00020a07
	s_and_b64 s[22:23], s[22:23], s[26:27]                      ; 8b961a16
	s_wait_alu 0xfffe                                           ; bf88fffe
	s_or_b64 s[22:23], s[24:25], s[22:23]                       ; 8c961618
	s_wait_alu 0xfffe                                           ; bf88fffe
	s_and_saveexec_b64 s[22:23], s[22:23]                       ; be962116
	s_cbranch_execz BB144                                       ; bfa50006
BB134:
	v_mov_b32_e32 v2, s3                                        ; 7e040203
	v_mov_b32_e32 v3, s7                                        ; 7e060207
	ds_store_b32 v1, v2 offset:64                               ; d8340040 00000201
	ds_store_b32 v1, v3 offset:1088                             ; d8340440 00000301
BB144:
	s_wait_dscnt 0x0                                            ; bfc60000
	s_barrier_signal -1                                         ; be804ec1
	s_barrier_wait 0xffff                                       ; bf94ffff
	s_mov_b64 exec, s[20:21]                                    ; befe0114
	s_cbranch_execz BB150                                       ; bfa50016
BB145:
	v_mov_b32_e32 v2, 0                                         ; 7e040280
	ds_load_b32 v3, v2 offset:64                                ; d8d80040 03000002
	s_lshl_b32 s3, s1, 2                                        ; 84038201
	s_lshl2_add_u32 s7, s1, 32                                  ; 8787a001
	s_wait_alu 0xfffe                                           ; bf88fffe
	v_mov_b32_e32 v4, s3                                        ; 7e080203
	v_mov_b32_e32 v5, s7                                        ; 7e0a0207
	s_wait_dscnt 0x0                                            ; bfc60000
	v_readfirstlane_b32 s22, v3                                 ; 7e2c0503
	s_wait_alu 0xf1ff                                           ; bf88f1ff
	v_mov_b32_e32 v6, s22                                       ; 7e0c0216
	ds_store_b32 v4, v6                                         ; d8340000 00000604
	ds_load_b32 v2, v2 offset:1088                              ; d8d80440 02000002
	s_wait_dscnt 0x0                                            ; bfc60000
	v_readfirstlane_b32 s23, v2                                 ; 7e2e0502
	s_wait_alu 0xf1ff                                           ; bf88f1ff
	v_mov_b32_e32 v7, s23                                       ; 7e0e0217
	ds_store_b32 v5, v7                                         ; d8340000 00000705
BB150:
	s_mov_b64 exec, -1                                          ; befe01c1
	s_wait_dscnt 0x0                                            ; bfc60000
	s_barrier_signal -1                                         ; be804ec1
	s_barrier_wait 0xffff                                       ; bf94ffff
	s_add_co_u32 s1, s1, 1                                      ; 80018101
	s_wait_alu 0xfffe                                           ; bf88fffe
	s_cmp_ge_u32 s1, 8                                          ; bf098801
	s_cbranch_scc0 BB8                                          ; bfa1fe4b
BB154:
	s_mov_b64 exec, vcc                                         ; befe016a
	s_cbranch_execz BB162                                       ; bfa50017
BB155:
	ds_load_2addr_b32 v[2:3], v1 offset1:8                      ; d8dc0800 02000001
	s_movk_i32 s3, 0x8000                                       ; b0038000
	s_load_b256 s[8:15], s[2:3], 0x10                           ; f4006201 f8000010
	s_lshl3_add_u32 s5, ttmp9, s5                               ; 88050575
	s_wait_alu 0xfffe                                           ; bf88fffe
	v_add_lshl_u32 v0, s5, v0, 2                                ; d6470000 020a0005
	s_wait_dscnt 0x0                                            ; bfc60000
	s_wait_kmcnt 0x0                                            ; bfc70000
	buffer_store_b32 v3, v0, s[8:11], null offen                ; c406807c 40801003 00000000
	s_cvt_f32_u32 s6, s6                                        ; be866506
	s_wait_alu 0xfffe                                           ; bf88fffe
	s_mul_f32 s6, s6, 0x3e000000                                ; a206ff06 3e000000
	s_wait_alu 0xfffe                                           ; bf88fffe
	v_add_f32_e32 v2, s6, v2                                    ; 06040406
	buffer_store_b32 v2, v0, s[12:15], null offen               ; c406807c 40801802 00000000
BB162:
	s_nop 0                                                     ; bf800000
	s_sendmsg sendmsg(MSG_DEALLOC_VGPRS)                        ; bfb60003
	s_endpgm                                                    ; bfb00000


Compute Shader:
*** SHADER STATS ***
Driver pipeline hash: 11827821489407998786
SGPRs: 128
VGPRs: 12
Spilled SGPRs: 0
Spilled VGPRs: 0
Code size: 1992
LDS size: 2560
Scratch size: 0
Subgroups per SIMD: 32
Combined inputs: 0
Combined outputs: 0
Hash: 3439401017
Instructions: 380
Copies: 67
Branches: 40
Latency: 10667
Inverse Throughput: 909
VMEM Clause: 3
SMEM Clause: 2
Pre-Sched SGPRs: 30
Pre-Sched VGPRs: 6
VALU: 85
SALU: 92
VMEM: 3
SMEM: 2
VOPD: 0
********************


[vulkan] rows=1 vocab=1024 wg=256 median=26.04 us correctness=pass
WARNING: radv is not a conformant Vulkan implementation, testing use only.
[vulkan] rows=1 vocab=32768 wg=256 median=55.684 us correctness=pass
WARNING: radv is not a conformant Vulkan implementation, testing use only.
[vulkan] rows=4 vocab=32768 wg=256 median=56.068 us correctness=pass
WARNING: radv is not a conformant Vulkan implementation, testing use only.
[vulkan] rows=8 vocab=32768 wg=256 median=56.52 us correctness=pass
