WARNING: radv is not a conformant Vulkan implementation, testing use only.
WARNING: radv is not a conformant Vulkan implementation, testing use only.
WARNING: radv is not a conformant Vulkan implementation, testing use only.
WARNING: radv is not a conformant Vulkan implementation, testing use only.
WARNING: radv is not a conformant Vulkan implementation, testing use only.
WARNING: radv is not a conformant Vulkan implementation, testing use only.
WARNING: radv is not a conformant Vulkan implementation, testing use only.
WARNING: radv is not a conformant Vulkan implementation, testing use only.
WARNING: radv is not a conformant Vulkan implementation, testing use only.
WARNING: radv is not a conformant Vulkan implementation, testing use only.
WARNING: radv is not a conformant Vulkan implementation, testing use only.
WARNING: radv is not a conformant Vulkan implementation, testing use only.
WARNING: radv is not a conformant Vulkan implementation, testing use only.
WARNING: radv is not a conformant Vulkan implementation, testing use only.
WARNING: radv is not a conformant Vulkan implementation, testing use only.
WARNING: radv is not a conformant Vulkan implementation, testing use only.
WARNING: radv is not a conformant Vulkan implementation, testing use only.
WARNING: radv is not a conformant Vulkan implementation, testing use only.
WARNING: radv is not a conformant Vulkan implementation, testing use only.
WARNING: radv is not a conformant Vulkan implementation, testing use only.
WARNING: radv is not a conformant Vulkan implementation, testing use only.
WARNING: radv is not a conformant Vulkan implementation, testing use only.
WARNING: radv is not a conformant Vulkan implementation, testing use only.
WARNING: radv is not a conformant Vulkan implementation, testing use only.
[vulkan-q8_0-dense] mode=independent_throughput quantize=0.0008 ms dot=0.004608 ms combined=0.0112 ms correctness=pass
[vulkan-q8_0-dense] mode=independent_throughput quantize=0.00086 ms dot=0.015856 ms combined=0.021584 ms correctness=pass
[vulkan-q8_0-dense] mode=independent_throughput quantize=0.0011 ms dot=0.0141 ms combined=0.021108 ms correctness=pass
[vulkan-q8_0-dense] mode=independent_throughput quantize=0.001304 ms dot=0.052352 ms combined=0.054032 ms correctness=pass
[vulkan-q8_0-dense] mode=independent_throughput quantize=0.001096 ms dot=0.006896 ms combined=0.016428 ms correctness=pass
[vulkan-q8_0-dense] mode=independent_throughput quantize=0.001132 ms dot=0.012392 ms combined=0.020232 ms correctness=pass
[vulkan-q8_0-dense] mode=independent_throughput quantize=0.0011 ms dot=0.01522 ms combined=0.021828 ms correctness=pass
[vulkan-q8_0-dense] mode=independent_throughput quantize=0.001312 ms dot=0.03076 ms combined=0.032772 ms correctness=pass
[vulkan-q8_0-dense] mode=independent_throughput quantize=0.00106 ms dot=0.00594 ms combined=0.015836 ms correctness=pass
[vulkan-q8_0-dense] mode=independent_throughput quantize=0.001132 ms dot=0.020844 ms combined=0.024216 ms correctness=pass
[vulkan-q8_0-dense] mode=independent_throughput quantize=0.001132 ms dot=0.01346 ms combined=0.019824 ms correctness=pass
[vulkan-q8_0-dense] mode=independent_throughput quantize=0.001296 ms dot=0.050784 ms combined=0.055824 ms correctness=pass
[vulkan-q8_0-dense] mode=independent_throughput quantize=0.001056 ms dot=0.006912 ms combined=0.015864 ms correctness=pass
[vulkan-q8_0-dense] mode=independent_throughput quantize=0.001132 ms dot=0.009968 ms combined=0.01738 ms correctness=pass
[vulkan-q8_0-dense] mode=independent_throughput quantize=0.0011 ms dot=0.014612 ms combined=0.020168 ms correctness=pass
[vulkan-q8_0-dense] mode=independent_throughput quantize=0.001324 ms dot=0.022368 ms combined=0.028048 ms correctness=pass
[vulkan-q8_0-dense] mode=independent_throughput quantize=0.001056 ms dot=0.007876 ms combined=0.017824 ms correctness=pass
[vulkan-q8_0-dense] mode=independent_throughput quantize=0.00114 ms dot=0.028824 ms combined=0.036812 ms correctness=pass
[vulkan-q8_0-dense] mode=independent_throughput quantize=0.0011 ms dot=0.014028 ms combined=0.022324 ms correctness=pass
[vulkan-q8_0-dense] mode=independent_throughput quantize=0.001304 ms dot=0.053356 ms combined=0.056104 ms correctness=pass
[vulkan-q8_0-dense] mode=independent_throughput quantize=0.0011 ms dot=0.01002 ms combined=0.019844 ms correctness=pass
[vulkan-q8_0-dense] mode=independent_throughput quantize=0.001132 ms dot=0.01408 ms combined=0.0224 ms correctness=pass
[vulkan-q8_0-dense] mode=independent_throughput quantize=0.0011 ms dot=0.016132 ms combined=0.02198 ms correctness=pass
[vulkan-q8_0-dense] mode=independent_throughput quantize=0.001308 ms dot=0.023912 ms combined=0.02584 ms correctness=pass
{
  "artifact_ref": "/home/kaden/ClaudeCode/autorocm/redline-pub/examples/hipengine-6409/results/gfx1201/2026-07-12/independent_throughput/vulkan-dense-q8.json",
  "backend": "vulkan",
  "bench": "q8_0_dense_real_slice",
  "classification": "real_slice_probe",
  "command": [
    "python3",
    "/tmp/hipEngine-f2c/benchmarks/micro/runners/q8_0_dense_real_slice.py",
    "--backend",
    "vulkan",
    "--timing-mode",
    "independent_throughput",
    "--independent-streams",
    "4",
    "--reps",
    "10",
    "--warmup",
    "3",
    "--samples",
    "5",
    "--environment-json",
    "/home/kaden/ClaudeCode/autorocm/redline-pub/examples/hipengine-6409/results/gfx1201/2026-07-12/environment.json",
    "--environment-ref",
    "/home/kaden/ClaudeCode/autorocm/redline-pub/examples/hipengine-6409/results/gfx1201/2026-07-12/environment.json",
    "--gfx-arch",
    "gfx1201",
    "--hardware-gpu",
    "AMD Radeon Graphics",
    "--build-dir",
    "/home/kaden/ClaudeCode/autorocm/redline-pub/examples/hipengine-6409/results/gfx1201/2026-07-12/build/vulkan/dense-q8",
    "--shapes",
    "768x2048,2048x2048",
    "--rows-list",
    "1,4",
    "--local-sizes",
    "32,64,128",
    "--row-tiles",
    "1,4",
    "--out",
    "/home/kaden/ClaudeCode/autorocm/redline-pub/examples/hipengine-6409/results/gfx1201/2026-07-12/independent_throughput/vulkan-dense-q8.json",
    "--pretty"
  ],
  "correctness": {
    "all_pass": true,
    "oracle": "CPU q8_1 quantize plus raw GGUF Q8_0 dense dp4a",
    "rows": 52,
    "status": "pass"
  },
  "environment_ref": "/home/kaden/ClaudeCode/autorocm/redline-pub/examples/hipengine-6409/results/gfx1201/2026-07-12/environment.json",
  "hardware": {
    "device": {
      "actual_independent_lanes": 4,
      "api_version": "1.4.318",
      "calibrated_timestamp_extension": "VK_KHR_calibrated_timestamps",
      "device_id": 30032,
      "device_name": "AMD Radeon Graphics (RADV GFX1201)",
      "device_type": 2,
      "driver_version_raw": 104865800,
      "queue_family": 1,
      "queue_flags": 14,
      "queue_timestamp_valid_bits": 64,
      "requested_api_version": "1.2",
      "requested_independent_lanes": 4,
      "shader_integer_dot_product": true,
      "storage_buffer_16bit": true,
      "timeline_semaphore": true,
      "vendor_id": 4098
    },
    "gfx_arch": "gfx1201",
    "gpu_name": "AMD Radeon Graphics"
  },
  "kind": "hipengine_micro_result",
  "measurements": {
    "rows": [
      {
        "backend": "vulkan",
        "correctness": {
          "single_dispatch": {
            "oracle": "CPU Q8_0 dense q8_1+dp4a BF16 logits with KL <= 0.05 and top-1 >= 90%",
            "status": "pass"
          },
          "synchronization": {
            "barrier_count": 0,
            "method": "disjoint_xq_and_output_slices",
            "status": "pass"
          },
          "timed_sequence": {
            "coverage": "all_dispatches",
            "logical_iterations": 10,
            "oracle": "CPU Q8_0 dense q8_1+dp4a BF16 logits with KL <= 0.05 and top-1 >= 90%",
            "status": "pass"
          }
        },
        "correctness_pass": true,
        "dependency_contract": {
          "inter_dispatch_ordering": "none",
          "output_partitioning": "disjoint",
          "validation_status": "pass",
          "work_dependency": "independent"
        },
        "execution": {
          "actual_parallel_lanes": 1,
          "burst_lane_gpu_samples_us": [],
          "calibrated_timestamp_domain": false,
          "calibrated_timestamp_extension": "",
          "lane_assignment": "single_command_buffer",
          "requested_parallel_lanes": 4,
          "single_lane_gpu_samples_us": [],
          "submission_strategy": "vulkan_command_buffer"
        },
        "hardware": {
          "actual_independent_lanes": 4,
          "api_version": "1.4.318",
          "calibrated_timestamp_extension": "VK_KHR_calibrated_timestamps",
          "device_id": 30032,
          "device_name": "AMD Radeon Graphics (RADV GFX1201)",
          "device_type": 2,
          "driver_version_raw": 104865800,
          "queue_family": 1,
          "queue_flags": 14,
          "queue_timestamp_valid_bits": 64,
          "requested_api_version": "1.2",
          "requested_independent_lanes": 4,
          "shader_integer_dot_product": true,
          "storage_buffer_16bit": true,
          "timeline_semaphore": true,
          "vendor_id": 4098
        },
        "in_features": 768,
        "local_size": 32,
        "median_us": 0.8,
        "numeric_correctness": {
          "burst": {
            "exact_bf16_mismatches": 2785,
            "expected_repetitions": [
              0,
              1,
              2,
              3,
              4,
              5,
              6,
              7,
              8,
              9
            ],
            "kl_divergence": 7.509737071e-05,
            "max_abs": 0.03125,
            "mean_abs": 0.001078635454,
            "outputs_checked": 10,
            "pass": true,
            "top1": 1
          },
          "single": {
            "exact_bf16_mismatches": 251,
            "expected_repetitions": [
              0
            ],
            "kl_divergence": 3.301283582e-07,
            "max_abs": 0.015625,
            "mean_abs": 0.0002901772968,
            "outputs_checked": 1,
            "pass": true,
            "top1": 1
          }
        },
        "operation": "q8_1_quantize",
        "out_features": 2048,
        "q8_0_weight_bytes": 1671168,
        "q8_blocks_per_row": 24,
        "row_tile": 0,
        "rows": 1,
        "sequence_validation": {
          "burst_expected_repetitions": [
            0,
            1,
            2,
            3,
            4,
            5,
            6,
            7,
            8,
            9
          ],
          "input_repetition_pattern": "distinct_deterministic_salt",
          "output_partitioning": "disjoint",
          "single_expected_repetitions": [
            0
          ],
          "xq_partitioning": "disjoint"
        },
        "submission": {
          "completion_in_host_wall": true,
          "queue_or_stream_count": 1,
          "recording_in_timed_region": false,
          "strategy": "vulkan_command_buffer",
          "submit_in_host_wall": true
        },
        "timing": {
          "burst": {
            "dispatches_per_iteration": 1,
            "gpu_elapsed": {
              "clock": "vulkan_timestamp",
              "per_iteration_us": {
                "max": 0.8160000000000001,
                "median": 0.8,
                "min": 0.8,
                "n": 5,
                "p05": 0.8000000000000002,
                "p95": 0.8160000000000001,
                "samples": 5,
                "stdev": 0.007838367176906176
              },
              "sequence_us": {
                "max": 8.16,
                "median": 8.0,
                "min": 8.0,
                "n": 5,
                "p05": 8.0,
                "p95": 8.16,
                "samples": 5,
                "stdev": 0.07838367176906177
              },
              "status": "ok"
            },
            "host_wall": {
              "clock": "steady_clock",
              "per_iteration_us": {
                "max": 6.0571,
                "median": 5.9961,
                "min": 5.9261,
                "n": 5,
                "p05": 5.9321,
                "p95": 6.0463000000000005,
                "samples": 5,
                "stdev": 0.044535828273425025
              },
              "sequence_us": {
                "max": 60.571,
                "median": 59.961,
                "min": 59.261,
                "n": 5,
                "p05": 59.321000000000005,
                "p95": 60.462999999999994,
                "samples": 5,
                "stdev": 0.44535828273424827
              },
              "status": "ok"
            },
            "logical_iterations": 10
          },
          "single": {
            "dispatches_per_iteration": 1,
            "gpu_elapsed": {
              "clock": "vulkan_timestamp",
              "per_iteration_us": {
                "max": 11.0,
                "median": 10.6,
                "min": 7.32,
                "n": 5,
                "p05": 7.352000000000001,
                "p95": 10.919999999999998,
                "samples": 5,
                "stdev": 1.6402926568146305
              },
              "sequence_us": {
                "max": 11.0,
                "median": 10.6,
                "min": 7.32,
                "n": 5,
                "p05": 7.352000000000001,
                "p95": 10.919999999999998,
                "samples": 5,
                "stdev": 1.6402926568146305
              },
              "status": "ok"
            },
            "host_wall": {
              "clock": "steady_clock",
              "per_iteration_us": {
                "max": 70.681,
                "median": 67.631,
                "min": 59.151,
                "n": 5,
                "p05": 59.22500000000001,
                "p95": 70.479,
                "samples": 5,
                "stdev": 4.993928313462258
              },
              "sequence_us": {
                "max": 70.681,
                "median": 67.631,
                "min": 59.151,
                "n": 5,
                "p05": 59.22500000000001,
                "p95": 70.479,
                "samples": 5,
                "stdev": 4.993928313462258
              },
              "status": "ok"
            },
            "logical_iterations": 1
          }
        },
        "timing_mode": "independent_throughput",
        "variant": "quantize",
        "workgroup_match": "exact_hip_wave32"
      },
      {
        "backend": "vulkan",
        "correctness": {
          "single_dispatch": {
            "oracle": "CPU Q8_0 dense q8_1+dp4a BF16 logits with KL <= 0.05 and top-1 >= 90%",
            "status": "pass"
          },
          "synchronization": {
            "barrier_count": 0,
            "method": "disjoint_xq_and_output_slices",
            "status": "pass"
          },
          "timed_sequence": {
            "coverage": "all_dispatches",
            "logical_iterations": 10,
            "oracle": "CPU Q8_0 dense q8_1+dp4a BF16 logits with KL <= 0.05 and top-1 >= 90%",
            "status": "pass"
          }
        },
        "correctness_pass": true,
        "dependency_contract": {
          "inter_dispatch_ordering": "none",
          "output_partitioning": "disjoint",
          "validation_status": "pass",
          "work_dependency": "independent"
        },
        "execution": {
          "actual_parallel_lanes": 1,
          "burst_lane_gpu_samples_us": [],
          "calibrated_timestamp_domain": false,
          "calibrated_timestamp_extension": "",
          "lane_assignment": "single_command_buffer",
          "requested_parallel_lanes": 4,
          "single_lane_gpu_samples_us": [],
          "submission_strategy": "vulkan_command_buffer"
        },
        "hardware": {
          "actual_independent_lanes": 4,
          "api_version": "1.4.318",
          "calibrated_timestamp_extension": "VK_KHR_calibrated_timestamps",
          "device_id": 30032,
          "device_name": "AMD Radeon Graphics (RADV GFX1201)",
          "device_type": 2,
          "driver_version_raw": 104865800,
          "queue_family": 1,
          "queue_flags": 14,
          "queue_timestamp_valid_bits": 64,
          "requested_api_version": "1.2",
          "requested_independent_lanes": 4,
          "shader_integer_dot_product": true,
          "storage_buffer_16bit": true,
          "timeline_semaphore": true,
          "vendor_id": 4098
        },
        "in_features": 768,
        "local_size": 32,
        "median_us": 4.608,
        "numeric_correctness": {
          "burst": {
            "exact_bf16_mismatches": 2785,
            "expected_repetitions": [
              0,
              1,
              2,
              3,
              4,
              5,
              6,
              7,
              8,
              9
            ],
            "kl_divergence": 7.509737071e-05,
            "max_abs": 0.03125,
            "mean_abs": 0.001078635454,
            "outputs_checked": 10,
            "pass": true,
            "top1": 1
          },
          "single": {
            "exact_bf16_mismatches": 251,
            "expected_repetitions": [
              0
            ],
            "kl_divergence": 3.301283582e-07,
            "max_abs": 0.015625,
            "mean_abs": 0.0002901772968,
            "outputs_checked": 1,
            "pass": true,
            "top1": 1
          }
        },
        "operation": "q8_0_dense_dp4a_dot_prequantized",
        "out_features": 2048,
        "q8_0_weight_bytes": 1671168,
        "q8_blocks_per_row": 24,
        "row_tile": 1,
        "rows": 1,
        "sequence_validation": {
          "burst_expected_repetitions": [
            0,
            1,
            2,
            3,
            4,
            5,
            6,
            7,
            8,
            9
          ],
          "input_repetition_pattern": "distinct_deterministic_salt",
          "output_partitioning": "disjoint",
          "single_expected_repetitions": [
            0
          ],
          "xq_partitioning": "disjoint"
        },
        "submission": {
          "completion_in_host_wall": true,
          "queue_or_stream_count": 1,
          "recording_in_timed_region": false,
          "strategy": "vulkan_command_buffer",
          "submit_in_host_wall": true
        },
        "timing": {
          "burst": {
            "dispatches_per_iteration": 1,
            "gpu_elapsed": {
              "clock": "vulkan_timestamp",
              "per_iteration_us": {
                "max": 4.715999999999999,
                "median": 4.608,
                "min": 4.5920000000000005,
                "n": 5,
                "p05": 4.5952,
                "p95": 4.6944,
                "samples": 5,
                "stdev": 0.04522654088032795
              },
              "sequence_us": {
                "max": 47.16,
                "median": 46.08,
                "min": 45.92,
                "n": 5,
                "p05": 45.952000000000005,
                "p95": 46.943999999999996,
                "samples": 5,
                "stdev": 0.45226540880328103
              },
              "status": "ok"
            },
            "host_wall": {
              "clock": "steady_clock",
              "per_iteration_us": {
                "max": 10.0652,
                "median": 9.8232,
                "min": 9.7561,
                "n": 5,
                "p05": 9.7607,
                "p95": 10.021600000000001,
                "samples": 5,
                "stdev": 0.11026750382592362
              },
              "sequence_us": {
                "max": 100.652,
                "median": 98.232,
                "min": 97.561,
                "n": 5,
                "p05": 97.60700000000001,
                "p95": 100.216,
                "samples": 5,
                "stdev": 1.1026750382592323
              },
              "status": "ok"
            },
            "logical_iterations": 10
          },
          "single": {
            "dispatches_per_iteration": 1,
            "gpu_elapsed": {
              "clock": "vulkan_timestamp",
              "per_iteration_us": {
                "max": 16.24,
                "median": 12.48,
                "min": 12.32,
                "n": 5,
                "p05": 12.328000000000001,
                "p95": 15.511999999999997,
                "samples": 5,
                "stdev": 1.523154621172781
              },
              "sequence_us": {
                "max": 16.24,
                "median": 12.48,
                "min": 12.32,
                "n": 5,
                "p05": 12.328000000000001,
                "p95": 15.511999999999997,
                "samples": 5,
                "stdev": 1.523154621172781
              },
              "status": "ok"
            },
            "host_wall": {
              "clock": "steady_clock",
              "per_iteration_us": {
                "max": 68.231,
                "median": 66.441,
                "min": 63.331,
                "n": 5,
                "p05": 63.525000000000006,
                "p95": 68.03299999999999,
                "samples": 5,
                "stdev": 1.8265092389582898
              },
              "sequence_us": {
                "max": 68.231,
                "median": 66.441,
                "min": 63.331,
                "n": 5,
                "p05": 63.525000000000006,
                "p95": 68.03299999999999,
                "samples": 5,
                "stdev": 1.8265092389582898
              },
              "status": "ok"
            },
            "logical_iterations": 1
          }
        },
        "timing_mode": "independent_throughput",
        "variant": "single",
        "workgroup_match": "exact_hip_wave32"
      },
      {
        "backend": "vulkan",
        "correctness": {
          "single_dispatch": {
            "oracle": "CPU Q8_0 dense q8_1+dp4a BF16 logits with KL <= 0.05 and top-1 >= 90%",
            "status": "pass"
          },
          "synchronization": {
            "barrier_count": 10,
            "method": "timeline_coordinated_multi_queue_disjoint_slices",
            "status": "pass"
          },
          "timed_sequence": {
            "coverage": "all_dispatches",
            "logical_iterations": 10,
            "oracle": "CPU Q8_0 dense q8_1+dp4a BF16 logits with KL <= 0.05 and top-1 >= 90%",
            "status": "pass"
          }
        },
        "correctness_pass": true,
        "dependency_contract": {
          "inter_dispatch_ordering": "none",
          "output_partitioning": "disjoint",
          "validation_status": "pass",
          "work_dependency": "independent"
        },
        "execution": {
          "actual_parallel_lanes": 4,
          "burst_lane_gpu_samples_us": [
            [
              45.52,
              62.28,
              24.68,
              56.04
            ],
            [
              76.88,
              37.6,
              44.76,
              49.16
            ],
            [
              38.84,
              73.32,
              24.8,
              56
            ],
            [
              86.92,
              40.12,
              42.04,
              50.64
            ],
            [
              37.8,
              74.72,
              24.4,
              58.8
            ]
          ],
          "calibrated_timestamp_domain": true,
          "calibrated_timestamp_extension": "VK_KHR_calibrated_timestamps",
          "lane_assignment": "round_robin_multi_queue",
          "requested_parallel_lanes": 4,
          "single_lane_gpu_samples_us": [
            [
              13.48,
              3.08,
              1.76,
              3
            ],
            [
              13.88,
              2.12,
              2.36,
              2.92
            ],
            [
              13.64,
              2.28,
              2.96,
              2.12
            ],
            [
              13.72,
              3.04,
              1.92,
              2.96
            ],
            [
              13.88,
              3,
              2.12,
              2.44
            ]
          ],
          "submission_strategy": "vulkan_multi_queue"
        },
        "hardware": {
          "actual_independent_lanes": 4,
          "api_version": "1.4.318",
          "calibrated_timestamp_extension": "VK_KHR_calibrated_timestamps",
          "device_id": 30032,
          "device_name": "AMD Radeon Graphics (RADV GFX1201)",
          "device_type": 2,
          "driver_version_raw": 104865800,
          "queue_family": 1,
          "queue_flags": 14,
          "queue_timestamp_valid_bits": 64,
          "requested_api_version": "1.2",
          "requested_independent_lanes": 4,
          "shader_integer_dot_product": true,
          "storage_buffer_16bit": true,
          "timeline_semaphore": true,
          "vendor_id": 4098
        },
        "in_features": 768,
        "local_size": 32,
        "median_us": 11.2,
        "numeric_correctness": {
          "burst": {
            "exact_bf16_mismatches": 2785,
            "expected_repetitions": [
              0,
              1,
              2,
              3,
              4,
              5,
              6,
              7,
              8,
              9
            ],
            "kl_divergence": 7.509737071e-05,
            "max_abs": 0.03125,
            "mean_abs": 0.001078635454,
            "outputs_checked": 10,
            "pass": true,
            "top1": 1
          },
          "single": {
            "exact_bf16_mismatches": 251,
            "expected_repetitions": [
              0
            ],
            "kl_divergence": 3.301283582e-07,
            "max_abs": 0.015625,
            "mean_abs": 0.0002901772968,
            "outputs_checked": 1,
            "pass": true,
            "top1": 1
          }
        },
        "operation": "q8_0_dense_dp4a_quantize_plus_dot",
        "out_features": 2048,
        "q8_0_weight_bytes": 1671168,
        "q8_blocks_per_row": 24,
        "row_tile": 1,
        "rows": 1,
        "sequence_validation": {
          "burst_expected_repetitions": [
            0,
            1,
            2,
            3,
            4,
            5,
            6,
            7,
            8,
            9
          ],
          "input_repetition_pattern": "distinct_deterministic_salt",
          "output_partitioning": "disjoint",
          "single_expected_repetitions": [
            0
          ],
          "xq_partitioning": "disjoint"
        },
        "submission": {
          "completion_in_host_wall": true,
          "queue_or_stream_count": 4,
          "recording_in_timed_region": false,
          "strategy": "vulkan_multi_queue",
          "submit_in_host_wall": true
        },
        "timing": {
          "burst": {
            "dispatches_per_iteration": 2,
            "gpu_elapsed": {
              "clock": "vulkan_calibrated_multi_queue_timestamp_span",
              "per_iteration_us": {
                "max": 13.108,
                "median": 11.2,
                "min": 9.1,
                "n": 5,
                "p05": 9.1496,
                "p95": 12.9896,
                "samples": 5,
                "stdev": 1.6190260776157992
              },
              "sequence_us": {
                "max": 131.08,
                "median": 112.0,
                "min": 91.0,
                "n": 5,
                "p05": 91.496,
                "p95": 129.89600000000002,
                "samples": 5,
                "stdev": 16.190260776157995
              },
              "status": "ok"
            },
            "host_wall": {
              "clock": "steady_clock",
              "per_iteration_us": {
                "max": 22.6143,
                "median": 19.7163,
                "min": 16.6723,
                "n": 5,
                "p05": 16.6891,
                "p95": 22.3695,
                "samples": 5,
                "stdev": 2.400753681659158
              },
              "sequence_us": {
                "max": 226.143,
                "median": 197.163,
                "min": 166.723,
                "n": 5,
                "p05": 166.89100000000002,
                "p95": 223.695,
                "samples": 5,
                "stdev": 24.007536816591575
              },
              "status": "ok"
            },
            "logical_iterations": 10
          },
          "single": {
            "dispatches_per_iteration": 2,
            "gpu_elapsed": {
              "clock": "vulkan_calibrated_multi_queue_timestamp_span",
              "per_iteration_us": {
                "max": 58.2,
                "median": 47.76,
                "min": 42.84,
                "n": 5,
                "p05": 43.42400000000001,
                "p95": 57.792,
                "samples": 5,
                "stdev": 5.989035314639579
              },
              "sequence_us": {
                "max": 58.2,
                "median": 47.76,
                "min": 42.84,
                "n": 5,
                "p05": 43.42400000000001,
                "p95": 57.792,
                "samples": 5,
                "stdev": 5.989035314639579
              },
              "status": "ok"
            },
            "host_wall": {
              "clock": "steady_clock",
              "per_iteration_us": {
                "max": 127.292,
                "median": 118.312,
                "min": 108.541,
                "n": 5,
                "p05": 110.4672,
                "p95": 126.444,
                "samples": 5,
                "stdev": 6.2561704708231884
              },
              "sequence_us": {
                "max": 127.292,
                "median": 118.312,
                "min": 108.541,
                "n": 5,
                "p05": 110.4672,
                "p95": 126.444,
                "samples": 5,
                "stdev": 6.2561704708231884
              },
              "status": "ok"
            },
            "logical_iterations": 1
          }
        },
        "timing_mode": "independent_throughput",
        "variant": "single",
        "workgroup_match": "exact_hip_wave32"
      },
      {
        "backend": "vulkan",
        "correctness": {
          "single_dispatch": {
            "oracle": "CPU Q8_0 dense q8_1+dp4a BF16 logits with KL <= 0.05 and top-1 >= 90%",
            "status": "pass"
          },
          "synchronization": {
            "barrier_count": 0,
            "method": "disjoint_xq_and_output_slices",
            "status": "pass"
          },
          "timed_sequence": {
            "coverage": "all_dispatches",
            "logical_iterations": 10,
            "oracle": "CPU Q8_0 dense q8_1+dp4a BF16 logits with KL <= 0.05 and top-1 >= 90%",
            "status": "pass"
          }
        },
        "correctness_pass": true,
        "dependency_contract": {
          "inter_dispatch_ordering": "none",
          "output_partitioning": "disjoint",
          "validation_status": "pass",
          "work_dependency": "independent"
        },
        "execution": {
          "actual_parallel_lanes": 1,
          "burst_lane_gpu_samples_us": [],
          "calibrated_timestamp_domain": false,
          "calibrated_timestamp_extension": "",
          "lane_assignment": "single_command_buffer",
          "requested_parallel_lanes": 4,
          "single_lane_gpu_samples_us": [],
          "submission_strategy": "vulkan_command_buffer"
        },
        "hardware": {
          "actual_independent_lanes": 4,
          "api_version": "1.4.318",
          "calibrated_timestamp_extension": "VK_KHR_calibrated_timestamps",
          "device_id": 30032,
          "device_name": "AMD Radeon Graphics (RADV GFX1201)",
          "device_type": 2,
          "driver_version_raw": 104865800,
          "queue_family": 1,
          "queue_flags": 14,
          "queue_timestamp_valid_bits": 64,
          "requested_api_version": "1.2",
          "requested_independent_lanes": 4,
          "shader_integer_dot_product": true,
          "storage_buffer_16bit": true,
          "timeline_semaphore": true,
          "vendor_id": 4098
        },
        "in_features": 768,
        "local_size": 32,
        "median_us": 0.86,
        "numeric_correctness": {
          "burst": {
            "exact_bf16_mismatches": 13155,
            "expected_repetitions": [
              0,
              1,
              2,
              3,
              4,
              5,
              6,
              7,
              8,
              9
            ],
            "kl_divergence": 7.737942242e-05,
            "max_abs": 0.03125,
            "mean_abs": 0.0008274186403,
            "outputs_checked": 10,
            "pass": true,
            "top1": 1
          },
          "single": {
            "exact_bf16_mismatches": 1232,
            "expected_repetitions": [
              0
            ],
            "kl_divergence": 3.999396507e-05,
            "max_abs": 0.03125,
            "mean_abs": 0.0005773062585,
            "outputs_checked": 1,
            "pass": true,
            "top1": 1
          }
        },
        "operation": "q8_1_quantize",
        "out_features": 2048,
        "q8_0_weight_bytes": 1671168,
        "q8_blocks_per_row": 24,
        "row_tile": 0,
        "rows": 4,
        "sequence_validation": {
          "burst_expected_repetitions": [
            0,
            1,
            2,
            3,
            4,
            5,
            6,
            7,
            8,
            9
          ],
          "input_repetition_pattern": "distinct_deterministic_salt",
          "output_partitioning": "disjoint",
          "single_expected_repetitions": [
            0
          ],
          "xq_partitioning": "disjoint"
        },
        "submission": {
          "completion_in_host_wall": true,
          "queue_or_stream_count": 1,
          "recording_in_timed_region": false,
          "strategy": "vulkan_command_buffer",
          "submit_in_host_wall": true
        },
        "timing": {
          "burst": {
            "dispatches_per_iteration": 1,
            "gpu_elapsed": {
              "clock": "vulkan_timestamp",
              "per_iteration_us": {
                "max": 0.876,
                "median": 0.86,
                "min": 0.852,
                "n": 5,
                "p05": 0.8536,
                "p95": 0.876,
                "samples": 5,
                "stdev": 0.009600000000000008
              },
              "sequence_us": {
                "max": 8.76,
                "median": 8.6,
                "min": 8.52,
                "n": 5,
                "p05": 8.536,
                "p95": 8.76,
                "samples": 5,
                "stdev": 0.09600000000000009
              },
              "status": "ok"
            },
            "host_wall": {
              "clock": "steady_clock",
              "per_iteration_us": {
                "max": 6.7551000000000005,
                "median": 6.686100000000001,
                "min": 6.4941,
                "n": 5,
                "p05": 6.527500000000001,
                "p95": 6.7483,
                "samples": 5,
                "stdev": 0.09046678948652921
              },
              "sequence_us": {
                "max": 67.551,
                "median": 66.861,
                "min": 64.941,
                "n": 5,
                "p05": 65.275,
                "p95": 67.483,
                "samples": 5,
                "stdev": 0.904667894865292
              },
              "status": "ok"
            },
            "logical_iterations": 10
          },
          "single": {
            "dispatches_per_iteration": 1,
            "gpu_elapsed": {
              "clock": "vulkan_timestamp",
              "per_iteration_us": {
                "max": 11.08,
                "median": 10.72,
                "min": 7.64,
                "n": 5,
                "p05": 7.656000000000001,
                "p95": 11.079999999999998,
                "samples": 5,
                "stdev": 1.612431703980048
              },
              "sequence_us": {
                "max": 11.08,
                "median": 10.72,
                "min": 7.64,
                "n": 5,
                "p05": 7.656000000000001,
                "p95": 11.079999999999998,
                "samples": 5,
                "stdev": 1.612431703980048
              },
              "status": "ok"
            },
            "host_wall": {
              "clock": "steady_clock",
              "per_iteration_us": {
                "max": 80.741,
                "median": 75.601,
                "min": 65.821,
                "n": 5,
                "p05": 66.661,
                "p95": 79.9112,
                "samples": 5,
                "stdev": 5.237396162216489
              },
              "sequence_us": {
                "max": 80.741,
                "median": 75.601,
                "min": 65.821,
                "n": 5,
                "p05": 66.661,
                "p95": 79.9112,
                "samples": 5,
                "stdev": 5.237396162216489
              },
              "status": "ok"
            },
            "logical_iterations": 1
          }
        },
        "timing_mode": "independent_throughput",
        "variant": "quantize",
        "workgroup_match": "exact_hip_wave32"
      },
      {
        "backend": "vulkan",
        "correctness": {
          "single_dispatch": {
            "oracle": "CPU Q8_0 dense q8_1+dp4a BF16 logits with KL <= 0.05 and top-1 >= 90%",
            "status": "pass"
          },
          "synchronization": {
            "barrier_count": 0,
            "method": "disjoint_xq_and_output_slices",
            "status": "pass"
          },
          "timed_sequence": {
            "coverage": "all_dispatches",
            "logical_iterations": 10,
            "oracle": "CPU Q8_0 dense q8_1+dp4a BF16 logits with KL <= 0.05 and top-1 >= 90%",
            "status": "pass"
          }
        },
        "correctness_pass": true,
        "dependency_contract": {
          "inter_dispatch_ordering": "none",
          "output_partitioning": "disjoint",
          "validation_status": "pass",
          "work_dependency": "independent"
        },
        "execution": {
          "actual_parallel_lanes": 1,
          "burst_lane_gpu_samples_us": [],
          "calibrated_timestamp_domain": false,
          "calibrated_timestamp_extension": "",
          "lane_assignment": "single_command_buffer",
          "requested_parallel_lanes": 4,
          "single_lane_gpu_samples_us": [],
          "submission_strategy": "vulkan_command_buffer"
        },
        "hardware": {
          "actual_independent_lanes": 4,
          "api_version": "1.4.318",
          "calibrated_timestamp_extension": "VK_KHR_calibrated_timestamps",
          "device_id": 30032,
          "device_name": "AMD Radeon Graphics (RADV GFX1201)",
          "device_type": 2,
          "driver_version_raw": 104865800,
          "queue_family": 1,
          "queue_flags": 14,
          "queue_timestamp_valid_bits": 64,
          "requested_api_version": "1.2",
          "requested_independent_lanes": 4,
          "shader_integer_dot_product": true,
          "storage_buffer_16bit": true,
          "timeline_semaphore": true,
          "vendor_id": 4098
        },
        "in_features": 768,
        "local_size": 32,
        "median_us": 15.856,
        "numeric_correctness": {
          "burst": {
            "exact_bf16_mismatches": 13155,
            "expected_repetitions": [
              0,
              1,
              2,
              3,
              4,
              5,
              6,
              7,
              8,
              9
            ],
            "kl_divergence": 7.737942242e-05,
            "max_abs": 0.03125,
            "mean_abs": 0.0008274186403,
            "outputs_checked": 10,
            "pass": true,
            "top1": 1
          },
          "single": {
            "exact_bf16_mismatches": 1232,
            "expected_repetitions": [
              0
            ],
            "kl_divergence": 3.999396507e-05,
            "max_abs": 0.03125,
            "mean_abs": 0.0005773062585,
            "outputs_checked": 1,
            "pass": true,
            "top1": 1
          }
        },
        "operation": "q8_0_dense_dp4a_dot_prequantized",
        "out_features": 2048,
        "q8_0_weight_bytes": 1671168,
        "q8_blocks_per_row": 24,
        "row_tile": 1,
        "rows": 4,
        "sequence_validation": {
          "burst_expected_repetitions": [
            0,
            1,
            2,
            3,
            4,
            5,
            6,
            7,
            8,
            9
          ],
          "input_repetition_pattern": "distinct_deterministic_salt",
          "output_partitioning": "disjoint",
          "single_expected_repetitions": [
            0
          ],
          "xq_partitioning": "disjoint"
        },
        "submission": {
          "completion_in_host_wall": true,
          "queue_or_stream_count": 1,
          "recording_in_timed_region": false,
          "strategy": "vulkan_command_buffer",
          "submit_in_host_wall": true
        },
        "timing": {
          "burst": {
            "dispatches_per_iteration": 1,
            "gpu_elapsed": {
              "clock": "vulkan_timestamp",
              "per_iteration_us": {
                "max": 15.868,
                "median": 15.856,
                "min": 15.844,
                "n": 5,
                "p05": 15.8448,
                "p95": 15.8664,
                "samples": 5,
                "stdev": 0.008541662601625406
              },
              "sequence_us": {
                "max": 158.68,
                "median": 158.56,
                "min": 158.44,
                "n": 5,
                "p05": 158.448,
                "p95": 158.664,
                "samples": 5,
                "stdev": 0.08541662601625426
              },
              "status": "ok"
            },
            "host_wall": {
              "clock": "steady_clock",
              "per_iteration_us": {
                "max": 21.6004,
                "median": 21.4563,
                "min": 21.4114,
                "n": 5,
                "p05": 21.41578,
                "p95": 21.57498,
                "samples": 5,
                "stdev": 0.06612347843239975
              },
              "sequence_us": {
                "max": 216.004,
                "median": 214.563,
                "min": 214.114,
                "n": 5,
                "p05": 214.1578,
                "p95": 215.7498,
                "samples": 5,
                "stdev": 0.6612347843239913
              },
              "status": "ok"
            },
            "logical_iterations": 10
          },
          "single": {
            "dispatches_per_iteration": 1,
            "gpu_elapsed": {
              "clock": "vulkan_timestamp",
              "per_iteration_us": {
                "max": 25.12,
                "median": 23.96,
                "min": 23.8,
                "n": 5,
                "p05": 23.808000000000003,
                "p95": 24.896,
                "samples": 5,
                "stdev": 0.49354229808599004
              },
              "sequence_us": {
                "max": 25.12,
                "median": 23.96,
                "min": 23.8,
                "n": 5,
                "p05": 23.808000000000003,
                "p95": 24.896,
                "samples": 5,
                "stdev": 0.49354229808599004
              },
              "status": "ok"
            },
            "host_wall": {
              "clock": "steady_clock",
              "per_iteration_us": {
                "max": 87.401,
                "median": 80.371,
                "min": 71.171,
                "n": 5,
                "p05": 72.93700000000001,
                "p95": 86.1052,
                "samples": 5,
                "stdev": 5.171270188261291
              },
              "sequence_us": {
                "max": 87.401,
                "median": 80.371,
                "min": 71.171,
                "n": 5,
                "p05": 72.93700000000001,
                "p95": 86.1052,
                "samples": 5,
                "stdev": 5.171270188261291
              },
              "status": "ok"
            },
            "logical_iterations": 1
          }
        },
        "timing_mode": "independent_throughput",
        "variant": "single",
        "workgroup_match": "exact_hip_wave32"
      },
      {
        "backend": "vulkan",
        "correctness": {
          "single_dispatch": {
            "oracle": "CPU Q8_0 dense q8_1+dp4a BF16 logits with KL <= 0.05 and top-1 >= 90%",
            "status": "pass"
          },
          "synchronization": {
            "barrier_count": 10,
            "method": "timeline_coordinated_multi_queue_disjoint_slices",
            "status": "pass"
          },
          "timed_sequence": {
            "coverage": "all_dispatches",
            "logical_iterations": 10,
            "oracle": "CPU Q8_0 dense q8_1+dp4a BF16 logits with KL <= 0.05 and top-1 >= 90%",
            "status": "pass"
          }
        },
        "correctness_pass": true,
        "dependency_contract": {
          "inter_dispatch_ordering": "none",
          "output_partitioning": "disjoint",
          "validation_status": "pass",
          "work_dependency": "independent"
        },
        "execution": {
          "actual_parallel_lanes": 4,
          "burst_lane_gpu_samples_us": [
            [
              101.04,
              159,
              128.68,
              50.24
            ],
            [
              97.12,
              177.52,
              142.08,
              66.4
            ],
            [
              93.6,
              150.4,
              114.08,
              50.32
            ],
            [
              131.36,
              97.92,
              107.96,
              56.76
            ],
            [
              73.48,
              146.84,
              67.96,
              123.2
            ]
          ],
          "calibrated_timestamp_domain": true,
          "calibrated_timestamp_extension": "VK_KHR_calibrated_timestamps",
          "lane_assignment": "round_robin_multi_queue",
          "requested_parallel_lanes": 4,
          "single_lane_gpu_samples_us": [
            [
              27.92,
              2.92,
              2.76,
              3.2
            ],
            [
              38.64,
              3.28,
              2.72,
              2.72
            ],
            [
              38.56,
              3.2,
              3.08,
              2.8
            ],
            [
              26.92,
              3.32,
              2.24,
              3.16
            ],
            [
              26.04,
              3.08,
              2,
              2.48
            ]
          ],
          "submission_strategy": "vulkan_multi_queue"
        },
        "hardware": {
          "actual_independent_lanes": 4,
          "api_version": "1.4.318",
          "calibrated_timestamp_extension": "VK_KHR_calibrated_timestamps",
          "device_id": 30032,
          "device_name": "AMD Radeon Graphics (RADV GFX1201)",
          "device_type": 2,
          "driver_version_raw": 104865800,
          "queue_family": 1,
          "queue_flags": 14,
          "queue_timestamp_valid_bits": 64,
          "requested_api_version": "1.2",
          "requested_independent_lanes": 4,
          "shader_integer_dot_product": true,
          "storage_buffer_16bit": true,
          "timeline_semaphore": true,
          "vendor_id": 4098
        },
        "in_features": 768,
        "local_size": 32,
        "median_us": 21.584,
        "numeric_correctness": {
          "burst": {
            "exact_bf16_mismatches": 13155,
            "expected_repetitions": [
              0,
              1,
              2,
              3,
              4,
              5,
              6,
              7,
              8,
              9
            ],
            "kl_divergence": 7.737942242e-05,
            "max_abs": 0.03125,
            "mean_abs": 0.0008274186403,
            "outputs_checked": 10,
            "pass": true,
            "top1": 1
          },
          "single": {
            "exact_bf16_mismatches": 1232,
            "expected_repetitions": [
              0
            ],
            "kl_divergence": 3.999396507e-05,
            "max_abs": 0.03125,
            "mean_abs": 0.0005773062585,
            "outputs_checked": 1,
            "pass": true,
            "top1": 1
          }
        },
        "operation": "q8_0_dense_dp4a_quantize_plus_dot",
        "out_features": 2048,
        "q8_0_weight_bytes": 1671168,
        "q8_blocks_per_row": 24,
        "row_tile": 1,
        "rows": 4,
        "sequence_validation": {
          "burst_expected_repetitions": [
            0,
            1,
            2,
            3,
            4,
            5,
            6,
            7,
            8,
            9
          ],
          "input_repetition_pattern": "distinct_deterministic_salt",
          "output_partitioning": "disjoint",
          "single_expected_repetitions": [
            0
          ],
          "xq_partitioning": "disjoint"
        },
        "submission": {
          "completion_in_host_wall": true,
          "queue_or_stream_count": 4,
          "recording_in_timed_region": false,
          "strategy": "vulkan_multi_queue",
          "submit_in_host_wall": true
        },
        "timing": {
          "burst": {
            "dispatches_per_iteration": 2,
            "gpu_elapsed": {
              "clock": "vulkan_calibrated_multi_queue_timestamp_span",
              "per_iteration_us": {
                "max": 24.631999999999998,
                "median": 21.584,
                "min": 18.740000000000002,
                "n": 5,
                "p05": 18.940000000000005,
                "p95": 24.4056,
                "samples": 5,
                "stdev": 2.2106468193721027
              },
              "sequence_us": {
                "max": 246.32,
                "median": 215.84,
                "min": 187.4,
                "n": 5,
                "p05": 189.40000000000003,
                "p95": 244.05599999999998,
                "samples": 5,
                "stdev": 22.106468193721035
              },
              "status": "ok"
            },
            "host_wall": {
              "clock": "steady_clock",
              "per_iteration_us": {
                "max": 32.3095,
                "median": 30.1235,
                "min": 26.4124,
                "n": 5,
                "p05": 26.517000000000003,
                "p95": 32.1447,
                "samples": 5,
                "stdev": 2.3800746430311808
              },
              "sequence_us": {
                "max": 323.095,
                "median": 301.235,
                "min": 264.124,
                "n": 5,
                "p05": 265.1700000000001,
                "p95": 321.447,
                "samples": 5,
                "stdev": 23.80074643031181
              },
              "status": "ok"
            },
            "logical_iterations": 10
          },
          "single": {
            "dispatches_per_iteration": 2,
            "gpu_elapsed": {
              "clock": "vulkan_calibrated_multi_queue_timestamp_span",
              "per_iteration_us": {
                "max": 72.84,
                "median": 64.52,
                "min": 53.92,
                "n": 5,
                "p05": 53.928000000000004,
                "p95": 72.744,
                "samples": 5,
                "stdev": 8.361358741257309
              },
              "sequence_us": {
                "max": 72.84,
                "median": 64.52,
                "min": 53.92,
                "n": 5,
                "p05": 53.928000000000004,
                "p95": 72.744,
                "samples": 5,
                "stdev": 8.361358741257309
              },
              "status": "ok"
            },
            "host_wall": {
              "clock": "steady_clock",
              "per_iteration_us": {
                "max": 149.263,
                "median": 139.802,
                "min": 123.942,
                "n": 5,
                "p05": 125.45,
                "p95": 148.21280000000002,
                "samples": 5,
                "stdev": 9.010092172669493
              },
              "sequence_us": {
                "max": 149.263,
                "median": 139.802,
                "min": 123.942,
                "n": 5,
                "p05": 125.45,
                "p95": 148.21280000000002,
                "samples": 5,
                "stdev": 9.010092172669493
              },
              "status": "ok"
            },
            "logical_iterations": 1
          }
        },
        "timing_mode": "independent_throughput",
        "variant": "single",
        "workgroup_match": "exact_hip_wave32"
      },
      {
        "backend": "vulkan",
        "correctness": {
          "single_dispatch": {
            "oracle": "CPU Q8_0 dense q8_1+dp4a BF16 logits with KL <= 0.05 and top-1 >= 90%",
            "status": "pass"
          },
          "synchronization": {
            "barrier_count": 0,
            "method": "disjoint_xq_and_output_slices",
            "status": "pass"
          },
          "timed_sequence": {
            "coverage": "all_dispatches",
            "logical_iterations": 10,
            "oracle": "CPU Q8_0 dense q8_1+dp4a BF16 logits with KL <= 0.05 and top-1 >= 90%",
            "status": "pass"
          }
        },
        "correctness_pass": true,
        "dependency_contract": {
          "inter_dispatch_ordering": "none",
          "output_partitioning": "disjoint",
          "validation_status": "pass",
          "work_dependency": "independent"
        },
        "execution": {
          "actual_parallel_lanes": 1,
          "burst_lane_gpu_samples_us": [],
          "calibrated_timestamp_domain": false,
          "calibrated_timestamp_extension": "",
          "lane_assignment": "single_command_buffer",
          "requested_parallel_lanes": 4,
          "single_lane_gpu_samples_us": [],
          "submission_strategy": "vulkan_command_buffer"
        },
        "hardware": {
          "actual_independent_lanes": 4,
          "api_version": "1.4.318",
          "calibrated_timestamp_extension": "VK_KHR_calibrated_timestamps",
          "device_id": 30032,
          "device_name": "AMD Radeon Graphics (RADV GFX1201)",
          "device_type": 2,
          "driver_version_raw": 104865800,
          "queue_family": 1,
          "queue_flags": 14,
          "queue_timestamp_valid_bits": 64,
          "requested_api_version": "1.2",
          "requested_independent_lanes": 4,
          "shader_integer_dot_product": true,
          "storage_buffer_16bit": true,
          "timeline_semaphore": true,
          "vendor_id": 4098
        },
        "in_features": 2048,
        "local_size": 32,
        "median_us": 1.1,
        "numeric_correctness": {
          "burst": {
            "exact_bf16_mismatches": 2500,
            "expected_repetitions": [
              0,
              1,
              2,
              3,
              4,
              5,
              6,
              7,
              8,
              9
            ],
            "kl_divergence": 7.475795864e-05,
            "max_abs": 0.0625,
            "mean_abs": 0.001559987664,
            "outputs_checked": 10,
            "pass": true,
            "top1": 1
          },
          "single": {
            "exact_bf16_mismatches": 41,
            "expected_repetitions": [
              0
            ],
            "kl_divergence": 2.576833846e-09,
            "max_abs": 0.03125,
            "mean_abs": 0.0005187988281,
            "outputs_checked": 1,
            "pass": true,
            "top1": 1
          }
        },
        "operation": "q8_1_quantize",
        "out_features": 2048,
        "q8_0_weight_bytes": 4456448,
        "q8_blocks_per_row": 64,
        "row_tile": 0,
        "rows": 1,
        "sequence_validation": {
          "burst_expected_repetitions": [
            0,
            1,
            2,
            3,
            4,
            5,
            6,
            7,
            8,
            9
          ],
          "input_repetition_pattern": "distinct_deterministic_salt",
          "output_partitioning": "disjoint",
          "single_expected_repetitions": [
            0
          ],
          "xq_partitioning": "disjoint"
        },
        "submission": {
          "completion_in_host_wall": true,
          "queue_or_stream_count": 1,
          "recording_in_timed_region": false,
          "strategy": "vulkan_command_buffer",
          "submit_in_host_wall": true
        },
        "timing": {
          "burst": {
            "dispatches_per_iteration": 1,
            "gpu_elapsed": {
              "clock": "vulkan_timestamp",
              "per_iteration_us": {
                "max": 1.116,
                "median": 1.1,
                "min": 1.1,
                "n": 5,
                "p05": 1.1,
                "p95": 1.116,
                "samples": 5,
                "stdev": 0.007838367176906176
              },
              "sequence_us": {
                "max": 11.16,
                "median": 11.0,
                "min": 11.0,
                "n": 5,
                "p05": 11.0,
                "p95": 11.16,
                "samples": 5,
                "stdev": 0.07838367176906177
              },
              "status": "ok"
            },
            "host_wall": {
              "clock": "steady_clock",
              "per_iteration_us": {
                "max": 7.509099999999999,
                "median": 7.392100000000001,
                "min": 7.2101,
                "n": 5,
                "p05": 7.223700000000001,
                "p95": 7.4899,
                "samples": 5,
                "stdev": 0.10512582936652616
              },
              "sequence_us": {
                "max": 75.091,
                "median": 73.921,
                "min": 72.101,
                "n": 5,
                "p05": 72.23700000000001,
                "p95": 74.89899999999999,
                "samples": 5,
                "stdev": 1.0512582936652608
              },
              "status": "ok"
            },
            "logical_iterations": 10
          },
          "single": {
            "dispatches_per_iteration": 1,
            "gpu_elapsed": {
              "clock": "vulkan_timestamp",
              "per_iteration_us": {
                "max": 13.12,
                "median": 9.24,
                "min": 9.08,
                "n": 5,
                "p05": 9.112,
                "p95": 12.695999999999998,
                "samples": 5,
                "stdev": 1.5602256247094517
              },
              "sequence_us": {
                "max": 13.12,
                "median": 9.24,
                "min": 9.08,
                "n": 5,
                "p05": 9.112,
                "p95": 12.695999999999998,
                "samples": 5,
                "stdev": 1.5602256247094517
              },
              "status": "ok"
            },
            "host_wall": {
              "clock": "steady_clock",
              "per_iteration_us": {
                "max": 83.251,
                "median": 72.422,
                "min": 72.001,
                "n": 5,
                "p05": 72.01500000000001,
                "p95": 82.253,
                "samples": 5,
                "stdev": 4.4972222715805374
              },
              "sequence_us": {
                "max": 83.251,
                "median": 72.422,
                "min": 72.001,
                "n": 5,
                "p05": 72.01500000000001,
                "p95": 82.253,
                "samples": 5,
                "stdev": 4.4972222715805374
              },
              "status": "ok"
            },
            "logical_iterations": 1
          }
        },
        "timing_mode": "independent_throughput",
        "variant": "quantize",
        "workgroup_match": "exact_hip_wave32"
      },
      {
        "backend": "vulkan",
        "correctness": {
          "single_dispatch": {
            "oracle": "CPU Q8_0 dense q8_1+dp4a BF16 logits with KL <= 0.05 and top-1 >= 90%",
            "status": "pass"
          },
          "synchronization": {
            "barrier_count": 0,
            "method": "disjoint_xq_and_output_slices",
            "status": "pass"
          },
          "timed_sequence": {
            "coverage": "all_dispatches",
            "logical_iterations": 10,
            "oracle": "CPU Q8_0 dense q8_1+dp4a BF16 logits with KL <= 0.05 and top-1 >= 90%",
            "status": "pass"
          }
        },
        "correctness_pass": true,
        "dependency_contract": {
          "inter_dispatch_ordering": "none",
          "output_partitioning": "disjoint",
          "validation_status": "pass",
          "work_dependency": "independent"
        },
        "execution": {
          "actual_parallel_lanes": 1,
          "burst_lane_gpu_samples_us": [],
          "calibrated_timestamp_domain": false,
          "calibrated_timestamp_extension": "",
          "lane_assignment": "single_command_buffer",
          "requested_parallel_lanes": 4,
          "single_lane_gpu_samples_us": [],
          "submission_strategy": "vulkan_command_buffer"
        },
        "hardware": {
          "actual_independent_lanes": 4,
          "api_version": "1.4.318",
          "calibrated_timestamp_extension": "VK_KHR_calibrated_timestamps",
          "device_id": 30032,
          "device_name": "AMD Radeon Graphics (RADV GFX1201)",
          "device_type": 2,
          "driver_version_raw": 104865800,
          "queue_family": 1,
          "queue_flags": 14,
          "queue_timestamp_valid_bits": 64,
          "requested_api_version": "1.2",
          "requested_independent_lanes": 4,
          "shader_integer_dot_product": true,
          "storage_buffer_16bit": true,
          "timeline_semaphore": true,
          "vendor_id": 4098
        },
        "in_features": 2048,
        "local_size": 32,
        "median_us": 14.1,
        "numeric_correctness": {
          "burst": {
            "exact_bf16_mismatches": 2500,
            "expected_repetitions": [
              0,
              1,
              2,
              3,
              4,
              5,
              6,
              7,
              8,
              9
            ],
            "kl_divergence": 7.475795864e-05,
            "max_abs": 0.0625,
            "mean_abs": 0.001559987664,
            "outputs_checked": 10,
            "pass": true,
            "top1": 1
          },
          "single": {
            "exact_bf16_mismatches": 41,
            "expected_repetitions": [
              0
            ],
            "kl_divergence": 2.576833846e-09,
            "max_abs": 0.03125,
            "mean_abs": 0.0005187988281,
            "outputs_checked": 1,
            "pass": true,
            "top1": 1
          }
        },
        "operation": "q8_0_dense_dp4a_dot_prequantized",
        "out_features": 2048,
        "q8_0_weight_bytes": 4456448,
        "q8_blocks_per_row": 64,
        "row_tile": 1,
        "rows": 1,
        "sequence_validation": {
          "burst_expected_repetitions": [
            0,
            1,
            2,
            3,
            4,
            5,
            6,
            7,
            8,
            9
          ],
          "input_repetition_pattern": "distinct_deterministic_salt",
          "output_partitioning": "disjoint",
          "single_expected_repetitions": [
            0
          ],
          "xq_partitioning": "disjoint"
        },
        "submission": {
          "completion_in_host_wall": true,
          "queue_or_stream_count": 1,
          "recording_in_timed_region": false,
          "strategy": "vulkan_command_buffer",
          "submit_in_host_wall": true
        },
        "timing": {
          "burst": {
            "dispatches_per_iteration": 1,
            "gpu_elapsed": {
              "clock": "vulkan_timestamp",
              "per_iteration_us": {
                "max": 14.136000000000001,
                "median": 14.1,
                "min": 14.059999999999999,
                "n": 5,
                "p05": 14.0624,
                "p95": 14.1296,
                "samples": 5,
                "stdev": 0.026605262637306136
              },
              "sequence_us": {
                "max": 141.36,
                "median": 141.0,
                "min": 140.6,
                "n": 5,
                "p05": 140.624,
                "p95": 141.296,
                "samples": 5,
                "stdev": 0.2660526263730596
              },
              "status": "ok"
            },
            "host_wall": {
              "clock": "steady_clock",
              "per_iteration_us": {
                "max": 20.5583,
                "median": 20.3583,
                "min": 20.2513,
                "n": 5,
                "p05": 20.267100000000003,
                "p95": 20.528499999999998,
                "samples": 5,
                "stdev": 0.10212032119025023
              },
              "sequence_us": {
                "max": 205.583,
                "median": 203.583,
                "min": 202.513,
                "n": 5,
                "p05": 202.671,
                "p95": 205.285,
                "samples": 5,
                "stdev": 1.0212032119025065
              },
              "status": "ok"
            },
            "logical_iterations": 10
          },
          "single": {
            "dispatches_per_iteration": 1,
            "gpu_elapsed": {
              "clock": "vulkan_timestamp",
              "per_iteration_us": {
                "max": 26.52,
                "median": 25.76,
                "min": 25.28,
                "n": 5,
                "p05": 25.288000000000004,
                "p95": 26.384,
                "samples": 5,
                "stdev": 0.44871371719616465
              },
              "sequence_us": {
                "max": 26.52,
                "median": 25.76,
                "min": 25.28,
                "n": 5,
                "p05": 25.288000000000004,
                "p95": 26.384,
                "samples": 5,
                "stdev": 0.44871371719616465
              },
              "status": "ok"
            },
            "host_wall": {
              "clock": "steady_clock",
              "per_iteration_us": {
                "max": 94.892,
                "median": 88.751,
                "min": 78.271,
                "n": 5,
                "p05": 80.2672,
                "p95": 93.83579999999999,
                "samples": 5,
                "stdev": 5.391956698639186
              },
              "sequence_us": {
                "max": 94.892,
                "median": 88.751,
                "min": 78.271,
                "n": 5,
                "p05": 80.2672,
                "p95": 93.83579999999999,
                "samples": 5,
                "stdev": 5.391956698639186
              },
              "status": "ok"
            },
            "logical_iterations": 1
          }
        },
        "timing_mode": "independent_throughput",
        "variant": "single",
        "workgroup_match": "exact_hip_wave32"
      },
      {
        "backend": "vulkan",
        "correctness": {
          "single_dispatch": {
            "oracle": "CPU Q8_0 dense q8_1+dp4a BF16 logits with KL <= 0.05 and top-1 >= 90%",
            "status": "pass"
          },
          "synchronization": {
            "barrier_count": 10,
            "method": "timeline_coordinated_multi_queue_disjoint_slices",
            "status": "pass"
          },
          "timed_sequence": {
            "coverage": "all_dispatches",
            "logical_iterations": 10,
            "oracle": "CPU Q8_0 dense q8_1+dp4a BF16 logits with KL <= 0.05 and top-1 >= 90%",
            "status": "pass"
          }
        },
        "correctness_pass": true,
        "dependency_contract": {
          "inter_dispatch_ordering": "none",
          "output_partitioning": "disjoint",
          "validation_status": "pass",
          "work_dependency": "independent"
        },
        "execution": {
          "actual_parallel_lanes": 4,
          "burst_lane_gpu_samples_us": [
            [
              65.84,
              80.64,
              92.76,
              85.08
            ],
            [
              90.84,
              158.08,
              115.12,
              62.72
            ],
            [
              117.52,
              100.24,
              125.84,
              64.2
            ],
            [
              90.92,
              158.68,
              116.04,
              61.88
            ],
            [
              130.16,
              145.68,
              60.96,
              63.84
            ]
          ],
          "calibrated_timestamp_domain": true,
          "calibrated_timestamp_extension": "VK_KHR_calibrated_timestamps",
          "lane_assignment": "round_robin_multi_queue",
          "requested_parallel_lanes": 4,
          "single_lane_gpu_samples_us": [
            [
              32.88,
              3.44,
              3.24,
              2.88
            ],
            [
              30.04,
              3,
              2.64,
              2.6
            ],
            [
              41.08,
              3.16,
              2.36,
              3
            ],
            [
              28,
              2.64,
              2.4,
              2.84
            ],
            [
              41.68,
              3.08,
              3.12,
              2.56
            ]
          ],
          "submission_strategy": "vulkan_multi_queue"
        },
        "hardware": {
          "actual_independent_lanes": 4,
          "api_version": "1.4.318",
          "calibrated_timestamp_extension": "VK_KHR_calibrated_timestamps",
          "device_id": 30032,
          "device_name": "AMD Radeon Graphics (RADV GFX1201)",
          "device_type": 2,
          "driver_version_raw": 104865800,
          "queue_family": 1,
          "queue_flags": 14,
          "queue_timestamp_valid_bits": 64,
          "requested_api_version": "1.2",
          "requested_independent_lanes": 4,
          "shader_integer_dot_product": true,
          "storage_buffer_16bit": true,
          "timeline_semaphore": true,
          "vendor_id": 4098
        },
        "in_features": 2048,
        "local_size": 32,
        "median_us": 21.108,
        "numeric_correctness": {
          "burst": {
            "exact_bf16_mismatches": 2500,
            "expected_repetitions": [
              0,
              1,
              2,
              3,
              4,
              5,
              6,
              7,
              8,
              9
            ],
            "kl_divergence": 7.475795864e-05,
            "max_abs": 0.0625,
            "mean_abs": 0.001559987664,
            "outputs_checked": 10,
            "pass": true,
            "top1": 1
          },
          "single": {
            "exact_bf16_mismatches": 41,
            "expected_repetitions": [
              0
            ],
            "kl_divergence": 2.576833846e-09,
            "max_abs": 0.03125,
            "mean_abs": 0.0005187988281,
            "outputs_checked": 1,
            "pass": true,
            "top1": 1
          }
        },
        "operation": "q8_0_dense_dp4a_quantize_plus_dot",
        "out_features": 2048,
        "q8_0_weight_bytes": 4456448,
        "q8_blocks_per_row": 64,
        "row_tile": 1,
        "rows": 1,
        "sequence_validation": {
          "burst_expected_repetitions": [
            0,
            1,
            2,
            3,
            4,
            5,
            6,
            7,
            8,
            9
          ],
          "input_repetition_pattern": "distinct_deterministic_salt",
          "output_partitioning": "disjoint",
          "single_expected_repetitions": [
            0
          ],
          "xq_partitioning": "disjoint"
        },
        "submission": {
          "completion_in_host_wall": true,
          "queue_or_stream_count": 4,
          "recording_in_timed_region": false,
          "strategy": "vulkan_multi_queue",
          "submit_in_host_wall": true
        },
        "timing": {
          "burst": {
            "dispatches_per_iteration": 2,
            "gpu_elapsed": {
              "clock": "vulkan_calibrated_multi_queue_timestamp_span",
              "per_iteration_us": {
                "max": 22.532,
                "median": 21.108,
                "min": 17.4,
                "n": 5,
                "p05": 17.404,
                "p95": 22.5192,
                "samples": 5,
                "stdev": 2.3226655032526753
              },
              "sequence_us": {
                "max": 225.32,
                "median": 211.08,
                "min": 174.0,
                "n": 5,
                "p05": 174.04000000000002,
                "p95": 225.19199999999998,
                "samples": 5,
                "stdev": 23.22665503252675
              },
              "status": "ok"
            },
            "host_wall": {
              "clock": "steady_clock",
              "per_iteration_us": {
                "max": 31.0454,
                "median": 29.420499999999997,
                "min": 24.8243,
                "n": 5,
                "p05": 24.923320000000004,
                "p95": 30.97522,
                "samples": 5,
                "stdev": 2.663950568160002
              },
              "sequence_us": {
                "max": 310.454,
                "median": 294.205,
                "min": 248.243,
                "n": 5,
                "p05": 249.2332,
                "p95": 309.7522,
                "samples": 5,
                "stdev": 26.639505681600028
              },
              "status": "ok"
            },
            "logical_iterations": 10
          },
          "single": {
            "dispatches_per_iteration": 2,
            "gpu_elapsed": {
              "clock": "vulkan_calibrated_multi_queue_timestamp_span",
              "per_iteration_us": {
                "max": 82.96,
                "median": 67.44,
                "min": 52.04,
                "n": 5,
                "p05": 52.34400000000001,
                "p95": 81.896,
                "samples": 5,
                "stdev": 12.42730928238289
              },
              "sequence_us": {
                "max": 82.96,
                "median": 67.44,
                "min": 52.04,
                "n": 5,
                "p05": 52.34400000000001,
                "p95": 81.896,
                "samples": 5,
                "stdev": 12.42730928238289
              },
              "status": "ok"
            },
            "host_wall": {
              "clock": "steady_clock",
              "per_iteration_us": {
                "max": 162.572,
                "median": 151.523,
                "min": 128.482,
                "n": 5,
                "p05": 128.878,
                "p95": 160.946,
                "samples": 5,
                "stdev": 13.590016724051523
              },
              "sequence_us": {
                "max": 162.572,
                "median": 151.523,
                "min": 128.482,
                "n": 5,
                "p05": 128.878,
                "p95": 160.946,
                "samples": 5,
                "stdev": 13.590016724051523
              },
              "status": "ok"
            },
            "logical_iterations": 1
          }
        },
        "timing_mode": "independent_throughput",
        "variant": "single",
        "workgroup_match": "exact_hip_wave32"
      },
      {
        "backend": "vulkan",
        "correctness": {
          "single_dispatch": {
            "oracle": "CPU Q8_0 dense q8_1+dp4a BF16 logits with KL <= 0.05 and top-1 >= 90%",
            "status": "pass"
          },
          "synchronization": {
            "barrier_count": 0,
            "method": "disjoint_xq_and_output_slices",
            "status": "pass"
          },
          "timed_sequence": {
            "coverage": "all_dispatches",
            "logical_iterations": 10,
            "oracle": "CPU Q8_0 dense q8_1+dp4a BF16 logits with KL <= 0.05 and top-1 >= 90%",
            "status": "pass"
          }
        },
        "correctness_pass": true,
        "dependency_contract": {
          "inter_dispatch_ordering": "none",
          "output_partitioning": "disjoint",
          "validation_status": "pass",
          "work_dependency": "independent"
        },
        "execution": {
          "actual_parallel_lanes": 1,
          "burst_lane_gpu_samples_us": [],
          "calibrated_timestamp_domain": false,
          "calibrated_timestamp_extension": "",
          "lane_assignment": "single_command_buffer",
          "requested_parallel_lanes": 4,
          "single_lane_gpu_samples_us": [],
          "submission_strategy": "vulkan_command_buffer"
        },
        "hardware": {
          "actual_independent_lanes": 4,
          "api_version": "1.4.318",
          "calibrated_timestamp_extension": "VK_KHR_calibrated_timestamps",
          "device_id": 30032,
          "device_name": "AMD Radeon Graphics (RADV GFX1201)",
          "device_type": 2,
          "driver_version_raw": 104865800,
          "queue_family": 1,
          "queue_flags": 14,
          "queue_timestamp_valid_bits": 64,
          "requested_api_version": "1.2",
          "requested_independent_lanes": 4,
          "shader_integer_dot_product": true,
          "storage_buffer_16bit": true,
          "timeline_semaphore": true,
          "vendor_id": 4098
        },
        "in_features": 2048,
        "local_size": 32,
        "median_us": 1.3039999999999998,
        "numeric_correctness": {
          "burst": {
            "exact_bf16_mismatches": 12989,
            "expected_repetitions": [
              0,
              1,
              2,
              3,
              4,
              5,
              6,
              7,
              8,
              9
            ],
            "kl_divergence": 0.0001183141109,
            "max_abs": 0.0625,
            "mean_abs": 0.001415863866,
            "outputs_checked": 10,
            "pass": true,
            "top1": 1
          },
          "single": {
            "exact_bf16_mismatches": 1017,
            "expected_repetitions": [
              0
            ],
            "kl_divergence": 4.436209871e-06,
            "max_abs": 0.03125,
            "mean_abs": 0.000759601593,
            "outputs_checked": 1,
            "pass": true,
            "top1": 1
          }
        },
        "operation": "q8_1_quantize",
        "out_features": 2048,
        "q8_0_weight_bytes": 4456448,
        "q8_blocks_per_row": 64,
        "row_tile": 0,
        "rows": 4,
        "sequence_validation": {
          "burst_expected_repetitions": [
            0,
            1,
            2,
            3,
            4,
            5,
            6,
            7,
            8,
            9
          ],
          "input_repetition_pattern": "distinct_deterministic_salt",
          "output_partitioning": "disjoint",
          "single_expected_repetitions": [
            0
          ],
          "xq_partitioning": "disjoint"
        },
        "submission": {
          "completion_in_host_wall": true,
          "queue_or_stream_count": 1,
          "recording_in_timed_region": false,
          "strategy": "vulkan_command_buffer",
          "submit_in_host_wall": true
        },
        "timing": {
          "burst": {
            "dispatches_per_iteration": 1,
            "gpu_elapsed": {
              "clock": "vulkan_timestamp",
              "per_iteration_us": {
                "max": 1.316,
                "median": 1.3039999999999998,
                "min": 1.296,
                "n": 5,
                "p05": 1.2960000000000003,
                "p95": 1.3144,
                "samples": 5,
                "stdev": 0.0075894663844041175
              },
              "sequence_us": {
                "max": 13.16,
                "median": 13.04,
                "min": 12.96,
                "n": 5,
                "p05": 12.960000000000003,
                "p95": 13.143999999999998,
                "samples": 5,
                "stdev": 0.0758946638440408
              },
              "status": "ok"
            },
            "host_wall": {
              "clock": "steady_clock",
              "per_iteration_us": {
                "max": 7.8272,
                "median": 7.7841,
                "min": 7.706100000000001,
                "n": 5,
                "p05": 7.716900000000001,
                "p95": 7.82678,
                "samples": 5,
                "stdev": 0.045021168354452926
              },
              "sequence_us": {
                "max": 78.272,
                "median": 77.841,
                "min": 77.061,
                "n": 5,
                "p05": 77.16900000000001,
                "p95": 78.26780000000001,
                "samples": 5,
                "stdev": 0.45021168354452973
              },
              "status": "ok"
            },
            "logical_iterations": 10
          },
          "single": {
            "dispatches_per_iteration": 1,
            "gpu_elapsed": {
              "clock": "vulkan_timestamp",
              "per_iteration_us": {
                "max": 13.32,
                "median": 12.84,
                "min": 10.0,
                "n": 5,
                "p05": 10.344000000000001,
                "p95": 13.32,
                "samples": 5,
                "stdev": 1.2633922589599795
              },
              "sequence_us": {
                "max": 13.32,
                "median": 12.84,
                "min": 10.0,
                "n": 5,
                "p05": 10.344000000000001,
                "p95": 13.32,
                "samples": 5,
                "stdev": 1.2633922589599795
              },
              "status": "ok"
            },
            "host_wall": {
              "clock": "steady_clock",
              "per_iteration_us": {
                "max": 93.981,
                "median": 88.432,
                "min": 75.661,
                "n": 5,
                "p05": 77.391,
                "p95": 93.34899999999999,
                "samples": 5,
                "stdev": 6.333166361307744
              },
              "sequence_us": {
                "max": 93.981,
                "median": 88.432,
                "min": 75.661,
                "n": 5,
                "p05": 77.391,
                "p95": 93.34899999999999,
                "samples": 5,
                "stdev": 6.333166361307744
              },
              "status": "ok"
            },
            "logical_iterations": 1
          }
        },
        "timing_mode": "independent_throughput",
        "variant": "quantize",
        "workgroup_match": "exact_hip_wave32"
      },
      {
        "backend": "vulkan",
        "correctness": {
          "single_dispatch": {
            "oracle": "CPU Q8_0 dense q8_1+dp4a BF16 logits with KL <= 0.05 and top-1 >= 90%",
            "status": "pass"
          },
          "synchronization": {
            "barrier_count": 0,
            "method": "disjoint_xq_and_output_slices",
            "status": "pass"
          },
          "timed_sequence": {
            "coverage": "all_dispatches",
            "logical_iterations": 10,
            "oracle": "CPU Q8_0 dense q8_1+dp4a BF16 logits with KL <= 0.05 and top-1 >= 90%",
            "status": "pass"
          }
        },
        "correctness_pass": true,
        "dependency_contract": {
          "inter_dispatch_ordering": "none",
          "output_partitioning": "disjoint",
          "validation_status": "pass",
          "work_dependency": "independent"
        },
        "execution": {
          "actual_parallel_lanes": 1,
          "burst_lane_gpu_samples_us": [],
          "calibrated_timestamp_domain": false,
          "calibrated_timestamp_extension": "",
          "lane_assignment": "single_command_buffer",
          "requested_parallel_lanes": 4,
          "single_lane_gpu_samples_us": [],
          "submission_strategy": "vulkan_command_buffer"
        },
        "hardware": {
          "actual_independent_lanes": 4,
          "api_version": "1.4.318",
          "calibrated_timestamp_extension": "VK_KHR_calibrated_timestamps",
          "device_id": 30032,
          "device_name": "AMD Radeon Graphics (RADV GFX1201)",
          "device_type": 2,
          "driver_version_raw": 104865800,
          "queue_family": 1,
          "queue_flags": 14,
          "queue_timestamp_valid_bits": 64,
          "requested_api_version": "1.2",
          "requested_independent_lanes": 4,
          "shader_integer_dot_product": true,
          "storage_buffer_16bit": true,
          "timeline_semaphore": true,
          "vendor_id": 4098
        },
        "in_features": 2048,
        "local_size": 32,
        "median_us": 52.352,
        "numeric_correctness": {
          "burst": {
            "exact_bf16_mismatches": 12989,
            "expected_repetitions": [
              0,
              1,
              2,
              3,
              4,
              5,
              6,
              7,
              8,
              9
            ],
            "kl_divergence": 0.0001183141109,
            "max_abs": 0.0625,
            "mean_abs": 0.001415863866,
            "outputs_checked": 10,
            "pass": true,
            "top1": 1
          },
          "single": {
            "exact_bf16_mismatches": 1017,
            "expected_repetitions": [
              0
            ],
            "kl_divergence": 4.436209871e-06,
            "max_abs": 0.03125,
            "mean_abs": 0.000759601593,
            "outputs_checked": 1,
            "pass": true,
            "top1": 1
          }
        },
        "operation": "q8_0_dense_dp4a_dot_prequantized",
        "out_features": 2048,
        "q8_0_weight_bytes": 4456448,
        "q8_blocks_per_row": 64,
        "row_tile": 1,
        "rows": 4,
        "sequence_validation": {
          "burst_expected_repetitions": [
            0,
            1,
            2,
            3,
            4,
            5,
            6,
            7,
            8,
            9
          ],
          "input_repetition_pattern": "distinct_deterministic_salt",
          "output_partitioning": "disjoint",
          "single_expected_repetitions": [
            0
          ],
          "xq_partitioning": "disjoint"
        },
        "submission": {
          "completion_in_host_wall": true,
          "queue_or_stream_count": 1,
          "recording_in_timed_region": false,
          "strategy": "vulkan_command_buffer",
          "submit_in_host_wall": true
        },
        "timing": {
          "burst": {
            "dispatches_per_iteration": 1,
            "gpu_elapsed": {
              "clock": "vulkan_timestamp",
              "per_iteration_us": {
                "max": 52.367999999999995,
                "median": 52.352,
                "min": 52.3,
                "n": 5,
                "p05": 52.3096,
                "p95": 52.36479999999999,
                "samples": 5,
                "stdev": 0.02304777646542025
              },
              "sequence_us": {
                "max": 523.68,
                "median": 523.52,
                "min": 523.0,
                "n": 5,
                "p05": 523.096,
                "p95": 523.6479999999999,
                "samples": 5,
                "stdev": 0.23047776465419462
              },
              "status": "ok"
            },
            "host_wall": {
              "clock": "steady_clock",
              "per_iteration_us": {
                "max": 58.9679,
                "median": 58.7749,
                "min": 58.72089999999999,
                "n": 5,
                "p05": 58.72428,
                "p95": 58.9345,
                "samples": 5,
                "stdev": 0.08825613633056925
              },
              "sequence_us": {
                "max": 589.679,
                "median": 587.749,
                "min": 587.209,
                "n": 5,
                "p05": 587.2428,
                "p95": 589.345,
                "samples": 5,
                "stdev": 0.8825613633056832
              },
              "status": "ok"
            },
            "logical_iterations": 10
          },
          "single": {
            "dispatches_per_iteration": 1,
            "gpu_elapsed": {
              "clock": "vulkan_timestamp",
              "per_iteration_us": {
                "max": 64.88,
                "median": 64.4,
                "min": 64.0,
                "n": 5,
                "p05": 64.03200000000001,
                "p95": 64.8,
                "samples": 5,
                "stdev": 0.30103820355562777
              },
              "sequence_us": {
                "max": 64.88,
                "median": 64.4,
                "min": 64.0,
                "n": 5,
                "p05": 64.03200000000001,
                "p95": 64.8,
                "samples": 5,
                "stdev": 0.30103820355562777
              },
              "status": "ok"
            },
            "host_wall": {
              "clock": "steady_clock",
              "per_iteration_us": {
                "max": 131.432,
                "median": 128.782,
                "min": 123.352,
                "n": 5,
                "p05": 124.19,
                "p95": 130.968,
                "samples": 5,
                "stdev": 2.661979714423079
              },
              "sequence_us": {
                "max": 131.432,
                "median": 128.782,
                "min": 123.352,
                "n": 5,
                "p05": 124.19,
                "p95": 130.968,
                "samples": 5,
                "stdev": 2.661979714423079
              },
              "status": "ok"
            },
            "logical_iterations": 1
          }
        },
        "timing_mode": "independent_throughput",
        "variant": "single",
        "workgroup_match": "exact_hip_wave32"
      },
      {
        "backend": "vulkan",
        "correctness": {
          "single_dispatch": {
            "oracle": "CPU Q8_0 dense q8_1+dp4a BF16 logits with KL <= 0.05 and top-1 >= 90%",
            "status": "pass"
          },
          "synchronization": {
            "barrier_count": 10,
            "method": "timeline_coordinated_multi_queue_disjoint_slices",
            "status": "pass"
          },
          "timed_sequence": {
            "coverage": "all_dispatches",
            "logical_iterations": 10,
            "oracle": "CPU Q8_0 dense q8_1+dp4a BF16 logits with KL <= 0.05 and top-1 >= 90%",
            "status": "pass"
          }
        },
        "correctness_pass": true,
        "dependency_contract": {
          "inter_dispatch_ordering": "none",
          "output_partitioning": "disjoint",
          "validation_status": "pass",
          "work_dependency": "independent"
        },
        "execution": {
          "actual_parallel_lanes": 4,
          "burst_lane_gpu_samples_us": [
            [
              290.84,
              228.12,
              315.52,
              311.8
            ],
            [
              479.76,
              449,
              230.08,
              211.8
            ],
            [
              451.6,
              318.28,
              374.64,
              123.96
            ],
            [
              288.32,
              398.6,
              306.64,
              189.16
            ],
            [
              479.36,
              320.32,
              182.48,
              387.04
            ]
          ],
          "calibrated_timestamp_domain": true,
          "calibrated_timestamp_extension": "VK_KHR_calibrated_timestamps",
          "lane_assignment": "round_robin_multi_queue",
          "requested_parallel_lanes": 4,
          "single_lane_gpu_samples_us": [
            [
              68.68,
              2.88,
              3.4,
              3.16
            ],
            [
              66.56,
              2.8,
              3.2,
              2.76
            ],
            [
              69.2,
              3.24,
              3.04,
              3.12
            ],
            [
              88.64,
              3.16,
              3.08,
              3.12
            ],
            [
              69.64,
              2.44,
              2.24,
              2.64
            ]
          ],
          "submission_strategy": "vulkan_multi_queue"
        },
        "hardware": {
          "actual_independent_lanes": 4,
          "api_version": "1.4.318",
          "calibrated_timestamp_extension": "VK_KHR_calibrated_timestamps",
          "device_id": 30032,
          "device_name": "AMD Radeon Graphics (RADV GFX1201)",
          "device_type": 2,
          "driver_version_raw": 104865800,
          "queue_family": 1,
          "queue_flags": 14,
          "queue_timestamp_valid_bits": 64,
          "requested_api_version": "1.2",
          "requested_independent_lanes": 4,
          "shader_integer_dot_product": true,
          "storage_buffer_16bit": true,
          "timeline_semaphore": true,
          "vendor_id": 4098
        },
        "in_features": 2048,
        "local_size": 32,
        "median_us": 54.032000000000004,
        "numeric_correctness": {
          "burst": {
            "exact_bf16_mismatches": 12989,
            "expected_repetitions": [
              0,
              1,
              2,
              3,
              4,
              5,
              6,
              7,
              8,
              9
            ],
            "kl_divergence": 0.0001183141109,
            "max_abs": 0.0625,
            "mean_abs": 0.001415863866,
            "outputs_checked": 10,
            "pass": true,
            "top1": 1
          },
          "single": {
            "exact_bf16_mismatches": 1017,
            "expected_repetitions": [
              0
            ],
            "kl_divergence": 4.436209871e-06,
            "max_abs": 0.03125,
            "mean_abs": 0.000759601593,
            "outputs_checked": 1,
            "pass": true,
            "top1": 1
          }
        },
        "operation": "q8_0_dense_dp4a_quantize_plus_dot",
        "out_features": 2048,
        "q8_0_weight_bytes": 4456448,
        "q8_blocks_per_row": 64,
        "row_tile": 1,
        "rows": 4,
        "sequence_validation": {
          "burst_expected_repetitions": [
            0,
            1,
            2,
            3,
            4,
            5,
            6,
            7,
            8,
            9
          ],
          "input_repetition_pattern": "distinct_deterministic_salt",
          "output_partitioning": "disjoint",
          "single_expected_repetitions": [
            0
          ],
          "xq_partitioning": "disjoint"
        },
        "submission": {
          "completion_in_host_wall": true,
          "queue_or_stream_count": 4,
          "recording_in_timed_region": false,
          "strategy": "vulkan_multi_queue",
          "submit_in_host_wall": true
        },
        "timing": {
          "burst": {
            "dispatches_per_iteration": 2,
            "gpu_elapsed": {
              "clock": "vulkan_calibrated_multi_queue_timestamp_span",
              "per_iteration_us": {
                "max": 59.604,
                "median": 54.032000000000004,
                "min": 53.352,
                "n": 5,
                "p05": 53.4224,
                "p95": 58.8008,
                "samples": 5,
                "stdev": 2.304231932770658
              },
              "sequence_us": {
                "max": 596.04,
                "median": 540.32,
                "min": 533.52,
                "n": 5,
                "p05": 534.224,
                "p95": 588.008,
                "samples": 5,
                "stdev": 23.042319327706565
              },
              "status": "ok"
            },
            "host_wall": {
              "clock": "steady_clock",
              "per_iteration_us": {
                "max": 69.1601,
                "median": 62.512,
                "min": 61.5989,
                "n": 5,
                "p05": 61.68950000000001,
                "p95": 68.11225999999999,
                "samples": 5,
                "stdev": 2.7674190124374003
              },
              "sequence_us": {
                "max": 691.601,
                "median": 625.12,
                "min": 615.989,
                "n": 5,
                "p05": 616.8950000000001,
                "p95": 681.1226,
                "samples": 5,
                "stdev": 27.674190124374004
              },
              "status": "ok"
            },
            "logical_iterations": 10
          },
          "single": {
            "dispatches_per_iteration": 2,
            "gpu_elapsed": {
              "clock": "vulkan_calibrated_multi_queue_timestamp_span",
              "per_iteration_us": {
                "max": 112.88,
                "median": 92.16,
                "min": 69.64,
                "n": 5,
                "p05": 74.128,
                "p95": 111.09599999999999,
                "samples": 5,
                "stdev": 14.532955102111888
              },
              "sequence_us": {
                "max": 112.88,
                "median": 92.16,
                "min": 69.64,
                "n": 5,
                "p05": 74.128,
                "p95": 111.09599999999999,
                "samples": 5,
                "stdev": 14.532955102111888
              },
              "status": "ok"
            },
            "host_wall": {
              "clock": "steady_clock",
              "per_iteration_us": {
                "max": 195.082,
                "median": 178.353,
                "min": 144.542,
                "n": 5,
                "p05": 149.576,
                "p95": 194.8502,
                "samples": 5,
                "stdev": 18.54463944756004
              },
              "sequence_us": {
                "max": 195.082,
                "median": 178.353,
                "min": 144.542,
                "n": 5,
                "p05": 149.576,
                "p95": 194.8502,
                "samples": 5,
                "stdev": 18.54463944756004
              },
              "status": "ok"
            },
            "logical_iterations": 1
          }
        },
        "timing_mode": "independent_throughput",
        "variant": "single",
        "workgroup_match": "exact_hip_wave32"
      },
      {
        "backend": "vulkan",
        "correctness": {
          "single_dispatch": {
            "oracle": "CPU Q8_0 dense q8_1+dp4a BF16 logits with KL <= 0.05 and top-1 >= 90%",
            "status": "pass"
          },
          "synchronization": {
            "barrier_count": 0,
            "method": "disjoint_xq_and_output_slices",
            "status": "pass"
          },
          "timed_sequence": {
            "coverage": "all_dispatches",
            "logical_iterations": 10,
            "oracle": "CPU Q8_0 dense q8_1+dp4a BF16 logits with KL <= 0.05 and top-1 >= 90%",
            "status": "pass"
          }
        },
        "correctness_pass": true,
        "dependency_contract": {
          "inter_dispatch_ordering": "none",
          "output_partitioning": "disjoint",
          "validation_status": "pass",
          "work_dependency": "independent"
        },
        "execution": {
          "actual_parallel_lanes": 1,
          "burst_lane_gpu_samples_us": [],
          "calibrated_timestamp_domain": false,
          "calibrated_timestamp_extension": "",
          "lane_assignment": "single_command_buffer",
          "requested_parallel_lanes": 4,
          "single_lane_gpu_samples_us": [],
          "submission_strategy": "vulkan_command_buffer"
        },
        "hardware": {
          "actual_independent_lanes": 4,
          "api_version": "1.4.318",
          "calibrated_timestamp_extension": "VK_KHR_calibrated_timestamps",
          "device_id": 30032,
          "device_name": "AMD Radeon Graphics (RADV GFX1201)",
          "device_type": 2,
          "driver_version_raw": 104865800,
          "queue_family": 1,
          "queue_flags": 14,
          "queue_timestamp_valid_bits": 64,
          "requested_api_version": "1.2",
          "requested_independent_lanes": 4,
          "shader_integer_dot_product": true,
          "storage_buffer_16bit": true,
          "timeline_semaphore": true,
          "vendor_id": 4098
        },
        "in_features": 768,
        "local_size": 32,
        "median_us": 6.895999999999999,
        "numeric_correctness": {
          "burst": {
            "exact_bf16_mismatches": 2785,
            "expected_repetitions": [
              0,
              1,
              2,
              3,
              4,
              5,
              6,
              7,
              8,
              9
            ],
            "kl_divergence": 7.509737071e-05,
            "max_abs": 0.03125,
            "mean_abs": 0.001078635454,
            "outputs_checked": 10,
            "pass": true,
            "top1": 1
          },
          "single": {
            "exact_bf16_mismatches": 251,
            "expected_repetitions": [
              0
            ],
            "kl_divergence": 3.301283582e-07,
            "max_abs": 0.015625,
            "mean_abs": 0.0002901772968,
            "outputs_checked": 1,
            "pass": true,
            "top1": 1
          }
        },
        "operation": "q8_0_dense_dp4a_dot_prequantized",
        "out_features": 2048,
        "q8_0_weight_bytes": 1671168,
        "q8_blocks_per_row": 24,
        "row_tile": 4,
        "rows": 1,
        "sequence_validation": {
          "burst_expected_repetitions": [
            0,
            1,
            2,
            3,
            4,
            5,
            6,
            7,
            8,
            9
          ],
          "input_repetition_pattern": "distinct_deterministic_salt",
          "output_partitioning": "disjoint",
          "single_expected_repetitions": [
            0
          ],
          "xq_partitioning": "disjoint"
        },
        "submission": {
          "completion_in_host_wall": true,
          "queue_or_stream_count": 1,
          "recording_in_timed_region": false,
          "strategy": "vulkan_command_buffer",
          "submit_in_host_wall": true
        },
        "timing": {
          "burst": {
            "dispatches_per_iteration": 1,
            "gpu_elapsed": {
              "clock": "vulkan_timestamp",
              "per_iteration_us": {
                "max": 6.9159999999999995,
                "median": 6.895999999999999,
                "min": 6.848000000000001,
                "n": 5,
                "p05": 6.854400000000001,
                "p95": 6.9159999999999995,
                "samples": 5,
                "stdev": 0.025474693324944567
              },
              "sequence_us": {
                "max": 69.16,
                "median": 68.96,
                "min": 68.48,
                "n": 5,
                "p05": 68.54400000000001,
                "p95": 69.16,
                "samples": 5,
                "stdev": 0.25474693324944786
              },
              "status": "ok"
            },
            "host_wall": {
              "clock": "steady_clock",
              "per_iteration_us": {
                "max": 13.3252,
                "median": 13.271199999999999,
                "min": 13.2102,
                "n": 5,
                "p05": 13.214580000000002,
                "p95": 13.3162,
                "samples": 5,
                "stdev": 0.03992875655464375
              },
              "sequence_us": {
                "max": 133.252,
                "median": 132.712,
                "min": 132.102,
                "n": 5,
                "p05": 132.1458,
                "p95": 133.162,
                "samples": 5,
                "stdev": 0.3992875655464379
              },
              "status": "ok"
            },
            "logical_iterations": 10
          },
          "single": {
            "dispatches_per_iteration": 1,
            "gpu_elapsed": {
              "clock": "vulkan_timestamp",
              "per_iteration_us": {
                "max": 19.36,
                "median": 19.08,
                "min": 18.88,
                "n": 5,
                "p05": 18.88,
                "p95": 19.336,
                "samples": 5,
                "stdev": 0.19166637681137508
              },
              "sequence_us": {
                "max": 19.36,
                "median": 19.08,
                "min": 18.88,
                "n": 5,
                "p05": 18.88,
                "p95": 19.336,
                "samples": 5,
                "stdev": 0.19166637681137508
              },
              "status": "ok"
            },
            "host_wall": {
              "clock": "steady_clock",
              "per_iteration_us": {
                "max": 86.442,
                "median": 84.561,
                "min": 74.581,
                "n": 5,
                "p05": 76.415,
                "p95": 86.17179999999999,
                "samples": 5,
                "stdev": 4.243442772089661
              },
              "sequence_us": {
                "max": 86.442,
                "median": 84.561,
                "min": 74.581,
                "n": 5,
                "p05": 76.415,
                "p95": 86.17179999999999,
                "samples": 5,
                "stdev": 4.243442772089661
              },
              "status": "ok"
            },
            "logical_iterations": 1
          }
        },
        "timing_mode": "independent_throughput",
        "variant": "rowtile4",
        "workgroup_match": "exact_hip_wave32"
      },
      {
        "backend": "vulkan",
        "correctness": {
          "single_dispatch": {
            "oracle": "CPU Q8_0 dense q8_1+dp4a BF16 logits with KL <= 0.05 and top-1 >= 90%",
            "status": "pass"
          },
          "synchronization": {
            "barrier_count": 10,
            "method": "timeline_coordinated_multi_queue_disjoint_slices",
            "status": "pass"
          },
          "timed_sequence": {
            "coverage": "all_dispatches",
            "logical_iterations": 10,
            "oracle": "CPU Q8_0 dense q8_1+dp4a BF16 logits with KL <= 0.05 and top-1 >= 90%",
            "status": "pass"
          }
        },
        "correctness_pass": true,
        "dependency_contract": {
          "inter_dispatch_ordering": "none",
          "output_partitioning": "disjoint",
          "validation_status": "pass",
          "work_dependency": "independent"
        },
        "execution": {
          "actual_parallel_lanes": 4,
          "burst_lane_gpu_samples_us": [
            [
              100.84,
              81.68,
              39.2,
              59.44
            ],
            [
              54.24,
              115.68,
              69.24,
              42.08
            ],
            [
              92.88,
              54.8,
              80.48,
              33
            ],
            [
              49.48,
              105.2,
              32.68,
              59.2
            ],
            [
              54.28,
              113.24,
              59.36,
              33
            ]
          ],
          "calibrated_timestamp_domain": true,
          "calibrated_timestamp_extension": "VK_KHR_calibrated_timestamps",
          "lane_assignment": "round_robin_multi_queue",
          "requested_parallel_lanes": 4,
          "single_lane_gpu_samples_us": [
            [
              22.12,
              3.12,
              2.56,
              3.2
            ],
            [
              21.52,
              2.96,
              2.92,
              3.48
            ],
            [
              35.52,
              2.92,
              2.68,
              3.32
            ],
            [
              21.6,
              2.28,
              3.04,
              3.6
            ],
            [
              34.48,
              2.6,
              2.32,
              2.32
            ]
          ],
          "submission_strategy": "vulkan_multi_queue"
        },
        "hardware": {
          "actual_independent_lanes": 4,
          "api_version": "1.4.318",
          "calibrated_timestamp_extension": "VK_KHR_calibrated_timestamps",
          "device_id": 30032,
          "device_name": "AMD Radeon Graphics (RADV GFX1201)",
          "device_type": 2,
          "driver_version_raw": 104865800,
          "queue_family": 1,
          "queue_flags": 14,
          "queue_timestamp_valid_bits": 64,
          "requested_api_version": "1.2",
          "requested_independent_lanes": 4,
          "shader_integer_dot_product": true,
          "storage_buffer_16bit": true,
          "timeline_semaphore": true,
          "vendor_id": 4098
        },
        "in_features": 768,
        "local_size": 32,
        "median_us": 16.428,
        "numeric_correctness": {
          "burst": {
            "exact_bf16_mismatches": 2785,
            "expected_repetitions": [
              0,
              1,
              2,
              3,
              4,
              5,
              6,
              7,
              8,
              9
            ],
            "kl_divergence": 7.509737071e-05,
            "max_abs": 0.03125,
            "mean_abs": 0.001078635454,
            "outputs_checked": 10,
            "pass": true,
            "top1": 1
          },
          "single": {
            "exact_bf16_mismatches": 251,
            "expected_repetitions": [
              0
            ],
            "kl_divergence": 3.301283582e-07,
            "max_abs": 0.015625,
            "mean_abs": 0.0002901772968,
            "outputs_checked": 1,
            "pass": true,
            "top1": 1
          }
        },
        "operation": "q8_0_dense_dp4a_quantize_plus_dot",
        "out_features": 2048,
        "q8_0_weight_bytes": 1671168,
        "q8_blocks_per_row": 24,
        "row_tile": 4,
        "rows": 1,
        "sequence_validation": {
          "burst_expected_repetitions": [
            0,
            1,
            2,
            3,
            4,
            5,
            6,
            7,
            8,
            9
          ],
          "input_repetition_pattern": "distinct_deterministic_salt",
          "output_partitioning": "disjoint",
          "single_expected_repetitions": [
            0
          ],
          "xq_partitioning": "disjoint"
        },
        "submission": {
          "completion_in_host_wall": true,
          "queue_or_stream_count": 4,
          "recording_in_timed_region": false,
          "strategy": "vulkan_multi_queue",
          "submit_in_host_wall": true
        },
        "timing": {
          "burst": {
            "dispatches_per_iteration": 2,
            "gpu_elapsed": {
              "clock": "vulkan_calibrated_multi_queue_timestamp_span",
              "per_iteration_us": {
                "max": 17.136000000000003,
                "median": 16.428,
                "min": 12.2,
                "n": 5,
                "p05": 12.9472,
                "p95": 16.994400000000002,
                "samples": 5,
                "stdev": 1.754997618232003
              },
              "sequence_us": {
                "max": 171.36,
                "median": 164.28,
                "min": 122.0,
                "n": 5,
                "p05": 129.472,
                "p95": 169.94400000000002,
                "samples": 5,
                "stdev": 17.549976182320023
              },
              "status": "ok"
            },
            "host_wall": {
              "clock": "steady_clock",
              "per_iteration_us": {
                "max": 25.6204,
                "median": 24.9114,
                "min": 20.0493,
                "n": 5,
                "p05": 20.9223,
                "p95": 25.541000000000004,
                "samples": 5,
                "stdev": 2.0358366325420127
              },
              "sequence_us": {
                "max": 256.204,
                "median": 249.114,
                "min": 200.493,
                "n": 5,
                "p05": 209.223,
                "p95": 255.41000000000003,
                "samples": 5,
                "stdev": 20.358366325420125
              },
              "status": "ok"
            },
            "logical_iterations": 10
          },
          "single": {
            "dispatches_per_iteration": 2,
            "gpu_elapsed": {
              "clock": "vulkan_calibrated_multi_queue_timestamp_span",
              "per_iteration_us": {
                "max": 57.92,
                "median": 53.56,
                "min": 43.68,
                "n": 5,
                "p05": 45.176,
                "p95": 57.56,
                "samples": 5,
                "stdev": 4.963701844389931
              },
              "sequence_us": {
                "max": 57.92,
                "median": 53.56,
                "min": 43.68,
                "n": 5,
                "p05": 45.176,
                "p95": 57.56,
                "samples": 5,
                "stdev": 4.963701844389931
              },
              "status": "ok"
            },
            "host_wall": {
              "clock": "steady_clock",
              "per_iteration_us": {
                "max": 144.073,
                "median": 138.952,
                "min": 125.592,
                "n": 5,
                "p05": 125.602,
                "p95": 143.5368,
                "samples": 5,
                "stdev": 7.9346476267065595
              },
              "sequence_us": {
                "max": 144.073,
                "median": 138.952,
                "min": 125.592,
                "n": 5,
                "p05": 125.602,
                "p95": 143.5368,
                "samples": 5,
                "stdev": 7.9346476267065595
              },
              "status": "ok"
            },
            "logical_iterations": 1
          }
        },
        "timing_mode": "independent_throughput",
        "variant": "rowtile4",
        "workgroup_match": "exact_hip_wave32"
      },
      {
        "backend": "vulkan",
        "correctness": {
          "single_dispatch": {
            "oracle": "CPU Q8_0 dense q8_1+dp4a BF16 logits with KL <= 0.05 and top-1 >= 90%",
            "status": "pass"
          },
          "synchronization": {
            "barrier_count": 0,
            "method": "disjoint_xq_and_output_slices",
            "status": "pass"
          },
          "timed_sequence": {
            "coverage": "all_dispatches",
            "logical_iterations": 10,
            "oracle": "CPU Q8_0 dense q8_1+dp4a BF16 logits with KL <= 0.05 and top-1 >= 90%",
            "status": "pass"
          }
        },
        "correctness_pass": true,
        "dependency_contract": {
          "inter_dispatch_ordering": "none",
          "output_partitioning": "disjoint",
          "validation_status": "pass",
          "work_dependency": "independent"
        },
        "execution": {
          "actual_parallel_lanes": 1,
          "burst_lane_gpu_samples_us": [],
          "calibrated_timestamp_domain": false,
          "calibrated_timestamp_extension": "",
          "lane_assignment": "single_command_buffer",
          "requested_parallel_lanes": 4,
          "single_lane_gpu_samples_us": [],
          "submission_strategy": "vulkan_command_buffer"
        },
        "hardware": {
          "actual_independent_lanes": 4,
          "api_version": "1.4.318",
          "calibrated_timestamp_extension": "VK_KHR_calibrated_timestamps",
          "device_id": 30032,
          "device_name": "AMD Radeon Graphics (RADV GFX1201)",
          "device_type": 2,
          "driver_version_raw": 104865800,
          "queue_family": 1,
          "queue_flags": 14,
          "queue_timestamp_valid_bits": 64,
          "requested_api_version": "1.2",
          "requested_independent_lanes": 4,
          "shader_integer_dot_product": true,
          "storage_buffer_16bit": true,
          "timeline_semaphore": true,
          "vendor_id": 4098
        },
        "in_features": 768,
        "local_size": 32,
        "median_us": 12.392,
        "numeric_correctness": {
          "burst": {
            "exact_bf16_mismatches": 13155,
            "expected_repetitions": [
              0,
              1,
              2,
              3,
              4,
              5,
              6,
              7,
              8,
              9
            ],
            "kl_divergence": 7.737942242e-05,
            "max_abs": 0.03125,
            "mean_abs": 0.0008274186403,
            "outputs_checked": 10,
            "pass": true,
            "top1": 1
          },
          "single": {
            "exact_bf16_mismatches": 1232,
            "expected_repetitions": [
              0
            ],
            "kl_divergence": 3.999396507e-05,
            "max_abs": 0.03125,
            "mean_abs": 0.0005773062585,
            "outputs_checked": 1,
            "pass": true,
            "top1": 1
          }
        },
        "operation": "q8_0_dense_dp4a_dot_prequantized",
        "out_features": 2048,
        "q8_0_weight_bytes": 1671168,
        "q8_blocks_per_row": 24,
        "row_tile": 4,
        "rows": 4,
        "sequence_validation": {
          "burst_expected_repetitions": [
            0,
            1,
            2,
            3,
            4,
            5,
            6,
            7,
            8,
            9
          ],
          "input_repetition_pattern": "distinct_deterministic_salt",
          "output_partitioning": "disjoint",
          "single_expected_repetitions": [
            0
          ],
          "xq_partitioning": "disjoint"
        },
        "submission": {
          "completion_in_host_wall": true,
          "queue_or_stream_count": 1,
          "recording_in_timed_region": false,
          "strategy": "vulkan_command_buffer",
          "submit_in_host_wall": true
        },
        "timing": {
          "burst": {
            "dispatches_per_iteration": 1,
            "gpu_elapsed": {
              "clock": "vulkan_timestamp",
              "per_iteration_us": {
                "max": 12.568000000000001,
                "median": 12.392,
                "min": 12.312000000000001,
                "n": 5,
                "p05": 12.325600000000001,
                "p95": 12.536000000000001,
                "samples": 5,
                "stdev": 0.08458841528247268
              },
              "sequence_us": {
                "max": 125.68,
                "median": 123.92,
                "min": 123.12,
                "n": 5,
                "p05": 123.25600000000001,
                "p95": 125.36,
                "samples": 5,
                "stdev": 0.845884152824725
              },
              "status": "ok"
            },
            "host_wall": {
              "clock": "steady_clock",
              "per_iteration_us": {
                "max": 19.5323,
                "median": 18.6713,
                "min": 18.659200000000002,
                "n": 5,
                "p05": 18.660220000000002,
                "p95": 19.3859,
                "samples": 5,
                "stdev": 0.3375286796703351
              },
              "sequence_us": {
                "max": 195.323,
                "median": 186.713,
                "min": 186.592,
                "n": 5,
                "p05": 186.6022,
                "p95": 193.85899999999998,
                "samples": 5,
                "stdev": 3.3752867967033584
              },
              "status": "ok"
            },
            "logical_iterations": 10
          },
          "single": {
            "dispatches_per_iteration": 1,
            "gpu_elapsed": {
              "clock": "vulkan_timestamp",
              "per_iteration_us": {
                "max": 23.48,
                "median": 23.12,
                "min": 22.96,
                "n": 5,
                "p05": 22.968000000000004,
                "p95": 23.456,
                "samples": 5,
                "stdev": 0.20333224043422113
              },
              "sequence_us": {
                "max": 23.48,
                "median": 23.12,
                "min": 22.96,
                "n": 5,
                "p05": 22.968000000000004,
                "p95": 23.456,
                "samples": 5,
                "stdev": 0.20333224043422113
              },
              "status": "ok"
            },
            "host_wall": {
              "clock": "steady_clock",
              "per_iteration_us": {
                "max": 88.411,
                "median": 87.041,
                "min": 76.112,
                "n": 5,
                "p05": 78.02380000000001,
                "p95": 88.36919999999999,
                "samples": 5,
                "stdev": 4.592646235015279
              },
              "sequence_us": {
                "max": 88.411,
                "median": 87.041,
                "min": 76.112,
                "n": 5,
                "p05": 78.02380000000001,
                "p95": 88.36919999999999,
                "samples": 5,
                "stdev": 4.592646235015279
              },
              "status": "ok"
            },
            "logical_iterations": 1
          }
        },
        "timing_mode": "independent_throughput",
        "variant": "rowtile4",
        "workgroup_match": "exact_hip_wave32"
      },
      {
        "backend": "vulkan",
        "correctness": {
          "single_dispatch": {
            "oracle": "CPU Q8_0 dense q8_1+dp4a BF16 logits with KL <= 0.05 and top-1 >= 90%",
            "status": "pass"
          },
          "synchronization": {
            "barrier_count": 10,
            "method": "timeline_coordinated_multi_queue_disjoint_slices",
            "status": "pass"
          },
          "timed_sequence": {
            "coverage": "all_dispatches",
            "logical_iterations": 10,
            "oracle": "CPU Q8_0 dense q8_1+dp4a BF16 logits with KL <= 0.05 and top-1 >= 90%",
            "status": "pass"
          }
        },
        "correctness_pass": true,
        "dependency_contract": {
          "inter_dispatch_ordering": "none",
          "output_partitioning": "disjoint",
          "validation_status": "pass",
          "work_dependency": "independent"
        },
        "execution": {
          "actual_parallel_lanes": 4,
          "burst_lane_gpu_samples_us": [
            [
              67.76,
              127,
              84,
              41.04
            ],
            [
              67.44,
              148.96,
              97,
              54
            ],
            [
              130.16,
              73.4,
              83.28,
              40.72
            ],
            [
              68.88,
              136.04,
              41.4,
              83.04
            ],
            [
              68.4,
              70,
              92.28,
              77.64
            ]
          ],
          "calibrated_timestamp_domain": true,
          "calibrated_timestamp_extension": "VK_KHR_calibrated_timestamps",
          "lane_assignment": "round_robin_multi_queue",
          "requested_parallel_lanes": 4,
          "single_lane_gpu_samples_us": [
            [
              42.84,
              2.88,
              2.96,
              2.96
            ],
            [
              40.92,
              2.52,
              3.16,
              4.24
            ],
            [
              25.92,
              3.36,
              3.2,
              2.56
            ],
            [
              26.88,
              2.72,
              2.88,
              2.6
            ],
            [
              24.76,
              2.72,
              2.76,
              2.96
            ]
          ],
          "submission_strategy": "vulkan_multi_queue"
        },
        "hardware": {
          "actual_independent_lanes": 4,
          "api_version": "1.4.318",
          "calibrated_timestamp_extension": "VK_KHR_calibrated_timestamps",
          "device_id": 30032,
          "device_name": "AMD Radeon Graphics (RADV GFX1201)",
          "device_type": 2,
          "driver_version_raw": 104865800,
          "queue_family": 1,
          "queue_flags": 14,
          "queue_timestamp_valid_bits": 64,
          "requested_api_version": "1.2",
          "requested_independent_lanes": 4,
          "shader_integer_dot_product": true,
          "storage_buffer_16bit": true,
          "timeline_semaphore": true,
          "vendor_id": 4098
        },
        "in_features": 768,
        "local_size": 32,
        "median_us": 20.232,
        "numeric_correctness": {
          "burst": {
            "exact_bf16_mismatches": 13155,
            "expected_repetitions": [
              0,
              1,
              2,
              3,
              4,
              5,
              6,
              7,
              8,
              9
            ],
            "kl_divergence": 7.737942242e-05,
            "max_abs": 0.03125,
            "mean_abs": 0.0008274186403,
            "outputs_checked": 10,
            "pass": true,
            "top1": 1
          },
          "single": {
            "exact_bf16_mismatches": 1232,
            "expected_repetitions": [
              0
            ],
            "kl_divergence": 3.999396507e-05,
            "max_abs": 0.03125,
            "mean_abs": 0.0005773062585,
            "outputs_checked": 1,
            "pass": true,
            "top1": 1
          }
        },
        "operation": "q8_0_dense_dp4a_quantize_plus_dot",
        "out_features": 2048,
        "q8_0_weight_bytes": 1671168,
        "q8_blocks_per_row": 24,
        "row_tile": 4,
        "rows": 4,
        "sequence_validation": {
          "burst_expected_repetitions": [
            0,
            1,
            2,
            3,
            4,
            5,
            6,
            7,
            8,
            9
          ],
          "input_repetition_pattern": "distinct_deterministic_salt",
          "output_partitioning": "disjoint",
          "single_expected_repetitions": [
            0
          ],
          "xq_partitioning": "disjoint"
        },
        "submission": {
          "completion_in_host_wall": true,
          "queue_or_stream_count": 4,
          "recording_in_timed_region": false,
          "strategy": "vulkan_multi_queue",
          "submit_in_host_wall": true
        },
        "timing": {
          "burst": {
            "dispatches_per_iteration": 2,
            "gpu_elapsed": {
              "clock": "vulkan_calibrated_multi_queue_timestamp_span",
              "per_iteration_us": {
                "max": 20.66,
                "median": 20.232,
                "min": 15.475999999999999,
                "n": 5,
                "p05": 16.3256,
                "p95": 20.6056,
                "samples": 5,
                "stdev": 1.9341478743880987
              },
              "sequence_us": {
                "max": 206.6,
                "median": 202.32,
                "min": 154.76,
                "n": 5,
                "p05": 163.256,
                "p95": 206.056,
                "samples": 5,
                "stdev": 19.341478743880987
              },
              "status": "ok"
            },
            "host_wall": {
              "clock": "steady_clock",
              "per_iteration_us": {
                "max": 29.543400000000002,
                "median": 29.0584,
                "min": 23.4534,
                "n": 5,
                "p05": 24.4164,
                "p95": 29.499220000000005,
                "samples": 5,
                "stdev": 2.2790288040303492
              },
              "sequence_us": {
                "max": 295.434,
                "median": 290.584,
                "min": 234.534,
                "n": 5,
                "p05": 244.16400000000002,
                "p95": 294.9922,
                "samples": 5,
                "stdev": 22.790288040303494
              },
              "status": "ok"
            },
            "logical_iterations": 10
          },
          "single": {
            "dispatches_per_iteration": 2,
            "gpu_elapsed": {
              "clock": "vulkan_calibrated_multi_queue_timestamp_span",
              "per_iteration_us": {
                "max": 66.36,
                "median": 63.68,
                "min": 49.56,
                "n": 5,
                "p05": 50.57600000000001,
                "p95": 66.328,
                "samples": 5,
                "stdev": 6.784047169647334
              },
              "sequence_us": {
                "max": 66.36,
                "median": 63.68,
                "min": 49.56,
                "n": 5,
                "p05": 50.57600000000001,
                "p95": 66.328,
                "samples": 5,
                "stdev": 6.784047169647334
              },
              "status": "ok"
            },
            "host_wall": {
              "clock": "steady_clock",
              "per_iteration_us": {
                "max": 154.692,
                "median": 148.753,
                "min": 130.722,
                "n": 5,
                "p05": 133.966,
                "p95": 153.974,
                "samples": 5,
                "stdev": 8.276318273242032
              },
              "sequence_us": {
                "max": 154.692,
                "median": 148.753,
                "min": 130.722,
                "n": 5,
                "p05": 133.966,
                "p95": 153.974,
                "samples": 5,
                "stdev": 8.276318273242032
              },
              "status": "ok"
            },
            "logical_iterations": 1
          }
        },
        "timing_mode": "independent_throughput",
        "variant": "rowtile4",
        "workgroup_match": "exact_hip_wave32"
      },
      {
        "backend": "vulkan",
        "correctness": {
          "single_dispatch": {
            "oracle": "CPU Q8_0 dense q8_1+dp4a BF16 logits with KL <= 0.05 and top-1 >= 90%",
            "status": "pass"
          },
          "synchronization": {
            "barrier_count": 0,
            "method": "disjoint_xq_and_output_slices",
            "status": "pass"
          },
          "timed_sequence": {
            "coverage": "all_dispatches",
            "logical_iterations": 10,
            "oracle": "CPU Q8_0 dense q8_1+dp4a BF16 logits with KL <= 0.05 and top-1 >= 90%",
            "status": "pass"
          }
        },
        "correctness_pass": true,
        "dependency_contract": {
          "inter_dispatch_ordering": "none",
          "output_partitioning": "disjoint",
          "validation_status": "pass",
          "work_dependency": "independent"
        },
        "execution": {
          "actual_parallel_lanes": 1,
          "burst_lane_gpu_samples_us": [],
          "calibrated_timestamp_domain": false,
          "calibrated_timestamp_extension": "",
          "lane_assignment": "single_command_buffer",
          "requested_parallel_lanes": 4,
          "single_lane_gpu_samples_us": [],
          "submission_strategy": "vulkan_command_buffer"
        },
        "hardware": {
          "actual_independent_lanes": 4,
          "api_version": "1.4.318",
          "calibrated_timestamp_extension": "VK_KHR_calibrated_timestamps",
          "device_id": 30032,
          "device_name": "AMD Radeon Graphics (RADV GFX1201)",
          "device_type": 2,
          "driver_version_raw": 104865800,
          "queue_family": 1,
          "queue_flags": 14,
          "queue_timestamp_valid_bits": 64,
          "requested_api_version": "1.2",
          "requested_independent_lanes": 4,
          "shader_integer_dot_product": true,
          "storage_buffer_16bit": true,
          "timeline_semaphore": true,
          "vendor_id": 4098
        },
        "in_features": 2048,
        "local_size": 32,
        "median_us": 15.219999999999999,
        "numeric_correctness": {
          "burst": {
            "exact_bf16_mismatches": 2500,
            "expected_repetitions": [
              0,
              1,
              2,
              3,
              4,
              5,
              6,
              7,
              8,
              9
            ],
            "kl_divergence": 7.475795864e-05,
            "max_abs": 0.0625,
            "mean_abs": 0.001559987664,
            "outputs_checked": 10,
            "pass": true,
            "top1": 1
          },
          "single": {
            "exact_bf16_mismatches": 41,
            "expected_repetitions": [
              0
            ],
            "kl_divergence": 2.576833846e-09,
            "max_abs": 0.03125,
            "mean_abs": 0.0005187988281,
            "outputs_checked": 1,
            "pass": true,
            "top1": 1
          }
        },
        "operation": "q8_0_dense_dp4a_dot_prequantized",
        "out_features": 2048,
        "q8_0_weight_bytes": 4456448,
        "q8_blocks_per_row": 64,
        "row_tile": 4,
        "rows": 1,
        "sequence_validation": {
          "burst_expected_repetitions": [
            0,
            1,
            2,
            3,
            4,
            5,
            6,
            7,
            8,
            9
          ],
          "input_repetition_pattern": "distinct_deterministic_salt",
          "output_partitioning": "disjoint",
          "single_expected_repetitions": [
            0
          ],
          "xq_partitioning": "disjoint"
        },
        "submission": {
          "completion_in_host_wall": true,
          "queue_or_stream_count": 1,
          "recording_in_timed_region": false,
          "strategy": "vulkan_command_buffer",
          "submit_in_host_wall": true
        },
        "timing": {
          "burst": {
            "dispatches_per_iteration": 1,
            "gpu_elapsed": {
              "clock": "vulkan_timestamp",
              "per_iteration_us": {
                "max": 15.308000000000002,
                "median": 15.219999999999999,
                "min": 15.148,
                "n": 5,
                "p05": 15.157600000000002,
                "p95": 15.2912,
                "samples": 5,
                "stdev": 0.051993845789670645
              },
              "sequence_us": {
                "max": 153.08,
                "median": 152.2,
                "min": 151.48,
                "n": 5,
                "p05": 151.576,
                "p95": 152.912,
                "samples": 5,
                "stdev": 0.519938457896708
              },
              "status": "ok"
            },
            "host_wall": {
              "clock": "steady_clock",
              "per_iteration_us": {
                "max": 21.8863,
                "median": 21.4534,
                "min": 21.2913,
                "n": 5,
                "p05": 21.3121,
                "p95": 21.8601,
                "samples": 5,
                "stdev": 0.2259360121804398
              },
              "sequence_us": {
                "max": 218.863,
                "median": 214.534,
                "min": 212.913,
                "n": 5,
                "p05": 213.12100000000004,
                "p95": 218.601,
                "samples": 5,
                "stdev": 2.2593601218043986
              },
              "status": "ok"
            },
            "logical_iterations": 10
          },
          "single": {
            "dispatches_per_iteration": 1,
            "gpu_elapsed": {
              "clock": "vulkan_timestamp",
              "per_iteration_us": {
                "max": 27.96,
                "median": 27.48,
                "min": 26.92,
                "n": 5,
                "p05": 26.992,
                "p95": 27.896,
                "samples": 5,
                "stdev": 0.3483446569132355
              },
              "sequence_us": {
                "max": 27.96,
                "median": 27.48,
                "min": 26.92,
                "n": 5,
                "p05": 26.992,
                "p95": 27.896,
                "samples": 5,
                "stdev": 0.3483446569132355
              },
              "status": "ok"
            },
            "host_wall": {
              "clock": "steady_clock",
              "per_iteration_us": {
                "max": 91.782,
                "median": 90.641,
                "min": 80.631,
                "n": 5,
                "p05": 82.57900000000001,
                "p95": 91.71,
                "samples": 5,
                "stdev": 4.200324016073045
              },
              "sequence_us": {
                "max": 91.782,
                "median": 90.641,
                "min": 80.631,
                "n": 5,
                "p05": 82.57900000000001,
                "p95": 91.71,
                "samples": 5,
                "stdev": 4.200324016073045
              },
              "status": "ok"
            },
            "logical_iterations": 1
          }
        },
        "timing_mode": "independent_throughput",
        "variant": "rowtile4",
        "workgroup_match": "exact_hip_wave32"
      },
      {
        "backend": "vulkan",
        "correctness": {
          "single_dispatch": {
            "oracle": "CPU Q8_0 dense q8_1+dp4a BF16 logits with KL <= 0.05 and top-1 >= 90%",
            "status": "pass"
          },
          "synchronization": {
            "barrier_count": 10,
            "method": "timeline_coordinated_multi_queue_disjoint_slices",
            "status": "pass"
          },
          "timed_sequence": {
            "coverage": "all_dispatches",
            "logical_iterations": 10,
            "oracle": "CPU Q8_0 dense q8_1+dp4a BF16 logits with KL <= 0.05 and top-1 >= 90%",
            "status": "pass"
          }
        },
        "correctness_pass": true,
        "dependency_contract": {
          "inter_dispatch_ordering": "none",
          "output_partitioning": "disjoint",
          "validation_status": "pass",
          "work_dependency": "independent"
        },
        "execution": {
          "actual_parallel_lanes": 4,
          "burst_lane_gpu_samples_us": [
            [
              85.52,
              110.52,
              79.4,
              118.88
            ],
            [
              151.28,
              96.88,
              103.6,
              84.16
            ],
            [
              104.72,
              159.84,
              104.56,
              63.76
            ],
            [
              123.52,
              106.6,
              130.32,
              65.44
            ],
            [
              97.28,
              164.48,
              120.92,
              65.84
            ]
          ],
          "calibrated_timestamp_domain": true,
          "calibrated_timestamp_extension": "VK_KHR_calibrated_timestamps",
          "lane_assignment": "round_robin_multi_queue",
          "requested_parallel_lanes": 4,
          "single_lane_gpu_samples_us": [
            [
              30.36,
              2.6,
              3,
              3.08
            ],
            [
              43.28,
              3.52,
              2.76,
              3.32
            ],
            [
              45.64,
              2.8,
              2.92,
              2.92
            ],
            [
              44.6,
              2.68,
              3.16,
              3.2
            ],
            [
              45.28,
              2.88,
              2.68,
              2.48
            ]
          ],
          "submission_strategy": "vulkan_multi_queue"
        },
        "hardware": {
          "actual_independent_lanes": 4,
          "api_version": "1.4.318",
          "calibrated_timestamp_extension": "VK_KHR_calibrated_timestamps",
          "device_id": 30032,
          "device_name": "AMD Radeon Graphics (RADV GFX1201)",
          "device_type": 2,
          "driver_version_raw": 104865800,
          "queue_family": 1,
          "queue_flags": 14,
          "queue_timestamp_valid_bits": 64,
          "requested_api_version": "1.2",
          "requested_independent_lanes": 4,
          "shader_integer_dot_product": true,
          "storage_buffer_16bit": true,
          "timeline_semaphore": true,
          "vendor_id": 4098
        },
        "in_features": 2048,
        "local_size": 32,
        "median_us": 21.828,
        "numeric_correctness": {
          "burst": {
            "exact_bf16_mismatches": 2500,
            "expected_repetitions": [
              0,
              1,
              2,
              3,
              4,
              5,
              6,
              7,
              8,
              9
            ],
            "kl_divergence": 7.475795864e-05,
            "max_abs": 0.0625,
            "mean_abs": 0.001559987664,
            "outputs_checked": 10,
            "pass": true,
            "top1": 1
          },
          "single": {
            "exact_bf16_mismatches": 41,
            "expected_repetitions": [
              0
            ],
            "kl_divergence": 2.576833846e-09,
            "max_abs": 0.03125,
            "mean_abs": 0.0005187988281,
            "outputs_checked": 1,
            "pass": true,
            "top1": 1
          }
        },
        "operation": "q8_0_dense_dp4a_quantize_plus_dot",
        "out_features": 2048,
        "q8_0_weight_bytes": 4456448,
        "q8_blocks_per_row": 64,
        "row_tile": 4,
        "rows": 1,
        "sequence_validation": {
          "burst_expected_repetitions": [
            0,
            1,
            2,
            3,
            4,
            5,
            6,
            7,
            8,
            9
          ],
          "input_repetition_pattern": "distinct_deterministic_salt",
          "output_partitioning": "disjoint",
          "single_expected_repetitions": [
            0
          ],
          "xq_partitioning": "disjoint"
        },
        "submission": {
          "completion_in_host_wall": true,
          "queue_or_stream_count": 4,
          "recording_in_timed_region": false,
          "strategy": "vulkan_multi_queue",
          "submit_in_host_wall": true
        },
        "timing": {
          "burst": {
            "dispatches_per_iteration": 2,
            "gpu_elapsed": {
              "clock": "vulkan_calibrated_multi_queue_timestamp_span",
              "per_iteration_us": {
                "max": 22.532,
                "median": 21.828,
                "min": 18.476,
                "n": 5,
                "p05": 18.5408,
                "p95": 22.4496,
                "samples": 5,
                "stdev": 1.7428756008390267
              },
              "sequence_us": {
                "max": 225.32,
                "median": 218.28,
                "min": 184.76,
                "n": 5,
                "p05": 185.408,
                "p95": 224.49599999999998,
                "samples": 5,
                "stdev": 17.42875600839027
              },
              "status": "ok"
            },
            "host_wall": {
              "clock": "steady_clock",
              "per_iteration_us": {
                "max": 31.4685,
                "median": 30.173399999999997,
                "min": 26.2574,
                "n": 5,
                "p05": 26.267400000000002,
                "p95": 31.3599,
                "samples": 5,
                "stdev": 2.2779975510083403
              },
              "sequence_us": {
                "max": 314.685,
                "median": 301.734,
                "min": 262.574,
                "n": 5,
                "p05": 262.67400000000004,
                "p95": 313.599,
                "samples": 5,
                "stdev": 22.779975510083403
              },
              "status": "ok"
            },
            "logical_iterations": 10
          },
          "single": {
            "dispatches_per_iteration": 2,
            "gpu_elapsed": {
              "clock": "vulkan_calibrated_multi_queue_timestamp_span",
              "per_iteration_us": {
                "max": 81.88,
                "median": 67.04,
                "min": 53.28,
                "n": 5,
                "p05": 55.688,
                "p95": 79.6,
                "samples": 5,
                "stdev": 9.19551194877153
              },
              "sequence_us": {
                "max": 81.88,
                "median": 67.04,
                "min": 53.28,
                "n": 5,
                "p05": 55.688,
                "p95": 79.6,
                "samples": 5,
                "stdev": 9.19551194877153
              },
              "status": "ok"
            },
            "host_wall": {
              "clock": "steady_clock",
              "per_iteration_us": {
                "max": 160.703,
                "median": 151.572,
                "min": 144.422,
                "n": 5,
                "p05": 144.624,
                "p95": 160.225,
                "samples": 5,
                "stdev": 6.577309437756447
              },
              "sequence_us": {
                "max": 160.703,
                "median": 151.572,
                "min": 144.422,
                "n": 5,
                "p05": 144.624,
                "p95": 160.225,
                "samples": 5,
                "stdev": 6.577309437756447
              },
              "status": "ok"
            },
            "logical_iterations": 1
          }
        },
        "timing_mode": "independent_throughput",
        "variant": "rowtile4",
        "workgroup_match": "exact_hip_wave32"
      },
      {
        "backend": "vulkan",
        "correctness": {
          "single_dispatch": {
            "oracle": "CPU Q8_0 dense q8_1+dp4a BF16 logits with KL <= 0.05 and top-1 >= 90%",
            "status": "pass"
          },
          "synchronization": {
            "barrier_count": 0,
            "method": "disjoint_xq_and_output_slices",
            "status": "pass"
          },
          "timed_sequence": {
            "coverage": "all_dispatches",
            "logical_iterations": 10,
            "oracle": "CPU Q8_0 dense q8_1+dp4a BF16 logits with KL <= 0.05 and top-1 >= 90%",
            "status": "pass"
          }
        },
        "correctness_pass": true,
        "dependency_contract": {
          "inter_dispatch_ordering": "none",
          "output_partitioning": "disjoint",
          "validation_status": "pass",
          "work_dependency": "independent"
        },
        "execution": {
          "actual_parallel_lanes": 1,
          "burst_lane_gpu_samples_us": [],
          "calibrated_timestamp_domain": false,
          "calibrated_timestamp_extension": "",
          "lane_assignment": "single_command_buffer",
          "requested_parallel_lanes": 4,
          "single_lane_gpu_samples_us": [],
          "submission_strategy": "vulkan_command_buffer"
        },
        "hardware": {
          "actual_independent_lanes": 4,
          "api_version": "1.4.318",
          "calibrated_timestamp_extension": "VK_KHR_calibrated_timestamps",
          "device_id": 30032,
          "device_name": "AMD Radeon Graphics (RADV GFX1201)",
          "device_type": 2,
          "driver_version_raw": 104865800,
          "queue_family": 1,
          "queue_flags": 14,
          "queue_timestamp_valid_bits": 64,
          "requested_api_version": "1.2",
          "requested_independent_lanes": 4,
          "shader_integer_dot_product": true,
          "storage_buffer_16bit": true,
          "timeline_semaphore": true,
          "vendor_id": 4098
        },
        "in_features": 2048,
        "local_size": 32,
        "median_us": 30.76,
        "numeric_correctness": {
          "burst": {
            "exact_bf16_mismatches": 12989,
            "expected_repetitions": [
              0,
              1,
              2,
              3,
              4,
              5,
              6,
              7,
              8,
              9
            ],
            "kl_divergence": 0.0001183141109,
            "max_abs": 0.0625,
            "mean_abs": 0.001415863866,
            "outputs_checked": 10,
            "pass": true,
            "top1": 1
          },
          "single": {
            "exact_bf16_mismatches": 1017,
            "expected_repetitions": [
              0
            ],
            "kl_divergence": 4.436209871e-06,
            "max_abs": 0.03125,
            "mean_abs": 0.000759601593,
            "outputs_checked": 1,
            "pass": true,
            "top1": 1
          }
        },
        "operation": "q8_0_dense_dp4a_dot_prequantized",
        "out_features": 2048,
        "q8_0_weight_bytes": 4456448,
        "q8_blocks_per_row": 64,
        "row_tile": 4,
        "rows": 4,
        "sequence_validation": {
          "burst_expected_repetitions": [
            0,
            1,
            2,
            3,
            4,
            5,
            6,
            7,
            8,
            9
          ],
          "input_repetition_pattern": "distinct_deterministic_salt",
          "output_partitioning": "disjoint",
          "single_expected_repetitions": [
            0
          ],
          "xq_partitioning": "disjoint"
        },
        "submission": {
          "completion_in_host_wall": true,
          "queue_or_stream_count": 1,
          "recording_in_timed_region": false,
          "strategy": "vulkan_command_buffer",
          "submit_in_host_wall": true
        },
        "timing": {
          "burst": {
            "dispatches_per_iteration": 1,
            "gpu_elapsed": {
              "clock": "vulkan_timestamp",
              "per_iteration_us": {
                "max": 31.048000000000002,
                "median": 30.76,
                "min": 30.5,
                "n": 5,
                "p05": 30.511200000000002,
                "p95": 31.0224,
                "samples": 5,
                "stdev": 0.2086666240681533
              },
              "sequence_us": {
                "max": 310.48,
                "median": 307.6,
                "min": 305.0,
                "n": 5,
                "p05": 305.112,
                "p95": 310.224,
                "samples": 5,
                "stdev": 2.0866662406815357
              },
              "status": "ok"
            },
            "host_wall": {
              "clock": "steady_clock",
              "per_iteration_us": {
                "max": 37.472500000000004,
                "median": 37.138600000000004,
                "min": 36.8996,
                "n": 5,
                "p05": 36.90378,
                "p95": 37.46972,
                "samples": 5,
                "stdev": 0.24933181585991226
              },
              "sequence_us": {
                "max": 374.725,
                "median": 371.386,
                "min": 368.996,
                "n": 5,
                "p05": 369.0378,
                "p95": 374.69720000000007,
                "samples": 5,
                "stdev": 2.4933181585991138
              },
              "status": "ok"
            },
            "logical_iterations": 10
          },
          "single": {
            "dispatches_per_iteration": 1,
            "gpu_elapsed": {
              "clock": "vulkan_timestamp",
              "per_iteration_us": {
                "max": 41.56,
                "median": 40.88,
                "min": 40.16,
                "n": 5,
                "p05": 40.248000000000005,
                "p95": 41.44800000000001,
                "samples": 5,
                "stdev": 0.4616492174801139
              },
              "sequence_us": {
                "max": 41.56,
                "median": 40.88,
                "min": 40.16,
                "n": 5,
                "p05": 40.248000000000005,
                "p95": 41.44800000000001,
                "samples": 5,
                "stdev": 0.4616492174801139
              },
              "status": "ok"
            },
            "host_wall": {
              "clock": "steady_clock",
              "per_iteration_us": {
                "max": 105.812,
                "median": 103.261,
                "min": 102.892,
                "n": 5,
                "p05": 102.90180000000001,
                "p95": 105.622,
                "samples": 5,
                "stdev": 1.1756605972813745
              },
              "sequence_us": {
                "max": 105.812,
                "median": 103.261,
                "min": 102.892,
                "n": 5,
                "p05": 102.90180000000001,
                "p95": 105.622,
                "samples": 5,
                "stdev": 1.1756605972813745
              },
              "status": "ok"
            },
            "logical_iterations": 1
          }
        },
        "timing_mode": "independent_throughput",
        "variant": "rowtile4",
        "workgroup_match": "exact_hip_wave32"
      },
      {
        "backend": "vulkan",
        "correctness": {
          "single_dispatch": {
            "oracle": "CPU Q8_0 dense q8_1+dp4a BF16 logits with KL <= 0.05 and top-1 >= 90%",
            "status": "pass"
          },
          "synchronization": {
            "barrier_count": 10,
            "method": "timeline_coordinated_multi_queue_disjoint_slices",
            "status": "pass"
          },
          "timed_sequence": {
            "coverage": "all_dispatches",
            "logical_iterations": 10,
            "oracle": "CPU Q8_0 dense q8_1+dp4a BF16 logits with KL <= 0.05 and top-1 >= 90%",
            "status": "pass"
          }
        },
        "correctness_pass": true,
        "dependency_contract": {
          "inter_dispatch_ordering": "none",
          "output_partitioning": "disjoint",
          "validation_status": "pass",
          "work_dependency": "independent"
        },
        "execution": {
          "actual_parallel_lanes": 4,
          "burst_lane_gpu_samples_us": [
            [
              187.72,
              274.92,
              181.92,
              105.8
            ],
            [
              226.48,
              249.96,
              194.36,
              76.4
            ],
            [
              171.08,
              246.88,
              76.6,
              186.12
            ],
            [
              143.92,
              288.64,
              162.2,
              217.32
            ],
            [
              199.28,
              217.72,
              160.76,
              75.56
            ]
          ],
          "calibrated_timestamp_domain": true,
          "calibrated_timestamp_extension": "VK_KHR_calibrated_timestamps",
          "lane_assignment": "round_robin_multi_queue",
          "requested_parallel_lanes": 4,
          "single_lane_gpu_samples_us": [
            [
              83.64,
              3.48,
              2.8,
              29.44
            ],
            [
              44.32,
              2.84,
              2.96,
              3.08
            ],
            [
              43,
              2.44,
              2.72,
              2.72
            ],
            [
              42.36,
              3.12,
              2.56,
              2.88
            ],
            [
              56.44,
              2.96,
              2.4,
              2.84
            ]
          ],
          "submission_strategy": "vulkan_multi_queue"
        },
        "hardware": {
          "actual_independent_lanes": 4,
          "api_version": "1.4.318",
          "calibrated_timestamp_extension": "VK_KHR_calibrated_timestamps",
          "device_id": 30032,
          "device_name": "AMD Radeon Graphics (RADV GFX1201)",
          "device_type": 2,
          "driver_version_raw": 104865800,
          "queue_family": 1,
          "queue_flags": 14,
          "queue_timestamp_valid_bits": 64,
          "requested_api_version": "1.2",
          "requested_independent_lanes": 4,
          "shader_integer_dot_product": true,
          "storage_buffer_16bit": true,
          "timeline_semaphore": true,
          "vendor_id": 4098
        },
        "in_features": 2048,
        "local_size": 32,
        "median_us": 32.772000000000006,
        "numeric_correctness": {
          "burst": {
            "exact_bf16_mismatches": 12989,
            "expected_repetitions": [
              0,
              1,
              2,
              3,
              4,
              5,
              6,
              7,
              8,
              9
            ],
            "kl_divergence": 0.0001183141109,
            "max_abs": 0.0625,
            "mean_abs": 0.001415863866,
            "outputs_checked": 10,
            "pass": true,
            "top1": 1
          },
          "single": {
            "exact_bf16_mismatches": 1017,
            "expected_repetitions": [
              0
            ],
            "kl_divergence": 4.436209871e-06,
            "max_abs": 0.03125,
            "mean_abs": 0.000759601593,
            "outputs_checked": 1,
            "pass": true,
            "top1": 1
          }
        },
        "operation": "q8_0_dense_dp4a_quantize_plus_dot",
        "out_features": 2048,
        "q8_0_weight_bytes": 4456448,
        "q8_blocks_per_row": 64,
        "row_tile": 4,
        "rows": 4,
        "sequence_validation": {
          "burst_expected_repetitions": [
            0,
            1,
            2,
            3,
            4,
            5,
            6,
            7,
            8,
            9
          ],
          "input_repetition_pattern": "distinct_deterministic_salt",
          "output_partitioning": "disjoint",
          "single_expected_repetitions": [
            0
          ],
          "xq_partitioning": "disjoint"
        },
        "submission": {
          "completion_in_host_wall": true,
          "queue_or_stream_count": 4,
          "recording_in_timed_region": false,
          "strategy": "vulkan_multi_queue",
          "submit_in_host_wall": true
        },
        "timing": {
          "burst": {
            "dispatches_per_iteration": 2,
            "gpu_elapsed": {
              "clock": "vulkan_calibrated_multi_queue_timestamp_span",
              "per_iteration_us": {
                "max": 36.492000000000004,
                "median": 32.772000000000006,
                "min": 31.419999999999998,
                "n": 5,
                "p05": 31.5352,
                "p95": 36.128,
                "samples": 5,
                "stdev": 1.8676009852214173
              },
              "sequence_us": {
                "max": 364.92,
                "median": 327.72,
                "min": 314.2,
                "n": 5,
                "p05": 315.35200000000003,
                "p95": 361.28,
                "samples": 5,
                "stdev": 18.67600985221416
              },
              "status": "ok"
            },
            "host_wall": {
              "clock": "steady_clock",
              "per_iteration_us": {
                "max": 44.9226,
                "median": 40.736599999999996,
                "min": 39.5036,
                "n": 5,
                "p05": 39.7262,
                "p95": 44.79022,
                "samples": 5,
                "stdev": 2.163054401904864
              },
              "sequence_us": {
                "max": 449.226,
                "median": 407.366,
                "min": 395.036,
                "n": 5,
                "p05": 397.26200000000006,
                "p95": 447.9022,
                "samples": 5,
                "stdev": 21.630544019048628
              },
              "status": "ok"
            },
            "logical_iterations": 10
          },
          "single": {
            "dispatches_per_iteration": 2,
            "gpu_elapsed": {
              "clock": "vulkan_calibrated_multi_queue_timestamp_span",
              "per_iteration_us": {
                "max": 105.68,
                "median": 83.24,
                "min": 64.8,
                "n": 5,
                "p05": 65.49600000000001,
                "p95": 103.08,
                "samples": 5,
                "stdev": 15.205527416041843
              },
              "sequence_us": {
                "max": 105.68,
                "median": 83.24,
                "min": 64.8,
                "n": 5,
                "p05": 65.49600000000001,
                "p95": 103.08,
                "samples": 5,
                "stdev": 15.205527416041843
              },
              "status": "ok"
            },
            "host_wall": {
              "clock": "steady_clock",
              "per_iteration_us": {
                "max": 185.393,
                "median": 168.753,
                "min": 144.482,
                "n": 5,
                "p05": 145.984,
                "p95": 182.167,
                "samples": 5,
                "stdev": 14.374228864186072
              },
              "sequence_us": {
                "max": 185.393,
                "median": 168.753,
                "min": 144.482,
                "n": 5,
                "p05": 145.984,
                "p95": 182.167,
                "samples": 5,
                "stdev": 14.374228864186072
              },
              "status": "ok"
            },
            "logical_iterations": 1
          }
        },
        "timing_mode": "independent_throughput",
        "variant": "rowtile4",
        "workgroup_match": "exact_hip_wave32"
      },
      {
        "backend": "vulkan",
        "correctness": {
          "single_dispatch": {
            "oracle": "CPU Q8_0 dense q8_1+dp4a BF16 logits with KL <= 0.05 and top-1 >= 90%",
            "status": "pass"
          },
          "synchronization": {
            "barrier_count": 0,
            "method": "disjoint_xq_and_output_slices",
            "status": "pass"
          },
          "timed_sequence": {
            "coverage": "all_dispatches",
            "logical_iterations": 10,
            "oracle": "CPU Q8_0 dense q8_1+dp4a BF16 logits with KL <= 0.05 and top-1 >= 90%",
            "status": "pass"
          }
        },
        "correctness_pass": true,
        "dependency_contract": {
          "inter_dispatch_ordering": "none",
          "output_partitioning": "disjoint",
          "validation_status": "pass",
          "work_dependency": "independent"
        },
        "execution": {
          "actual_parallel_lanes": 1,
          "burst_lane_gpu_samples_us": [],
          "calibrated_timestamp_domain": false,
          "calibrated_timestamp_extension": "",
          "lane_assignment": "single_command_buffer",
          "requested_parallel_lanes": 4,
          "single_lane_gpu_samples_us": [],
          "submission_strategy": "vulkan_command_buffer"
        },
        "hardware": {
          "actual_independent_lanes": 4,
          "api_version": "1.4.318",
          "calibrated_timestamp_extension": "VK_KHR_calibrated_timestamps",
          "device_id": 30032,
          "device_name": "AMD Radeon Graphics (RADV GFX1201)",
          "device_type": 2,
          "driver_version_raw": 104865800,
          "queue_family": 1,
          "queue_flags": 14,
          "queue_timestamp_valid_bits": 64,
          "requested_api_version": "1.2",
          "requested_independent_lanes": 4,
          "shader_integer_dot_product": true,
          "storage_buffer_16bit": true,
          "timeline_semaphore": true,
          "vendor_id": 4098
        },
        "in_features": 768,
        "local_size": 64,
        "median_us": 5.9399999999999995,
        "numeric_correctness": {
          "burst": {
            "exact_bf16_mismatches": 2785,
            "expected_repetitions": [
              0,
              1,
              2,
              3,
              4,
              5,
              6,
              7,
              8,
              9
            ],
            "kl_divergence": 7.509737071e-05,
            "max_abs": 0.03125,
            "mean_abs": 0.001078635454,
            "outputs_checked": 10,
            "pass": true,
            "top1": 1
          },
          "single": {
            "exact_bf16_mismatches": 251,
            "expected_repetitions": [
              0
            ],
            "kl_divergence": 3.301283582e-07,
            "max_abs": 0.015625,
            "mean_abs": 0.0002901772968,
            "outputs_checked": 1,
            "pass": true,
            "top1": 1
          }
        },
        "operation": "q8_0_dense_dp4a_dot_prequantized",
        "out_features": 2048,
        "q8_0_weight_bytes": 1671168,
        "q8_blocks_per_row": 24,
        "row_tile": 1,
        "rows": 1,
        "sequence_validation": {
          "burst_expected_repetitions": [
            0,
            1,
            2,
            3,
            4,
            5,
            6,
            7,
            8,
            9
          ],
          "input_repetition_pattern": "distinct_deterministic_salt",
          "output_partitioning": "disjoint",
          "single_expected_repetitions": [
            0
          ],
          "xq_partitioning": "disjoint"
        },
        "submission": {
          "completion_in_host_wall": true,
          "queue_or_stream_count": 1,
          "recording_in_timed_region": false,
          "strategy": "vulkan_command_buffer",
          "submit_in_host_wall": true
        },
        "timing": {
          "burst": {
            "dispatches_per_iteration": 1,
            "gpu_elapsed": {
              "clock": "vulkan_timestamp",
              "per_iteration_us": {
                "max": 5.9719999999999995,
                "median": 5.9399999999999995,
                "min": 5.924,
                "n": 5,
                "p05": 5.9248,
                "p95": 5.9664,
                "samples": 5,
                "stdev": 0.016894969665554073
              },
              "sequence_us": {
                "max": 59.72,
                "median": 59.4,
                "min": 59.24,
                "n": 5,
                "p05": 59.248000000000005,
                "p95": 59.664,
                "samples": 5,
                "stdev": 0.16894969665554196
              },
              "status": "ok"
            },
            "host_wall": {
              "clock": "steady_clock",
              "per_iteration_us": {
                "max": 12.0272,
                "median": 12.0042,
                "min": 11.8752,
                "n": 5,
                "p05": 11.88678,
                "p95": 12.0264,
                "samples": 5,
                "stdev": 0.0593078207321769
              },
              "sequence_us": {
                "max": 120.272,
                "median": 120.042,
                "min": 118.752,
                "n": 5,
                "p05": 118.8678,
                "p95": 120.264,
                "samples": 5,
                "stdev": 0.5930782073217685
              },
              "status": "ok"
            },
            "logical_iterations": 10
          },
          "single": {
            "dispatches_per_iteration": 1,
            "gpu_elapsed": {
              "clock": "vulkan_timestamp",
              "per_iteration_us": {
                "max": 15.08,
                "median": 14.44,
                "min": 14.08,
                "n": 5,
                "p05": 14.144000000000002,
                "p95": 15.064,
                "samples": 5,
                "stdev": 0.38115613598629106
              },
              "sequence_us": {
                "max": 15.08,
                "median": 14.44,
                "min": 14.08,
                "n": 5,
                "p05": 14.144000000000002,
                "p95": 15.064,
                "samples": 5,
                "stdev": 0.38115613598629106
              },
              "status": "ok"
            },
            "host_wall": {
              "clock": "steady_clock",
              "per_iteration_us": {
                "max": 96.411,
                "median": 75.342,
                "min": 74.161,
                "n": 5,
                "p05": 74.277,
                "p95": 92.611,
                "samples": 5,
                "stdev": 8.470227113838211
              },
              "sequence_us": {
                "max": 96.411,
                "median": 75.342,
                "min": 74.161,
                "n": 5,
                "p05": 74.277,
                "p95": 92.611,
                "samples": 5,
                "stdev": 8.470227113838211
              },
              "status": "ok"
            },
            "logical_iterations": 1
          }
        },
        "timing_mode": "independent_throughput",
        "variant": "single",
        "workgroup_match": "vulkan_diagnostic_unmatched"
      },
      {
        "backend": "vulkan",
        "correctness": {
          "single_dispatch": {
            "oracle": "CPU Q8_0 dense q8_1+dp4a BF16 logits with KL <= 0.05 and top-1 >= 90%",
            "status": "pass"
          },
          "synchronization": {
            "barrier_count": 10,
            "method": "timeline_coordinated_multi_queue_disjoint_slices",
            "status": "pass"
          },
          "timed_sequence": {
            "coverage": "all_dispatches",
            "logical_iterations": 10,
            "oracle": "CPU Q8_0 dense q8_1+dp4a BF16 logits with KL <= 0.05 and top-1 >= 90%",
            "status": "pass"
          }
        },
        "correctness_pass": true,
        "dependency_contract": {
          "inter_dispatch_ordering": "none",
          "output_partitioning": "disjoint",
          "validation_status": "pass",
          "work_dependency": "independent"
        },
        "execution": {
          "actual_parallel_lanes": 4,
          "burst_lane_gpu_samples_us": [
            [
              92.28,
              109.72,
              39.92,
              32.32
            ],
            [
              111.76,
              51.16,
              32.08,
              59.44
            ],
            [
              51.72,
              112.28,
              68.12,
              37.2
            ],
            [
              92.88,
              49.8,
              79.36,
              32.08
            ],
            [
              46.6,
              100.04,
              31.16,
              56.44
            ]
          ],
          "calibrated_timestamp_domain": true,
          "calibrated_timestamp_extension": "VK_KHR_calibrated_timestamps",
          "lane_assignment": "round_robin_multi_queue",
          "requested_parallel_lanes": 4,
          "single_lane_gpu_samples_us": [
            [
              17.2,
              2.48,
              2.4,
              2.68
            ],
            [
              17.24,
              2.44,
              2.76,
              2.76
            ],
            [
              17.4,
              2.48,
              3.2,
              2.76
            ],
            [
              30.32,
              2.8,
              2.68,
              2.44
            ],
            [
              32,
              3.36,
              3.24,
              2.48
            ]
          ],
          "submission_strategy": "vulkan_multi_queue"
        },
        "hardware": {
          "actual_independent_lanes": 4,
          "api_version": "1.4.318",
          "calibrated_timestamp_extension": "VK_KHR_calibrated_timestamps",
          "device_id": 30032,
          "device_name": "AMD Radeon Graphics (RADV GFX1201)",
          "device_type": 2,
          "driver_version_raw": 104865800,
          "queue_family": 1,
          "queue_flags": 14,
          "queue_timestamp_valid_bits": 64,
          "requested_api_version": "1.2",
          "requested_independent_lanes": 4,
          "shader_integer_dot_product": true,
          "storage_buffer_16bit": true,
          "timeline_semaphore": true,
          "vendor_id": 4098
        },
        "in_features": 768,
        "local_size": 64,
        "median_us": 15.836000000000002,
        "numeric_correctness": {
          "burst": {
            "exact_bf16_mismatches": 2785,
            "expected_repetitions": [
              0,
              1,
              2,
              3,
              4,
              5,
              6,
              7,
              8,
              9
            ],
            "kl_divergence": 7.509737071e-05,
            "max_abs": 0.03125,
            "mean_abs": 0.001078635454,
            "outputs_checked": 10,
            "pass": true,
            "top1": 1
          },
          "single": {
            "exact_bf16_mismatches": 251,
            "expected_repetitions": [
              0
            ],
            "kl_divergence": 3.301283582e-07,
            "max_abs": 0.015625,
            "mean_abs": 0.0002901772968,
            "outputs_checked": 1,
            "pass": true,
            "top1": 1
          }
        },
        "operation": "q8_0_dense_dp4a_quantize_plus_dot",
        "out_features": 2048,
        "q8_0_weight_bytes": 1671168,
        "q8_blocks_per_row": 24,
        "row_tile": 1,
        "rows": 1,
        "sequence_validation": {
          "burst_expected_repetitions": [
            0,
            1,
            2,
            3,
            4,
            5,
            6,
            7,
            8,
            9
          ],
          "input_repetition_pattern": "distinct_deterministic_salt",
          "output_partitioning": "disjoint",
          "single_expected_repetitions": [
            0
          ],
          "xq_partitioning": "disjoint"
        },
        "submission": {
          "completion_in_host_wall": true,
          "queue_or_stream_count": 4,
          "recording_in_timed_region": false,
          "strategy": "vulkan_multi_queue",
          "submit_in_host_wall": true
        },
        "timing": {
          "burst": {
            "dispatches_per_iteration": 2,
            "gpu_elapsed": {
              "clock": "vulkan_calibrated_multi_queue_timestamp_span",
              "per_iteration_us": {
                "max": 16.148,
                "median": 15.836000000000002,
                "min": 11.872,
                "n": 5,
                "p05": 12.6384,
                "p95": 16.0872,
                "samples": 5,
                "stdev": 1.610993035366696
              },
              "sequence_us": {
                "max": 161.48,
                "median": 158.36,
                "min": 118.72,
                "n": 5,
                "p05": 126.384,
                "p95": 160.87199999999999,
                "samples": 5,
                "stdev": 16.109930353666957
              },
              "status": "ok"
            },
            "host_wall": {
              "clock": "steady_clock",
              "per_iteration_us": {
                "max": 26.0394,
                "median": 24.1864,
                "min": 19.3383,
                "n": 5,
                "p05": 20.2679,
                "p95": 25.836,
                "samples": 5,
                "stdev": 2.3049274909202673
              },
              "sequence_us": {
                "max": 260.394,
                "median": 241.864,
                "min": 193.383,
                "n": 5,
                "p05": 202.67900000000003,
                "p95": 258.36,
                "samples": 5,
                "stdev": 23.049274909202673
              },
              "status": "ok"
            },
            "logical_iterations": 10
          },
          "single": {
            "dispatches_per_iteration": 2,
            "gpu_elapsed": {
              "clock": "vulkan_calibrated_multi_queue_timestamp_span",
              "per_iteration_us": {
                "max": 53.88,
                "median": 52.88,
                "min": 40.56,
                "n": 5,
                "p05": 42.424,
                "p95": 53.696,
                "samples": 5,
                "stdev": 4.9240893574345295
              },
              "sequence_us": {
                "max": 53.88,
                "median": 52.88,
                "min": 40.56,
                "n": 5,
                "p05": 42.424,
                "p95": 53.696,
                "samples": 5,
                "stdev": 4.9240893574345295
              },
              "status": "ok"
            },
            "host_wall": {
              "clock": "steady_clock",
              "per_iteration_us": {
                "max": 136.352,
                "median": 129.172,
                "min": 113.002,
                "n": 5,
                "p05": 114.318,
                "p95": 135.026,
                "samples": 5,
                "stdev": 8.249554169771846
              },
              "sequence_us": {
                "max": 136.352,
                "median": 129.172,
                "min": 113.002,
                "n": 5,
                "p05": 114.318,
                "p95": 135.026,
                "samples": 5,
                "stdev": 8.249554169771846
              },
              "status": "ok"
            },
            "logical_iterations": 1
          }
        },
        "timing_mode": "independent_throughput",
        "variant": "single",
        "workgroup_match": "vulkan_diagnostic_unmatched"
      },
      {
        "backend": "vulkan",
        "correctness": {
          "single_dispatch": {
            "oracle": "CPU Q8_0 dense q8_1+dp4a BF16 logits with KL <= 0.05 and top-1 >= 90%",
            "status": "pass"
          },
          "synchronization": {
            "barrier_count": 0,
            "method": "disjoint_xq_and_output_slices",
            "status": "pass"
          },
          "timed_sequence": {
            "coverage": "all_dispatches",
            "logical_iterations": 10,
            "oracle": "CPU Q8_0 dense q8_1+dp4a BF16 logits with KL <= 0.05 and top-1 >= 90%",
            "status": "pass"
          }
        },
        "correctness_pass": true,
        "dependency_contract": {
          "inter_dispatch_ordering": "none",
          "output_partitioning": "disjoint",
          "validation_status": "pass",
          "work_dependency": "independent"
        },
        "execution": {
          "actual_parallel_lanes": 1,
          "burst_lane_gpu_samples_us": [],
          "calibrated_timestamp_domain": false,
          "calibrated_timestamp_extension": "",
          "lane_assignment": "single_command_buffer",
          "requested_parallel_lanes": 4,
          "single_lane_gpu_samples_us": [],
          "submission_strategy": "vulkan_command_buffer"
        },
        "hardware": {
          "actual_independent_lanes": 4,
          "api_version": "1.4.318",
          "calibrated_timestamp_extension": "VK_KHR_calibrated_timestamps",
          "device_id": 30032,
          "device_name": "AMD Radeon Graphics (RADV GFX1201)",
          "device_type": 2,
          "driver_version_raw": 104865800,
          "queue_family": 1,
          "queue_flags": 14,
          "queue_timestamp_valid_bits": 64,
          "requested_api_version": "1.2",
          "requested_independent_lanes": 4,
          "shader_integer_dot_product": true,
          "storage_buffer_16bit": true,
          "timeline_semaphore": true,
          "vendor_id": 4098
        },
        "in_features": 768,
        "local_size": 64,
        "median_us": 20.844,
        "numeric_correctness": {
          "burst": {
            "exact_bf16_mismatches": 13155,
            "expected_repetitions": [
              0,
              1,
              2,
              3,
              4,
              5,
              6,
              7,
              8,
              9
            ],
            "kl_divergence": 7.737942242e-05,
            "max_abs": 0.03125,
            "mean_abs": 0.0008274186403,
            "outputs_checked": 10,
            "pass": true,
            "top1": 1
          },
          "single": {
            "exact_bf16_mismatches": 1232,
            "expected_repetitions": [
              0
            ],
            "kl_divergence": 3.999396507e-05,
            "max_abs": 0.03125,
            "mean_abs": 0.0005773062585,
            "outputs_checked": 1,
            "pass": true,
            "top1": 1
          }
        },
        "operation": "q8_0_dense_dp4a_dot_prequantized",
        "out_features": 2048,
        "q8_0_weight_bytes": 1671168,
        "q8_blocks_per_row": 24,
        "row_tile": 1,
        "rows": 4,
        "sequence_validation": {
          "burst_expected_repetitions": [
            0,
            1,
            2,
            3,
            4,
            5,
            6,
            7,
            8,
            9
          ],
          "input_repetition_pattern": "distinct_deterministic_salt",
          "output_partitioning": "disjoint",
          "single_expected_repetitions": [
            0
          ],
          "xq_partitioning": "disjoint"
        },
        "submission": {
          "completion_in_host_wall": true,
          "queue_or_stream_count": 1,
          "recording_in_timed_region": false,
          "strategy": "vulkan_command_buffer",
          "submit_in_host_wall": true
        },
        "timing": {
          "burst": {
            "dispatches_per_iteration": 1,
            "gpu_elapsed": {
              "clock": "vulkan_timestamp",
              "per_iteration_us": {
                "max": 20.884,
                "median": 20.844,
                "min": 20.82,
                "n": 5,
                "p05": 20.820800000000002,
                "p95": 20.8784,
                "samples": 5,
                "stdev": 0.02326886331559826
              },
              "sequence_us": {
                "max": 208.84,
                "median": 208.44,
                "min": 208.2,
                "n": 5,
                "p05": 208.208,
                "p95": 208.78400000000002,
                "samples": 5,
                "stdev": 0.23268863315598595
              },
              "status": "ok"
            },
            "host_wall": {
              "clock": "steady_clock",
              "per_iteration_us": {
                "max": 27.3534,
                "median": 27.2574,
                "min": 27.1544,
                "n": 5,
                "p05": 27.1602,
                "p95": 27.3458,
                "samples": 5,
                "stdev": 0.07557671599110473
              },
              "sequence_us": {
                "max": 273.534,
                "median": 272.574,
                "min": 271.544,
                "n": 5,
                "p05": 271.602,
                "p95": 273.45799999999997,
                "samples": 5,
                "stdev": 0.7557671599110416
              },
              "status": "ok"
            },
            "logical_iterations": 10
          },
          "single": {
            "dispatches_per_iteration": 1,
            "gpu_elapsed": {
              "clock": "vulkan_timestamp",
              "per_iteration_us": {
                "max": 30.32,
                "median": 29.6,
                "min": 29.0,
                "n": 5,
                "p05": 29.120000000000005,
                "p95": 30.232,
                "samples": 5,
                "stdev": 0.43006976178289946
              },
              "sequence_us": {
                "max": 30.32,
                "median": 29.6,
                "min": 29.0,
                "n": 5,
                "p05": 29.120000000000005,
                "p95": 30.232,
                "samples": 5,
                "stdev": 0.43006976178289946
              },
              "status": "ok"
            },
            "host_wall": {
              "clock": "steady_clock",
              "per_iteration_us": {
                "max": 94.881,
                "median": 93.382,
                "min": 85.191,
                "n": 5,
                "p05": 86.717,
                "p95": 94.58319999999999,
                "samples": 5,
                "stdev": 3.439828286411982
              },
              "sequence_us": {
                "max": 94.881,
                "median": 93.382,
                "min": 85.191,
                "n": 5,
                "p05": 86.717,
                "p95": 94.58319999999999,
                "samples": 5,
                "stdev": 3.439828286411982
              },
              "status": "ok"
            },
            "logical_iterations": 1
          }
        },
        "timing_mode": "independent_throughput",
        "variant": "single",
        "workgroup_match": "vulkan_diagnostic_unmatched"
      },
      {
        "backend": "vulkan",
        "correctness": {
          "single_dispatch": {
            "oracle": "CPU Q8_0 dense q8_1+dp4a BF16 logits with KL <= 0.05 and top-1 >= 90%",
            "status": "pass"
          },
          "synchronization": {
            "barrier_count": 10,
            "method": "timeline_coordinated_multi_queue_disjoint_slices",
            "status": "pass"
          },
          "timed_sequence": {
            "coverage": "all_dispatches",
            "logical_iterations": 10,
            "oracle": "CPU Q8_0 dense q8_1+dp4a BF16 logits with KL <= 0.05 and top-1 >= 90%",
            "status": "pass"
          }
        },
        "correctness_pass": true,
        "dependency_contract": {
          "inter_dispatch_ordering": "none",
          "output_partitioning": "disjoint",
          "validation_status": "pass",
          "work_dependency": "independent"
        },
        "execution": {
          "actual_parallel_lanes": 4,
          "burst_lane_gpu_samples_us": [
            [
              121.28,
              233.28,
              164.44,
              95.84
            ],
            [
              204.28,
              132.08,
              168.92,
              61.92
            ],
            [
              120.12,
              232.8,
              166.28,
              96.28
            ],
            [
              201.4,
              127.84,
              163.52,
              62.2
            ],
            [
              118.96,
              232.04,
              167.16,
              96.2
            ]
          ],
          "calibrated_timestamp_domain": true,
          "calibrated_timestamp_extension": "VK_KHR_calibrated_timestamps",
          "lane_assignment": "round_robin_multi_queue",
          "requested_parallel_lanes": 4,
          "single_lane_gpu_samples_us": [
            [
              33.72,
              3.48,
              3.16,
              3.48
            ],
            [
              47.36,
              2.84,
              3.32,
              2.72
            ],
            [
              32.36,
              3.32,
              3.28,
              2.88
            ],
            [
              59.68,
              2.92,
              2.44,
              3
            ],
            [
              47.32,
              2.64,
              2.96,
              3.28
            ]
          ],
          "submission_strategy": "vulkan_multi_queue"
        },
        "hardware": {
          "actual_independent_lanes": 4,
          "api_version": "1.4.318",
          "calibrated_timestamp_extension": "VK_KHR_calibrated_timestamps",
          "device_id": 30032,
          "device_name": "AMD Radeon Graphics (RADV GFX1201)",
          "device_type": 2,
          "driver_version_raw": 104865800,
          "queue_family": 1,
          "queue_flags": 14,
          "queue_timestamp_valid_bits": 64,
          "requested_api_version": "1.2",
          "requested_independent_lanes": 4,
          "shader_integer_dot_product": true,
          "storage_buffer_16bit": true,
          "timeline_semaphore": true,
          "vendor_id": 4098
        },
        "in_features": 768,
        "local_size": 64,
        "median_us": 24.216,
        "numeric_correctness": {
          "burst": {
            "exact_bf16_mismatches": 13155,
            "expected_repetitions": [
              0,
              1,
              2,
              3,
              4,
              5,
              6,
              7,
              8,
              9
            ],
            "kl_divergence": 7.737942242e-05,
            "max_abs": 0.03125,
            "mean_abs": 0.0008274186403,
            "outputs_checked": 10,
            "pass": true,
            "top1": 1
          },
          "single": {
            "exact_bf16_mismatches": 1232,
            "expected_repetitions": [
              0
            ],
            "kl_divergence": 3.999396507e-05,
            "max_abs": 0.03125,
            "mean_abs": 0.0005773062585,
            "outputs_checked": 1,
            "pass": true,
            "top1": 1
          }
        },
        "operation": "q8_0_dense_dp4a_quantize_plus_dot",
        "out_features": 2048,
        "q8_0_weight_bytes": 1671168,
        "q8_blocks_per_row": 24,
        "row_tile": 1,
        "rows": 4,
        "sequence_validation": {
          "burst_expected_repetitions": [
            0,
            1,
            2,
            3,
            4,
            5,
            6,
            7,
            8,
            9
          ],
          "input_repetition_pattern": "distinct_deterministic_salt",
          "output_partitioning": "disjoint",
          "single_expected_repetitions": [
            0
          ],
          "xq_partitioning": "disjoint"
        },
        "submission": {
          "completion_in_host_wall": true,
          "queue_or_stream_count": 4,
          "recording_in_timed_region": false,
          "strategy": "vulkan_multi_queue",
          "submit_in_host_wall": true
        },
        "timing": {
          "burst": {
            "dispatches_per_iteration": 2,
            "gpu_elapsed": {
              "clock": "vulkan_calibrated_multi_queue_timestamp_span",
              "per_iteration_us": {
                "max": 29.996,
                "median": 24.216,
                "min": 23.848,
                "n": 5,
                "p05": 23.8856,
                "p95": 29.9504,
                "samples": 5,
                "stdev": 2.8685186699758463
              },
              "sequence_us": {
                "max": 299.96,
                "median": 242.16,
                "min": 238.48,
                "n": 5,
                "p05": 238.856,
                "p95": 299.50399999999996,
                "samples": 5,
                "stdev": 28.685186699758464
              },
              "status": "ok"
            },
            "host_wall": {
              "clock": "steady_clock",
              "per_iteration_us": {
                "max": 39.2856,
                "median": 32.6565,
                "min": 32.2495,
                "n": 5,
                "p05": 32.2921,
                "p95": 39.222,
                "samples": 5,
                "stdev": 3.2719127033586948
              },
              "sequence_us": {
                "max": 392.856,
                "median": 326.565,
                "min": 322.495,
                "n": 5,
                "p05": 322.92100000000005,
                "p95": 392.21999999999997,
                "samples": 5,
                "stdev": 32.719127033586936
              },
              "status": "ok"
            },
            "logical_iterations": 10
          },
          "single": {
            "dispatches_per_iteration": 2,
            "gpu_elapsed": {
              "clock": "vulkan_calibrated_multi_queue_timestamp_span",
              "per_iteration_us": {
                "max": 85.76,
                "median": 59.68,
                "min": 56.88,
                "n": 5,
                "p05": 57.120000000000005,
                "p95": 83.06400000000001,
                "samples": 5,
                "stdev": 11.084247561291656
              },
              "sequence_us": {
                "max": 85.76,
                "median": 59.68,
                "min": 56.88,
                "n": 5,
                "p05": 57.120000000000005,
                "p95": 83.06400000000001,
                "samples": 5,
                "stdev": 11.084247561291656
              },
              "status": "ok"
            },
            "host_wall": {
              "clock": "steady_clock",
              "per_iteration_us": {
                "max": 162.432,
                "median": 147.723,
                "min": 132.082,
                "n": 5,
                "p05": 134.812,
                "p95": 161.35219999999998,
                "samples": 5,
                "stdev": 10.425708505420623
              },
              "sequence_us": {
                "max": 162.432,
                "median": 147.723,
                "min": 132.082,
                "n": 5,
                "p05": 134.812,
                "p95": 161.35219999999998,
                "samples": 5,
                "stdev": 10.425708505420623
              },
              "status": "ok"
            },
            "logical_iterations": 1
          }
        },
        "timing_mode": "independent_throughput",
        "variant": "single",
        "workgroup_match": "vulkan_diagnostic_unmatched"
      },
      {
        "backend": "vulkan",
        "correctness": {
          "single_dispatch": {
            "oracle": "CPU Q8_0 dense q8_1+dp4a BF16 logits with KL <= 0.05 and top-1 >= 90%",
            "status": "pass"
          },
          "synchronization": {
            "barrier_count": 0,
            "method": "disjoint_xq_and_output_slices",
            "status": "pass"
          },
          "timed_sequence": {
            "coverage": "all_dispatches",
            "logical_iterations": 10,
            "oracle": "CPU Q8_0 dense q8_1+dp4a BF16 logits with KL <= 0.05 and top-1 >= 90%",
            "status": "pass"
          }
        },
        "correctness_pass": true,
        "dependency_contract": {
          "inter_dispatch_ordering": "none",
          "output_partitioning": "disjoint",
          "validation_status": "pass",
          "work_dependency": "independent"
        },
        "execution": {
          "actual_parallel_lanes": 1,
          "burst_lane_gpu_samples_us": [],
          "calibrated_timestamp_domain": false,
          "calibrated_timestamp_extension": "",
          "lane_assignment": "single_command_buffer",
          "requested_parallel_lanes": 4,
          "single_lane_gpu_samples_us": [],
          "submission_strategy": "vulkan_command_buffer"
        },
        "hardware": {
          "actual_independent_lanes": 4,
          "api_version": "1.4.318",
          "calibrated_timestamp_extension": "VK_KHR_calibrated_timestamps",
          "device_id": 30032,
          "device_name": "AMD Radeon Graphics (RADV GFX1201)",
          "device_type": 2,
          "driver_version_raw": 104865800,
          "queue_family": 1,
          "queue_flags": 14,
          "queue_timestamp_valid_bits": 64,
          "requested_api_version": "1.2",
          "requested_independent_lanes": 4,
          "shader_integer_dot_product": true,
          "storage_buffer_16bit": true,
          "timeline_semaphore": true,
          "vendor_id": 4098
        },
        "in_features": 2048,
        "local_size": 64,
        "median_us": 13.459999999999999,
        "numeric_correctness": {
          "burst": {
            "exact_bf16_mismatches": 2500,
            "expected_repetitions": [
              0,
              1,
              2,
              3,
              4,
              5,
              6,
              7,
              8,
              9
            ],
            "kl_divergence": 7.475795864e-05,
            "max_abs": 0.0625,
            "mean_abs": 0.001559987664,
            "outputs_checked": 10,
            "pass": true,
            "top1": 1
          },
          "single": {
            "exact_bf16_mismatches": 41,
            "expected_repetitions": [
              0
            ],
            "kl_divergence": 2.576833846e-09,
            "max_abs": 0.03125,
            "mean_abs": 0.0005187988281,
            "outputs_checked": 1,
            "pass": true,
            "top1": 1
          }
        },
        "operation": "q8_0_dense_dp4a_dot_prequantized",
        "out_features": 2048,
        "q8_0_weight_bytes": 4456448,
        "q8_blocks_per_row": 64,
        "row_tile": 1,
        "rows": 1,
        "sequence_validation": {
          "burst_expected_repetitions": [
            0,
            1,
            2,
            3,
            4,
            5,
            6,
            7,
            8,
            9
          ],
          "input_repetition_pattern": "distinct_deterministic_salt",
          "output_partitioning": "disjoint",
          "single_expected_repetitions": [
            0
          ],
          "xq_partitioning": "disjoint"
        },
        "submission": {
          "completion_in_host_wall": true,
          "queue_or_stream_count": 1,
          "recording_in_timed_region": false,
          "strategy": "vulkan_command_buffer",
          "submit_in_host_wall": true
        },
        "timing": {
          "burst": {
            "dispatches_per_iteration": 1,
            "gpu_elapsed": {
              "clock": "vulkan_timestamp",
              "per_iteration_us": {
                "max": 13.496,
                "median": 13.459999999999999,
                "min": 13.428,
                "n": 5,
                "p05": 13.429600000000002,
                "p95": 13.494399999999999,
                "samples": 5,
                "stdev": 0.027082097407696716
              },
              "sequence_us": {
                "max": 134.96,
                "median": 134.6,
                "min": 134.28,
                "n": 5,
                "p05": 134.29600000000002,
                "p95": 134.94400000000002,
                "samples": 5,
                "stdev": 0.2708209740769705
              },
              "status": "ok"
            },
            "host_wall": {
              "clock": "steady_clock",
              "per_iteration_us": {
                "max": 19.8983,
                "median": 19.8113,
                "min": 19.732300000000002,
                "n": 5,
                "p05": 19.7451,
                "p95": 19.8969,
                "samples": 5,
                "stdev": 0.06224017994832549
              },
              "sequence_us": {
                "max": 198.983,
                "median": 198.113,
                "min": 197.323,
                "n": 5,
                "p05": 197.45100000000002,
                "p95": 198.969,
                "samples": 5,
                "stdev": 0.6224017994832615
              },
              "status": "ok"
            },
            "logical_iterations": 10
          },
          "single": {
            "dispatches_per_iteration": 1,
            "gpu_elapsed": {
              "clock": "vulkan_timestamp",
              "per_iteration_us": {
                "max": 23.48,
                "median": 22.96,
                "min": 22.44,
                "n": 5,
                "p05": 22.480000000000004,
                "p95": 23.456,
                "samples": 5,
                "stdev": 0.400479712345082
              },
              "sequence_us": {
                "max": 23.48,
                "median": 22.96,
                "min": 22.44,
                "n": 5,
                "p05": 22.480000000000004,
                "p95": 23.456,
                "samples": 5,
                "stdev": 0.400479712345082
              },
              "status": "ok"
            },
            "host_wall": {
              "clock": "steady_clock",
              "per_iteration_us": {
                "max": 88.041,
                "median": 85.851,
                "min": 77.502,
                "n": 5,
                "p05": 79.0238,
                "p95": 87.7272,
                "samples": 5,
                "stdev": 3.675662802815297
              },
              "sequence_us": {
                "max": 88.041,
                "median": 85.851,
                "min": 77.502,
                "n": 5,
                "p05": 79.0238,
                "p95": 87.7272,
                "samples": 5,
                "stdev": 3.675662802815297
              },
              "status": "ok"
            },
            "logical_iterations": 1
          }
        },
        "timing_mode": "independent_throughput",
        "variant": "single",
        "workgroup_match": "vulkan_diagnostic_unmatched"
      },
      {
        "backend": "vulkan",
        "correctness": {
          "single_dispatch": {
            "oracle": "CPU Q8_0 dense q8_1+dp4a BF16 logits with KL <= 0.05 and top-1 >= 90%",
            "status": "pass"
          },
          "synchronization": {
            "barrier_count": 10,
            "method": "timeline_coordinated_multi_queue_disjoint_slices",
            "status": "pass"
          },
          "timed_sequence": {
            "coverage": "all_dispatches",
            "logical_iterations": 10,
            "oracle": "CPU Q8_0 dense q8_1+dp4a BF16 logits with KL <= 0.05 and top-1 >= 90%",
            "status": "pass"
          }
        },
        "correctness_pass": true,
        "dependency_contract": {
          "inter_dispatch_ordering": "none",
          "output_partitioning": "disjoint",
          "validation_status": "pass",
          "work_dependency": "independent"
        },
        "execution": {
          "actual_parallel_lanes": 4,
          "burst_lane_gpu_samples_us": [
            [
              70.52,
              116.16,
              41.8,
              96.72
            ],
            [
              74.36,
              140.08,
              79.04,
              41.92
            ],
            [
              72,
              141.64,
              111.88,
              61.56
            ],
            [
              128.44,
              80.72,
              51.44,
              107.2
            ],
            [
              126.16,
              143.08,
              63.12,
              42.24
            ]
          ],
          "calibrated_timestamp_domain": true,
          "calibrated_timestamp_extension": "VK_KHR_calibrated_timestamps",
          "lane_assignment": "round_robin_multi_queue",
          "requested_parallel_lanes": 4,
          "single_lane_gpu_samples_us": [
            [
              42,
              3,
              2.96,
              2.96
            ],
            [
              40.56,
              3.48,
              3.56,
              2.76
            ],
            [
              26.36,
              2.88,
              2.76,
              3.08
            ],
            [
              40.16,
              3.24,
              2.36,
              2.4
            ],
            [
              39.4,
              3.04,
              2.88,
              2.88
            ]
          ],
          "submission_strategy": "vulkan_multi_queue"
        },
        "hardware": {
          "actual_independent_lanes": 4,
          "api_version": "1.4.318",
          "calibrated_timestamp_extension": "VK_KHR_calibrated_timestamps",
          "device_id": 30032,
          "device_name": "AMD Radeon Graphics (RADV GFX1201)",
          "device_type": 2,
          "driver_version_raw": 104865800,
          "queue_family": 1,
          "queue_flags": 14,
          "queue_timestamp_valid_bits": 64,
          "requested_api_version": "1.2",
          "requested_independent_lanes": 4,
          "shader_integer_dot_product": true,
          "storage_buffer_16bit": true,
          "timeline_semaphore": true,
          "vendor_id": 4098
        },
        "in_features": 2048,
        "local_size": 64,
        "median_us": 19.824,
        "numeric_correctness": {
          "burst": {
            "exact_bf16_mismatches": 2500,
            "expected_repetitions": [
              0,
              1,
              2,
              3,
              4,
              5,
              6,
              7,
              8,
              9
            ],
            "kl_divergence": 7.475795864e-05,
            "max_abs": 0.0625,
            "mean_abs": 0.001559987664,
            "outputs_checked": 10,
            "pass": true,
            "top1": 1
          },
          "single": {
            "exact_bf16_mismatches": 41,
            "expected_repetitions": [
              0
            ],
            "kl_divergence": 2.576833846e-09,
            "max_abs": 0.03125,
            "mean_abs": 0.0005187988281,
            "outputs_checked": 1,
            "pass": true,
            "top1": 1
          }
        },
        "operation": "q8_0_dense_dp4a_quantize_plus_dot",
        "out_features": 2048,
        "q8_0_weight_bytes": 4456448,
        "q8_blocks_per_row": 64,
        "row_tile": 1,
        "rows": 1,
        "sequence_validation": {
          "burst_expected_repetitions": [
            0,
            1,
            2,
            3,
            4,
            5,
            6,
            7,
            8,
            9
          ],
          "input_repetition_pattern": "distinct_deterministic_salt",
          "output_partitioning": "disjoint",
          "single_expected_repetitions": [
            0
          ],
          "xq_partitioning": "disjoint"
        },
        "submission": {
          "completion_in_host_wall": true,
          "queue_or_stream_count": 4,
          "recording_in_timed_region": false,
          "strategy": "vulkan_multi_queue",
          "submit_in_host_wall": true
        },
        "timing": {
          "burst": {
            "dispatches_per_iteration": 2,
            "gpu_elapsed": {
              "clock": "vulkan_calibrated_multi_queue_timestamp_span",
              "per_iteration_us": {
                "max": 20.268,
                "median": 19.824,
                "min": 16.02,
                "n": 5,
                "p05": 16.0576,
                "p95": 20.216,
                "samples": 5,
                "stdev": 1.9261677600873714
              },
              "sequence_us": {
                "max": 202.68,
                "median": 198.24,
                "min": 160.2,
                "n": 5,
                "p05": 160.576,
                "p95": 202.16000000000003,
                "samples": 5,
                "stdev": 19.261677600873714
              },
              "status": "ok"
            },
            "host_wall": {
              "clock": "steady_clock",
              "per_iteration_us": {
                "max": 30.3755,
                "median": 28.9375,
                "min": 24.0583,
                "n": 5,
                "p05": 24.21952,
                "p95": 30.09688,
                "samples": 5,
                "stdev": 2.5023272762770263
              },
              "sequence_us": {
                "max": 303.755,
                "median": 289.375,
                "min": 240.583,
                "n": 5,
                "p05": 242.19520000000003,
                "p95": 300.9688,
                "samples": 5,
                "stdev": 25.02327276277026
              },
              "status": "ok"
            },
            "logical_iterations": 10
          },
          "single": {
            "dispatches_per_iteration": 2,
            "gpu_elapsed": {
              "clock": "vulkan_calibrated_multi_queue_timestamp_span",
              "per_iteration_us": {
                "max": 82.32,
                "median": 65.08,
                "min": 54.4,
                "n": 5,
                "p05": 54.6,
                "p95": 79.056,
                "samples": 5,
                "stdev": 10.04849043389105
              },
              "sequence_us": {
                "max": 82.32,
                "median": 65.08,
                "min": 54.4,
                "n": 5,
                "p05": 54.6,
                "p95": 79.056,
                "samples": 5,
                "stdev": 10.04849043389105
              },
              "status": "ok"
            },
            "host_wall": {
              "clock": "steady_clock",
              "per_iteration_us": {
                "max": 175.482,
                "median": 155.642,
                "min": 137.802,
                "n": 5,
                "p05": 138.794,
                "p95": 172.83820000000003,
                "samples": 5,
                "stdev": 13.549873983177854
              },
              "sequence_us": {
                "max": 175.482,
                "median": 155.642,
                "min": 137.802,
                "n": 5,
                "p05": 138.794,
                "p95": 172.83820000000003,
                "samples": 5,
                "stdev": 13.549873983177854
              },
              "status": "ok"
            },
            "logical_iterations": 1
          }
        },
        "timing_mode": "independent_throughput",
        "variant": "single",
        "workgroup_match": "vulkan_diagnostic_unmatched"
      },
      {
        "backend": "vulkan",
        "correctness": {
          "single_dispatch": {
            "oracle": "CPU Q8_0 dense q8_1+dp4a BF16 logits with KL <= 0.05 and top-1 >= 90%",
            "status": "pass"
          },
          "synchronization": {
            "barrier_count": 0,
            "method": "disjoint_xq_and_output_slices",
            "status": "pass"
          },
          "timed_sequence": {
            "coverage": "all_dispatches",
            "logical_iterations": 10,
            "oracle": "CPU Q8_0 dense q8_1+dp4a BF16 logits with KL <= 0.05 and top-1 >= 90%",
            "status": "pass"
          }
        },
        "correctness_pass": true,
        "dependency_contract": {
          "inter_dispatch_ordering": "none",
          "output_partitioning": "disjoint",
          "validation_status": "pass",
          "work_dependency": "independent"
        },
        "execution": {
          "actual_parallel_lanes": 1,
          "burst_lane_gpu_samples_us": [],
          "calibrated_timestamp_domain": false,
          "calibrated_timestamp_extension": "",
          "lane_assignment": "single_command_buffer",
          "requested_parallel_lanes": 4,
          "single_lane_gpu_samples_us": [],
          "submission_strategy": "vulkan_command_buffer"
        },
        "hardware": {
          "actual_independent_lanes": 4,
          "api_version": "1.4.318",
          "calibrated_timestamp_extension": "VK_KHR_calibrated_timestamps",
          "device_id": 30032,
          "device_name": "AMD Radeon Graphics (RADV GFX1201)",
          "device_type": 2,
          "driver_version_raw": 104865800,
          "queue_family": 1,
          "queue_flags": 14,
          "queue_timestamp_valid_bits": 64,
          "requested_api_version": "1.2",
          "requested_independent_lanes": 4,
          "shader_integer_dot_product": true,
          "storage_buffer_16bit": true,
          "timeline_semaphore": true,
          "vendor_id": 4098
        },
        "in_features": 2048,
        "local_size": 64,
        "median_us": 50.784,
        "numeric_correctness": {
          "burst": {
            "exact_bf16_mismatches": 12989,
            "expected_repetitions": [
              0,
              1,
              2,
              3,
              4,
              5,
              6,
              7,
              8,
              9
            ],
            "kl_divergence": 0.0001183141109,
            "max_abs": 0.0625,
            "mean_abs": 0.001415863866,
            "outputs_checked": 10,
            "pass": true,
            "top1": 1
          },
          "single": {
            "exact_bf16_mismatches": 1017,
            "expected_repetitions": [
              0
            ],
            "kl_divergence": 4.436209871e-06,
            "max_abs": 0.03125,
            "mean_abs": 0.000759601593,
            "outputs_checked": 1,
            "pass": true,
            "top1": 1
          }
        },
        "operation": "q8_0_dense_dp4a_dot_prequantized",
        "out_features": 2048,
        "q8_0_weight_bytes": 4456448,
        "q8_blocks_per_row": 64,
        "row_tile": 1,
        "rows": 4,
        "sequence_validation": {
          "burst_expected_repetitions": [
            0,
            1,
            2,
            3,
            4,
            5,
            6,
            7,
            8,
            9
          ],
          "input_repetition_pattern": "distinct_deterministic_salt",
          "output_partitioning": "disjoint",
          "single_expected_repetitions": [
            0
          ],
          "xq_partitioning": "disjoint"
        },
        "submission": {
          "completion_in_host_wall": true,
          "queue_or_stream_count": 1,
          "recording_in_timed_region": false,
          "strategy": "vulkan_command_buffer",
          "submit_in_host_wall": true
        },
        "timing": {
          "burst": {
            "dispatches_per_iteration": 1,
            "gpu_elapsed": {
              "clock": "vulkan_timestamp",
              "per_iteration_us": {
                "max": 50.86,
                "median": 50.784,
                "min": 50.739999999999995,
                "n": 5,
                "p05": 50.7472,
                "p95": 50.85039999999999,
                "samples": 5,
                "stdev": 0.04004797123450964
              },
              "sequence_us": {
                "max": 508.6,
                "median": 507.84,
                "min": 507.4,
                "n": 5,
                "p05": 507.47200000000004,
                "p95": 508.504,
                "samples": 5,
                "stdev": 0.4004797123450986
              },
              "status": "ok"
            },
            "host_wall": {
              "clock": "steady_clock",
              "per_iteration_us": {
                "max": 57.285799999999995,
                "median": 57.2259,
                "min": 57.1238,
                "n": 5,
                "p05": 57.128220000000006,
                "p95": 57.285019999999996,
                "samples": 5,
                "stdev": 0.06733785265361258
              },
              "sequence_us": {
                "max": 572.858,
                "median": 572.259,
                "min": 571.238,
                "n": 5,
                "p05": 571.2822000000001,
                "p95": 572.8502,
                "samples": 5,
                "stdev": 0.6733785265361293
              },
              "status": "ok"
            },
            "logical_iterations": 10
          },
          "single": {
            "dispatches_per_iteration": 1,
            "gpu_elapsed": {
              "clock": "vulkan_timestamp",
              "per_iteration_us": {
                "max": 61.04,
                "median": 59.76,
                "min": 59.6,
                "n": 5,
                "p05": 59.632000000000005,
                "p95": 60.824,
                "samples": 5,
                "stdev": 0.5206764830487352
              },
              "sequence_us": {
                "max": 61.04,
                "median": 59.76,
                "min": 59.6,
                "n": 5,
                "p05": 59.632000000000005,
                "p95": 60.824,
                "samples": 5,
                "stdev": 0.5206764830487352
              },
              "status": "ok"
            },
            "host_wall": {
              "clock": "steady_clock",
              "per_iteration_us": {
                "max": 125.172,
                "median": 123.002,
                "min": 120.322,
                "n": 5,
                "p05": 120.84380000000002,
                "p95": 125.038,
                "samples": 5,
                "stdev": 1.6719706217514687
              },
              "sequence_us": {
                "max": 125.172,
                "median": 123.002,
                "min": 120.322,
                "n": 5,
                "p05": 120.84380000000002,
                "p95": 125.038,
                "samples": 5,
                "stdev": 1.6719706217514687
              },
              "status": "ok"
            },
            "logical_iterations": 1
          }
        },
        "timing_mode": "independent_throughput",
        "variant": "single",
        "workgroup_match": "vulkan_diagnostic_unmatched"
      },
      {
        "backend": "vulkan",
        "correctness": {
          "single_dispatch": {
            "oracle": "CPU Q8_0 dense q8_1+dp4a BF16 logits with KL <= 0.05 and top-1 >= 90%",
            "status": "pass"
          },
          "synchronization": {
            "barrier_count": 10,
            "method": "timeline_coordinated_multi_queue_disjoint_slices",
            "status": "pass"
          },
          "timed_sequence": {
            "coverage": "all_dispatches",
            "logical_iterations": 10,
            "oracle": "CPU Q8_0 dense q8_1+dp4a BF16 logits with KL <= 0.05 and top-1 >= 90%",
            "status": "pass"
          }
        },
        "correctness_pass": true,
        "dependency_contract": {
          "inter_dispatch_ordering": "none",
          "output_partitioning": "disjoint",
          "validation_status": "pass",
          "work_dependency": "independent"
        },
        "execution": {
          "actual_parallel_lanes": 4,
          "burst_lane_gpu_samples_us": [
            [
              407.92,
              310.36,
              331.68,
              116.04
            ],
            [
              277,
              515.24,
              389.32,
              196.24
            ],
            [
              409.88,
              311.04,
              115.92,
              331.8
            ],
            [
              361.36,
              169.12,
              255,
              173.32
            ],
            [
              276.88,
              513.52,
              195.84,
              387.4
            ]
          ],
          "calibrated_timestamp_domain": true,
          "calibrated_timestamp_extension": "VK_KHR_calibrated_timestamps",
          "lane_assignment": "round_robin_multi_queue",
          "requested_parallel_lanes": 4,
          "single_lane_gpu_samples_us": [
            [
              76.8,
              3,
              2.6,
              3.16
            ],
            [
              62.28,
              2.6,
              3.16,
              3.32
            ],
            [
              61.6,
              2.88,
              2.76,
              3.36
            ],
            [
              63.72,
              2.8,
              3.04,
              2.08
            ],
            [
              62.92,
              3.28,
              2.76,
              2.96
            ]
          ],
          "submission_strategy": "vulkan_multi_queue"
        },
        "hardware": {
          "actual_independent_lanes": 4,
          "api_version": "1.4.318",
          "calibrated_timestamp_extension": "VK_KHR_calibrated_timestamps",
          "device_id": 30032,
          "device_name": "AMD Radeon Graphics (RADV GFX1201)",
          "device_type": 2,
          "driver_version_raw": 104865800,
          "queue_family": 1,
          "queue_flags": 14,
          "queue_timestamp_valid_bits": 64,
          "requested_api_version": "1.2",
          "requested_independent_lanes": 4,
          "shader_integer_dot_product": true,
          "storage_buffer_16bit": true,
          "timeline_semaphore": true,
          "vendor_id": 4098
        },
        "in_features": 2048,
        "local_size": 64,
        "median_us": 55.824,
        "numeric_correctness": {
          "burst": {
            "exact_bf16_mismatches": 12989,
            "expected_repetitions": [
              0,
              1,
              2,
              3,
              4,
              5,
              6,
              7,
              8,
              9
            ],
            "kl_divergence": 0.0001183141109,
            "max_abs": 0.0625,
            "mean_abs": 0.001415863866,
            "outputs_checked": 10,
            "pass": true,
            "top1": 1
          },
          "single": {
            "exact_bf16_mismatches": 1017,
            "expected_repetitions": [
              0
            ],
            "kl_divergence": 4.436209871e-06,
            "max_abs": 0.03125,
            "mean_abs": 0.000759601593,
            "outputs_checked": 1,
            "pass": true,
            "top1": 1
          }
        },
        "operation": "q8_0_dense_dp4a_quantize_plus_dot",
        "out_features": 2048,
        "q8_0_weight_bytes": 4456448,
        "q8_blocks_per_row": 64,
        "row_tile": 1,
        "rows": 4,
        "sequence_validation": {
          "burst_expected_repetitions": [
            0,
            1,
            2,
            3,
            4,
            5,
            6,
            7,
            8,
            9
          ],
          "input_repetition_pattern": "distinct_deterministic_salt",
          "output_partitioning": "disjoint",
          "single_expected_repetitions": [
            0
          ],
          "xq_partitioning": "disjoint"
        },
        "submission": {
          "completion_in_host_wall": true,
          "queue_or_stream_count": 4,
          "recording_in_timed_region": false,
          "strategy": "vulkan_multi_queue",
          "submit_in_host_wall": true
        },
        "timing": {
          "burst": {
            "dispatches_per_iteration": 2,
            "gpu_elapsed": {
              "clock": "vulkan_calibrated_multi_queue_timestamp_span",
              "per_iteration_us": {
                "max": 56.8,
                "median": 55.824,
                "min": 52.148,
                "n": 5,
                "p05": 52.150400000000005,
                "p95": 56.64,
                "samples": 5,
                "stdev": 2.013114760762533
              },
              "sequence_us": {
                "max": 568.0,
                "median": 558.24,
                "min": 521.48,
                "n": 5,
                "p05": 521.504,
                "p95": 566.4,
                "samples": 5,
                "stdev": 20.131147607625344
              },
              "status": "ok"
            },
            "host_wall": {
              "clock": "steady_clock",
              "per_iteration_us": {
                "max": 66.74,
                "median": 64.454,
                "min": 60.00789999999999,
                "n": 5,
                "p05": 60.1125,
                "p95": 66.6574,
                "samples": 5,
                "stdev": 2.8406790389623406
              },
              "sequence_us": {
                "max": 667.4,
                "median": 644.54,
                "min": 600.079,
                "n": 5,
                "p05": 601.125,
                "p95": 666.574,
                "samples": 5,
                "stdev": 28.406790389623403
              },
              "status": "ok"
            },
            "logical_iterations": 10
          },
          "single": {
            "dispatches_per_iteration": 2,
            "gpu_elapsed": {
              "clock": "vulkan_calibrated_multi_queue_timestamp_span",
              "per_iteration_us": {
                "max": 122.2,
                "median": 90.92,
                "min": 63.72,
                "n": 5,
                "p05": 67.944,
                "p95": 118.15199999999999,
                "samples": 5,
                "stdev": 19.29135599173889
              },
              "sequence_us": {
                "max": 122.2,
                "median": 90.92,
                "min": 63.72,
                "n": 5,
                "p05": 67.944,
                "p95": 118.15199999999999,
                "samples": 5,
                "stdev": 19.29135599173889
              },
              "status": "ok"
            },
            "host_wall": {
              "clock": "steady_clock",
              "per_iteration_us": {
                "max": 202.943,
                "median": 175.992,
                "min": 169.303,
                "n": 5,
                "p05": 170.523,
                "p95": 200.873,
                "samples": 5,
                "stdev": 12.521011371291063
              },
              "sequence_us": {
                "max": 202.943,
                "median": 175.992,
                "min": 169.303,
                "n": 5,
                "p05": 170.523,
                "p95": 200.873,
                "samples": 5,
                "stdev": 12.521011371291063
              },
              "status": "ok"
            },
            "logical_iterations": 1
          }
        },
        "timing_mode": "independent_throughput",
        "variant": "single",
        "workgroup_match": "vulkan_diagnostic_unmatched"
      },
      {
        "backend": "vulkan",
        "correctness": {
          "single_dispatch": {
            "oracle": "CPU Q8_0 dense q8_1+dp4a BF16 logits with KL <= 0.05 and top-1 >= 90%",
            "status": "pass"
          },
          "synchronization": {
            "barrier_count": 0,
            "method": "disjoint_xq_and_output_slices",
            "status": "pass"
          },
          "timed_sequence": {
            "coverage": "all_dispatches",
            "logical_iterations": 10,
            "oracle": "CPU Q8_0 dense q8_1+dp4a BF16 logits with KL <= 0.05 and top-1 >= 90%",
            "status": "pass"
          }
        },
        "correctness_pass": true,
        "dependency_contract": {
          "inter_dispatch_ordering": "none",
          "output_partitioning": "disjoint",
          "validation_status": "pass",
          "work_dependency": "independent"
        },
        "execution": {
          "actual_parallel_lanes": 1,
          "burst_lane_gpu_samples_us": [],
          "calibrated_timestamp_domain": false,
          "calibrated_timestamp_extension": "",
          "lane_assignment": "single_command_buffer",
          "requested_parallel_lanes": 4,
          "single_lane_gpu_samples_us": [],
          "submission_strategy": "vulkan_command_buffer"
        },
        "hardware": {
          "actual_independent_lanes": 4,
          "api_version": "1.4.318",
          "calibrated_timestamp_extension": "VK_KHR_calibrated_timestamps",
          "device_id": 30032,
          "device_name": "AMD Radeon Graphics (RADV GFX1201)",
          "device_type": 2,
          "driver_version_raw": 104865800,
          "queue_family": 1,
          "queue_flags": 14,
          "queue_timestamp_valid_bits": 64,
          "requested_api_version": "1.2",
          "requested_independent_lanes": 4,
          "shader_integer_dot_product": true,
          "storage_buffer_16bit": true,
          "timeline_semaphore": true,
          "vendor_id": 4098
        },
        "in_features": 768,
        "local_size": 64,
        "median_us": 6.912000000000001,
        "numeric_correctness": {
          "burst": {
            "exact_bf16_mismatches": 2785,
            "expected_repetitions": [
              0,
              1,
              2,
              3,
              4,
              5,
              6,
              7,
              8,
              9
            ],
            "kl_divergence": 7.509737071e-05,
            "max_abs": 0.03125,
            "mean_abs": 0.001078635454,
            "outputs_checked": 10,
            "pass": true,
            "top1": 1
          },
          "single": {
            "exact_bf16_mismatches": 251,
            "expected_repetitions": [
              0
            ],
            "kl_divergence": 3.301283582e-07,
            "max_abs": 0.015625,
            "mean_abs": 0.0002901772968,
            "outputs_checked": 1,
            "pass": true,
            "top1": 1
          }
        },
        "operation": "q8_0_dense_dp4a_dot_prequantized",
        "out_features": 2048,
        "q8_0_weight_bytes": 1671168,
        "q8_blocks_per_row": 24,
        "row_tile": 4,
        "rows": 1,
        "sequence_validation": {
          "burst_expected_repetitions": [
            0,
            1,
            2,
            3,
            4,
            5,
            6,
            7,
            8,
            9
          ],
          "input_repetition_pattern": "distinct_deterministic_salt",
          "output_partitioning": "disjoint",
          "single_expected_repetitions": [
            0
          ],
          "xq_partitioning": "disjoint"
        },
        "submission": {
          "completion_in_host_wall": true,
          "queue_or_stream_count": 1,
          "recording_in_timed_region": false,
          "strategy": "vulkan_command_buffer",
          "submit_in_host_wall": true
        },
        "timing": {
          "burst": {
            "dispatches_per_iteration": 1,
            "gpu_elapsed": {
              "clock": "vulkan_timestamp",
              "per_iteration_us": {
                "max": 6.9239999999999995,
                "median": 6.912000000000001,
                "min": 6.895999999999999,
                "n": 5,
                "p05": 6.896,
                "p95": 6.9216,
                "samples": 5,
                "stdev": 0.010733126291999398
              },
              "sequence_us": {
                "max": 69.24,
                "median": 69.12,
                "min": 68.96,
                "n": 5,
                "p05": 68.96,
                "p95": 69.216,
                "samples": 5,
                "stdev": 0.10733126291999186
              },
              "status": "ok"
            },
            "host_wall": {
              "clock": "steady_clock",
              "per_iteration_us": {
                "max": 13.383199999999999,
                "median": 13.262200000000002,
                "min": 13.1662,
                "n": 5,
                "p05": 13.1834,
                "p95": 13.365999999999998,
                "samples": 5,
                "stdev": 0.07025951892804241
              },
              "sequence_us": {
                "max": 133.832,
                "median": 132.622,
                "min": 131.662,
                "n": 5,
                "p05": 131.834,
                "p95": 133.66,
                "samples": 5,
                "stdev": 0.7025951892804245
              },
              "status": "ok"
            },
            "logical_iterations": 10
          },
          "single": {
            "dispatches_per_iteration": 1,
            "gpu_elapsed": {
              "clock": "vulkan_timestamp",
              "per_iteration_us": {
                "max": 15.72,
                "median": 15.48,
                "min": 15.24,
                "n": 5,
                "p05": 15.288,
                "p95": 15.719999999999999,
                "samples": 5,
                "stdev": 0.17959955456514934
              },
              "sequence_us": {
                "max": 15.72,
                "median": 15.48,
                "min": 15.24,
                "n": 5,
                "p05": 15.288,
                "p95": 15.719999999999999,
                "samples": 5,
                "stdev": 0.17959955456514934
              },
              "status": "ok"
            },
            "host_wall": {
              "clock": "steady_clock",
              "per_iteration_us": {
                "max": 80.521,
                "median": 78.351,
                "min": 68.991,
                "n": 5,
                "p05": 70.78120000000001,
                "p95": 80.213,
                "samples": 5,
                "stdev": 4.078462671154414
              },
              "sequence_us": {
                "max": 80.521,
                "median": 78.351,
                "min": 68.991,
                "n": 5,
                "p05": 70.78120000000001,
                "p95": 80.213,
                "samples": 5,
                "stdev": 4.078462671154414
              },
              "status": "ok"
            },
            "logical_iterations": 1
          }
        },
        "timing_mode": "independent_throughput",
        "variant": "rowtile4",
        "workgroup_match": "vulkan_diagnostic_unmatched"
      },
      {
        "backend": "vulkan",
        "correctness": {
          "single_dispatch": {
            "oracle": "CPU Q8_0 dense q8_1+dp4a BF16 logits with KL <= 0.05 and top-1 >= 90%",
            "status": "pass"
          },
          "synchronization": {
            "barrier_count": 10,
            "method": "timeline_coordinated_multi_queue_disjoint_slices",
            "status": "pass"
          },
          "timed_sequence": {
            "coverage": "all_dispatches",
            "logical_iterations": 10,
            "oracle": "CPU Q8_0 dense q8_1+dp4a BF16 logits with KL <= 0.05 and top-1 >= 90%",
            "status": "pass"
          }
        },
        "correctness_pass": true,
        "dependency_contract": {
          "inter_dispatch_ordering": "none",
          "output_partitioning": "disjoint",
          "validation_status": "pass",
          "work_dependency": "independent"
        },
        "execution": {
          "actual_parallel_lanes": 4,
          "burst_lane_gpu_samples_us": [
            [
              93,
              109.84,
              33.52,
              31.8
            ],
            [
              48.52,
              113.24,
              68.6,
              34.32
            ],
            [
              92.4,
              52.2,
              80.08,
              31.92
            ],
            [
              51.16,
              103.44,
              31.96,
              59.08
            ],
            [
              58.88,
              54,
              68.6,
              74.44
            ]
          ],
          "calibrated_timestamp_domain": true,
          "calibrated_timestamp_extension": "VK_KHR_calibrated_timestamps",
          "lane_assignment": "round_robin_multi_queue",
          "requested_parallel_lanes": 4,
          "single_lane_gpu_samples_us": [
            [
              17.92,
              2.84,
              2.48,
              3.28
            ],
            [
              32.84,
              2.72,
              2.6,
              3.2
            ],
            [
              17.92,
              2.6,
              3.4,
              3.32
            ],
            [
              18.76,
              3,
              2.72,
              3.24
            ],
            [
              33.64,
              2.44,
              2.48,
              2
            ]
          ],
          "submission_strategy": "vulkan_multi_queue"
        },
        "hardware": {
          "actual_independent_lanes": 4,
          "api_version": "1.4.318",
          "calibrated_timestamp_extension": "VK_KHR_calibrated_timestamps",
          "device_id": 30032,
          "device_name": "AMD Radeon Graphics (RADV GFX1201)",
          "device_type": 2,
          "driver_version_raw": 104865800,
          "queue_family": 1,
          "queue_flags": 14,
          "queue_timestamp_valid_bits": 64,
          "requested_api_version": "1.2",
          "requested_independent_lanes": 4,
          "shader_integer_dot_product": true,
          "storage_buffer_16bit": true,
          "timeline_semaphore": true,
          "vendor_id": 4098
        },
        "in_features": 768,
        "local_size": 64,
        "median_us": 15.863999999999999,
        "numeric_correctness": {
          "burst": {
            "exact_bf16_mismatches": 2785,
            "expected_repetitions": [
              0,
              1,
              2,
              3,
              4,
              5,
              6,
              7,
              8,
              9
            ],
            "kl_divergence": 7.509737071e-05,
            "max_abs": 0.03125,
            "mean_abs": 0.001078635454,
            "outputs_checked": 10,
            "pass": true,
            "top1": 1
          },
          "single": {
            "exact_bf16_mismatches": 251,
            "expected_repetitions": [
              0
            ],
            "kl_divergence": 3.301283582e-07,
            "max_abs": 0.015625,
            "mean_abs": 0.0002901772968,
            "outputs_checked": 1,
            "pass": true,
            "top1": 1
          }
        },
        "operation": "q8_0_dense_dp4a_quantize_plus_dot",
        "out_features": 2048,
        "q8_0_weight_bytes": 1671168,
        "q8_blocks_per_row": 24,
        "row_tile": 4,
        "rows": 1,
        "sequence_validation": {
          "burst_expected_repetitions": [
            0,
            1,
            2,
            3,
            4,
            5,
            6,
            7,
            8,
            9
          ],
          "input_repetition_pattern": "distinct_deterministic_salt",
          "output_partitioning": "disjoint",
          "single_expected_repetitions": [
            0
          ],
          "xq_partitioning": "disjoint"
        },
        "submission": {
          "completion_in_host_wall": true,
          "queue_or_stream_count": 4,
          "recording_in_timed_region": false,
          "strategy": "vulkan_multi_queue",
          "submit_in_host_wall": true
        },
        "timing": {
          "burst": {
            "dispatches_per_iteration": 2,
            "gpu_elapsed": {
              "clock": "vulkan_calibrated_multi_queue_timestamp_span",
              "per_iteration_us": {
                "max": 16.4,
                "median": 15.863999999999999,
                "min": 11.908,
                "n": 5,
                "p05": 12.679200000000002,
                "p95": 16.3536,
                "samples": 5,
                "stdev": 1.671593060526395
              },
              "sequence_us": {
                "max": 164.0,
                "median": 158.64,
                "min": 119.08,
                "n": 5,
                "p05": 126.792,
                "p95": 163.536,
                "samples": 5,
                "stdev": 16.71593060526395
              },
              "status": "ok"
            },
            "host_wall": {
              "clock": "steady_clock",
              "per_iteration_us": {
                "max": 25.711399999999998,
                "median": 24.191300000000002,
                "min": 19.1653,
                "n": 5,
                "p05": 20.08272,
                "p95": 25.584979999999998,
                "samples": 5,
                "stdev": 2.3101407737192123
              },
              "sequence_us": {
                "max": 257.114,
                "median": 241.913,
                "min": 191.653,
                "n": 5,
                "p05": 200.8272,
                "p95": 255.84979999999996,
                "samples": 5,
                "stdev": 23.101407737192122
              },
              "status": "ok"
            },
            "logical_iterations": 10
          },
          "single": {
            "dispatches_per_iteration": 2,
            "gpu_elapsed": {
              "clock": "vulkan_calibrated_multi_queue_timestamp_span",
              "per_iteration_us": {
                "max": 68.24,
                "median": 42.56,
                "min": 40.68,
                "n": 5,
                "p05": 40.752,
                "p95": 64.88799999999999,
                "samples": 5,
                "stdev": 10.489857959000206
              },
              "sequence_us": {
                "max": 68.24,
                "median": 42.56,
                "min": 40.68,
                "n": 5,
                "p05": 40.752,
                "p95": 64.88799999999999,
                "samples": 5,
                "stdev": 10.489857959000206
              },
              "status": "ok"
            },
            "host_wall": {
              "clock": "steady_clock",
              "per_iteration_us": {
                "max": 152.103,
                "median": 122.261,
                "min": 116.811,
                "n": 5,
                "p05": 117.4932,
                "p95": 146.6368,
                "samples": 5,
                "stdev": 12.70485266974789
              },
              "sequence_us": {
                "max": 152.103,
                "median": 122.261,
                "min": 116.811,
                "n": 5,
                "p05": 117.4932,
                "p95": 146.6368,
                "samples": 5,
                "stdev": 12.70485266974789
              },
              "status": "ok"
            },
            "logical_iterations": 1
          }
        },
        "timing_mode": "independent_throughput",
        "variant": "rowtile4",
        "workgroup_match": "vulkan_diagnostic_unmatched"
      },
      {
        "backend": "vulkan",
        "correctness": {
          "single_dispatch": {
            "oracle": "CPU Q8_0 dense q8_1+dp4a BF16 logits with KL <= 0.05 and top-1 >= 90%",
            "status": "pass"
          },
          "synchronization": {
            "barrier_count": 0,
            "method": "disjoint_xq_and_output_slices",
            "status": "pass"
          },
          "timed_sequence": {
            "coverage": "all_dispatches",
            "logical_iterations": 10,
            "oracle": "CPU Q8_0 dense q8_1+dp4a BF16 logits with KL <= 0.05 and top-1 >= 90%",
            "status": "pass"
          }
        },
        "correctness_pass": true,
        "dependency_contract": {
          "inter_dispatch_ordering": "none",
          "output_partitioning": "disjoint",
          "validation_status": "pass",
          "work_dependency": "independent"
        },
        "execution": {
          "actual_parallel_lanes": 1,
          "burst_lane_gpu_samples_us": [],
          "calibrated_timestamp_domain": false,
          "calibrated_timestamp_extension": "",
          "lane_assignment": "single_command_buffer",
          "requested_parallel_lanes": 4,
          "single_lane_gpu_samples_us": [],
          "submission_strategy": "vulkan_command_buffer"
        },
        "hardware": {
          "actual_independent_lanes": 4,
          "api_version": "1.4.318",
          "calibrated_timestamp_extension": "VK_KHR_calibrated_timestamps",
          "device_id": 30032,
          "device_name": "AMD Radeon Graphics (RADV GFX1201)",
          "device_type": 2,
          "driver_version_raw": 104865800,
          "queue_family": 1,
          "queue_flags": 14,
          "queue_timestamp_valid_bits": 64,
          "requested_api_version": "1.2",
          "requested_independent_lanes": 4,
          "shader_integer_dot_product": true,
          "storage_buffer_16bit": true,
          "timeline_semaphore": true,
          "vendor_id": 4098
        },
        "in_features": 768,
        "local_size": 64,
        "median_us": 9.968,
        "numeric_correctness": {
          "burst": {
            "exact_bf16_mismatches": 13155,
            "expected_repetitions": [
              0,
              1,
              2,
              3,
              4,
              5,
              6,
              7,
              8,
              9
            ],
            "kl_divergence": 7.737942242e-05,
            "max_abs": 0.03125,
            "mean_abs": 0.0008274186403,
            "outputs_checked": 10,
            "pass": true,
            "top1": 1
          },
          "single": {
            "exact_bf16_mismatches": 1232,
            "expected_repetitions": [
              0
            ],
            "kl_divergence": 3.999396507e-05,
            "max_abs": 0.03125,
            "mean_abs": 0.0005773062585,
            "outputs_checked": 1,
            "pass": true,
            "top1": 1
          }
        },
        "operation": "q8_0_dense_dp4a_dot_prequantized",
        "out_features": 2048,
        "q8_0_weight_bytes": 1671168,
        "q8_blocks_per_row": 24,
        "row_tile": 4,
        "rows": 4,
        "sequence_validation": {
          "burst_expected_repetitions": [
            0,
            1,
            2,
            3,
            4,
            5,
            6,
            7,
            8,
            9
          ],
          "input_repetition_pattern": "distinct_deterministic_salt",
          "output_partitioning": "disjoint",
          "single_expected_repetitions": [
            0
          ],
          "xq_partitioning": "disjoint"
        },
        "submission": {
          "completion_in_host_wall": true,
          "queue_or_stream_count": 1,
          "recording_in_timed_region": false,
          "strategy": "vulkan_command_buffer",
          "submit_in_host_wall": true
        },
        "timing": {
          "burst": {
            "dispatches_per_iteration": 1,
            "gpu_elapsed": {
              "clock": "vulkan_timestamp",
              "per_iteration_us": {
                "max": 9.995999999999999,
                "median": 9.968,
                "min": 9.924,
                "n": 5,
                "p05": 9.928799999999999,
                "p95": 9.994399999999999,
                "samples": 5,
                "stdev": 0.026339324213046637
              },
              "sequence_us": {
                "max": 99.96,
                "median": 99.68,
                "min": 99.24,
                "n": 5,
                "p05": 99.288,
                "p95": 99.94399999999999,
                "samples": 5,
                "stdev": 0.2633932421304682
              },
              "status": "ok"
            },
            "host_wall": {
              "clock": "steady_clock",
              "per_iteration_us": {
                "max": 16.834200000000003,
                "median": 16.4632,
                "min": 16.223300000000002,
                "n": 5,
                "p05": 16.2569,
                "p95": 16.778800000000004,
                "samples": 5,
                "stdev": 0.2022397448574344
              },
              "sequence_us": {
                "max": 168.342,
                "median": 164.632,
                "min": 162.233,
                "n": 5,
                "p05": 162.56900000000002,
                "p95": 167.788,
                "samples": 5,
                "stdev": 2.0223974485743423
              },
              "status": "ok"
            },
            "logical_iterations": 10
          },
          "single": {
            "dispatches_per_iteration": 1,
            "gpu_elapsed": {
              "clock": "vulkan_timestamp",
              "per_iteration_us": {
                "max": 20.52,
                "median": 19.4,
                "min": 19.0,
                "n": 5,
                "p05": 19.032,
                "p95": 20.384,
                "samples": 5,
                "stdev": 0.5470502719129202
              },
              "sequence_us": {
                "max": 20.52,
                "median": 19.4,
                "min": 19.0,
                "n": 5,
                "p05": 19.032,
                "p95": 20.384,
                "samples": 5,
                "stdev": 0.5470502719129202
              },
              "status": "ok"
            },
            "host_wall": {
              "clock": "steady_clock",
              "per_iteration_us": {
                "max": 83.362,
                "median": 82.271,
                "min": 73.071,
                "n": 5,
                "p05": 73.801,
                "p95": 83.1538,
                "samples": 5,
                "stdev": 3.989844728808377
              },
              "sequence_us": {
                "max": 83.362,
                "median": 82.271,
                "min": 73.071,
                "n": 5,
                "p05": 73.801,
                "p95": 83.1538,
                "samples": 5,
                "stdev": 3.989844728808377
              },
              "status": "ok"
            },
            "logical_iterations": 1
          }
        },
        "timing_mode": "independent_throughput",
        "variant": "rowtile4",
        "workgroup_match": "vulkan_diagnostic_unmatched"
      },
      {
        "backend": "vulkan",
        "correctness": {
          "single_dispatch": {
            "oracle": "CPU Q8_0 dense q8_1+dp4a BF16 logits with KL <= 0.05 and top-1 >= 90%",
            "status": "pass"
          },
          "synchronization": {
            "barrier_count": 10,
            "method": "timeline_coordinated_multi_queue_disjoint_slices",
            "status": "pass"
          },
          "timed_sequence": {
            "coverage": "all_dispatches",
            "logical_iterations": 10,
            "oracle": "CPU Q8_0 dense q8_1+dp4a BF16 logits with KL <= 0.05 and top-1 >= 90%",
            "status": "pass"
          }
        },
        "correctness_pass": true,
        "dependency_contract": {
          "inter_dispatch_ordering": "none",
          "output_partitioning": "disjoint",
          "validation_status": "pass",
          "work_dependency": "independent"
        },
        "execution": {
          "actual_parallel_lanes": 4,
          "burst_lane_gpu_samples_us": [
            [
              104.48,
              120.28,
              49.2,
              35.76
            ],
            [
              59.44,
              117.4,
              94.28,
              52
            ],
            [
              49.8,
              109.36,
              77.36,
              43.08
            ],
            [
              58.28,
              101.4,
              80.92,
              36.44
            ],
            [
              57.44,
              135.12,
              83.36,
              44.32
            ]
          ],
          "calibrated_timestamp_domain": true,
          "calibrated_timestamp_extension": "VK_KHR_calibrated_timestamps",
          "lane_assignment": "round_robin_multi_queue",
          "requested_parallel_lanes": 4,
          "single_lane_gpu_samples_us": [
            [
              36.8,
              2.88,
              2.92,
              2.76
            ],
            [
              22.6,
              3.08,
              2.96,
              3.44
            ],
            [
              22.96,
              2.88,
              3.52,
              3.6
            ],
            [
              22.68,
              2.76,
              2.52,
              2.28
            ],
            [
              36.48,
              2.96,
              3.16,
              2.52
            ]
          ],
          "submission_strategy": "vulkan_multi_queue"
        },
        "hardware": {
          "actual_independent_lanes": 4,
          "api_version": "1.4.318",
          "calibrated_timestamp_extension": "VK_KHR_calibrated_timestamps",
          "device_id": 30032,
          "device_name": "AMD Radeon Graphics (RADV GFX1201)",
          "device_type": 2,
          "driver_version_raw": 104865800,
          "queue_family": 1,
          "queue_flags": 14,
          "queue_timestamp_valid_bits": 64,
          "requested_api_version": "1.2",
          "requested_independent_lanes": 4,
          "shader_integer_dot_product": true,
          "storage_buffer_16bit": true,
          "timeline_semaphore": true,
          "vendor_id": 4098
        },
        "in_features": 768,
        "local_size": 64,
        "median_us": 17.380000000000003,
        "numeric_correctness": {
          "burst": {
            "exact_bf16_mismatches": 13155,
            "expected_repetitions": [
              0,
              1,
              2,
              3,
              4,
              5,
              6,
              7,
              8,
              9
            ],
            "kl_divergence": 7.737942242e-05,
            "max_abs": 0.03125,
            "mean_abs": 0.0008274186403,
            "outputs_checked": 10,
            "pass": true,
            "top1": 1
          },
          "single": {
            "exact_bf16_mismatches": 1232,
            "expected_repetitions": [
              0
            ],
            "kl_divergence": 3.999396507e-05,
            "max_abs": 0.03125,
            "mean_abs": 0.0005773062585,
            "outputs_checked": 1,
            "pass": true,
            "top1": 1
          }
        },
        "operation": "q8_0_dense_dp4a_quantize_plus_dot",
        "out_features": 2048,
        "q8_0_weight_bytes": 1671168,
        "q8_blocks_per_row": 24,
        "row_tile": 4,
        "rows": 4,
        "sequence_validation": {
          "burst_expected_repetitions": [
            0,
            1,
            2,
            3,
            4,
            5,
            6,
            7,
            8,
            9
          ],
          "input_repetition_pattern": "distinct_deterministic_salt",
          "output_partitioning": "disjoint",
          "single_expected_repetitions": [
            0
          ],
          "xq_partitioning": "disjoint"
        },
        "submission": {
          "completion_in_host_wall": true,
          "queue_or_stream_count": 4,
          "recording_in_timed_region": false,
          "strategy": "vulkan_multi_queue",
          "submit_in_host_wall": true
        },
        "timing": {
          "burst": {
            "dispatches_per_iteration": 2,
            "gpu_elapsed": {
              "clock": "vulkan_calibrated_multi_queue_timestamp_span",
              "per_iteration_us": {
                "max": 17.972,
                "median": 17.380000000000003,
                "min": 13.680000000000001,
                "n": 5,
                "p05": 13.773600000000002,
                "p95": 17.900000000000002,
                "samples": 5,
                "stdev": 1.8481655337117404
              },
              "sequence_us": {
                "max": 179.72,
                "median": 173.8,
                "min": 136.8,
                "n": 5,
                "p05": 137.73600000000002,
                "p95": 179.0,
                "samples": 5,
                "stdev": 18.4816553371174
              },
              "status": "ok"
            },
            "host_wall": {
              "clock": "steady_clock",
              "per_iteration_us": {
                "max": 27.9694,
                "median": 26.6094,
                "min": 22.4134,
                "n": 5,
                "p05": 22.442800000000002,
                "p95": 27.7958,
                "samples": 5,
                "stdev": 2.3629807955207762
              },
              "sequence_us": {
                "max": 279.694,
                "median": 266.094,
                "min": 224.134,
                "n": 5,
                "p05": 224.428,
                "p95": 277.958,
                "samples": 5,
                "stdev": 23.629807955207767
              },
              "status": "ok"
            },
            "logical_iterations": 10
          },
          "single": {
            "dispatches_per_iteration": 2,
            "gpu_elapsed": {
              "clock": "vulkan_calibrated_multi_queue_timestamp_span",
              "per_iteration_us": {
                "max": 79.76,
                "median": 51.72,
                "min": 42.36,
                "n": 5,
                "p05": 43.408,
                "p95": 74.568,
                "samples": 5,
                "stdev": 12.959738268962072
              },
              "sequence_us": {
                "max": 79.76,
                "median": 51.72,
                "min": 42.36,
                "n": 5,
                "p05": 43.408,
                "p95": 74.568,
                "samples": 5,
                "stdev": 12.959738268962072
              },
              "status": "ok"
            },
            "host_wall": {
              "clock": "steady_clock",
              "per_iteration_us": {
                "max": 169.283,
                "median": 131.352,
                "min": 126.182,
                "n": 5,
                "p05": 126.66400000000002,
                "p95": 162.3948,
                "samples": 5,
                "stdev": 15.880541204883407
              },
              "sequence_us": {
                "max": 169.283,
                "median": 131.352,
                "min": 126.182,
                "n": 5,
                "p05": 126.66400000000002,
                "p95": 162.3948,
                "samples": 5,
                "stdev": 15.880541204883407
              },
              "status": "ok"
            },
            "logical_iterations": 1
          }
        },
        "timing_mode": "independent_throughput",
        "variant": "rowtile4",
        "workgroup_match": "vulkan_diagnostic_unmatched"
      },
      {
        "backend": "vulkan",
        "correctness": {
          "single_dispatch": {
            "oracle": "CPU Q8_0 dense q8_1+dp4a BF16 logits with KL <= 0.05 and top-1 >= 90%",
            "status": "pass"
          },
          "synchronization": {
            "barrier_count": 0,
            "method": "disjoint_xq_and_output_slices",
            "status": "pass"
          },
          "timed_sequence": {
            "coverage": "all_dispatches",
            "logical_iterations": 10,
            "oracle": "CPU Q8_0 dense q8_1+dp4a BF16 logits with KL <= 0.05 and top-1 >= 90%",
            "status": "pass"
          }
        },
        "correctness_pass": true,
        "dependency_contract": {
          "inter_dispatch_ordering": "none",
          "output_partitioning": "disjoint",
          "validation_status": "pass",
          "work_dependency": "independent"
        },
        "execution": {
          "actual_parallel_lanes": 1,
          "burst_lane_gpu_samples_us": [],
          "calibrated_timestamp_domain": false,
          "calibrated_timestamp_extension": "",
          "lane_assignment": "single_command_buffer",
          "requested_parallel_lanes": 4,
          "single_lane_gpu_samples_us": [],
          "submission_strategy": "vulkan_command_buffer"
        },
        "hardware": {
          "actual_independent_lanes": 4,
          "api_version": "1.4.318",
          "calibrated_timestamp_extension": "VK_KHR_calibrated_timestamps",
          "device_id": 30032,
          "device_name": "AMD Radeon Graphics (RADV GFX1201)",
          "device_type": 2,
          "driver_version_raw": 104865800,
          "queue_family": 1,
          "queue_flags": 14,
          "queue_timestamp_valid_bits": 64,
          "requested_api_version": "1.2",
          "requested_independent_lanes": 4,
          "shader_integer_dot_product": true,
          "storage_buffer_16bit": true,
          "timeline_semaphore": true,
          "vendor_id": 4098
        },
        "in_features": 2048,
        "local_size": 64,
        "median_us": 14.612,
        "numeric_correctness": {
          "burst": {
            "exact_bf16_mismatches": 2500,
            "expected_repetitions": [
              0,
              1,
              2,
              3,
              4,
              5,
              6,
              7,
              8,
              9
            ],
            "kl_divergence": 7.475795864e-05,
            "max_abs": 0.0625,
            "mean_abs": 0.001559987664,
            "outputs_checked": 10,
            "pass": true,
            "top1": 1
          },
          "single": {
            "exact_bf16_mismatches": 41,
            "expected_repetitions": [
              0
            ],
            "kl_divergence": 2.576833846e-09,
            "max_abs": 0.03125,
            "mean_abs": 0.0005187988281,
            "outputs_checked": 1,
            "pass": true,
            "top1": 1
          }
        },
        "operation": "q8_0_dense_dp4a_dot_prequantized",
        "out_features": 2048,
        "q8_0_weight_bytes": 4456448,
        "q8_blocks_per_row": 64,
        "row_tile": 4,
        "rows": 1,
        "sequence_validation": {
          "burst_expected_repetitions": [
            0,
            1,
            2,
            3,
            4,
            5,
            6,
            7,
            8,
            9
          ],
          "input_repetition_pattern": "distinct_deterministic_salt",
          "output_partitioning": "disjoint",
          "single_expected_repetitions": [
            0
          ],
          "xq_partitioning": "disjoint"
        },
        "submission": {
          "completion_in_host_wall": true,
          "queue_or_stream_count": 1,
          "recording_in_timed_region": false,
          "strategy": "vulkan_command_buffer",
          "submit_in_host_wall": true
        },
        "timing": {
          "burst": {
            "dispatches_per_iteration": 1,
            "gpu_elapsed": {
              "clock": "vulkan_timestamp",
              "per_iteration_us": {
                "max": 14.652000000000001,
                "median": 14.612,
                "min": 14.6,
                "n": 5,
                "p05": 14.6016,
                "p95": 14.649600000000001,
                "samples": 5,
                "stdev": 0.02001599360511528
              },
              "sequence_us": {
                "max": 146.52,
                "median": 146.12,
                "min": 146.0,
                "n": 5,
                "p05": 146.01600000000002,
                "p95": 146.496,
                "samples": 5,
                "stdev": 0.20015993605115062
              },
              "status": "ok"
            },
            "host_wall": {
              "clock": "steady_clock",
              "per_iteration_us": {
                "max": 21.5973,
                "median": 20.7893,
                "min": 20.7213,
                "n": 5,
                "p05": 20.7297,
                "p95": 21.484900000000003,
                "samples": 5,
                "stdev": 0.326912832418674
              },
              "sequence_us": {
                "max": 215.973,
                "median": 207.893,
                "min": 207.213,
                "n": 5,
                "p05": 207.297,
                "p95": 214.84900000000002,
                "samples": 5,
                "stdev": 3.2691283241867444
              },
              "status": "ok"
            },
            "logical_iterations": 10
          },
          "single": {
            "dispatches_per_iteration": 1,
            "gpu_elapsed": {
              "clock": "vulkan_timestamp",
              "per_iteration_us": {
                "max": 24.8,
                "median": 24.4,
                "min": 23.96,
                "n": 5,
                "p05": 23.968000000000004,
                "p95": 24.784,
                "samples": 5,
                "stdev": 0.35017709805182834
              },
              "sequence_us": {
                "max": 24.8,
                "median": 24.4,
                "min": 23.96,
                "n": 5,
                "p05": 23.968000000000004,
                "p95": 24.784,
                "samples": 5,
                "stdev": 0.35017709805182834
              },
              "status": "ok"
            },
            "host_wall": {
              "clock": "steady_clock",
              "per_iteration_us": {
                "max": 90.981,
                "median": 89.541,
                "min": 80.561,
                "n": 5,
                "p05": 82.0292,
                "p95": 90.94919999999999,
                "samples": 5,
                "stdev": 3.861750929306546
              },
              "sequence_us": {
                "max": 90.981,
                "median": 89.541,
                "min": 80.561,
                "n": 5,
                "p05": 82.0292,
                "p95": 90.94919999999999,
                "samples": 5,
                "stdev": 3.861750929306546
              },
              "status": "ok"
            },
            "logical_iterations": 1
          }
        },
        "timing_mode": "independent_throughput",
        "variant": "rowtile4",
        "workgroup_match": "vulkan_diagnostic_unmatched"
      },
      {
        "backend": "vulkan",
        "correctness": {
          "single_dispatch": {
            "oracle": "CPU Q8_0 dense q8_1+dp4a BF16 logits with KL <= 0.05 and top-1 >= 90%",
            "status": "pass"
          },
          "synchronization": {
            "barrier_count": 10,
            "method": "timeline_coordinated_multi_queue_disjoint_slices",
            "status": "pass"
          },
          "timed_sequence": {
            "coverage": "all_dispatches",
            "logical_iterations": 10,
            "oracle": "CPU Q8_0 dense q8_1+dp4a BF16 logits with KL <= 0.05 and top-1 >= 90%",
            "status": "pass"
          }
        },
        "correctness_pass": true,
        "dependency_contract": {
          "inter_dispatch_ordering": "none",
          "output_partitioning": "disjoint",
          "validation_status": "pass",
          "work_dependency": "independent"
        },
        "execution": {
          "actual_parallel_lanes": 4,
          "burst_lane_gpu_samples_us": [
            [
              132.44,
              149.24,
              67.44,
              44.28
            ],
            [
              87.24,
              146.8,
              98.04,
              58
            ],
            [
              122.92,
              97.32,
              110.56,
              45
            ],
            [
              75.88,
              160.2,
              104.52,
              64.04
            ],
            [
              124.12,
              98,
              112,
              44.4
            ]
          ],
          "calibrated_timestamp_domain": true,
          "calibrated_timestamp_extension": "VK_KHR_calibrated_timestamps",
          "lane_assignment": "round_robin_multi_queue",
          "requested_parallel_lanes": 4,
          "single_lane_gpu_samples_us": [
            [
              51.4,
              3.52,
              24.72,
              2.76
            ],
            [
              27.4,
              3.2,
              2.92,
              2.56
            ],
            [
              27.96,
              2.76,
              2.96,
              3.8
            ],
            [
              26.12,
              3.12,
              3.04,
              2.6
            ],
            [
              39.44,
              3.04,
              23.12,
              3
            ]
          ],
          "submission_strategy": "vulkan_multi_queue"
        },
        "hardware": {
          "actual_independent_lanes": 4,
          "api_version": "1.4.318",
          "calibrated_timestamp_extension": "VK_KHR_calibrated_timestamps",
          "device_id": 30032,
          "device_name": "AMD Radeon Graphics (RADV GFX1201)",
          "device_type": 2,
          "driver_version_raw": 104865800,
          "queue_family": 1,
          "queue_flags": 14,
          "queue_timestamp_valid_bits": 64,
          "requested_api_version": "1.2",
          "requested_independent_lanes": 4,
          "shader_integer_dot_product": true,
          "storage_buffer_16bit": true,
          "timeline_semaphore": true,
          "vendor_id": 4098
        },
        "in_features": 2048,
        "local_size": 64,
        "median_us": 20.168,
        "numeric_correctness": {
          "burst": {
            "exact_bf16_mismatches": 2500,
            "expected_repetitions": [
              0,
              1,
              2,
              3,
              4,
              5,
              6,
              7,
              8,
              9
            ],
            "kl_divergence": 7.475795864e-05,
            "max_abs": 0.0625,
            "mean_abs": 0.001559987664,
            "outputs_checked": 10,
            "pass": true,
            "top1": 1
          },
          "single": {
            "exact_bf16_mismatches": 41,
            "expected_repetitions": [
              0
            ],
            "kl_divergence": 2.576833846e-09,
            "max_abs": 0.03125,
            "mean_abs": 0.0005187988281,
            "outputs_checked": 1,
            "pass": true,
            "top1": 1
          }
        },
        "operation": "q8_0_dense_dp4a_quantize_plus_dot",
        "out_features": 2048,
        "q8_0_weight_bytes": 4456448,
        "q8_blocks_per_row": 64,
        "row_tile": 4,
        "rows": 1,
        "sequence_validation": {
          "burst_expected_repetitions": [
            0,
            1,
            2,
            3,
            4,
            5,
            6,
            7,
            8,
            9
          ],
          "input_repetition_pattern": "distinct_deterministic_salt",
          "output_partitioning": "disjoint",
          "single_expected_repetitions": [
            0
          ],
          "xq_partitioning": "disjoint"
        },
        "submission": {
          "completion_in_host_wall": true,
          "queue_or_stream_count": 4,
          "recording_in_timed_region": false,
          "strategy": "vulkan_multi_queue",
          "submit_in_host_wall": true
        },
        "timing": {
          "burst": {
            "dispatches_per_iteration": 2,
            "gpu_elapsed": {
              "clock": "vulkan_calibrated_multi_queue_timestamp_span",
              "per_iteration_us": {
                "max": 21.080000000000002,
                "median": 20.168,
                "min": 16.564,
                "n": 5,
                "p05": 16.651200000000003,
                "p95": 20.9056,
                "samples": 5,
                "stdev": 1.8484536239787035
              },
              "sequence_us": {
                "max": 210.8,
                "median": 201.68,
                "min": 165.64,
                "n": 5,
                "p05": 166.512,
                "p95": 209.05599999999998,
                "samples": 5,
                "stdev": 18.484536239787037
              },
              "status": "ok"
            },
            "host_wall": {
              "clock": "steady_clock",
              "per_iteration_us": {
                "max": 30.6795,
                "median": 28.211399999999998,
                "min": 24.3133,
                "n": 5,
                "p05": 24.351920000000003,
                "p95": 30.3109,
                "samples": 5,
                "stdev": 2.5034630665540085
              },
              "sequence_us": {
                "max": 306.795,
                "median": 282.114,
                "min": 243.133,
                "n": 5,
                "p05": 243.5192,
                "p95": 303.109,
                "samples": 5,
                "stdev": 25.03463066554009
              },
              "status": "ok"
            },
            "logical_iterations": 10
          },
          "single": {
            "dispatches_per_iteration": 2,
            "gpu_elapsed": {
              "clock": "vulkan_calibrated_multi_queue_timestamp_span",
              "per_iteration_us": {
                "max": 83.28,
                "median": 57.0,
                "min": 56.08,
                "n": 5,
                "p05": 56.224000000000004,
                "p95": 82.80799999999999,
                "samples": 5,
                "stdev": 12.505374204716947
              },
              "sequence_us": {
                "max": 83.28,
                "median": 57.0,
                "min": 56.08,
                "n": 5,
                "p05": 56.224000000000004,
                "p95": 82.80799999999999,
                "samples": 5,
                "stdev": 12.505374204716947
              },
              "status": "ok"
            },
            "host_wall": {
              "clock": "steady_clock",
              "per_iteration_us": {
                "max": 165.503,
                "median": 138.402,
                "min": 133.242,
                "n": 5,
                "p05": 133.68,
                "p95": 164.61079999999998,
                "samples": 5,
                "stdev": 13.683458896054026
              },
              "sequence_us": {
                "max": 165.503,
                "median": 138.402,
                "min": 133.242,
                "n": 5,
                "p05": 133.68,
                "p95": 164.61079999999998,
                "samples": 5,
                "stdev": 13.683458896054026
              },
              "status": "ok"
            },
            "logical_iterations": 1
          }
        },
        "timing_mode": "independent_throughput",
        "variant": "rowtile4",
        "workgroup_match": "vulkan_diagnostic_unmatched"
      },
      {
        "backend": "vulkan",
        "correctness": {
          "single_dispatch": {
            "oracle": "CPU Q8_0 dense q8_1+dp4a BF16 logits with KL <= 0.05 and top-1 >= 90%",
            "status": "pass"
          },
          "synchronization": {
            "barrier_count": 0,
            "method": "disjoint_xq_and_output_slices",
            "status": "pass"
          },
          "timed_sequence": {
            "coverage": "all_dispatches",
            "logical_iterations": 10,
            "oracle": "CPU Q8_0 dense q8_1+dp4a BF16 logits with KL <= 0.05 and top-1 >= 90%",
            "status": "pass"
          }
        },
        "correctness_pass": true,
        "dependency_contract": {
          "inter_dispatch_ordering": "none",
          "output_partitioning": "disjoint",
          "validation_status": "pass",
          "work_dependency": "independent"
        },
        "execution": {
          "actual_parallel_lanes": 1,
          "burst_lane_gpu_samples_us": [],
          "calibrated_timestamp_domain": false,
          "calibrated_timestamp_extension": "",
          "lane_assignment": "single_command_buffer",
          "requested_parallel_lanes": 4,
          "single_lane_gpu_samples_us": [],
          "submission_strategy": "vulkan_command_buffer"
        },
        "hardware": {
          "actual_independent_lanes": 4,
          "api_version": "1.4.318",
          "calibrated_timestamp_extension": "VK_KHR_calibrated_timestamps",
          "device_id": 30032,
          "device_name": "AMD Radeon Graphics (RADV GFX1201)",
          "device_type": 2,
          "driver_version_raw": 104865800,
          "queue_family": 1,
          "queue_flags": 14,
          "queue_timestamp_valid_bits": 64,
          "requested_api_version": "1.2",
          "requested_independent_lanes": 4,
          "shader_integer_dot_product": true,
          "storage_buffer_16bit": true,
          "timeline_semaphore": true,
          "vendor_id": 4098
        },
        "in_features": 2048,
        "local_size": 64,
        "median_us": 22.368000000000002,
        "numeric_correctness": {
          "burst": {
            "exact_bf16_mismatches": 12989,
            "expected_repetitions": [
              0,
              1,
              2,
              3,
              4,
              5,
              6,
              7,
              8,
              9
            ],
            "kl_divergence": 0.0001183141109,
            "max_abs": 0.0625,
            "mean_abs": 0.001415863866,
            "outputs_checked": 10,
            "pass": true,
            "top1": 1
          },
          "single": {
            "exact_bf16_mismatches": 1017,
            "expected_repetitions": [
              0
            ],
            "kl_divergence": 4.436209871e-06,
            "max_abs": 0.03125,
            "mean_abs": 0.000759601593,
            "outputs_checked": 1,
            "pass": true,
            "top1": 1
          }
        },
        "operation": "q8_0_dense_dp4a_dot_prequantized",
        "out_features": 2048,
        "q8_0_weight_bytes": 4456448,
        "q8_blocks_per_row": 64,
        "row_tile": 4,
        "rows": 4,
        "sequence_validation": {
          "burst_expected_repetitions": [
            0,
            1,
            2,
            3,
            4,
            5,
            6,
            7,
            8,
            9
          ],
          "input_repetition_pattern": "distinct_deterministic_salt",
          "output_partitioning": "disjoint",
          "single_expected_repetitions": [
            0
          ],
          "xq_partitioning": "disjoint"
        },
        "submission": {
          "completion_in_host_wall": true,
          "queue_or_stream_count": 1,
          "recording_in_timed_region": false,
          "strategy": "vulkan_command_buffer",
          "submit_in_host_wall": true
        },
        "timing": {
          "burst": {
            "dispatches_per_iteration": 1,
            "gpu_elapsed": {
              "clock": "vulkan_timestamp",
              "per_iteration_us": {
                "max": 22.444,
                "median": 22.368000000000002,
                "min": 22.34,
                "n": 5,
                "p05": 22.3424,
                "p95": 22.432799999999997,
                "samples": 5,
                "stdev": 0.03653819918934099
              },
              "sequence_us": {
                "max": 224.44,
                "median": 223.68,
                "min": 223.4,
                "n": 5,
                "p05": 223.42400000000004,
                "p95": 224.328,
                "samples": 5,
                "stdev": 0.3653819918934115
              },
              "status": "ok"
            },
            "host_wall": {
              "clock": "steady_clock",
              "per_iteration_us": {
                "max": 29.4464,
                "median": 28.4164,
                "min": 28.1924,
                "n": 5,
                "p05": 28.21002,
                "p95": 29.259999999999998,
                "samples": 5,
                "stdev": 0.4519188617440085
              },
              "sequence_us": {
                "max": 294.464,
                "median": 284.164,
                "min": 281.924,
                "n": 5,
                "p05": 282.1002,
                "p95": 292.6,
                "samples": 5,
                "stdev": 4.519188617440085
              },
              "status": "ok"
            },
            "logical_iterations": 10
          },
          "single": {
            "dispatches_per_iteration": 1,
            "gpu_elapsed": {
              "clock": "vulkan_timestamp",
              "per_iteration_us": {
                "max": 34.2,
                "median": 33.88,
                "min": 33.2,
                "n": 5,
                "p05": 33.312000000000005,
                "p95": 34.192,
                "samples": 5,
                "stdev": 0.360444170434201
              },
              "sequence_us": {
                "max": 34.2,
                "median": 33.88,
                "min": 33.2,
                "n": 5,
                "p05": 33.312000000000005,
                "p95": 34.192,
                "samples": 5,
                "stdev": 0.360444170434201
              },
              "status": "ok"
            },
            "host_wall": {
              "clock": "steady_clock",
              "per_iteration_us": {
                "max": 101.461,
                "median": 96.882,
                "min": 87.592,
                "n": 5,
                "p05": 89.382,
                "p95": 100.941,
                "samples": 5,
                "stdev": 4.6779470967508825
              },
              "sequence_us": {
                "max": 101.461,
                "median": 96.882,
                "min": 87.592,
                "n": 5,
                "p05": 89.382,
                "p95": 100.941,
                "samples": 5,
                "stdev": 4.6779470967508825
              },
              "status": "ok"
            },
            "logical_iterations": 1
          }
        },
        "timing_mode": "independent_throughput",
        "variant": "rowtile4",
        "workgroup_match": "vulkan_diagnostic_unmatched"
      },
      {
        "backend": "vulkan",
        "correctness": {
          "single_dispatch": {
            "oracle": "CPU Q8_0 dense q8_1+dp4a BF16 logits with KL <= 0.05 and top-1 >= 90%",
            "status": "pass"
          },
          "synchronization": {
            "barrier_count": 10,
            "method": "timeline_coordinated_multi_queue_disjoint_slices",
            "status": "pass"
          },
          "timed_sequence": {
            "coverage": "all_dispatches",
            "logical_iterations": 10,
            "oracle": "CPU Q8_0 dense q8_1+dp4a BF16 logits with KL <= 0.05 and top-1 >= 90%",
            "status": "pass"
          }
        },
        "correctness_pass": true,
        "dependency_contract": {
          "inter_dispatch_ordering": "none",
          "output_partitioning": "disjoint",
          "validation_status": "pass",
          "work_dependency": "independent"
        },
        "execution": {
          "actual_parallel_lanes": 4,
          "burst_lane_gpu_samples_us": [
            [
              208.84,
              153.36,
              144.8,
              63.28
            ],
            [
              132.92,
              196.08,
              151.88,
              87.52
            ],
            [
              149.52,
              199.4,
              152.52,
              63.6
            ],
            [
              132,
              169.32,
              132.2,
              84.96
            ],
            [
              170.48,
              148,
              172.24,
              80.68
            ]
          ],
          "calibrated_timestamp_domain": true,
          "calibrated_timestamp_extension": "VK_KHR_calibrated_timestamps",
          "lane_assignment": "round_robin_multi_queue",
          "requested_parallel_lanes": 4,
          "single_lane_gpu_samples_us": [
            [
              38.24,
              3.16,
              3.2,
              2.96
            ],
            [
              37.44,
              2.8,
              3.04,
              2.44
            ],
            [
              35.48,
              3.36,
              2.64,
              2.96
            ],
            [
              36.04,
              2.96,
              3.16,
              2.56
            ],
            [
              35.84,
              3.36,
              2.36,
              3.04
            ]
          ],
          "submission_strategy": "vulkan_multi_queue"
        },
        "hardware": {
          "actual_independent_lanes": 4,
          "api_version": "1.4.318",
          "calibrated_timestamp_extension": "VK_KHR_calibrated_timestamps",
          "device_id": 30032,
          "device_name": "AMD Radeon Graphics (RADV GFX1201)",
          "device_type": 2,
          "driver_version_raw": 104865800,
          "queue_family": 1,
          "queue_flags": 14,
          "queue_timestamp_valid_bits": 64,
          "requested_api_version": "1.2",
          "requested_independent_lanes": 4,
          "shader_integer_dot_product": true,
          "storage_buffer_16bit": true,
          "timeline_semaphore": true,
          "vendor_id": 4098
        },
        "in_features": 2048,
        "local_size": 64,
        "median_us": 28.048000000000002,
        "numeric_correctness": {
          "burst": {
            "exact_bf16_mismatches": 12989,
            "expected_repetitions": [
              0,
              1,
              2,
              3,
              4,
              5,
              6,
              7,
              8,
              9
            ],
            "kl_divergence": 0.0001183141109,
            "max_abs": 0.0625,
            "mean_abs": 0.001415863866,
            "outputs_checked": 10,
            "pass": true,
            "top1": 1
          },
          "single": {
            "exact_bf16_mismatches": 1017,
            "expected_repetitions": [
              0
            ],
            "kl_divergence": 4.436209871e-06,
            "max_abs": 0.03125,
            "mean_abs": 0.000759601593,
            "outputs_checked": 1,
            "pass": true,
            "top1": 1
          }
        },
        "operation": "q8_0_dense_dp4a_quantize_plus_dot",
        "out_features": 2048,
        "q8_0_weight_bytes": 4456448,
        "q8_blocks_per_row": 64,
        "row_tile": 4,
        "rows": 4,
        "sequence_validation": {
          "burst_expected_repetitions": [
            0,
            1,
            2,
            3,
            4,
            5,
            6,
            7,
            8,
            9
          ],
          "input_repetition_pattern": "distinct_deterministic_salt",
          "output_partitioning": "disjoint",
          "single_expected_repetitions": [
            0
          ],
          "xq_partitioning": "disjoint"
        },
        "submission": {
          "completion_in_host_wall": true,
          "queue_or_stream_count": 4,
          "recording_in_timed_region": false,
          "strategy": "vulkan_multi_queue",
          "submit_in_host_wall": true
        },
        "timing": {
          "burst": {
            "dispatches_per_iteration": 2,
            "gpu_elapsed": {
              "clock": "vulkan_calibrated_multi_queue_timestamp_span",
              "per_iteration_us": {
                "max": 29.224,
                "median": 28.048000000000002,
                "min": 23.808,
                "n": 5,
                "p05": 23.8728,
                "p95": 29.043999999999997,
                "samples": 5,
                "stdev": 2.270818566068193
              },
              "sequence_us": {
                "max": 292.24,
                "median": 280.48,
                "min": 238.08,
                "n": 5,
                "p05": 238.72800000000004,
                "p95": 290.44,
                "samples": 5,
                "stdev": 22.708185660681924
              },
              "status": "ok"
            },
            "host_wall": {
              "clock": "steady_clock",
              "per_iteration_us": {
                "max": 38.089600000000004,
                "median": 37.1266,
                "min": 31.952499999999997,
                "n": 5,
                "p05": 32.1301,
                "p95": 37.95138,
                "samples": 5,
                "stdev": 2.5539048773202206
              },
              "sequence_us": {
                "max": 380.896,
                "median": 371.266,
                "min": 319.525,
                "n": 5,
                "p05": 321.301,
                "p95": 379.5138,
                "samples": 5,
                "stdev": 25.539048773202204
              },
              "status": "ok"
            },
            "logical_iterations": 10
          },
          "single": {
            "dispatches_per_iteration": 2,
            "gpu_elapsed": {
              "clock": "vulkan_calibrated_multi_queue_timestamp_span",
              "per_iteration_us": {
                "max": 88.52,
                "median": 63.04,
                "min": 51.0,
                "n": 5,
                "p05": 53.176,
                "p95": 83.47999999999999,
                "samples": 5,
                "stdev": 12.361757803807675
              },
              "sequence_us": {
                "max": 88.52,
                "median": 63.04,
                "min": 51.0,
                "n": 5,
                "p05": 53.176,
                "p95": 83.47999999999999,
                "samples": 5,
                "stdev": 12.361757803807675
              },
              "status": "ok"
            },
            "host_wall": {
              "clock": "steady_clock",
              "per_iteration_us": {
                "max": 169.002,
                "median": 142.403,
                "min": 136.722,
                "n": 5,
                "p05": 136.76800000000003,
                "p95": 166.2622,
                "samples": 5,
                "stdev": 12.449631522258
              },
              "sequence_us": {
                "max": 169.002,
                "median": 142.403,
                "min": 136.722,
                "n": 5,
                "p05": 136.76800000000003,
                "p95": 166.2622,
                "samples": 5,
                "stdev": 12.449631522258
              },
              "status": "ok"
            },
            "logical_iterations": 1
          }
        },
        "timing_mode": "independent_throughput",
        "variant": "rowtile4",
        "workgroup_match": "vulkan_diagnostic_unmatched"
      },
      {
        "backend": "vulkan",
        "correctness": {
          "single_dispatch": {
            "oracle": "CPU Q8_0 dense q8_1+dp4a BF16 logits with KL <= 0.05 and top-1 >= 90%",
            "status": "pass"
          },
          "synchronization": {
            "barrier_count": 0,
            "method": "disjoint_xq_and_output_slices",
            "status": "pass"
          },
          "timed_sequence": {
            "coverage": "all_dispatches",
            "logical_iterations": 10,
            "oracle": "CPU Q8_0 dense q8_1+dp4a BF16 logits with KL <= 0.05 and top-1 >= 90%",
            "status": "pass"
          }
        },
        "correctness_pass": true,
        "dependency_contract": {
          "inter_dispatch_ordering": "none",
          "output_partitioning": "disjoint",
          "validation_status": "pass",
          "work_dependency": "independent"
        },
        "execution": {
          "actual_parallel_lanes": 1,
          "burst_lane_gpu_samples_us": [],
          "calibrated_timestamp_domain": false,
          "calibrated_timestamp_extension": "",
          "lane_assignment": "single_command_buffer",
          "requested_parallel_lanes": 4,
          "single_lane_gpu_samples_us": [],
          "submission_strategy": "vulkan_command_buffer"
        },
        "hardware": {
          "actual_independent_lanes": 4,
          "api_version": "1.4.318",
          "calibrated_timestamp_extension": "VK_KHR_calibrated_timestamps",
          "device_id": 30032,
          "device_name": "AMD Radeon Graphics (RADV GFX1201)",
          "device_type": 2,
          "driver_version_raw": 104865800,
          "queue_family": 1,
          "queue_flags": 14,
          "queue_timestamp_valid_bits": 64,
          "requested_api_version": "1.2",
          "requested_independent_lanes": 4,
          "shader_integer_dot_product": true,
          "storage_buffer_16bit": true,
          "timeline_semaphore": true,
          "vendor_id": 4098
        },
        "in_features": 768,
        "local_size": 128,
        "median_us": 7.876,
        "numeric_correctness": {
          "burst": {
            "exact_bf16_mismatches": 2785,
            "expected_repetitions": [
              0,
              1,
              2,
              3,
              4,
              5,
              6,
              7,
              8,
              9
            ],
            "kl_divergence": 7.509737071e-05,
            "max_abs": 0.03125,
            "mean_abs": 0.001078635454,
            "outputs_checked": 10,
            "pass": true,
            "top1": 1
          },
          "single": {
            "exact_bf16_mismatches": 251,
            "expected_repetitions": [
              0
            ],
            "kl_divergence": 3.301283582e-07,
            "max_abs": 0.015625,
            "mean_abs": 0.0002901772968,
            "outputs_checked": 1,
            "pass": true,
            "top1": 1
          }
        },
        "operation": "q8_0_dense_dp4a_dot_prequantized",
        "out_features": 2048,
        "q8_0_weight_bytes": 1671168,
        "q8_blocks_per_row": 24,
        "row_tile": 1,
        "rows": 1,
        "sequence_validation": {
          "burst_expected_repetitions": [
            0,
            1,
            2,
            3,
            4,
            5,
            6,
            7,
            8,
            9
          ],
          "input_repetition_pattern": "distinct_deterministic_salt",
          "output_partitioning": "disjoint",
          "single_expected_repetitions": [
            0
          ],
          "xq_partitioning": "disjoint"
        },
        "submission": {
          "completion_in_host_wall": true,
          "queue_or_stream_count": 1,
          "recording_in_timed_region": false,
          "strategy": "vulkan_command_buffer",
          "submit_in_host_wall": true
        },
        "timing": {
          "burst": {
            "dispatches_per_iteration": 1,
            "gpu_elapsed": {
              "clock": "vulkan_timestamp",
              "per_iteration_us": {
                "max": 7.928,
                "median": 7.876,
                "min": 7.872,
                "n": 5,
                "p05": 7.8728,
                "p95": 7.9264,
                "samples": 5,
                "stdev": 0.02434419848752459
              },
              "sequence_us": {
                "max": 79.28,
                "median": 78.76,
                "min": 78.72,
                "n": 5,
                "p05": 78.72800000000001,
                "p95": 79.264,
                "samples": 5,
                "stdev": 0.2434419848752466
              },
              "status": "ok"
            },
            "host_wall": {
              "clock": "steady_clock",
              "per_iteration_us": {
                "max": 14.337200000000001,
                "median": 14.1862,
                "min": 14.115199999999998,
                "n": 5,
                "p05": 14.119219999999999,
                "p95": 14.3078,
                "samples": 5,
                "stdev": 0.07775562744907989
              },
              "sequence_us": {
                "max": 143.372,
                "median": 141.862,
                "min": 141.152,
                "n": 5,
                "p05": 141.1922,
                "p95": 143.078,
                "samples": 5,
                "stdev": 0.7775562744907989
              },
              "status": "ok"
            },
            "logical_iterations": 10
          },
          "single": {
            "dispatches_per_iteration": 1,
            "gpu_elapsed": {
              "clock": "vulkan_timestamp",
              "per_iteration_us": {
                "max": 16.68,
                "median": 16.32,
                "min": 15.76,
                "n": 5,
                "p05": 15.848,
                "p95": 16.656,
                "samples": 5,
                "stdev": 0.3205994385522219
              },
              "sequence_us": {
                "max": 16.68,
                "median": 16.32,
                "min": 15.76,
                "n": 5,
                "p05": 15.848,
                "p95": 16.656,
                "samples": 5,
                "stdev": 0.3205994385522219
              },
              "status": "ok"
            },
            "host_wall": {
              "clock": "steady_clock",
              "per_iteration_us": {
                "max": 81.342,
                "median": 78.861,
                "min": 76.451,
                "n": 5,
                "p05": 76.931,
                "p95": 80.8558,
                "samples": 5,
                "stdev": 1.546841737218131
              },
              "sequence_us": {
                "max": 81.342,
                "median": 78.861,
                "min": 76.451,
                "n": 5,
                "p05": 76.931,
                "p95": 80.8558,
                "samples": 5,
                "stdev": 1.546841737218131
              },
              "status": "ok"
            },
            "logical_iterations": 1
          }
        },
        "timing_mode": "independent_throughput",
        "variant": "single",
        "workgroup_match": "vulkan_diagnostic_unmatched"
      },
      {
        "backend": "vulkan",
        "correctness": {
          "single_dispatch": {
            "oracle": "CPU Q8_0 dense q8_1+dp4a BF16 logits with KL <= 0.05 and top-1 >= 90%",
            "status": "pass"
          },
          "synchronization": {
            "barrier_count": 10,
            "method": "timeline_coordinated_multi_queue_disjoint_slices",
            "status": "pass"
          },
          "timed_sequence": {
            "coverage": "all_dispatches",
            "logical_iterations": 10,
            "oracle": "CPU Q8_0 dense q8_1+dp4a BF16 logits with KL <= 0.05 and top-1 >= 90%",
            "status": "pass"
          }
        },
        "correctness_pass": true,
        "dependency_contract": {
          "inter_dispatch_ordering": "none",
          "output_partitioning": "disjoint",
          "validation_status": "pass",
          "work_dependency": "independent"
        },
        "execution": {
          "actual_parallel_lanes": 4,
          "burst_lane_gpu_samples_us": [
            [
              105.16,
              58.96,
              89.96,
              37.76
            ],
            [
              64.08,
              132.36,
              87.36,
              46
            ],
            [
              105.72,
              58.8,
              90.92,
              38.88
            ],
            [
              56.88,
              67.76,
              77.16,
              83.12
            ],
            [
              104.92,
              57.8,
              90.08,
              38.48
            ]
          ],
          "calibrated_timestamp_domain": true,
          "calibrated_timestamp_extension": "VK_KHR_calibrated_timestamps",
          "lane_assignment": "round_robin_multi_queue",
          "requested_parallel_lanes": 4,
          "single_lane_gpu_samples_us": [
            [
              20.12,
              3.12,
              3.12,
              2.24
            ],
            [
              20.36,
              2.52,
              3.32,
              2.92
            ],
            [
              20.52,
              3.28,
              2.92,
              2.92
            ],
            [
              20.4,
              2.88,
              2.72,
              2.4
            ],
            [
              20.48,
              2.44,
              2.96,
              2.4
            ]
          ],
          "submission_strategy": "vulkan_multi_queue"
        },
        "hardware": {
          "actual_independent_lanes": 4,
          "api_version": "1.4.318",
          "calibrated_timestamp_extension": "VK_KHR_calibrated_timestamps",
          "device_id": 30032,
          "device_name": "AMD Radeon Graphics (RADV GFX1201)",
          "device_type": 2,
          "driver_version_raw": 104865800,
          "queue_family": 1,
          "queue_flags": 14,
          "queue_timestamp_valid_bits": 64,
          "requested_api_version": "1.2",
          "requested_independent_lanes": 4,
          "shader_integer_dot_product": true,
          "storage_buffer_16bit": true,
          "timeline_semaphore": true,
          "vendor_id": 4098
        },
        "in_features": 768,
        "local_size": 128,
        "median_us": 17.824,
        "numeric_correctness": {
          "burst": {
            "exact_bf16_mismatches": 2785,
            "expected_repetitions": [
              0,
              1,
              2,
              3,
              4,
              5,
              6,
              7,
              8,
              9
            ],
            "kl_divergence": 7.509737071e-05,
            "max_abs": 0.03125,
            "mean_abs": 0.001078635454,
            "outputs_checked": 10,
            "pass": true,
            "top1": 1
          },
          "single": {
            "exact_bf16_mismatches": 251,
            "expected_repetitions": [
              0
            ],
            "kl_divergence": 3.301283582e-07,
            "max_abs": 0.015625,
            "mean_abs": 0.0002901772968,
            "outputs_checked": 1,
            "pass": true,
            "top1": 1
          }
        },
        "operation": "q8_0_dense_dp4a_quantize_plus_dot",
        "out_features": 2048,
        "q8_0_weight_bytes": 1671168,
        "q8_blocks_per_row": 24,
        "row_tile": 1,
        "rows": 1,
        "sequence_validation": {
          "burst_expected_repetitions": [
            0,
            1,
            2,
            3,
            4,
            5,
            6,
            7,
            8,
            9
          ],
          "input_repetition_pattern": "distinct_deterministic_salt",
          "output_partitioning": "disjoint",
          "single_expected_repetitions": [
            0
          ],
          "xq_partitioning": "disjoint"
        },
        "submission": {
          "completion_in_host_wall": true,
          "queue_or_stream_count": 4,
          "recording_in_timed_region": false,
          "strategy": "vulkan_multi_queue",
          "submit_in_host_wall": true
        },
        "timing": {
          "burst": {
            "dispatches_per_iteration": 2,
            "gpu_elapsed": {
              "clock": "vulkan_calibrated_multi_queue_timestamp_span",
              "per_iteration_us": {
                "max": 18.732,
                "median": 17.824,
                "min": 13.844,
                "n": 5,
                "p05": 14.6056,
                "p95": 18.645599999999998,
                "samples": 5,
                "stdev": 1.7543465564135272
              },
              "sequence_us": {
                "max": 187.32,
                "median": 178.24,
                "min": 138.44,
                "n": 5,
                "p05": 146.056,
                "p95": 186.456,
                "samples": 5,
                "stdev": 17.543465564135268
              },
              "status": "ok"
            },
            "host_wall": {
              "clock": "steady_clock",
              "per_iteration_us": {
                "max": 26.873399999999997,
                "median": 25.980399999999996,
                "min": 21.872300000000003,
                "n": 5,
                "p05": 22.687520000000003,
                "p95": 26.827019999999997,
                "samples": 5,
                "stdev": 1.831640391561617
              },
              "sequence_us": {
                "max": 268.734,
                "median": 259.804,
                "min": 218.723,
                "n": 5,
                "p05": 226.8752,
                "p95": 268.2702,
                "samples": 5,
                "stdev": 18.316403915616178
              },
              "status": "ok"
            },
            "logical_iterations": 10
          },
          "single": {
            "dispatches_per_iteration": 2,
            "gpu_elapsed": {
              "clock": "vulkan_calibrated_multi_queue_timestamp_span",
              "per_iteration_us": {
                "max": 71.28,
                "median": 56.36,
                "min": 42.72,
                "n": 5,
                "p05": 44.192,
                "p95": 68.67999999999999,
                "samples": 5,
                "stdev": 9.485605094035911
              },
              "sequence_us": {
                "max": 71.28,
                "median": 56.36,
                "min": 42.72,
                "n": 5,
                "p05": 44.192,
                "p95": 68.67999999999999,
                "samples": 5,
                "stdev": 9.485605094035911
              },
              "status": "ok"
            },
            "host_wall": {
              "clock": "steady_clock",
              "per_iteration_us": {
                "max": 153.963,
                "median": 132.342,
                "min": 118.652,
                "n": 5,
                "p05": 119.29000000000002,
                "p95": 151.5368,
                "samples": 5,
                "stdev": 13.004720625988085
              },
              "sequence_us": {
                "max": 153.963,
                "median": 132.342,
                "min": 118.652,
                "n": 5,
                "p05": 119.29000000000002,
                "p95": 151.5368,
                "samples": 5,
                "stdev": 13.004720625988085
              },
              "status": "ok"
            },
            "logical_iterations": 1
          }
        },
        "timing_mode": "independent_throughput",
        "variant": "single",
        "workgroup_match": "vulkan_diagnostic_unmatched"
      },
      {
        "backend": "vulkan",
        "correctness": {
          "single_dispatch": {
            "oracle": "CPU Q8_0 dense q8_1+dp4a BF16 logits with KL <= 0.05 and top-1 >= 90%",
            "status": "pass"
          },
          "synchronization": {
            "barrier_count": 0,
            "method": "disjoint_xq_and_output_slices",
            "status": "pass"
          },
          "timed_sequence": {
            "coverage": "all_dispatches",
            "logical_iterations": 10,
            "oracle": "CPU Q8_0 dense q8_1+dp4a BF16 logits with KL <= 0.05 and top-1 >= 90%",
            "status": "pass"
          }
        },
        "correctness_pass": true,
        "dependency_contract": {
          "inter_dispatch_ordering": "none",
          "output_partitioning": "disjoint",
          "validation_status": "pass",
          "work_dependency": "independent"
        },
        "execution": {
          "actual_parallel_lanes": 1,
          "burst_lane_gpu_samples_us": [],
          "calibrated_timestamp_domain": false,
          "calibrated_timestamp_extension": "",
          "lane_assignment": "single_command_buffer",
          "requested_parallel_lanes": 4,
          "single_lane_gpu_samples_us": [],
          "submission_strategy": "vulkan_command_buffer"
        },
        "hardware": {
          "actual_independent_lanes": 4,
          "api_version": "1.4.318",
          "calibrated_timestamp_extension": "VK_KHR_calibrated_timestamps",
          "device_id": 30032,
          "device_name": "AMD Radeon Graphics (RADV GFX1201)",
          "device_type": 2,
          "driver_version_raw": 104865800,
          "queue_family": 1,
          "queue_flags": 14,
          "queue_timestamp_valid_bits": 64,
          "requested_api_version": "1.2",
          "requested_independent_lanes": 4,
          "shader_integer_dot_product": true,
          "storage_buffer_16bit": true,
          "timeline_semaphore": true,
          "vendor_id": 4098
        },
        "in_features": 768,
        "local_size": 128,
        "median_us": 28.824,
        "numeric_correctness": {
          "burst": {
            "exact_bf16_mismatches": 13155,
            "expected_repetitions": [
              0,
              1,
              2,
              3,
              4,
              5,
              6,
              7,
              8,
              9
            ],
            "kl_divergence": 7.737942242e-05,
            "max_abs": 0.03125,
            "mean_abs": 0.0008274186403,
            "outputs_checked": 10,
            "pass": true,
            "top1": 1
          },
          "single": {
            "exact_bf16_mismatches": 1232,
            "expected_repetitions": [
              0
            ],
            "kl_divergence": 3.999396507e-05,
            "max_abs": 0.03125,
            "mean_abs": 0.0005773062585,
            "outputs_checked": 1,
            "pass": true,
            "top1": 1
          }
        },
        "operation": "q8_0_dense_dp4a_dot_prequantized",
        "out_features": 2048,
        "q8_0_weight_bytes": 1671168,
        "q8_blocks_per_row": 24,
        "row_tile": 1,
        "rows": 4,
        "sequence_validation": {
          "burst_expected_repetitions": [
            0,
            1,
            2,
            3,
            4,
            5,
            6,
            7,
            8,
            9
          ],
          "input_repetition_pattern": "distinct_deterministic_salt",
          "output_partitioning": "disjoint",
          "single_expected_repetitions": [
            0
          ],
          "xq_partitioning": "disjoint"
        },
        "submission": {
          "completion_in_host_wall": true,
          "queue_or_stream_count": 1,
          "recording_in_timed_region": false,
          "strategy": "vulkan_command_buffer",
          "submit_in_host_wall": true
        },
        "timing": {
          "burst": {
            "dispatches_per_iteration": 1,
            "gpu_elapsed": {
              "clock": "vulkan_timestamp",
              "per_iteration_us": {
                "max": 28.844,
                "median": 28.824,
                "min": 28.808,
                "n": 5,
                "p05": 28.811200000000003,
                "p95": 28.8416,
                "samples": 5,
                "stdev": 0.011757550765359604
              },
              "sequence_us": {
                "max": 288.44,
                "median": 288.24,
                "min": 288.08,
                "n": 5,
                "p05": 288.112,
                "p95": 288.416,
                "samples": 5,
                "stdev": 0.11757550765359545
              },
              "status": "ok"
            },
            "host_wall": {
              "clock": "steady_clock",
              "per_iteration_us": {
                "max": 35.5175,
                "median": 35.2955,
                "min": 35.1826,
                "n": 5,
                "p05": 35.2044,
                "p95": 35.485099999999996,
                "samples": 5,
                "stdev": 0.10971546108001289
              },
              "sequence_us": {
                "max": 355.175,
                "median": 352.955,
                "min": 351.826,
                "n": 5,
                "p05": 352.044,
                "p95": 354.851,
                "samples": 5,
                "stdev": 1.0971546108001367
              },
              "status": "ok"
            },
            "logical_iterations": 10
          },
          "single": {
            "dispatches_per_iteration": 1,
            "gpu_elapsed": {
              "clock": "vulkan_timestamp",
              "per_iteration_us": {
                "max": 37.8,
                "median": 37.24,
                "min": 36.72,
                "n": 5,
                "p05": 36.768,
                "p95": 37.736,
                "samples": 5,
                "stdev": 0.3794733192202045
              },
              "sequence_us": {
                "max": 37.8,
                "median": 37.24,
                "min": 36.72,
                "n": 5,
                "p05": 36.768,
                "p95": 37.736,
                "samples": 5,
                "stdev": 0.3794733192202045
              },
              "status": "ok"
            },
            "host_wall": {
              "clock": "steady_clock",
              "per_iteration_us": {
                "max": 106.941,
                "median": 101.892,
                "min": 92.192,
                "n": 5,
                "p05": 93.9298,
                "p95": 105.9472,
                "samples": 5,
                "stdev": 4.782868954926533
              },
              "sequence_us": {
                "max": 106.941,
                "median": 101.892,
                "min": 92.192,
                "n": 5,
                "p05": 93.9298,
                "p95": 105.9472,
                "samples": 5,
                "stdev": 4.782868954926533
              },
              "status": "ok"
            },
            "logical_iterations": 1
          }
        },
        "timing_mode": "independent_throughput",
        "variant": "single",
        "workgroup_match": "vulkan_diagnostic_unmatched"
      },
      {
        "backend": "vulkan",
        "correctness": {
          "single_dispatch": {
            "oracle": "CPU Q8_0 dense q8_1+dp4a BF16 logits with KL <= 0.05 and top-1 >= 90%",
            "status": "pass"
          },
          "synchronization": {
            "barrier_count": 10,
            "method": "timeline_coordinated_multi_queue_disjoint_slices",
            "status": "pass"
          },
          "timed_sequence": {
            "coverage": "all_dispatches",
            "logical_iterations": 10,
            "oracle": "CPU Q8_0 dense q8_1+dp4a BF16 logits with KL <= 0.05 and top-1 >= 90%",
            "status": "pass"
          }
        },
        "correctness_pass": true,
        "dependency_contract": {
          "inter_dispatch_ordering": "none",
          "output_partitioning": "disjoint",
          "validation_status": "pass",
          "work_dependency": "independent"
        },
        "execution": {
          "actual_parallel_lanes": 4,
          "burst_lane_gpu_samples_us": [
            [
              262.68,
              158.96,
              178.96,
              79.92
            ],
            [
              162.44,
              314.92,
              231.96,
              129.36
            ],
            [
              117.04,
              242.36,
              190,
              113.52
            ],
            [
              160.76,
              262.24,
              179.96,
              79.56
            ],
            [
              159.04,
              315.84,
              231.64,
              126.2
            ]
          ],
          "calibrated_timestamp_domain": true,
          "calibrated_timestamp_extension": "VK_KHR_calibrated_timestamps",
          "lane_assignment": "round_robin_multi_queue",
          "requested_parallel_lanes": 4,
          "single_lane_gpu_samples_us": [
            [
              42.28,
              3.28,
              3.12,
              3.44
            ],
            [
              42.2,
              3,
              3.28,
              3.36
            ],
            [
              40.96,
              3.08,
              3.16,
              2.92
            ],
            [
              42.08,
              2.96,
              2.44,
              2.36
            ],
            [
              41.28,
              3.24,
              2.36,
              3.36
            ]
          ],
          "submission_strategy": "vulkan_multi_queue"
        },
        "hardware": {
          "actual_independent_lanes": 4,
          "api_version": "1.4.318",
          "calibrated_timestamp_extension": "VK_KHR_calibrated_timestamps",
          "device_id": 30032,
          "device_name": "AMD Radeon Graphics (RADV GFX1201)",
          "device_type": 2,
          "driver_version_raw": 104865800,
          "queue_family": 1,
          "queue_flags": 14,
          "queue_timestamp_valid_bits": 64,
          "requested_api_version": "1.2",
          "requested_independent_lanes": 4,
          "shader_integer_dot_product": true,
          "storage_buffer_16bit": true,
          "timeline_semaphore": true,
          "vendor_id": 4098
        },
        "in_features": 768,
        "local_size": 128,
        "median_us": 36.812,
        "numeric_correctness": {
          "burst": {
            "exact_bf16_mismatches": 13155,
            "expected_repetitions": [
              0,
              1,
              2,
              3,
              4,
              5,
              6,
              7,
              8,
              9
            ],
            "kl_divergence": 7.737942242e-05,
            "max_abs": 0.03125,
            "mean_abs": 0.0008274186403,
            "outputs_checked": 10,
            "pass": true,
            "top1": 1
          },
          "single": {
            "exact_bf16_mismatches": 1232,
            "expected_repetitions": [
              0
            ],
            "kl_divergence": 3.999396507e-05,
            "max_abs": 0.03125,
            "mean_abs": 0.0005773062585,
            "outputs_checked": 1,
            "pass": true,
            "top1": 1
          }
        },
        "operation": "q8_0_dense_dp4a_quantize_plus_dot",
        "out_features": 2048,
        "q8_0_weight_bytes": 1671168,
        "q8_blocks_per_row": 24,
        "row_tile": 1,
        "rows": 4,
        "sequence_validation": {
          "burst_expected_repetitions": [
            0,
            1,
            2,
            3,
            4,
            5,
            6,
            7,
            8,
            9
          ],
          "input_repetition_pattern": "distinct_deterministic_salt",
          "output_partitioning": "disjoint",
          "single_expected_repetitions": [
            0
          ],
          "xq_partitioning": "disjoint"
        },
        "submission": {
          "completion_in_host_wall": true,
          "queue_or_stream_count": 4,
          "recording_in_timed_region": false,
          "strategy": "vulkan_multi_queue",
          "submit_in_host_wall": true
        },
        "timing": {
          "burst": {
            "dispatches_per_iteration": 2,
            "gpu_elapsed": {
              "clock": "vulkan_calibrated_multi_queue_timestamp_span",
              "per_iteration_us": {
                "max": 37.944,
                "median": 36.812,
                "min": 31.907999999999998,
                "n": 5,
                "p05": 31.9984,
                "p95": 37.729600000000005,
                "samples": 5,
                "stdev": 2.5228699847594216
              },
              "sequence_us": {
                "max": 379.44,
                "median": 368.12,
                "min": 319.08,
                "n": 5,
                "p05": 319.98400000000004,
                "p95": 377.296,
                "samples": 5,
                "stdev": 25.22869984759421
              },
              "status": "ok"
            },
            "host_wall": {
              "clock": "steady_clock",
              "per_iteration_us": {
                "max": 48.283699999999996,
                "median": 45.2177,
                "min": 39.6046,
                "n": 5,
                "p05": 39.6714,
                "p95": 47.835499999999996,
                "samples": 5,
                "stdev": 3.454081907888115
              },
              "sequence_us": {
                "max": 482.837,
                "median": 452.177,
                "min": 396.046,
                "n": 5,
                "p05": 396.71400000000006,
                "p95": 478.355,
                "samples": 5,
                "stdev": 34.54081907888115
              },
              "status": "ok"
            },
            "logical_iterations": 10
          },
          "single": {
            "dispatches_per_iteration": 2,
            "gpu_elapsed": {
              "clock": "vulkan_calibrated_multi_queue_timestamp_span",
              "per_iteration_us": {
                "max": 95.2,
                "median": 72.88,
                "min": 69.56,
                "n": 5,
                "p05": 70.024,
                "p95": 91.976,
                "samples": 5,
                "stdev": 9.289960172142829
              },
              "sequence_us": {
                "max": 95.2,
                "median": 72.88,
                "min": 69.56,
                "n": 5,
                "p05": 70.024,
                "p95": 91.976,
                "samples": 5,
                "stdev": 9.289960172142829
              },
              "status": "ok"
            },
            "host_wall": {
              "clock": "steady_clock",
              "per_iteration_us": {
                "max": 169.253,
                "median": 161.133,
                "min": 148.262,
                "n": 5,
                "p05": 149.272,
                "p95": 168.537,
                "samples": 5,
                "stdev": 7.752084586741809
              },
              "sequence_us": {
                "max": 169.253,
                "median": 161.133,
                "min": 148.262,
                "n": 5,
                "p05": 149.272,
                "p95": 168.537,
                "samples": 5,
                "stdev": 7.752084586741809
              },
              "status": "ok"
            },
            "logical_iterations": 1
          }
        },
        "timing_mode": "independent_throughput",
        "variant": "single",
        "workgroup_match": "vulkan_diagnostic_unmatched"
      },
      {
        "backend": "vulkan",
        "correctness": {
          "single_dispatch": {
            "oracle": "CPU Q8_0 dense q8_1+dp4a BF16 logits with KL <= 0.05 and top-1 >= 90%",
            "status": "pass"
          },
          "synchronization": {
            "barrier_count": 0,
            "method": "disjoint_xq_and_output_slices",
            "status": "pass"
          },
          "timed_sequence": {
            "coverage": "all_dispatches",
            "logical_iterations": 10,
            "oracle": "CPU Q8_0 dense q8_1+dp4a BF16 logits with KL <= 0.05 and top-1 >= 90%",
            "status": "pass"
          }
        },
        "correctness_pass": true,
        "dependency_contract": {
          "inter_dispatch_ordering": "none",
          "output_partitioning": "disjoint",
          "validation_status": "pass",
          "work_dependency": "independent"
        },
        "execution": {
          "actual_parallel_lanes": 1,
          "burst_lane_gpu_samples_us": [],
          "calibrated_timestamp_domain": false,
          "calibrated_timestamp_extension": "",
          "lane_assignment": "single_command_buffer",
          "requested_parallel_lanes": 4,
          "single_lane_gpu_samples_us": [],
          "submission_strategy": "vulkan_command_buffer"
        },
        "hardware": {
          "actual_independent_lanes": 4,
          "api_version": "1.4.318",
          "calibrated_timestamp_extension": "VK_KHR_calibrated_timestamps",
          "device_id": 30032,
          "device_name": "AMD Radeon Graphics (RADV GFX1201)",
          "device_type": 2,
          "driver_version_raw": 104865800,
          "queue_family": 1,
          "queue_flags": 14,
          "queue_timestamp_valid_bits": 64,
          "requested_api_version": "1.2",
          "requested_independent_lanes": 4,
          "shader_integer_dot_product": true,
          "storage_buffer_16bit": true,
          "timeline_semaphore": true,
          "vendor_id": 4098
        },
        "in_features": 2048,
        "local_size": 128,
        "median_us": 14.028,
        "numeric_correctness": {
          "burst": {
            "exact_bf16_mismatches": 2500,
            "expected_repetitions": [
              0,
              1,
              2,
              3,
              4,
              5,
              6,
              7,
              8,
              9
            ],
            "kl_divergence": 7.475795864e-05,
            "max_abs": 0.0625,
            "mean_abs": 0.001559987664,
            "outputs_checked": 10,
            "pass": true,
            "top1": 1
          },
          "single": {
            "exact_bf16_mismatches": 41,
            "expected_repetitions": [
              0
            ],
            "kl_divergence": 2.576833846e-09,
            "max_abs": 0.03125,
            "mean_abs": 0.0005187988281,
            "outputs_checked": 1,
            "pass": true,
            "top1": 1
          }
        },
        "operation": "q8_0_dense_dp4a_dot_prequantized",
        "out_features": 2048,
        "q8_0_weight_bytes": 4456448,
        "q8_blocks_per_row": 64,
        "row_tile": 1,
        "rows": 1,
        "sequence_validation": {
          "burst_expected_repetitions": [
            0,
            1,
            2,
            3,
            4,
            5,
            6,
            7,
            8,
            9
          ],
          "input_repetition_pattern": "distinct_deterministic_salt",
          "output_partitioning": "disjoint",
          "single_expected_repetitions": [
            0
          ],
          "xq_partitioning": "disjoint"
        },
        "submission": {
          "completion_in_host_wall": true,
          "queue_or_stream_count": 1,
          "recording_in_timed_region": false,
          "strategy": "vulkan_command_buffer",
          "submit_in_host_wall": true
        },
        "timing": {
          "burst": {
            "dispatches_per_iteration": 1,
            "gpu_elapsed": {
              "clock": "vulkan_timestamp",
              "per_iteration_us": {
                "max": 14.047999999999998,
                "median": 14.028,
                "min": 14.012,
                "n": 5,
                "p05": 14.014400000000002,
                "p95": 14.046399999999998,
                "samples": 5,
                "stdev": 0.012547509713085908
              },
              "sequence_us": {
                "max": 140.48,
                "median": 140.28,
                "min": 140.12,
                "n": 5,
                "p05": 140.144,
                "p95": 140.464,
                "samples": 5,
                "stdev": 0.12547509713086066
              },
              "status": "ok"
            },
            "host_wall": {
              "clock": "steady_clock",
              "per_iteration_us": {
                "max": 20.2193,
                "median": 20.1763,
                "min": 20.0813,
                "n": 5,
                "p05": 20.0815,
                "p95": 20.217100000000002,
                "samples": 5,
                "stdev": 0.060224247608418366
              },
              "sequence_us": {
                "max": 202.193,
                "median": 201.763,
                "min": 200.813,
                "n": 5,
                "p05": 200.815,
                "p95": 202.17100000000002,
                "samples": 5,
                "stdev": 0.6022424760841804
              },
              "status": "ok"
            },
            "logical_iterations": 10
          },
          "single": {
            "dispatches_per_iteration": 1,
            "gpu_elapsed": {
              "clock": "vulkan_timestamp",
              "per_iteration_us": {
                "max": 23.2,
                "median": 22.92,
                "min": 22.56,
                "n": 5,
                "p05": 22.592,
                "p95": 23.168,
                "samples": 5,
                "stdev": 0.22683915006012548
              },
              "sequence_us": {
                "max": 23.2,
                "median": 22.92,
                "min": 22.56,
                "n": 5,
                "p05": 22.592,
                "p95": 23.168,
                "samples": 5,
                "stdev": 0.22683915006012548
              },
              "status": "ok"
            },
            "host_wall": {
              "clock": "steady_clock",
              "per_iteration_us": {
                "max": 84.561,
                "median": 83.952,
                "min": 74.722,
                "n": 5,
                "p05": 76.38380000000001,
                "p95": 84.46100000000001,
                "samples": 5,
                "stdev": 3.7047970308776743
              },
              "sequence_us": {
                "max": 84.561,
                "median": 83.952,
                "min": 74.722,
                "n": 5,
                "p05": 76.38380000000001,
                "p95": 84.46100000000001,
                "samples": 5,
                "stdev": 3.7047970308776743
              },
              "status": "ok"
            },
            "logical_iterations": 1
          }
        },
        "timing_mode": "independent_throughput",
        "variant": "single",
        "workgroup_match": "vulkan_diagnostic_unmatched"
      },
      {
        "backend": "vulkan",
        "correctness": {
          "single_dispatch": {
            "oracle": "CPU Q8_0 dense q8_1+dp4a BF16 logits with KL <= 0.05 and top-1 >= 90%",
            "status": "pass"
          },
          "synchronization": {
            "barrier_count": 10,
            "method": "timeline_coordinated_multi_queue_disjoint_slices",
            "status": "pass"
          },
          "timed_sequence": {
            "coverage": "all_dispatches",
            "logical_iterations": 10,
            "oracle": "CPU Q8_0 dense q8_1+dp4a BF16 logits with KL <= 0.05 and top-1 >= 90%",
            "status": "pass"
          }
        },
        "correctness_pass": true,
        "dependency_contract": {
          "inter_dispatch_ordering": "none",
          "output_partitioning": "disjoint",
          "validation_status": "pass",
          "work_dependency": "independent"
        },
        "execution": {
          "actual_parallel_lanes": 4,
          "burst_lane_gpu_samples_us": [
            [
              145.36,
              161.24,
              66.92,
              46.24
            ],
            [
              86.72,
              161.16,
              109.08,
              59.04
            ],
            [
              143.24,
              85.36,
              122.6,
              46.64
            ],
            [
              83,
              162.04,
              109.84,
              58.28
            ],
            [
              142.84,
              85.44,
              122.52,
              46.4
            ]
          ],
          "calibrated_timestamp_domain": true,
          "calibrated_timestamp_extension": "VK_KHR_calibrated_timestamps",
          "lane_assignment": "round_robin_multi_queue",
          "requested_parallel_lanes": 4,
          "single_lane_gpu_samples_us": [
            [
              26.52,
              2.6,
              3.16,
              2.72
            ],
            [
              37.76,
              3.12,
              2.6,
              3.16
            ],
            [
              40.76,
              2.32,
              2.48,
              2.48
            ],
            [
              38.56,
              2.48,
              3,
              3.04
            ],
            [
              40.12,
              2.48,
              2.2,
              1.96
            ]
          ],
          "submission_strategy": "vulkan_multi_queue"
        },
        "hardware": {
          "actual_independent_lanes": 4,
          "api_version": "1.4.318",
          "calibrated_timestamp_extension": "VK_KHR_calibrated_timestamps",
          "device_id": 30032,
          "device_name": "AMD Radeon Graphics (RADV GFX1201)",
          "device_type": 2,
          "driver_version_raw": 104865800,
          "queue_family": 1,
          "queue_flags": 14,
          "queue_timestamp_valid_bits": 64,
          "requested_api_version": "1.2",
          "requested_independent_lanes": 4,
          "shader_integer_dot_product": true,
          "storage_buffer_16bit": true,
          "timeline_semaphore": true,
          "vendor_id": 4098
        },
        "in_features": 2048,
        "local_size": 128,
        "median_us": 22.324,
        "numeric_correctness": {
          "burst": {
            "exact_bf16_mismatches": 2500,
            "expected_repetitions": [
              0,
              1,
              2,
              3,
              4,
              5,
              6,
              7,
              8,
              9
            ],
            "kl_divergence": 7.475795864e-05,
            "max_abs": 0.0625,
            "mean_abs": 0.001559987664,
            "outputs_checked": 10,
            "pass": true,
            "top1": 1
          },
          "single": {
            "exact_bf16_mismatches": 41,
            "expected_repetitions": [
              0
            ],
            "kl_divergence": 2.576833846e-09,
            "max_abs": 0.03125,
            "mean_abs": 0.0005187988281,
            "outputs_checked": 1,
            "pass": true,
            "top1": 1
          }
        },
        "operation": "q8_0_dense_dp4a_quantize_plus_dot",
        "out_features": 2048,
        "q8_0_weight_bytes": 4456448,
        "q8_blocks_per_row": 64,
        "row_tile": 1,
        "rows": 1,
        "sequence_validation": {
          "burst_expected_repetitions": [
            0,
            1,
            2,
            3,
            4,
            5,
            6,
            7,
            8,
            9
          ],
          "input_repetition_pattern": "distinct_deterministic_salt",
          "output_partitioning": "disjoint",
          "single_expected_repetitions": [
            0
          ],
          "xq_partitioning": "disjoint"
        },
        "submission": {
          "completion_in_host_wall": true,
          "queue_or_stream_count": 4,
          "recording_in_timed_region": false,
          "strategy": "vulkan_multi_queue",
          "submit_in_host_wall": true
        },
        "timing": {
          "burst": {
            "dispatches_per_iteration": 2,
            "gpu_elapsed": {
              "clock": "vulkan_calibrated_multi_queue_timestamp_span",
              "per_iteration_us": {
                "max": 22.536,
                "median": 22.324,
                "min": 16.236,
                "n": 5,
                "p05": 16.3384,
                "p95": 22.508000000000003,
                "samples": 5,
                "stdev": 2.9087718370473827
              },
              "sequence_us": {
                "max": 225.36,
                "median": 223.24,
                "min": 162.36,
                "n": 5,
                "p05": 163.38400000000001,
                "p95": 225.08000000000004,
                "samples": 5,
                "stdev": 29.087718370473823
              },
              "status": "ok"
            },
            "host_wall": {
              "clock": "steady_clock",
              "per_iteration_us": {
                "max": 31.976499999999998,
                "median": 30.5865,
                "min": 24.4644,
                "n": 5,
                "p05": 24.490400000000005,
                "p95": 31.719279999999998,
                "samples": 5,
                "stdev": 3.2486954800965875
              },
              "sequence_us": {
                "max": 319.765,
                "median": 305.865,
                "min": 244.644,
                "n": 5,
                "p05": 244.904,
                "p95": 317.1928,
                "samples": 5,
                "stdev": 32.486954800965876
              },
              "status": "ok"
            },
            "logical_iterations": 10
          },
          "single": {
            "dispatches_per_iteration": 2,
            "gpu_elapsed": {
              "clock": "vulkan_calibrated_multi_queue_timestamp_span",
              "per_iteration_us": {
                "max": 73.84,
                "median": 60.24,
                "min": 49.28,
                "n": 5,
                "p05": 51.17600000000001,
                "p95": 71.856,
                "samples": 5,
                "stdev": 7.951468795134645
              },
              "sequence_us": {
                "max": 73.84,
                "median": 60.24,
                "min": 49.28,
                "n": 5,
                "p05": 51.17600000000001,
                "p95": 71.856,
                "samples": 5,
                "stdev": 7.951468795134645
              },
              "status": "ok"
            },
            "host_wall": {
              "clock": "steady_clock",
              "per_iteration_us": {
                "max": 156.403,
                "median": 137.402,
                "min": 135.202,
                "n": 5,
                "p05": 135.272,
                "p95": 154.2948,
                "samples": 5,
                "stdev": 8.139497733889971
              },
              "sequence_us": {
                "max": 156.403,
                "median": 137.402,
                "min": 135.202,
                "n": 5,
                "p05": 135.272,
                "p95": 154.2948,
                "samples": 5,
                "stdev": 8.139497733889971
              },
              "status": "ok"
            },
            "logical_iterations": 1
          }
        },
        "timing_mode": "independent_throughput",
        "variant": "single",
        "workgroup_match": "vulkan_diagnostic_unmatched"
      },
      {
        "backend": "vulkan",
        "correctness": {
          "single_dispatch": {
            "oracle": "CPU Q8_0 dense q8_1+dp4a BF16 logits with KL <= 0.05 and top-1 >= 90%",
            "status": "pass"
          },
          "synchronization": {
            "barrier_count": 0,
            "method": "disjoint_xq_and_output_slices",
            "status": "pass"
          },
          "timed_sequence": {
            "coverage": "all_dispatches",
            "logical_iterations": 10,
            "oracle": "CPU Q8_0 dense q8_1+dp4a BF16 logits with KL <= 0.05 and top-1 >= 90%",
            "status": "pass"
          }
        },
        "correctness_pass": true,
        "dependency_contract": {
          "inter_dispatch_ordering": "none",
          "output_partitioning": "disjoint",
          "validation_status": "pass",
          "work_dependency": "independent"
        },
        "execution": {
          "actual_parallel_lanes": 1,
          "burst_lane_gpu_samples_us": [],
          "calibrated_timestamp_domain": false,
          "calibrated_timestamp_extension": "",
          "lane_assignment": "single_command_buffer",
          "requested_parallel_lanes": 4,
          "single_lane_gpu_samples_us": [],
          "submission_strategy": "vulkan_command_buffer"
        },
        "hardware": {
          "actual_independent_lanes": 4,
          "api_version": "1.4.318",
          "calibrated_timestamp_extension": "VK_KHR_calibrated_timestamps",
          "device_id": 30032,
          "device_name": "AMD Radeon Graphics (RADV GFX1201)",
          "device_type": 2,
          "driver_version_raw": 104865800,
          "queue_family": 1,
          "queue_flags": 14,
          "queue_timestamp_valid_bits": 64,
          "requested_api_version": "1.2",
          "requested_independent_lanes": 4,
          "shader_integer_dot_product": true,
          "storage_buffer_16bit": true,
          "timeline_semaphore": true,
          "vendor_id": 4098
        },
        "in_features": 2048,
        "local_size": 128,
        "median_us": 53.355999999999995,
        "numeric_correctness": {
          "burst": {
            "exact_bf16_mismatches": 12976,
            "expected_repetitions": [
              0,
              1,
              2,
              3,
              4,
              5,
              6,
              7,
              8,
              9
            ],
            "kl_divergence": 0.0001183141109,
            "max_abs": 0.0625,
            "mean_abs": 0.001415863866,
            "outputs_checked": 10,
            "pass": true,
            "top1": 1
          },
          "single": {
            "exact_bf16_mismatches": 1017,
            "expected_repetitions": [
              0
            ],
            "kl_divergence": 4.436209871e-06,
            "max_abs": 0.03125,
            "mean_abs": 0.000759601593,
            "outputs_checked": 1,
            "pass": true,
            "top1": 1
          }
        },
        "operation": "q8_0_dense_dp4a_dot_prequantized",
        "out_features": 2048,
        "q8_0_weight_bytes": 4456448,
        "q8_blocks_per_row": 64,
        "row_tile": 1,
        "rows": 4,
        "sequence_validation": {
          "burst_expected_repetitions": [
            0,
            1,
            2,
            3,
            4,
            5,
            6,
            7,
            8,
            9
          ],
          "input_repetition_pattern": "distinct_deterministic_salt",
          "output_partitioning": "disjoint",
          "single_expected_repetitions": [
            0
          ],
          "xq_partitioning": "disjoint"
        },
        "submission": {
          "completion_in_host_wall": true,
          "queue_or_stream_count": 1,
          "recording_in_timed_region": false,
          "strategy": "vulkan_command_buffer",
          "submit_in_host_wall": true
        },
        "timing": {
          "burst": {
            "dispatches_per_iteration": 1,
            "gpu_elapsed": {
              "clock": "vulkan_timestamp",
              "per_iteration_us": {
                "max": 53.4,
                "median": 53.355999999999995,
                "min": 53.336,
                "n": 5,
                "p05": 53.33760000000001,
                "p95": 53.392,
                "samples": 5,
                "stdev": 0.022112439937735203
              },
              "sequence_us": {
                "max": 534.0,
                "median": 533.56,
                "min": 533.36,
                "n": 5,
                "p05": 533.3760000000001,
                "p95": 533.9200000000001,
                "samples": 5,
                "stdev": 0.22112439937735542
              },
              "status": "ok"
            },
            "host_wall": {
              "clock": "steady_clock",
              "per_iteration_us": {
                "max": 59.93390000000001,
                "median": 59.7919,
                "min": 59.7358,
                "n": 5,
                "p05": 59.74664,
                "p95": 59.92488000000001,
                "samples": 5,
                "stdev": 0.07233182978468446
              },
              "sequence_us": {
                "max": 599.339,
                "median": 597.919,
                "min": 597.358,
                "n": 5,
                "p05": 597.4664,
                "p95": 599.2488000000001,
                "samples": 5,
                "stdev": 0.723318297846845
              },
              "status": "ok"
            },
            "logical_iterations": 10
          },
          "single": {
            "dispatches_per_iteration": 1,
            "gpu_elapsed": {
              "clock": "vulkan_timestamp",
              "per_iteration_us": {
                "max": 62.0,
                "median": 61.72,
                "min": 61.52,
                "n": 5,
                "p05": 61.528000000000006,
                "p95": 61.976,
                "samples": 5,
                "stdev": 0.1834775190588747
              },
              "sequence_us": {
                "max": 62.0,
                "median": 61.72,
                "min": 61.52,
                "n": 5,
                "p05": 61.528000000000006,
                "p95": 61.976,
                "samples": 5,
                "stdev": 0.1834775190588747
              },
              "status": "ok"
            },
            "host_wall": {
              "clock": "steady_clock",
              "per_iteration_us": {
                "max": 126.522,
                "median": 124.762,
                "min": 120.512,
                "n": 5,
                "p05": 121.32400000000001,
                "p95": 126.374,
                "samples": 5,
                "stdev": 2.082569566665182
              },
              "sequence_us": {
                "max": 126.522,
                "median": 124.762,
                "min": 120.512,
                "n": 5,
                "p05": 121.32400000000001,
                "p95": 126.374,
                "samples": 5,
                "stdev": 2.082569566665182
              },
              "status": "ok"
            },
            "logical_iterations": 1
          }
        },
        "timing_mode": "independent_throughput",
        "variant": "single",
        "workgroup_match": "vulkan_diagnostic_unmatched"
      },
      {
        "backend": "vulkan",
        "correctness": {
          "single_dispatch": {
            "oracle": "CPU Q8_0 dense q8_1+dp4a BF16 logits with KL <= 0.05 and top-1 >= 90%",
            "status": "pass"
          },
          "synchronization": {
            "barrier_count": 10,
            "method": "timeline_coordinated_multi_queue_disjoint_slices",
            "status": "pass"
          },
          "timed_sequence": {
            "coverage": "all_dispatches",
            "logical_iterations": 10,
            "oracle": "CPU Q8_0 dense q8_1+dp4a BF16 logits with KL <= 0.05 and top-1 >= 90%",
            "status": "pass"
          }
        },
        "correctness_pass": true,
        "dependency_contract": {
          "inter_dispatch_ordering": "none",
          "output_partitioning": "disjoint",
          "validation_status": "pass",
          "work_dependency": "independent"
        },
        "execution": {
          "actual_parallel_lanes": 4,
          "burst_lane_gpu_samples_us": [
            [
              300.64,
              550.08,
              419.56,
              209.64
            ],
            [
              456.28,
              319,
              357.64,
              124.72
            ],
            [
              300.92,
              453,
              124.32,
              321.16
            ],
            [
              298.72,
              545.4,
              209.6,
              413.28
            ],
            [
              544.24,
              319.6,
              437.12,
              216
            ]
          ],
          "calibrated_timestamp_domain": true,
          "calibrated_timestamp_extension": "VK_KHR_calibrated_timestamps",
          "lane_assignment": "round_robin_multi_queue",
          "requested_parallel_lanes": 4,
          "single_lane_gpu_samples_us": [
            [
              66.12,
              3.6,
              2.88,
              3.36
            ],
            [
              63.24,
              3.52,
              3.44,
              3.08
            ],
            [
              63.2,
              3.52,
              3.36,
              2.96
            ],
            [
              77.48,
              3.48,
              3.04,
              2.72
            ],
            [
              64.8,
              2.48,
              3.12,
              2.12
            ]
          ],
          "submission_strategy": "vulkan_multi_queue"
        },
        "hardware": {
          "actual_independent_lanes": 4,
          "api_version": "1.4.318",
          "calibrated_timestamp_extension": "VK_KHR_calibrated_timestamps",
          "device_id": 30032,
          "device_name": "AMD Radeon Graphics (RADV GFX1201)",
          "device_type": 2,
          "driver_version_raw": 104865800,
          "queue_family": 1,
          "queue_flags": 14,
          "queue_timestamp_valid_bits": 64,
          "requested_api_version": "1.2",
          "requested_independent_lanes": 4,
          "shader_integer_dot_product": true,
          "storage_buffer_16bit": true,
          "timeline_semaphore": true,
          "vendor_id": 4098
        },
        "in_features": 2048,
        "local_size": 128,
        "median_us": 56.104,
        "numeric_correctness": {
          "burst": {
            "exact_bf16_mismatches": 12976,
            "expected_repetitions": [
              0,
              1,
              2,
              3,
              4,
              5,
              6,
              7,
              8,
              9
            ],
            "kl_divergence": 0.0001183141109,
            "max_abs": 0.0625,
            "mean_abs": 0.001415863866,
            "outputs_checked": 10,
            "pass": true,
            "top1": 1
          },
          "single": {
            "exact_bf16_mismatches": 1017,
            "expected_repetitions": [
              0
            ],
            "kl_divergence": 4.436209871e-06,
            "max_abs": 0.03125,
            "mean_abs": 0.000759601593,
            "outputs_checked": 1,
            "pass": true,
            "top1": 1
          }
        },
        "operation": "q8_0_dense_dp4a_quantize_plus_dot",
        "out_features": 2048,
        "q8_0_weight_bytes": 4456448,
        "q8_blocks_per_row": 64,
        "row_tile": 1,
        "rows": 4,
        "sequence_validation": {
          "burst_expected_repetitions": [
            0,
            1,
            2,
            3,
            4,
            5,
            6,
            7,
            8,
            9
          ],
          "input_repetition_pattern": "distinct_deterministic_salt",
          "output_partitioning": "disjoint",
          "single_expected_repetitions": [
            0
          ],
          "xq_partitioning": "disjoint"
        },
        "submission": {
          "completion_in_host_wall": true,
          "queue_or_stream_count": 4,
          "recording_in_timed_region": false,
          "strategy": "vulkan_multi_queue",
          "submit_in_host_wall": true
        },
        "timing": {
          "burst": {
            "dispatches_per_iteration": 2,
            "gpu_elapsed": {
              "clock": "vulkan_calibrated_multi_queue_timestamp_span",
              "per_iteration_us": {
                "max": 61.467999999999996,
                "median": 56.104,
                "min": 55.44,
                "n": 5,
                "p05": 55.488800000000005,
                "p95": 61.25919999999999,
                "samples": 5,
                "stdev": 2.5791545901709716
              },
              "sequence_us": {
                "max": 614.68,
                "median": 561.04,
                "min": 554.4,
                "n": 5,
                "p05": 554.888,
                "p95": 612.592,
                "samples": 5,
                "stdev": 25.79154590170972
              },
              "status": "ok"
            },
            "host_wall": {
              "clock": "steady_clock",
              "per_iteration_us": {
                "max": 69.786,
                "median": 64.194,
                "min": 63.365899999999996,
                "n": 5,
                "p05": 63.441320000000005,
                "p95": 69.59842,
                "samples": 5,
                "stdev": 2.7473202805643195
              },
              "sequence_us": {
                "max": 697.86,
                "median": 641.94,
                "min": 633.659,
                "n": 5,
                "p05": 634.4132,
                "p95": 695.9842,
                "samples": 5,
                "stdev": 27.47320280564318
              },
              "status": "ok"
            },
            "logical_iterations": 10
          },
          "single": {
            "dispatches_per_iteration": 2,
            "gpu_elapsed": {
              "clock": "vulkan_calibrated_multi_queue_timestamp_span",
              "per_iteration_us": {
                "max": 116.44,
                "median": 92.44,
                "min": 64.8,
                "n": 5,
                "p05": 65.072,
                "p95": 116.17599999999999,
                "samples": 5,
                "stdev": 22.514470369075976
              },
              "sequence_us": {
                "max": 116.44,
                "median": 92.44,
                "min": 64.8,
                "n": 5,
                "p05": 65.072,
                "p95": 116.17599999999999,
                "samples": 5,
                "stdev": 22.514470369075976
              },
              "status": "ok"
            },
            "host_wall": {
              "clock": "steady_clock",
              "per_iteration_us": {
                "max": 201.093,
                "median": 169.423,
                "min": 143.562,
                "n": 5,
                "p05": 145.41000000000003,
                "p95": 199.22499999999997,
                "samples": 5,
                "stdev": 22.000608615217892
              },
              "sequence_us": {
                "max": 201.093,
                "median": 169.423,
                "min": 143.562,
                "n": 5,
                "p05": 145.41000000000003,
                "p95": 199.22499999999997,
                "samples": 5,
                "stdev": 22.000608615217892
              },
              "status": "ok"
            },
            "logical_iterations": 1
          }
        },
        "timing_mode": "independent_throughput",
        "variant": "single",
        "workgroup_match": "vulkan_diagnostic_unmatched"
      },
      {
        "backend": "vulkan",
        "correctness": {
          "single_dispatch": {
            "oracle": "CPU Q8_0 dense q8_1+dp4a BF16 logits with KL <= 0.05 and top-1 >= 90%",
            "status": "pass"
          },
          "synchronization": {
            "barrier_count": 0,
            "method": "disjoint_xq_and_output_slices",
            "status": "pass"
          },
          "timed_sequence": {
            "coverage": "all_dispatches",
            "logical_iterations": 10,
            "oracle": "CPU Q8_0 dense q8_1+dp4a BF16 logits with KL <= 0.05 and top-1 >= 90%",
            "status": "pass"
          }
        },
        "correctness_pass": true,
        "dependency_contract": {
          "inter_dispatch_ordering": "none",
          "output_partitioning": "disjoint",
          "validation_status": "pass",
          "work_dependency": "independent"
        },
        "execution": {
          "actual_parallel_lanes": 1,
          "burst_lane_gpu_samples_us": [],
          "calibrated_timestamp_domain": false,
          "calibrated_timestamp_extension": "",
          "lane_assignment": "single_command_buffer",
          "requested_parallel_lanes": 4,
          "single_lane_gpu_samples_us": [],
          "submission_strategy": "vulkan_command_buffer"
        },
        "hardware": {
          "actual_independent_lanes": 4,
          "api_version": "1.4.318",
          "calibrated_timestamp_extension": "VK_KHR_calibrated_timestamps",
          "device_id": 30032,
          "device_name": "AMD Radeon Graphics (RADV GFX1201)",
          "device_type": 2,
          "driver_version_raw": 104865800,
          "queue_family": 1,
          "queue_flags": 14,
          "queue_timestamp_valid_bits": 64,
          "requested_api_version": "1.2",
          "requested_independent_lanes": 4,
          "shader_integer_dot_product": true,
          "storage_buffer_16bit": true,
          "timeline_semaphore": true,
          "vendor_id": 4098
        },
        "in_features": 768,
        "local_size": 128,
        "median_us": 10.02,
        "numeric_correctness": {
          "burst": {
            "exact_bf16_mismatches": 2785,
            "expected_repetitions": [
              0,
              1,
              2,
              3,
              4,
              5,
              6,
              7,
              8,
              9
            ],
            "kl_divergence": 7.509737071e-05,
            "max_abs": 0.03125,
            "mean_abs": 0.001078635454,
            "outputs_checked": 10,
            "pass": true,
            "top1": 1
          },
          "single": {
            "exact_bf16_mismatches": 251,
            "expected_repetitions": [
              0
            ],
            "kl_divergence": 3.301283582e-07,
            "max_abs": 0.015625,
            "mean_abs": 0.0002901772968,
            "outputs_checked": 1,
            "pass": true,
            "top1": 1
          }
        },
        "operation": "q8_0_dense_dp4a_dot_prequantized",
        "out_features": 2048,
        "q8_0_weight_bytes": 1671168,
        "q8_blocks_per_row": 24,
        "row_tile": 4,
        "rows": 1,
        "sequence_validation": {
          "burst_expected_repetitions": [
            0,
            1,
            2,
            3,
            4,
            5,
            6,
            7,
            8,
            9
          ],
          "input_repetition_pattern": "distinct_deterministic_salt",
          "output_partitioning": "disjoint",
          "single_expected_repetitions": [
            0
          ],
          "xq_partitioning": "disjoint"
        },
        "submission": {
          "completion_in_host_wall": true,
          "queue_or_stream_count": 1,
          "recording_in_timed_region": false,
          "strategy": "vulkan_command_buffer",
          "submit_in_host_wall": true
        },
        "timing": {
          "burst": {
            "dispatches_per_iteration": 1,
            "gpu_elapsed": {
              "clock": "vulkan_timestamp",
              "per_iteration_us": {
                "max": 10.028,
                "median": 10.02,
                "min": 10.008,
                "n": 5,
                "p05": 10.008799999999999,
                "p95": 10.0264,
                "samples": 5,
                "stdev": 0.006974238309665329
              },
              "sequence_us": {
                "max": 100.28,
                "median": 100.2,
                "min": 100.08,
                "n": 5,
                "p05": 100.08800000000001,
                "p95": 100.26400000000001,
                "samples": 5,
                "stdev": 0.06974238309665125
              },
              "status": "ok"
            },
            "host_wall": {
              "clock": "steady_clock",
              "per_iteration_us": {
                "max": 16.6492,
                "median": 16.3813,
                "min": 16.322200000000002,
                "n": 5,
                "p05": 16.32822,
                "p95": 16.59982,
                "samples": 5,
                "stdev": 0.11703084379769278
              },
              "sequence_us": {
                "max": 166.492,
                "median": 163.813,
                "min": 163.222,
                "n": 5,
                "p05": 163.28220000000002,
                "p95": 165.9982,
                "samples": 5,
                "stdev": 1.1703084379769253
              },
              "status": "ok"
            },
            "logical_iterations": 10
          },
          "single": {
            "dispatches_per_iteration": 1,
            "gpu_elapsed": {
              "clock": "vulkan_timestamp",
              "per_iteration_us": {
                "max": 20.2,
                "median": 19.04,
                "min": 18.56,
                "n": 5,
                "p05": 18.64,
                "p95": 20.072,
                "samples": 5,
                "stdev": 0.5660247344418793
              },
              "sequence_us": {
                "max": 20.2,
                "median": 19.04,
                "min": 18.56,
                "n": 5,
                "p05": 18.64,
                "p95": 20.072,
                "samples": 5,
                "stdev": 0.5660247344418793
              },
              "status": "ok"
            },
            "host_wall": {
              "clock": "steady_clock",
              "per_iteration_us": {
                "max": 84.752,
                "median": 82.291,
                "min": 81.161,
                "n": 5,
                "p05": 81.30700000000002,
                "p95": 84.46379999999999,
                "samples": 5,
                "stdev": 1.2467991658643327
              },
              "sequence_us": {
                "max": 84.752,
                "median": 82.291,
                "min": 81.161,
                "n": 5,
                "p05": 81.30700000000002,
                "p95": 84.46379999999999,
                "samples": 5,
                "stdev": 1.2467991658643327
              },
              "status": "ok"
            },
            "logical_iterations": 1
          }
        },
        "timing_mode": "independent_throughput",
        "variant": "rowtile4",
        "workgroup_match": "vulkan_diagnostic_unmatched"
      },
      {
        "backend": "vulkan",
        "correctness": {
          "single_dispatch": {
            "oracle": "CPU Q8_0 dense q8_1+dp4a BF16 logits with KL <= 0.05 and top-1 >= 90%",
            "status": "pass"
          },
          "synchronization": {
            "barrier_count": 10,
            "method": "timeline_coordinated_multi_queue_disjoint_slices",
            "status": "pass"
          },
          "timed_sequence": {
            "coverage": "all_dispatches",
            "logical_iterations": 10,
            "oracle": "CPU Q8_0 dense q8_1+dp4a BF16 logits with KL <= 0.05 and top-1 >= 90%",
            "status": "pass"
          }
        },
        "correctness_pass": true,
        "dependency_contract": {
          "inter_dispatch_ordering": "none",
          "output_partitioning": "disjoint",
          "validation_status": "pass",
          "work_dependency": "independent"
        },
        "execution": {
          "actual_parallel_lanes": 4,
          "burst_lane_gpu_samples_us": [
            [
              65.8,
              117.12,
              102.2,
              40.56
            ],
            [
              86.56,
              65.08,
              83.92,
              101.04
            ],
            [
              90.4,
              64.72,
              80,
              41.12
            ],
            [
              130.72,
              60.32,
              83.68,
              42.72
            ],
            [
              58.92,
              112.12,
              45.6,
              95.72
            ]
          ],
          "calibrated_timestamp_domain": true,
          "calibrated_timestamp_extension": "VK_KHR_calibrated_timestamps",
          "lane_assignment": "round_robin_multi_queue",
          "requested_parallel_lanes": 4,
          "single_lane_gpu_samples_us": [
            [
              22.44,
              3.52,
              2.4,
              3.48
            ],
            [
              22.56,
              3.08,
              3.04,
              3.48
            ],
            [
              21.88,
              3.12,
              2.76,
              3
            ],
            [
              37.24,
              3.48,
              3.48,
              2.8
            ],
            [
              23.24,
              3.04,
              2.4,
              3.6
            ]
          ],
          "submission_strategy": "vulkan_multi_queue"
        },
        "hardware": {
          "actual_independent_lanes": 4,
          "api_version": "1.4.318",
          "calibrated_timestamp_extension": "VK_KHR_calibrated_timestamps",
          "device_id": 30032,
          "device_name": "AMD Radeon Graphics (RADV GFX1201)",
          "device_type": 2,
          "driver_version_raw": 104865800,
          "queue_family": 1,
          "queue_flags": 14,
          "queue_timestamp_valid_bits": 64,
          "requested_api_version": "1.2",
          "requested_independent_lanes": 4,
          "shader_integer_dot_product": true,
          "storage_buffer_16bit": true,
          "timeline_semaphore": true,
          "vendor_id": 4098
        },
        "in_features": 768,
        "local_size": 128,
        "median_us": 19.844,
        "numeric_correctness": {
          "burst": {
            "exact_bf16_mismatches": 2785,
            "expected_repetitions": [
              0,
              1,
              2,
              3,
              4,
              5,
              6,
              7,
              8,
              9
            ],
            "kl_divergence": 7.509737071e-05,
            "max_abs": 0.03125,
            "mean_abs": 0.001078635454,
            "outputs_checked": 10,
            "pass": true,
            "top1": 1
          },
          "single": {
            "exact_bf16_mismatches": 251,
            "expected_repetitions": [
              0
            ],
            "kl_divergence": 3.301283582e-07,
            "max_abs": 0.015625,
            "mean_abs": 0.0002901772968,
            "outputs_checked": 1,
            "pass": true,
            "top1": 1
          }
        },
        "operation": "q8_0_dense_dp4a_quantize_plus_dot",
        "out_features": 2048,
        "q8_0_weight_bytes": 1671168,
        "q8_blocks_per_row": 24,
        "row_tile": 4,
        "rows": 1,
        "sequence_validation": {
          "burst_expected_repetitions": [
            0,
            1,
            2,
            3,
            4,
            5,
            6,
            7,
            8,
            9
          ],
          "input_repetition_pattern": "distinct_deterministic_salt",
          "output_partitioning": "disjoint",
          "single_expected_repetitions": [
            0
          ],
          "xq_partitioning": "disjoint"
        },
        "submission": {
          "completion_in_host_wall": true,
          "queue_or_stream_count": 4,
          "recording_in_timed_region": false,
          "strategy": "vulkan_multi_queue",
          "submit_in_host_wall": true
        },
        "timing": {
          "burst": {
            "dispatches_per_iteration": 2,
            "gpu_elapsed": {
              "clock": "vulkan_calibrated_multi_queue_timestamp_span",
              "per_iteration_us": {
                "max": 20.448,
                "median": 19.844,
                "min": 14.376,
                "n": 5,
                "p05": 15.3296,
                "p95": 20.3288,
                "samples": 5,
                "stdev": 2.2172089121235286
              },
              "sequence_us": {
                "max": 204.48,
                "median": 198.44,
                "min": 143.76,
                "n": 5,
                "p05": 153.296,
                "p95": 203.28799999999998,
                "samples": 5,
                "stdev": 22.172089121235285
              },
              "status": "ok"
            },
            "host_wall": {
              "clock": "steady_clock",
              "per_iteration_us": {
                "max": 29.7614,
                "median": 29.0074,
                "min": 22.889400000000002,
                "n": 5,
                "p05": 24.065600000000003,
                "p95": 29.651999999999997,
                "samples": 5,
                "stdev": 2.5408034477306574
              },
              "sequence_us": {
                "max": 297.614,
                "median": 290.074,
                "min": 228.894,
                "n": 5,
                "p05": 240.656,
                "p95": 296.52,
                "samples": 5,
                "stdev": 25.40803447730658
              },
              "status": "ok"
            },
            "logical_iterations": 10
          },
          "single": {
            "dispatches_per_iteration": 2,
            "gpu_elapsed": {
              "clock": "vulkan_calibrated_multi_queue_timestamp_span",
              "per_iteration_us": {
                "max": 80.8,
                "median": 60.12,
                "min": 51.52,
                "n": 5,
                "p05": 51.75200000000001,
                "p95": 77.064,
                "samples": 5,
                "stdev": 10.5086448222404
              },
              "sequence_us": {
                "max": 80.8,
                "median": 60.12,
                "min": 51.52,
                "n": 5,
                "p05": 51.75200000000001,
                "p95": 77.064,
                "samples": 5,
                "stdev": 10.5086448222404
              },
              "status": "ok"
            },
            "host_wall": {
              "clock": "steady_clock",
              "per_iteration_us": {
                "max": 158.233,
                "median": 135.702,
                "min": 122.352,
                "n": 5,
                "p05": 123.06800000000001,
                "p95": 157.0468,
                "samples": 5,
                "stdev": 14.181755440001071
              },
              "sequence_us": {
                "max": 158.233,
                "median": 135.702,
                "min": 122.352,
                "n": 5,
                "p05": 123.06800000000001,
                "p95": 157.0468,
                "samples": 5,
                "stdev": 14.181755440001071
              },
              "status": "ok"
            },
            "logical_iterations": 1
          }
        },
        "timing_mode": "independent_throughput",
        "variant": "rowtile4",
        "workgroup_match": "vulkan_diagnostic_unmatched"
      },
      {
        "backend": "vulkan",
        "correctness": {
          "single_dispatch": {
            "oracle": "CPU Q8_0 dense q8_1+dp4a BF16 logits with KL <= 0.05 and top-1 >= 90%",
            "status": "pass"
          },
          "synchronization": {
            "barrier_count": 0,
            "method": "disjoint_xq_and_output_slices",
            "status": "pass"
          },
          "timed_sequence": {
            "coverage": "all_dispatches",
            "logical_iterations": 10,
            "oracle": "CPU Q8_0 dense q8_1+dp4a BF16 logits with KL <= 0.05 and top-1 >= 90%",
            "status": "pass"
          }
        },
        "correctness_pass": true,
        "dependency_contract": {
          "inter_dispatch_ordering": "none",
          "output_partitioning": "disjoint",
          "validation_status": "pass",
          "work_dependency": "independent"
        },
        "execution": {
          "actual_parallel_lanes": 1,
          "burst_lane_gpu_samples_us": [],
          "calibrated_timestamp_domain": false,
          "calibrated_timestamp_extension": "",
          "lane_assignment": "single_command_buffer",
          "requested_parallel_lanes": 4,
          "single_lane_gpu_samples_us": [],
          "submission_strategy": "vulkan_command_buffer"
        },
        "hardware": {
          "actual_independent_lanes": 4,
          "api_version": "1.4.318",
          "calibrated_timestamp_extension": "VK_KHR_calibrated_timestamps",
          "device_id": 30032,
          "device_name": "AMD Radeon Graphics (RADV GFX1201)",
          "device_type": 2,
          "driver_version_raw": 104865800,
          "queue_family": 1,
          "queue_flags": 14,
          "queue_timestamp_valid_bits": 64,
          "requested_api_version": "1.2",
          "requested_independent_lanes": 4,
          "shader_integer_dot_product": true,
          "storage_buffer_16bit": true,
          "timeline_semaphore": true,
          "vendor_id": 4098
        },
        "in_features": 768,
        "local_size": 128,
        "median_us": 14.080000000000002,
        "numeric_correctness": {
          "burst": {
            "exact_bf16_mismatches": 13155,
            "expected_repetitions": [
              0,
              1,
              2,
              3,
              4,
              5,
              6,
              7,
              8,
              9
            ],
            "kl_divergence": 7.737942242e-05,
            "max_abs": 0.03125,
            "mean_abs": 0.0008274186403,
            "outputs_checked": 10,
            "pass": true,
            "top1": 1
          },
          "single": {
            "exact_bf16_mismatches": 1232,
            "expected_repetitions": [
              0
            ],
            "kl_divergence": 3.999396507e-05,
            "max_abs": 0.03125,
            "mean_abs": 0.0005773062585,
            "outputs_checked": 1,
            "pass": true,
            "top1": 1
          }
        },
        "operation": "q8_0_dense_dp4a_dot_prequantized",
        "out_features": 2048,
        "q8_0_weight_bytes": 1671168,
        "q8_blocks_per_row": 24,
        "row_tile": 4,
        "rows": 4,
        "sequence_validation": {
          "burst_expected_repetitions": [
            0,
            1,
            2,
            3,
            4,
            5,
            6,
            7,
            8,
            9
          ],
          "input_repetition_pattern": "distinct_deterministic_salt",
          "output_partitioning": "disjoint",
          "single_expected_repetitions": [
            0
          ],
          "xq_partitioning": "disjoint"
        },
        "submission": {
          "completion_in_host_wall": true,
          "queue_or_stream_count": 1,
          "recording_in_timed_region": false,
          "strategy": "vulkan_command_buffer",
          "submit_in_host_wall": true
        },
        "timing": {
          "burst": {
            "dispatches_per_iteration": 1,
            "gpu_elapsed": {
              "clock": "vulkan_timestamp",
              "per_iteration_us": {
                "max": 14.088,
                "median": 14.080000000000002,
                "min": 14.056000000000001,
                "n": 5,
                "p05": 14.0592,
                "p95": 14.088,
                "samples": 5,
                "stdev": 0.011973303637676149
              },
              "sequence_us": {
                "max": 140.88,
                "median": 140.8,
                "min": 140.56,
                "n": 5,
                "p05": 140.592,
                "p95": 140.88,
                "samples": 5,
                "stdev": 0.11973303637676433
              },
              "status": "ok"
            },
            "host_wall": {
              "clock": "steady_clock",
              "per_iteration_us": {
                "max": 20.7503,
                "median": 20.478299999999997,
                "min": 20.403299999999998,
                "n": 5,
                "p05": 20.4149,
                "p95": 20.697499999999998,
                "samples": 5,
                "stdev": 0.12074203907504642
              },
              "sequence_us": {
                "max": 207.503,
                "median": 204.783,
                "min": 204.033,
                "n": 5,
                "p05": 204.149,
                "p95": 206.975,
                "samples": 5,
                "stdev": 1.2074203907504606
              },
              "status": "ok"
            },
            "logical_iterations": 10
          },
          "single": {
            "dispatches_per_iteration": 1,
            "gpu_elapsed": {
              "clock": "vulkan_timestamp",
              "per_iteration_us": {
                "max": 24.4,
                "median": 23.92,
                "min": 23.56,
                "n": 5,
                "p05": 23.608,
                "p95": 24.32,
                "samples": 5,
                "stdev": 0.2755068057235608
              },
              "sequence_us": {
                "max": 24.4,
                "median": 23.92,
                "min": 23.56,
                "n": 5,
                "p05": 23.608,
                "p95": 24.32,
                "samples": 5,
                "stdev": 0.2755068057235608
              },
              "status": "ok"
            },
            "host_wall": {
              "clock": "steady_clock",
              "per_iteration_us": {
                "max": 88.641,
                "median": 86.911,
                "min": 78.622,
                "n": 5,
                "p05": 80.2138,
                "p95": 88.59320000000001,
                "samples": 5,
                "stdev": 3.6933648939686434
              },
              "sequence_us": {
                "max": 88.641,
                "median": 86.911,
                "min": 78.622,
                "n": 5,
                "p05": 80.2138,
                "p95": 88.59320000000001,
                "samples": 5,
                "stdev": 3.6933648939686434
              },
              "status": "ok"
            },
            "logical_iterations": 1
          }
        },
        "timing_mode": "independent_throughput",
        "variant": "rowtile4",
        "workgroup_match": "vulkan_diagnostic_unmatched"
      },
      {
        "backend": "vulkan",
        "correctness": {
          "single_dispatch": {
            "oracle": "CPU Q8_0 dense q8_1+dp4a BF16 logits with KL <= 0.05 and top-1 >= 90%",
            "status": "pass"
          },
          "synchronization": {
            "barrier_count": 10,
            "method": "timeline_coordinated_multi_queue_disjoint_slices",
            "status": "pass"
          },
          "timed_sequence": {
            "coverage": "all_dispatches",
            "logical_iterations": 10,
            "oracle": "CPU Q8_0 dense q8_1+dp4a BF16 logits with KL <= 0.05 and top-1 >= 90%",
            "status": "pass"
          }
        },
        "correctness_pass": true,
        "dependency_contract": {
          "inter_dispatch_ordering": "none",
          "output_partitioning": "disjoint",
          "validation_status": "pass",
          "work_dependency": "independent"
        },
        "execution": {
          "actual_parallel_lanes": 4,
          "burst_lane_gpu_samples_us": [
            [
              145.16,
              162.28,
              61.28,
              47.52
            ],
            [
              89.88,
              150.64,
              47.36,
              98.12
            ],
            [
              88.72,
              158.08,
              98.36,
              47.56
            ],
            [
              89.68,
              164.68,
              111.08,
              59.88
            ],
            [
              145.32,
              88.12,
              123.68,
              47.88
            ]
          ],
          "calibrated_timestamp_domain": true,
          "calibrated_timestamp_extension": "VK_KHR_calibrated_timestamps",
          "lane_assignment": "round_robin_multi_queue",
          "requested_parallel_lanes": 4,
          "single_lane_gpu_samples_us": [
            [
              36,
              3.76,
              3.32,
              4.24
            ],
            [
              40.88,
              3.52,
              2.88,
              3.16
            ],
            [
              25.88,
              3.08,
              2.96,
              2.6
            ],
            [
              39.04,
              2.6,
              2.44,
              2.4
            ],
            [
              41.32,
              3.48,
              2.68,
              2.32
            ]
          ],
          "submission_strategy": "vulkan_multi_queue"
        },
        "hardware": {
          "actual_independent_lanes": 4,
          "api_version": "1.4.318",
          "calibrated_timestamp_extension": "VK_KHR_calibrated_timestamps",
          "device_id": 30032,
          "device_name": "AMD Radeon Graphics (RADV GFX1201)",
          "device_type": 2,
          "driver_version_raw": 104865800,
          "queue_family": 1,
          "queue_flags": 14,
          "queue_timestamp_valid_bits": 64,
          "requested_api_version": "1.2",
          "requested_independent_lanes": 4,
          "shader_integer_dot_product": true,
          "storage_buffer_16bit": true,
          "timeline_semaphore": true,
          "vendor_id": 4098
        },
        "in_features": 768,
        "local_size": 128,
        "median_us": 22.4,
        "numeric_correctness": {
          "burst": {
            "exact_bf16_mismatches": 13155,
            "expected_repetitions": [
              0,
              1,
              2,
              3,
              4,
              5,
              6,
              7,
              8,
              9
            ],
            "kl_divergence": 7.737942242e-05,
            "max_abs": 0.03125,
            "mean_abs": 0.0008274186403,
            "outputs_checked": 10,
            "pass": true,
            "top1": 1
          },
          "single": {
            "exact_bf16_mismatches": 1232,
            "expected_repetitions": [
              0
            ],
            "kl_divergence": 3.999396507e-05,
            "max_abs": 0.03125,
            "mean_abs": 0.0005773062585,
            "outputs_checked": 1,
            "pass": true,
            "top1": 1
          }
        },
        "operation": "q8_0_dense_dp4a_quantize_plus_dot",
        "out_features": 2048,
        "q8_0_weight_bytes": 1671168,
        "q8_blocks_per_row": 24,
        "row_tile": 4,
        "rows": 4,
        "sequence_validation": {
          "burst_expected_repetitions": [
            0,
            1,
            2,
            3,
            4,
            5,
            6,
            7,
            8,
            9
          ],
          "input_repetition_pattern": "distinct_deterministic_salt",
          "output_partitioning": "disjoint",
          "single_expected_repetitions": [
            0
          ],
          "xq_partitioning": "disjoint"
        },
        "submission": {
          "completion_in_host_wall": true,
          "queue_or_stream_count": 4,
          "recording_in_timed_region": false,
          "strategy": "vulkan_multi_queue",
          "submit_in_host_wall": true
        },
        "timing": {
          "burst": {
            "dispatches_per_iteration": 2,
            "gpu_elapsed": {
              "clock": "vulkan_calibrated_multi_queue_timestamp_span",
              "per_iteration_us": {
                "max": 22.716,
                "median": 22.4,
                "min": 17.1,
                "n": 5,
                "p05": 18.1552,
                "p95": 22.704,
                "samples": 5,
                "stdev": 2.1789753188138676
              },
              "sequence_us": {
                "max": 227.16,
                "median": 224.0,
                "min": 171.0,
                "n": 5,
                "p05": 181.55200000000002,
                "p95": 227.04,
                "samples": 5,
                "stdev": 21.789753188138686
              },
              "status": "ok"
            },
            "host_wall": {
              "clock": "steady_clock",
              "per_iteration_us": {
                "max": 32.0125,
                "median": 30.700400000000002,
                "min": 24.6684,
                "n": 5,
                "p05": 25.8716,
                "p95": 31.79448,
                "samples": 5,
                "stdev": 2.610789603472483
              },
              "sequence_us": {
                "max": 320.125,
                "median": 307.004,
                "min": 246.684,
                "n": 5,
                "p05": 258.716,
                "p95": 317.94480000000004,
                "samples": 5,
                "stdev": 26.10789603472482
              },
              "status": "ok"
            },
            "logical_iterations": 10
          },
          "single": {
            "dispatches_per_iteration": 2,
            "gpu_elapsed": {
              "clock": "vulkan_calibrated_multi_queue_timestamp_span",
              "per_iteration_us": {
                "max": 76.56,
                "median": 62.36,
                "min": 48.64,
                "n": 5,
                "p05": 50.952000000000005,
                "p95": 74.568,
                "samples": 5,
                "stdev": 9.068747212266974
              },
              "sequence_us": {
                "max": 76.56,
                "median": 62.36,
                "min": 48.64,
                "n": 5,
                "p05": 50.952000000000005,
                "p95": 74.568,
                "samples": 5,
                "stdev": 9.068747212266974
              },
              "status": "ok"
            },
            "host_wall": {
              "clock": "steady_clock",
              "per_iteration_us": {
                "max": 161.753,
                "median": 155.593,
                "min": 123.132,
                "n": 5,
                "p05": 125.96200000000002,
                "p95": 160.9048,
                "samples": 5,
                "stdev": 14.602047481089759
              },
              "sequence_us": {
                "max": 161.753,
                "median": 155.593,
                "min": 123.132,
                "n": 5,
                "p05": 125.96200000000002,
                "p95": 160.9048,
                "samples": 5,
                "stdev": 14.602047481089759
              },
              "status": "ok"
            },
            "logical_iterations": 1
          }
        },
        "timing_mode": "independent_throughput",
        "variant": "rowtile4",
        "workgroup_match": "vulkan_diagnostic_unmatched"
      },
      {
        "backend": "vulkan",
        "correctness": {
          "single_dispatch": {
            "oracle": "CPU Q8_0 dense q8_1+dp4a BF16 logits with KL <= 0.05 and top-1 >= 90%",
            "status": "pass"
          },
          "synchronization": {
            "barrier_count": 0,
            "method": "disjoint_xq_and_output_slices",
            "status": "pass"
          },
          "timed_sequence": {
            "coverage": "all_dispatches",
            "logical_iterations": 10,
            "oracle": "CPU Q8_0 dense q8_1+dp4a BF16 logits with KL <= 0.05 and top-1 >= 90%",
            "status": "pass"
          }
        },
        "correctness_pass": true,
        "dependency_contract": {
          "inter_dispatch_ordering": "none",
          "output_partitioning": "disjoint",
          "validation_status": "pass",
          "work_dependency": "independent"
        },
        "execution": {
          "actual_parallel_lanes": 1,
          "burst_lane_gpu_samples_us": [],
          "calibrated_timestamp_domain": false,
          "calibrated_timestamp_extension": "",
          "lane_assignment": "single_command_buffer",
          "requested_parallel_lanes": 4,
          "single_lane_gpu_samples_us": [],
          "submission_strategy": "vulkan_command_buffer"
        },
        "hardware": {
          "actual_independent_lanes": 4,
          "api_version": "1.4.318",
          "calibrated_timestamp_extension": "VK_KHR_calibrated_timestamps",
          "device_id": 30032,
          "device_name": "AMD Radeon Graphics (RADV GFX1201)",
          "device_type": 2,
          "driver_version_raw": 104865800,
          "queue_family": 1,
          "queue_flags": 14,
          "queue_timestamp_valid_bits": 64,
          "requested_api_version": "1.2",
          "requested_independent_lanes": 4,
          "shader_integer_dot_product": true,
          "storage_buffer_16bit": true,
          "timeline_semaphore": true,
          "vendor_id": 4098
        },
        "in_features": 2048,
        "local_size": 128,
        "median_us": 16.131999999999998,
        "numeric_correctness": {
          "burst": {
            "exact_bf16_mismatches": 2500,
            "expected_repetitions": [
              0,
              1,
              2,
              3,
              4,
              5,
              6,
              7,
              8,
              9
            ],
            "kl_divergence": 7.475795864e-05,
            "max_abs": 0.0625,
            "mean_abs": 0.001559987664,
            "outputs_checked": 10,
            "pass": true,
            "top1": 1
          },
          "single": {
            "exact_bf16_mismatches": 41,
            "expected_repetitions": [
              0
            ],
            "kl_divergence": 2.576833846e-09,
            "max_abs": 0.03125,
            "mean_abs": 0.0005187988281,
            "outputs_checked": 1,
            "pass": true,
            "top1": 1
          }
        },
        "operation": "q8_0_dense_dp4a_dot_prequantized",
        "out_features": 2048,
        "q8_0_weight_bytes": 4456448,
        "q8_blocks_per_row": 64,
        "row_tile": 4,
        "rows": 1,
        "sequence_validation": {
          "burst_expected_repetitions": [
            0,
            1,
            2,
            3,
            4,
            5,
            6,
            7,
            8,
            9
          ],
          "input_repetition_pattern": "distinct_deterministic_salt",
          "output_partitioning": "disjoint",
          "single_expected_repetitions": [
            0
          ],
          "xq_partitioning": "disjoint"
        },
        "submission": {
          "completion_in_host_wall": true,
          "queue_or_stream_count": 1,
          "recording_in_timed_region": false,
          "strategy": "vulkan_command_buffer",
          "submit_in_host_wall": true
        },
        "timing": {
          "burst": {
            "dispatches_per_iteration": 1,
            "gpu_elapsed": {
              "clock": "vulkan_timestamp",
              "per_iteration_us": {
                "max": 16.148,
                "median": 16.131999999999998,
                "min": 16.084,
                "n": 5,
                "p05": 16.0888,
                "p95": 16.1464,
                "samples": 5,
                "stdev": 0.023405982141324368
              },
              "sequence_us": {
                "max": 161.48,
                "median": 161.32,
                "min": 160.84,
                "n": 5,
                "p05": 160.888,
                "p95": 161.464,
                "samples": 5,
                "stdev": 0.23405982141324008
              },
              "status": "ok"
            },
            "host_wall": {
              "clock": "steady_clock",
              "per_iteration_us": {
                "max": 23.235400000000002,
                "median": 22.4453,
                "min": 22.389400000000002,
                "n": 5,
                "p05": 22.391980000000004,
                "p95": 23.16258,
                "samples": 5,
                "stdev": 0.33498676152946716
              },
              "sequence_us": {
                "max": 232.354,
                "median": 224.453,
                "min": 223.894,
                "n": 5,
                "p05": 223.9198,
                "p95": 231.6258,
                "samples": 5,
                "stdev": 3.349867615294673
              },
              "status": "ok"
            },
            "logical_iterations": 10
          },
          "single": {
            "dispatches_per_iteration": 1,
            "gpu_elapsed": {
              "clock": "vulkan_timestamp",
              "per_iteration_us": {
                "max": 25.12,
                "median": 24.88,
                "min": 24.56,
                "n": 5,
                "p05": 24.592,
                "p95": 25.080000000000002,
                "samples": 5,
                "stdev": 0.18931455305918862
              },
              "sequence_us": {
                "max": 25.12,
                "median": 24.88,
                "min": 24.56,
                "n": 5,
                "p05": 24.592,
                "p95": 25.080000000000002,
                "samples": 5,
                "stdev": 0.18931455305918862
              },
              "status": "ok"
            },
            "host_wall": {
              "clock": "steady_clock",
              "per_iteration_us": {
                "max": 93.362,
                "median": 88.661,
                "min": 78.131,
                "n": 5,
                "p05": 79.959,
                "p95": 92.5138,
                "samples": 5,
                "stdev": 5.019704867818424
              },
              "sequence_us": {
                "max": 93.362,
                "median": 88.661,
                "min": 78.131,
                "n": 5,
                "p05": 79.959,
                "p95": 92.5138,
                "samples": 5,
                "stdev": 5.019704867818424
              },
              "status": "ok"
            },
            "logical_iterations": 1
          }
        },
        "timing_mode": "independent_throughput",
        "variant": "rowtile4",
        "workgroup_match": "vulkan_diagnostic_unmatched"
      },
      {
        "backend": "vulkan",
        "correctness": {
          "single_dispatch": {
            "oracle": "CPU Q8_0 dense q8_1+dp4a BF16 logits with KL <= 0.05 and top-1 >= 90%",
            "status": "pass"
          },
          "synchronization": {
            "barrier_count": 10,
            "method": "timeline_coordinated_multi_queue_disjoint_slices",
            "status": "pass"
          },
          "timed_sequence": {
            "coverage": "all_dispatches",
            "logical_iterations": 10,
            "oracle": "CPU Q8_0 dense q8_1+dp4a BF16 logits with KL <= 0.05 and top-1 >= 90%",
            "status": "pass"
          }
        },
        "correctness_pass": true,
        "dependency_contract": {
          "inter_dispatch_ordering": "none",
          "output_partitioning": "disjoint",
          "validation_status": "pass",
          "work_dependency": "independent"
        },
        "execution": {
          "actual_parallel_lanes": 4,
          "burst_lane_gpu_samples_us": [
            [
              156,
              172.72,
              68.04,
              50.16
            ],
            [
              83.24,
              124.92,
              100.52,
              63.04
            ],
            [
              99.2,
              149.92,
              110.92,
              49.68
            ],
            [
              90.92,
              187.52,
              121.88,
              62.32
            ],
            [
              143.52,
              72.8,
              121.16,
              63.52
            ]
          ],
          "calibrated_timestamp_domain": true,
          "calibrated_timestamp_extension": "VK_KHR_calibrated_timestamps",
          "lane_assignment": "round_robin_multi_queue",
          "requested_parallel_lanes": 4,
          "single_lane_gpu_samples_us": [
            [
              27.48,
              3.04,
              2.64,
              3
            ],
            [
              27.12,
              2.72,
              2.8,
              3.2
            ],
            [
              26.64,
              2.44,
              2.36,
              2.96
            ],
            [
              53.04,
              3.2,
              2.84,
              2.76
            ],
            [
              27.28,
              2.56,
              2.2,
              3.32
            ]
          ],
          "submission_strategy": "vulkan_multi_queue"
        },
        "hardware": {
          "actual_independent_lanes": 4,
          "api_version": "1.4.318",
          "calibrated_timestamp_extension": "VK_KHR_calibrated_timestamps",
          "device_id": 30032,
          "device_name": "AMD Radeon Graphics (RADV GFX1201)",
          "device_type": 2,
          "driver_version_raw": 104865800,
          "queue_family": 1,
          "queue_flags": 14,
          "queue_timestamp_valid_bits": 64,
          "requested_api_version": "1.2",
          "requested_independent_lanes": 4,
          "shader_integer_dot_product": true,
          "storage_buffer_16bit": true,
          "timeline_semaphore": true,
          "vendor_id": 4098
        },
        "in_features": 2048,
        "local_size": 128,
        "median_us": 21.98,
        "numeric_correctness": {
          "burst": {
            "exact_bf16_mismatches": 2500,
            "expected_repetitions": [
              0,
              1,
              2,
              3,
              4,
              5,
              6,
              7,
              8,
              9
            ],
            "kl_divergence": 7.475795864e-05,
            "max_abs": 0.0625,
            "mean_abs": 0.001559987664,
            "outputs_checked": 10,
            "pass": true,
            "top1": 1
          },
          "single": {
            "exact_bf16_mismatches": 41,
            "expected_repetitions": [
              0
            ],
            "kl_divergence": 2.576833846e-09,
            "max_abs": 0.03125,
            "mean_abs": 0.0005187988281,
            "outputs_checked": 1,
            "pass": true,
            "top1": 1
          }
        },
        "operation": "q8_0_dense_dp4a_quantize_plus_dot",
        "out_features": 2048,
        "q8_0_weight_bytes": 4456448,
        "q8_blocks_per_row": 64,
        "row_tile": 4,
        "rows": 1,
        "sequence_validation": {
          "burst_expected_repetitions": [
            0,
            1,
            2,
            3,
            4,
            5,
            6,
            7,
            8,
            9
          ],
          "input_repetition_pattern": "distinct_deterministic_salt",
          "output_partitioning": "disjoint",
          "single_expected_repetitions": [
            0
          ],
          "xq_partitioning": "disjoint"
        },
        "submission": {
          "completion_in_host_wall": true,
          "queue_or_stream_count": 4,
          "recording_in_timed_region": false,
          "strategy": "vulkan_multi_queue",
          "submit_in_host_wall": true
        },
        "timing": {
          "burst": {
            "dispatches_per_iteration": 2,
            "gpu_elapsed": {
              "clock": "vulkan_calibrated_multi_queue_timestamp_span",
              "per_iteration_us": {
                "max": 24.984,
                "median": 21.98,
                "min": 18.291999999999998,
                "n": 5,
                "p05": 18.5856,
                "p95": 24.788000000000004,
                "samples": 5,
                "stdev": 2.509799035779559
              },
              "sequence_us": {
                "max": 249.84,
                "median": 219.8,
                "min": 182.92,
                "n": 5,
                "p05": 185.856,
                "p95": 247.88,
                "samples": 5,
                "stdev": 25.097990357795585
              },
              "status": "ok"
            },
            "host_wall": {
              "clock": "steady_clock",
              "per_iteration_us": {
                "max": 34.2125,
                "median": 31.5724,
                "min": 28.164499999999997,
                "n": 5,
                "p05": 28.329879999999996,
                "p95": 34.0201,
                "samples": 5,
                "stdev": 2.345346171975473
              },
              "sequence_us": {
                "max": 342.125,
                "median": 315.724,
                "min": 281.645,
                "n": 5,
                "p05": 283.2988,
                "p95": 340.201,
                "samples": 5,
                "stdev": 23.453461719754724
              },
              "status": "ok"
            },
            "logical_iterations": 10
          },
          "single": {
            "dispatches_per_iteration": 2,
            "gpu_elapsed": {
              "clock": "vulkan_calibrated_multi_queue_timestamp_span",
              "per_iteration_us": {
                "max": 78.8,
                "median": 64.64,
                "min": 54.44,
                "n": 5,
                "p05": 54.624,
                "p95": 78.672,
                "samples": 5,
                "stdev": 10.58306571840126
              },
              "sequence_us": {
                "max": 78.8,
                "median": 64.64,
                "min": 54.44,
                "n": 5,
                "p05": 54.624,
                "p95": 78.672,
                "samples": 5,
                "stdev": 10.58306571840126
              },
              "status": "ok"
            },
            "host_wall": {
              "clock": "steady_clock",
              "per_iteration_us": {
                "max": 157.783,
                "median": 154.452,
                "min": 126.032,
                "n": 5,
                "p05": 129.10000000000002,
                "p95": 157.535,
                "samples": 5,
                "stdev": 12.115496070735196
              },
              "sequence_us": {
                "max": 157.783,
                "median": 154.452,
                "min": 126.032,
                "n": 5,
                "p05": 129.10000000000002,
                "p95": 157.535,
                "samples": 5,
                "stdev": 12.115496070735196
              },
              "status": "ok"
            },
            "logical_iterations": 1
          }
        },
        "timing_mode": "independent_throughput",
        "variant": "rowtile4",
        "workgroup_match": "vulkan_diagnostic_unmatched"
      },
      {
        "backend": "vulkan",
        "correctness": {
          "single_dispatch": {
            "oracle": "CPU Q8_0 dense q8_1+dp4a BF16 logits with KL <= 0.05 and top-1 >= 90%",
            "status": "pass"
          },
          "synchronization": {
            "barrier_count": 0,
            "method": "disjoint_xq_and_output_slices",
            "status": "pass"
          },
          "timed_sequence": {
            "coverage": "all_dispatches",
            "logical_iterations": 10,
            "oracle": "CPU Q8_0 dense q8_1+dp4a BF16 logits with KL <= 0.05 and top-1 >= 90%",
            "status": "pass"
          }
        },
        "correctness_pass": true,
        "dependency_contract": {
          "inter_dispatch_ordering": "none",
          "output_partitioning": "disjoint",
          "validation_status": "pass",
          "work_dependency": "independent"
        },
        "execution": {
          "actual_parallel_lanes": 1,
          "burst_lane_gpu_samples_us": [],
          "calibrated_timestamp_domain": false,
          "calibrated_timestamp_extension": "",
          "lane_assignment": "single_command_buffer",
          "requested_parallel_lanes": 4,
          "single_lane_gpu_samples_us": [],
          "submission_strategy": "vulkan_command_buffer"
        },
        "hardware": {
          "actual_independent_lanes": 4,
          "api_version": "1.4.318",
          "calibrated_timestamp_extension": "VK_KHR_calibrated_timestamps",
          "device_id": 30032,
          "device_name": "AMD Radeon Graphics (RADV GFX1201)",
          "device_type": 2,
          "driver_version_raw": 104865800,
          "queue_family": 1,
          "queue_flags": 14,
          "queue_timestamp_valid_bits": 64,
          "requested_api_version": "1.2",
          "requested_independent_lanes": 4,
          "shader_integer_dot_product": true,
          "storage_buffer_16bit": true,
          "timeline_semaphore": true,
          "vendor_id": 4098
        },
        "in_features": 2048,
        "local_size": 128,
        "median_us": 23.912,
        "numeric_correctness": {
          "burst": {
            "exact_bf16_mismatches": 12976,
            "expected_repetitions": [
              0,
              1,
              2,
              3,
              4,
              5,
              6,
              7,
              8,
              9
            ],
            "kl_divergence": 0.0001183141109,
            "max_abs": 0.0625,
            "mean_abs": 0.001415863866,
            "outputs_checked": 10,
            "pass": true,
            "top1": 1
          },
          "single": {
            "exact_bf16_mismatches": 1017,
            "expected_repetitions": [
              0
            ],
            "kl_divergence": 4.436209871e-06,
            "max_abs": 0.03125,
            "mean_abs": 0.000759601593,
            "outputs_checked": 1,
            "pass": true,
            "top1": 1
          }
        },
        "operation": "q8_0_dense_dp4a_dot_prequantized",
        "out_features": 2048,
        "q8_0_weight_bytes": 4456448,
        "q8_blocks_per_row": 64,
        "row_tile": 4,
        "rows": 4,
        "sequence_validation": {
          "burst_expected_repetitions": [
            0,
            1,
            2,
            3,
            4,
            5,
            6,
            7,
            8,
            9
          ],
          "input_repetition_pattern": "distinct_deterministic_salt",
          "output_partitioning": "disjoint",
          "single_expected_repetitions": [
            0
          ],
          "xq_partitioning": "disjoint"
        },
        "submission": {
          "completion_in_host_wall": true,
          "queue_or_stream_count": 1,
          "recording_in_timed_region": false,
          "strategy": "vulkan_command_buffer",
          "submit_in_host_wall": true
        },
        "timing": {
          "burst": {
            "dispatches_per_iteration": 1,
            "gpu_elapsed": {
              "clock": "vulkan_timestamp",
              "per_iteration_us": {
                "max": 23.936,
                "median": 23.912,
                "min": 23.9,
                "n": 5,
                "p05": 23.9024,
                "p95": 23.9336,
                "samples": 5,
                "stdev": 0.012237646832623147
              },
              "sequence_us": {
                "max": 239.36,
                "median": 239.12,
                "min": 239.0,
                "n": 5,
                "p05": 239.02400000000003,
                "p95": 239.336,
                "samples": 5,
                "stdev": 0.12237646832623147
              },
              "status": "ok"
            },
            "host_wall": {
              "clock": "steady_clock",
              "per_iteration_us": {
                "max": 29.8915,
                "median": 29.8165,
                "min": 29.7574,
                "n": 5,
                "p05": 29.765,
                "p95": 29.8855,
                "samples": 5,
                "stdev": 0.04747886266540072
              },
              "sequence_us": {
                "max": 298.915,
                "median": 298.165,
                "min": 297.574,
                "n": 5,
                "p05": 297.65000000000003,
                "p95": 298.855,
                "samples": 5,
                "stdev": 0.47478862665401117
              },
              "status": "ok"
            },
            "logical_iterations": 10
          },
          "single": {
            "dispatches_per_iteration": 1,
            "gpu_elapsed": {
              "clock": "vulkan_timestamp",
              "per_iteration_us": {
                "max": 34.4,
                "median": 34.24,
                "min": 33.92,
                "n": 5,
                "p05": 33.976000000000006,
                "p95": 34.376,
                "samples": 5,
                "stdev": 0.15879546593023286
              },
              "sequence_us": {
                "max": 34.4,
                "median": 34.24,
                "min": 33.92,
                "n": 5,
                "p05": 33.976000000000006,
                "p95": 34.376,
                "samples": 5,
                "stdev": 0.15879546593023286
              },
              "status": "ok"
            },
            "host_wall": {
              "clock": "steady_clock",
              "per_iteration_us": {
                "max": 98.342,
                "median": 96.851,
                "min": 86.851,
                "n": 5,
                "p05": 88.763,
                "p95": 98.122,
                "samples": 5,
                "stdev": 4.193368316759214
              },
              "sequence_us": {
                "max": 98.342,
                "median": 96.851,
                "min": 86.851,
                "n": 5,
                "p05": 88.763,
                "p95": 98.122,
                "samples": 5,
                "stdev": 4.193368316759214
              },
              "status": "ok"
            },
            "logical_iterations": 1
          }
        },
        "timing_mode": "independent_throughput",
        "variant": "rowtile4",
        "workgroup_match": "vulkan_diagnostic_unmatched"
      },
      {
        "backend": "vulkan",
        "correctness": {
          "single_dispatch": {
            "oracle": "CPU Q8_0 dense q8_1+dp4a BF16 logits with KL <= 0.05 and top-1 >= 90%",
            "status": "pass"
          },
          "synchronization": {
            "barrier_count": 10,
            "method": "timeline_coordinated_multi_queue_disjoint_slices",
            "status": "pass"
          },
          "timed_sequence": {
            "coverage": "all_dispatches",
            "logical_iterations": 10,
            "oracle": "CPU Q8_0 dense q8_1+dp4a BF16 logits with KL <= 0.05 and top-1 >= 90%",
            "status": "pass"
          }
        },
        "correctness_pass": true,
        "dependency_contract": {
          "inter_dispatch_ordering": "none",
          "output_partitioning": "disjoint",
          "validation_status": "pass",
          "work_dependency": "independent"
        },
        "execution": {
          "actual_parallel_lanes": 4,
          "burst_lane_gpu_samples_us": [
            [
              135,
              233.52,
              177.72,
              103.56
            ],
            [
              209.48,
              136.64,
              160.16,
              64.92
            ],
            [
              140.92,
              226.56,
              173.64,
              94.52
            ],
            [
              211.92,
              144.16,
              174.4,
              65.16
            ],
            [
              137.76,
              239.16,
              171.52,
              99.08
            ]
          ],
          "calibrated_timestamp_domain": true,
          "calibrated_timestamp_extension": "VK_KHR_calibrated_timestamps",
          "lane_assignment": "round_robin_multi_queue",
          "requested_parallel_lanes": 4,
          "single_lane_gpu_samples_us": [
            [
              53.2,
              2.84,
              2.88,
              2.48
            ],
            [
              52,
              3.04,
              2.52,
              3
            ],
            [
              38.04,
              2.92,
              2.96,
              2.56
            ],
            [
              38.04,
              2.96,
              2.4,
              3
            ],
            [
              50.92,
              2.88,
              2.76,
              2.28
            ]
          ],
          "submission_strategy": "vulkan_multi_queue"
        },
        "hardware": {
          "actual_independent_lanes": 4,
          "api_version": "1.4.318",
          "calibrated_timestamp_extension": "VK_KHR_calibrated_timestamps",
          "device_id": 30032,
          "device_name": "AMD Radeon Graphics (RADV GFX1201)",
          "device_type": 2,
          "driver_version_raw": 104865800,
          "queue_family": 1,
          "queue_flags": 14,
          "queue_timestamp_valid_bits": 64,
          "requested_api_version": "1.2",
          "requested_independent_lanes": 4,
          "shader_integer_dot_product": true,
          "storage_buffer_16bit": true,
          "timeline_semaphore": true,
          "vendor_id": 4098
        },
        "in_features": 2048,
        "local_size": 128,
        "median_us": 25.839999999999996,
        "numeric_correctness": {
          "burst": {
            "exact_bf16_mismatches": 12976,
            "expected_repetitions": [
              0,
              1,
              2,
              3,
              4,
              5,
              6,
              7,
              8,
              9
            ],
            "kl_divergence": 0.0001183141109,
            "max_abs": 0.0625,
            "mean_abs": 0.001415863866,
            "outputs_checked": 10,
            "pass": true,
            "top1": 1
          },
          "single": {
            "exact_bf16_mismatches": 1017,
            "expected_repetitions": [
              0
            ],
            "kl_divergence": 4.436209871e-06,
            "max_abs": 0.03125,
            "mean_abs": 0.000759601593,
            "outputs_checked": 1,
            "pass": true,
            "top1": 1
          }
        },
        "operation": "q8_0_dense_dp4a_quantize_plus_dot",
        "out_features": 2048,
        "q8_0_weight_bytes": 4456448,
        "q8_blocks_per_row": 64,
        "row_tile": 4,
        "rows": 4,
        "sequence_validation": {
          "burst_expected_repetitions": [
            0,
            1,
            2,
            3,
            4,
            5,
            6,
            7,
            8,
            9
          ],
          "input_repetition_pattern": "distinct_deterministic_salt",
          "output_partitioning": "disjoint",
          "single_expected_repetitions": [
            0
          ],
          "xq_partitioning": "disjoint"
        },
        "submission": {
          "completion_in_host_wall": true,
          "queue_or_stream_count": 4,
          "recording_in_timed_region": false,
          "strategy": "vulkan_multi_queue",
          "submit_in_host_wall": true
        },
        "timing": {
          "burst": {
            "dispatches_per_iteration": 2,
            "gpu_elapsed": {
              "clock": "vulkan_calibrated_multi_queue_timestamp_span",
              "per_iteration_us": {
                "max": 31.112000000000002,
                "median": 25.839999999999996,
                "min": 25.619999999999997,
                "n": 5,
                "p05": 25.6376,
                "p95": 31.0616,
                "samples": 5,
                "stdev": 2.5806777404395174
              },
              "sequence_us": {
                "max": 311.12,
                "median": 258.4,
                "min": 256.2,
                "n": 5,
                "p05": 256.376,
                "p95": 310.61600000000004,
                "samples": 5,
                "stdev": 25.806777404395163
              },
              "status": "ok"
            },
            "host_wall": {
              "clock": "steady_clock",
              "per_iteration_us": {
                "max": 39.8026,
                "median": 34.3465,
                "min": 33.4935,
                "n": 5,
                "p05": 33.509699999999995,
                "p95": 39.7664,
                "samples": 5,
                "stdev": 2.909801523540738
              },
              "sequence_us": {
                "max": 398.026,
                "median": 343.465,
                "min": 334.935,
                "n": 5,
                "p05": 335.09700000000004,
                "p95": 397.664,
                "samples": 5,
                "stdev": 29.098015235407388
              },
              "status": "ok"
            },
            "logical_iterations": 10
          },
          "single": {
            "dispatches_per_iteration": 2,
            "gpu_elapsed": {
              "clock": "vulkan_calibrated_multi_queue_timestamp_span",
              "per_iteration_us": {
                "max": 75.52,
                "median": 74.4,
                "min": 54.96,
                "n": 5,
                "p05": 56.136,
                "p95": 75.512,
                "samples": 5,
                "stdev": 8.654247512060191
              },
              "sequence_us": {
                "max": 75.52,
                "median": 74.4,
                "min": 54.96,
                "n": 5,
                "p05": 56.136,
                "p95": 75.512,
                "samples": 5,
                "stdev": 8.654247512060191
              },
              "status": "ok"
            },
            "host_wall": {
              "clock": "steady_clock",
              "per_iteration_us": {
                "max": 166.422,
                "median": 159.583,
                "min": 134.582,
                "n": 5,
                "p05": 136.832,
                "p95": 166.154,
                "samples": 5,
                "stdev": 12.2605957832399
              },
              "sequence_us": {
                "max": 166.422,
                "median": 159.583,
                "min": 134.582,
                "n": 5,
                "p05": 136.832,
                "p95": 166.154,
                "samples": 5,
                "stdev": 12.2605957832399
              },
              "status": "ok"
            },
            "logical_iterations": 1
          }
        },
        "timing_mode": "independent_throughput",
        "variant": "rowtile4",
        "workgroup_match": "vulkan_diagnostic_unmatched"
      }
    ]
  },
  "notes": "Vulkan raw GGUF Q8_0 dense q8_1+dp4a production-shaped probe with single-row and rowtile4 shader variants.",
  "parameters": {
    "actual_parallel_lanes": 4,
    "exact_local_size": 32,
    "independent_streams": 4,
    "input_scale": 0.1,
    "local_sizes": "32,64,128",
    "repetitions": 10,
    "row_tiles": "1,4",
    "rows_list": "1,4",
    "samples": 5,
    "shapes": "768x2048,2048x2048",
    "timing_mode": "independent_throughput",
    "warmup_sequences": 3
  },
  "schema_version": 2,
  "source": {
    "branch": "",
    "commit": "f2c3ad6d74c86e3641ce09ff9fd759eaa6cd75e0",
    "dirty": false,
    "repo": "/tmp/hipEngine-f2c",
    "source_hash": "sha256:f4823f57deeeaa713b202229f2e16bcb19ae9b0edc375123de4b7e9e8e1e0eb5"
  },
  "timing_config": {
    "actual_parallel_lanes": 4,
    "calibrated_timestamp_extension": "VK_KHR_calibrated_timestamps",
    "independent_streams": 4,
    "method": "Vulkan timestamps plus submit/fence host wall; exact repeated command buffers for serial and single-operation rows, calibrated timeline-coordinated multi-queue lanes for independent combined rows",
    "reps": 10,
    "samples": 5,
    "timing_mode": "independent_throughput",
    "warmup": 3
  },
  "wrapper": {
    "build_dir": "/home/kaden/ClaudeCode/autorocm/redline-pub/examples/hipengine-6409/results/gfx1201/2026-07-12/build/vulkan/dense-q8",
    "command": [
      "python3",
      "/tmp/hipEngine-f2c/benchmarks/micro/runners/q8_0_dense_real_slice.py",
      "--backend",
      "vulkan",
      "--timing-mode",
      "independent_throughput",
      "--independent-streams",
      "4",
      "--reps",
      "10",
      "--warmup",
      "3",
      "--samples",
      "5",
      "--environment-json",
      "/home/kaden/ClaudeCode/autorocm/redline-pub/examples/hipengine-6409/results/gfx1201/2026-07-12/environment.json",
      "--environment-ref",
      "/home/kaden/ClaudeCode/autorocm/redline-pub/examples/hipengine-6409/results/gfx1201/2026-07-12/environment.json",
      "--gfx-arch",
      "gfx1201",
      "--hardware-gpu",
      "AMD Radeon Graphics",
      "--build-dir",
      "/home/kaden/ClaudeCode/autorocm/redline-pub/examples/hipengine-6409/results/gfx1201/2026-07-12/build/vulkan/dense-q8",
      "--shapes",
      "768x2048,2048x2048",
      "--rows-list",
      "1,4",
      "--local-sizes",
      "32,64,128",
      "--row-tiles",
      "1,4",
      "--out",
      "/home/kaden/ClaudeCode/autorocm/redline-pub/examples/hipengine-6409/results/gfx1201/2026-07-12/independent_throughput/vulkan-dense-q8.json",
      "--pretty"
    ],
    "commands": [
      {
        "command": [
          "/tmp/shaderc-2025/root/usr/bin/glslc",
          "--target-env=vulkan1.2",
          "-O",
          "/tmp/hipEngine-f2c/benchmarks/micro/kernels/vulkan/q8_1_quantize.comp",
          "-o",
          "/home/kaden/ClaudeCode/autorocm/redline-pub/examples/hipengine-6409/results/gfx1201/2026-07-12/build/vulkan/dense-q8/q8_1_quantize.spv"
        ],
        "kind": "compile_shader"
      },
      {
        "command": [
          "/usr/bin/c++",
          "-O2",
          "-std=c++17",
          "/tmp/hipEngine-f2c/benchmarks/micro/runners/vulkan_q8_0_dense.cpp",
          "-o",
          "/home/kaden/ClaudeCode/autorocm/redline-pub/examples/hipengine-6409/results/gfx1201/2026-07-12/build/vulkan/dense-q8/vulkan_q8_0_dense",
          "-lvulkan"
        ],
        "kind": "compile_harness"
      },
      {
        "command": [
          "/tmp/shaderc-2025/root/usr/bin/glslc",
          "--target-env=vulkan1.2",
          "-O",
          "-DHIPENGINE_LOCAL_SIZE_X=32",
          "-DHIPENGINE_ROW_TILE=1",
          "/tmp/hipEngine-f2c/benchmarks/micro/kernels/vulkan/q8_0_dense.comp",
          "-o",
          "/home/kaden/ClaudeCode/autorocm/redline-pub/examples/hipengine-6409/results/gfx1201/2026-07-12/build/vulkan/dense-q8/vulkan/ls32_rt1/q8_0_dense.spv"
        ],
        "kind": "compile_shader",
        "local_size": 32,
        "row_tile": 1,
        "variant": "single"
      },
      {
        "command": [
          "/home/kaden/ClaudeCode/autorocm/redline-pub/examples/hipengine-6409/results/gfx1201/2026-07-12/build/vulkan/dense-q8/vulkan_q8_0_dense",
          "--quantize-spirv",
          "/home/kaden/ClaudeCode/autorocm/redline-pub/examples/hipengine-6409/results/gfx1201/2026-07-12/build/vulkan/dense-q8/q8_1_quantize.spv",
          "--dot-spirv",
          "/home/kaden/ClaudeCode/autorocm/redline-pub/examples/hipengine-6409/results/gfx1201/2026-07-12/build/vulkan/dense-q8/vulkan/ls32_rt1/q8_0_dense.spv",
          "--json",
          "/home/kaden/ClaudeCode/autorocm/redline-pub/examples/hipengine-6409/results/gfx1201/2026-07-12/build/vulkan/dense-q8/vulkan/ls32_rt1/raw_768x2048_rows1.json",
          "--rows",
          "1",
          "--in-features",
          "768",
          "--out-features",
          "2048",
          "--input-scale",
          "0.1",
          "--local-size",
          "32",
          "--row-tile",
          "1",
          "--reps",
          "10",
          "--warmup",
          "3",
          "--samples",
          "5",
          "--timing-mode",
          "independent_throughput",
          "--independent-lanes",
          "4",
          "--device-index",
          "0"
        ],
        "kind": "run_harness",
        "local_size": 32,
        "raw_json_retained": false,
        "returncode": 0,
        "row_tile": 1,
        "rows": 1,
        "shape": "768x2048",
        "variant": "single"
      },
      {
        "command": [
          "/home/kaden/ClaudeCode/autorocm/redline-pub/examples/hipengine-6409/results/gfx1201/2026-07-12/build/vulkan/dense-q8/vulkan_q8_0_dense",
          "--quantize-spirv",
          "/home/kaden/ClaudeCode/autorocm/redline-pub/examples/hipengine-6409/results/gfx1201/2026-07-12/build/vulkan/dense-q8/q8_1_quantize.spv",
          "--dot-spirv",
          "/home/kaden/ClaudeCode/autorocm/redline-pub/examples/hipengine-6409/results/gfx1201/2026-07-12/build/vulkan/dense-q8/vulkan/ls32_rt1/q8_0_dense.spv",
          "--json",
          "/home/kaden/ClaudeCode/autorocm/redline-pub/examples/hipengine-6409/results/gfx1201/2026-07-12/build/vulkan/dense-q8/vulkan/ls32_rt1/raw_768x2048_rows4.json",
          "--rows",
          "4",
          "--in-features",
          "768",
          "--out-features",
          "2048",
          "--input-scale",
          "0.1",
          "--local-size",
          "32",
          "--row-tile",
          "1",
          "--reps",
          "10",
          "--warmup",
          "3",
          "--samples",
          "5",
          "--timing-mode",
          "independent_throughput",
          "--independent-lanes",
          "4",
          "--device-index",
          "0"
        ],
        "kind": "run_harness",
        "local_size": 32,
        "raw_json_retained": false,
        "returncode": 0,
        "row_tile": 1,
        "rows": 4,
        "shape": "768x2048",
        "variant": "single"
      },
      {
        "command": [
          "/home/kaden/ClaudeCode/autorocm/redline-pub/examples/hipengine-6409/results/gfx1201/2026-07-12/build/vulkan/dense-q8/vulkan_q8_0_dense",
          "--quantize-spirv",
          "/home/kaden/ClaudeCode/autorocm/redline-pub/examples/hipengine-6409/results/gfx1201/2026-07-12/build/vulkan/dense-q8/q8_1_quantize.spv",
          "--dot-spirv",
          "/home/kaden/ClaudeCode/autorocm/redline-pub/examples/hipengine-6409/results/gfx1201/2026-07-12/build/vulkan/dense-q8/vulkan/ls32_rt1/q8_0_dense.spv",
          "--json",
          "/home/kaden/ClaudeCode/autorocm/redline-pub/examples/hipengine-6409/results/gfx1201/2026-07-12/build/vulkan/dense-q8/vulkan/ls32_rt1/raw_2048x2048_rows1.json",
          "--rows",
          "1",
          "--in-features",
          "2048",
          "--out-features",
          "2048",
          "--input-scale",
          "0.1",
          "--local-size",
          "32",
          "--row-tile",
          "1",
          "--reps",
          "10",
          "--warmup",
          "3",
          "--samples",
          "5",
          "--timing-mode",
          "independent_throughput",
          "--independent-lanes",
          "4",
          "--device-index",
          "0"
        ],
        "kind": "run_harness",
        "local_size": 32,
        "raw_json_retained": false,
        "returncode": 0,
        "row_tile": 1,
        "rows": 1,
        "shape": "2048x2048",
        "variant": "single"
      },
      {
        "command": [
          "/home/kaden/ClaudeCode/autorocm/redline-pub/examples/hipengine-6409/results/gfx1201/2026-07-12/build/vulkan/dense-q8/vulkan_q8_0_dense",
          "--quantize-spirv",
          "/home/kaden/ClaudeCode/autorocm/redline-pub/examples/hipengine-6409/results/gfx1201/2026-07-12/build/vulkan/dense-q8/q8_1_quantize.spv",
          "--dot-spirv",
          "/home/kaden/ClaudeCode/autorocm/redline-pub/examples/hipengine-6409/results/gfx1201/2026-07-12/build/vulkan/dense-q8/vulkan/ls32_rt1/q8_0_dense.spv",
          "--json",
          "/home/kaden/ClaudeCode/autorocm/redline-pub/examples/hipengine-6409/results/gfx1201/2026-07-12/build/vulkan/dense-q8/vulkan/ls32_rt1/raw_2048x2048_rows4.json",
          "--rows",
          "4",
          "--in-features",
          "2048",
          "--out-features",
          "2048",
          "--input-scale",
          "0.1",
          "--local-size",
          "32",
          "--row-tile",
          "1",
          "--reps",
          "10",
          "--warmup",
          "3",
          "--samples",
          "5",
          "--timing-mode",
          "independent_throughput",
          "--independent-lanes",
          "4",
          "--device-index",
          "0"
        ],
        "kind": "run_harness",
        "local_size": 32,
        "raw_json_retained": false,
        "returncode": 0,
        "row_tile": 1,
        "rows": 4,
        "shape": "2048x2048",
        "variant": "single"
      },
      {
        "command": [
          "/tmp/shaderc-2025/root/usr/bin/glslc",
          "--target-env=vulkan1.2",
          "-O",
          "-DHIPENGINE_LOCAL_SIZE_X=32",
          "-DHIPENGINE_ROW_TILE=4",
          "/tmp/hipEngine-f2c/benchmarks/micro/kernels/vulkan/q8_0_dense.comp",
          "-o",
          "/home/kaden/ClaudeCode/autorocm/redline-pub/examples/hipengine-6409/results/gfx1201/2026-07-12/build/vulkan/dense-q8/vulkan/ls32_rt4/q8_0_dense.spv"
        ],
        "kind": "compile_shader",
        "local_size": 32,
        "row_tile": 4,
        "variant": "rowtile4"
      },
      {
        "command": [
          "/home/kaden/ClaudeCode/autorocm/redline-pub/examples/hipengine-6409/results/gfx1201/2026-07-12/build/vulkan/dense-q8/vulkan_q8_0_dense",
          "--quantize-spirv",
          "/home/kaden/ClaudeCode/autorocm/redline-pub/examples/hipengine-6409/results/gfx1201/2026-07-12/build/vulkan/dense-q8/q8_1_quantize.spv",
          "--dot-spirv",
          "/home/kaden/ClaudeCode/autorocm/redline-pub/examples/hipengine-6409/results/gfx1201/2026-07-12/build/vulkan/dense-q8/vulkan/ls32_rt4/q8_0_dense.spv",
          "--json",
          "/home/kaden/ClaudeCode/autorocm/redline-pub/examples/hipengine-6409/results/gfx1201/2026-07-12/build/vulkan/dense-q8/vulkan/ls32_rt4/raw_768x2048_rows1.json",
          "--rows",
          "1",
          "--in-features",
          "768",
          "--out-features",
          "2048",
          "--input-scale",
          "0.1",
          "--local-size",
          "32",
          "--row-tile",
          "4",
          "--reps",
          "10",
          "--warmup",
          "3",
          "--samples",
          "5",
          "--timing-mode",
          "independent_throughput",
          "--independent-lanes",
          "4",
          "--device-index",
          "0"
        ],
        "kind": "run_harness",
        "local_size": 32,
        "raw_json_retained": false,
        "returncode": 0,
        "row_tile": 4,
        "rows": 1,
        "shape": "768x2048",
        "variant": "rowtile4"
      },
      {
        "command": [
          "/home/kaden/ClaudeCode/autorocm/redline-pub/examples/hipengine-6409/results/gfx1201/2026-07-12/build/vulkan/dense-q8/vulkan_q8_0_dense",
          "--quantize-spirv",
          "/home/kaden/ClaudeCode/autorocm/redline-pub/examples/hipengine-6409/results/gfx1201/2026-07-12/build/vulkan/dense-q8/q8_1_quantize.spv",
          "--dot-spirv",
          "/home/kaden/ClaudeCode/autorocm/redline-pub/examples/hipengine-6409/results/gfx1201/2026-07-12/build/vulkan/dense-q8/vulkan/ls32_rt4/q8_0_dense.spv",
          "--json",
          "/home/kaden/ClaudeCode/autorocm/redline-pub/examples/hipengine-6409/results/gfx1201/2026-07-12/build/vulkan/dense-q8/vulkan/ls32_rt4/raw_768x2048_rows4.json",
          "--rows",
          "4",
          "--in-features",
          "768",
          "--out-features",
          "2048",
          "--input-scale",
          "0.1",
          "--local-size",
          "32",
          "--row-tile",
          "4",
          "--reps",
          "10",
          "--warmup",
          "3",
          "--samples",
          "5",
          "--timing-mode",
          "independent_throughput",
          "--independent-lanes",
          "4",
          "--device-index",
          "0"
        ],
        "kind": "run_harness",
        "local_size": 32,
        "raw_json_retained": false,
        "returncode": 0,
        "row_tile": 4,
        "rows": 4,
        "shape": "768x2048",
        "variant": "rowtile4"
      },
      {
        "command": [
          "/home/kaden/ClaudeCode/autorocm/redline-pub/examples/hipengine-6409/results/gfx1201/2026-07-12/build/vulkan/dense-q8/vulkan_q8_0_dense",
          "--quantize-spirv",
          "/home/kaden/ClaudeCode/autorocm/redline-pub/examples/hipengine-6409/results/gfx1201/2026-07-12/build/vulkan/dense-q8/q8_1_quantize.spv",
          "--dot-spirv",
          "/home/kaden/ClaudeCode/autorocm/redline-pub/examples/hipengine-6409/results/gfx1201/2026-07-12/build/vulkan/dense-q8/vulkan/ls32_rt4/q8_0_dense.spv",
          "--json",
          "/home/kaden/ClaudeCode/autorocm/redline-pub/examples/hipengine-6409/results/gfx1201/2026-07-12/build/vulkan/dense-q8/vulkan/ls32_rt4/raw_2048x2048_rows1.json",
          "--rows",
          "1",
          "--in-features",
          "2048",
          "--out-features",
          "2048",
          "--input-scale",
          "0.1",
          "--local-size",
          "32",
          "--row-tile",
          "4",
          "--reps",
          "10",
          "--warmup",
          "3",
          "--samples",
          "5",
          "--timing-mode",
          "independent_throughput",
          "--independent-lanes",
          "4",
          "--device-index",
          "0"
        ],
        "kind": "run_harness",
        "local_size": 32,
        "raw_json_retained": false,
        "returncode": 0,
        "row_tile": 4,
        "rows": 1,
        "shape": "2048x2048",
        "variant": "rowtile4"
      },
      {
        "command": [
          "/home/kaden/ClaudeCode/autorocm/redline-pub/examples/hipengine-6409/results/gfx1201/2026-07-12/build/vulkan/dense-q8/vulkan_q8_0_dense",
          "--quantize-spirv",
          "/home/kaden/ClaudeCode/autorocm/redline-pub/examples/hipengine-6409/results/gfx1201/2026-07-12/build/vulkan/dense-q8/q8_1_quantize.spv",
          "--dot-spirv",
          "/home/kaden/ClaudeCode/autorocm/redline-pub/examples/hipengine-6409/results/gfx1201/2026-07-12/build/vulkan/dense-q8/vulkan/ls32_rt4/q8_0_dense.spv",
          "--json",
          "/home/kaden/ClaudeCode/autorocm/redline-pub/examples/hipengine-6409/results/gfx1201/2026-07-12/build/vulkan/dense-q8/vulkan/ls32_rt4/raw_2048x2048_rows4.json",
          "--rows",
          "4",
          "--in-features",
          "2048",
          "--out-features",
          "2048",
          "--input-scale",
          "0.1",
          "--local-size",
          "32",
          "--row-tile",
          "4",
          "--reps",
          "10",
          "--warmup",
          "3",
          "--samples",
          "5",
          "--timing-mode",
          "independent_throughput",
          "--independent-lanes",
          "4",
          "--device-index",
          "0"
        ],
        "kind": "run_harness",
        "local_size": 32,
        "raw_json_retained": false,
        "returncode": 0,
        "row_tile": 4,
        "rows": 4,
        "shape": "2048x2048",
        "variant": "rowtile4"
      },
      {
        "command": [
          "/tmp/shaderc-2025/root/usr/bin/glslc",
          "--target-env=vulkan1.2",
          "-O",
          "-DHIPENGINE_LOCAL_SIZE_X=64",
          "-DHIPENGINE_ROW_TILE=1",
          "/tmp/hipEngine-f2c/benchmarks/micro/kernels/vulkan/q8_0_dense.comp",
          "-o",
          "/home/kaden/ClaudeCode/autorocm/redline-pub/examples/hipengine-6409/results/gfx1201/2026-07-12/build/vulkan/dense-q8/vulkan/ls64_rt1/q8_0_dense.spv"
        ],
        "kind": "compile_shader",
        "local_size": 64,
        "row_tile": 1,
        "variant": "single"
      },
      {
        "command": [
          "/home/kaden/ClaudeCode/autorocm/redline-pub/examples/hipengine-6409/results/gfx1201/2026-07-12/build/vulkan/dense-q8/vulkan_q8_0_dense",
          "--quantize-spirv",
          "/home/kaden/ClaudeCode/autorocm/redline-pub/examples/hipengine-6409/results/gfx1201/2026-07-12/build/vulkan/dense-q8/q8_1_quantize.spv",
          "--dot-spirv",
          "/home/kaden/ClaudeCode/autorocm/redline-pub/examples/hipengine-6409/results/gfx1201/2026-07-12/build/vulkan/dense-q8/vulkan/ls64_rt1/q8_0_dense.spv",
          "--json",
          "/home/kaden/ClaudeCode/autorocm/redline-pub/examples/hipengine-6409/results/gfx1201/2026-07-12/build/vulkan/dense-q8/vulkan/ls64_rt1/raw_768x2048_rows1.json",
          "--rows",
          "1",
          "--in-features",
          "768",
          "--out-features",
          "2048",
          "--input-scale",
          "0.1",
          "--local-size",
          "64",
          "--row-tile",
          "1",
          "--reps",
          "10",
          "--warmup",
          "3",
          "--samples",
          "5",
          "--timing-mode",
          "independent_throughput",
          "--independent-lanes",
          "4",
          "--device-index",
          "0"
        ],
        "kind": "run_harness",
        "local_size": 64,
        "raw_json_retained": false,
        "returncode": 0,
        "row_tile": 1,
        "rows": 1,
        "shape": "768x2048",
        "variant": "single"
      },
      {
        "command": [
          "/home/kaden/ClaudeCode/autorocm/redline-pub/examples/hipengine-6409/results/gfx1201/2026-07-12/build/vulkan/dense-q8/vulkan_q8_0_dense",
          "--quantize-spirv",
          "/home/kaden/ClaudeCode/autorocm/redline-pub/examples/hipengine-6409/results/gfx1201/2026-07-12/build/vulkan/dense-q8/q8_1_quantize.spv",
          "--dot-spirv",
          "/home/kaden/ClaudeCode/autorocm/redline-pub/examples/hipengine-6409/results/gfx1201/2026-07-12/build/vulkan/dense-q8/vulkan/ls64_rt1/q8_0_dense.spv",
          "--json",
          "/home/kaden/ClaudeCode/autorocm/redline-pub/examples/hipengine-6409/results/gfx1201/2026-07-12/build/vulkan/dense-q8/vulkan/ls64_rt1/raw_768x2048_rows4.json",
          "--rows",
          "4",
          "--in-features",
          "768",
          "--out-features",
          "2048",
          "--input-scale",
          "0.1",
          "--local-size",
          "64",
          "--row-tile",
          "1",
          "--reps",
          "10",
          "--warmup",
          "3",
          "--samples",
          "5",
          "--timing-mode",
          "independent_throughput",
          "--independent-lanes",
          "4",
          "--device-index",
          "0"
        ],
        "kind": "run_harness",
        "local_size": 64,
        "raw_json_retained": false,
        "returncode": 0,
        "row_tile": 1,
        "rows": 4,
        "shape": "768x2048",
        "variant": "single"
      },
      {
        "command": [
          "/home/kaden/ClaudeCode/autorocm/redline-pub/examples/hipengine-6409/results/gfx1201/2026-07-12/build/vulkan/dense-q8/vulkan_q8_0_dense",
          "--quantize-spirv",
          "/home/kaden/ClaudeCode/autorocm/redline-pub/examples/hipengine-6409/results/gfx1201/2026-07-12/build/vulkan/dense-q8/q8_1_quantize.spv",
          "--dot-spirv",
          "/home/kaden/ClaudeCode/autorocm/redline-pub/examples/hipengine-6409/results/gfx1201/2026-07-12/build/vulkan/dense-q8/vulkan/ls64_rt1/q8_0_dense.spv",
          "--json",
          "/home/kaden/ClaudeCode/autorocm/redline-pub/examples/hipengine-6409/results/gfx1201/2026-07-12/build/vulkan/dense-q8/vulkan/ls64_rt1/raw_2048x2048_rows1.json",
          "--rows",
          "1",
          "--in-features",
          "2048",
          "--out-features",
          "2048",
          "--input-scale",
          "0.1",
          "--local-size",
          "64",
          "--row-tile",
          "1",
          "--reps",
          "10",
          "--warmup",
          "3",
          "--samples",
          "5",
          "--timing-mode",
          "independent_throughput",
          "--independent-lanes",
          "4",
          "--device-index",
          "0"
        ],
        "kind": "run_harness",
        "local_size": 64,
        "raw_json_retained": false,
        "returncode": 0,
        "row_tile": 1,
        "rows": 1,
        "shape": "2048x2048",
        "variant": "single"
      },
      {
        "command": [
          "/home/kaden/ClaudeCode/autorocm/redline-pub/examples/hipengine-6409/results/gfx1201/2026-07-12/build/vulkan/dense-q8/vulkan_q8_0_dense",
          "--quantize-spirv",
          "/home/kaden/ClaudeCode/autorocm/redline-pub/examples/hipengine-6409/results/gfx1201/2026-07-12/build/vulkan/dense-q8/q8_1_quantize.spv",
          "--dot-spirv",
          "/home/kaden/ClaudeCode/autorocm/redline-pub/examples/hipengine-6409/results/gfx1201/2026-07-12/build/vulkan/dense-q8/vulkan/ls64_rt1/q8_0_dense.spv",
          "--json",
          "/home/kaden/ClaudeCode/autorocm/redline-pub/examples/hipengine-6409/results/gfx1201/2026-07-12/build/vulkan/dense-q8/vulkan/ls64_rt1/raw_2048x2048_rows4.json",
          "--rows",
          "4",
          "--in-features",
          "2048",
          "--out-features",
          "2048",
          "--input-scale",
          "0.1",
          "--local-size",
          "64",
          "--row-tile",
          "1",
          "--reps",
          "10",
          "--warmup",
          "3",
          "--samples",
          "5",
          "--timing-mode",
          "independent_throughput",
          "--independent-lanes",
          "4",
          "--device-index",
          "0"
        ],
        "kind": "run_harness",
        "local_size": 64,
        "raw_json_retained": false,
        "returncode": 0,
        "row_tile": 1,
        "rows": 4,
        "shape": "2048x2048",
        "variant": "single"
      },
      {
        "command": [
          "/tmp/shaderc-2025/root/usr/bin/glslc",
          "--target-env=vulkan1.2",
          "-O",
          "-DHIPENGINE_LOCAL_SIZE_X=64",
          "-DHIPENGINE_ROW_TILE=4",
          "/tmp/hipEngine-f2c/benchmarks/micro/kernels/vulkan/q8_0_dense.comp",
          "-o",
          "/home/kaden/ClaudeCode/autorocm/redline-pub/examples/hipengine-6409/results/gfx1201/2026-07-12/build/vulkan/dense-q8/vulkan/ls64_rt4/q8_0_dense.spv"
        ],
        "kind": "compile_shader",
        "local_size": 64,
        "row_tile": 4,
        "variant": "rowtile4"
      },
      {
        "command": [
          "/home/kaden/ClaudeCode/autorocm/redline-pub/examples/hipengine-6409/results/gfx1201/2026-07-12/build/vulkan/dense-q8/vulkan_q8_0_dense",
          "--quantize-spirv",
          "/home/kaden/ClaudeCode/autorocm/redline-pub/examples/hipengine-6409/results/gfx1201/2026-07-12/build/vulkan/dense-q8/q8_1_quantize.spv",
          "--dot-spirv",
          "/home/kaden/ClaudeCode/autorocm/redline-pub/examples/hipengine-6409/results/gfx1201/2026-07-12/build/vulkan/dense-q8/vulkan/ls64_rt4/q8_0_dense.spv",
          "--json",
          "/home/kaden/ClaudeCode/autorocm/redline-pub/examples/hipengine-6409/results/gfx1201/2026-07-12/build/vulkan/dense-q8/vulkan/ls64_rt4/raw_768x2048_rows1.json",
          "--rows",
          "1",
          "--in-features",
          "768",
          "--out-features",
          "2048",
          "--input-scale",
          "0.1",
          "--local-size",
          "64",
          "--row-tile",
          "4",
          "--reps",
          "10",
          "--warmup",
          "3",
          "--samples",
          "5",
          "--timing-mode",
          "independent_throughput",
          "--independent-lanes",
          "4",
          "--device-index",
          "0"
        ],
        "kind": "run_harness",
        "local_size": 64,
        "raw_json_retained": false,
        "returncode": 0,
        "row_tile": 4,
        "rows": 1,
        "shape": "768x2048",
        "variant": "rowtile4"
      },
      {
        "command": [
          "/home/kaden/ClaudeCode/autorocm/redline-pub/examples/hipengine-6409/results/gfx1201/2026-07-12/build/vulkan/dense-q8/vulkan_q8_0_dense",
          "--quantize-spirv",
          "/home/kaden/ClaudeCode/autorocm/redline-pub/examples/hipengine-6409/results/gfx1201/2026-07-12/build/vulkan/dense-q8/q8_1_quantize.spv",
          "--dot-spirv",
          "/home/kaden/ClaudeCode/autorocm/redline-pub/examples/hipengine-6409/results/gfx1201/2026-07-12/build/vulkan/dense-q8/vulkan/ls64_rt4/q8_0_dense.spv",
          "--json",
          "/home/kaden/ClaudeCode/autorocm/redline-pub/examples/hipengine-6409/results/gfx1201/2026-07-12/build/vulkan/dense-q8/vulkan/ls64_rt4/raw_768x2048_rows4.json",
          "--rows",
          "4",
          "--in-features",
          "768",
          "--out-features",
          "2048",
          "--input-scale",
          "0.1",
          "--local-size",
          "64",
          "--row-tile",
          "4",
          "--reps",
          "10",
          "--warmup",
          "3",
          "--samples",
          "5",
          "--timing-mode",
          "independent_throughput",
          "--independent-lanes",
          "4",
          "--device-index",
          "0"
        ],
        "kind": "run_harness",
        "local_size": 64,
        "raw_json_retained": false,
        "returncode": 0,
        "row_tile": 4,
        "rows": 4,
        "shape": "768x2048",
        "variant": "rowtile4"
      },
      {
        "command": [
          "/home/kaden/ClaudeCode/autorocm/redline-pub/examples/hipengine-6409/results/gfx1201/2026-07-12/build/vulkan/dense-q8/vulkan_q8_0_dense",
          "--quantize-spirv",
          "/home/kaden/ClaudeCode/autorocm/redline-pub/examples/hipengine-6409/results/gfx1201/2026-07-12/build/vulkan/dense-q8/q8_1_quantize.spv",
          "--dot-spirv",
          "/home/kaden/ClaudeCode/autorocm/redline-pub/examples/hipengine-6409/results/gfx1201/2026-07-12/build/vulkan/dense-q8/vulkan/ls64_rt4/q8_0_dense.spv",
          "--json",
          "/home/kaden/ClaudeCode/autorocm/redline-pub/examples/hipengine-6409/results/gfx1201/2026-07-12/build/vulkan/dense-q8/vulkan/ls64_rt4/raw_2048x2048_rows1.json",
          "--rows",
          "1",
          "--in-features",
          "2048",
          "--out-features",
          "2048",
          "--input-scale",
          "0.1",
          "--local-size",
          "64",
          "--row-tile",
          "4",
          "--reps",
          "10",
          "--warmup",
          "3",
          "--samples",
          "5",
          "--timing-mode",
          "independent_throughput",
          "--independent-lanes",
          "4",
          "--device-index",
          "0"
        ],
        "kind": "run_harness",
        "local_size": 64,
        "raw_json_retained": false,
        "returncode": 0,
        "row_tile": 4,
        "rows": 1,
        "shape": "2048x2048",
        "variant": "rowtile4"
      },
      {
        "command": [
          "/home/kaden/ClaudeCode/autorocm/redline-pub/examples/hipengine-6409/results/gfx1201/2026-07-12/build/vulkan/dense-q8/vulkan_q8_0_dense",
          "--quantize-spirv",
          "/home/kaden/ClaudeCode/autorocm/redline-pub/examples/hipengine-6409/results/gfx1201/2026-07-12/build/vulkan/dense-q8/q8_1_quantize.spv",
          "--dot-spirv",
          "/home/kaden/ClaudeCode/autorocm/redline-pub/examples/hipengine-6409/results/gfx1201/2026-07-12/build/vulkan/dense-q8/vulkan/ls64_rt4/q8_0_dense.spv",
          "--json",
          "/home/kaden/ClaudeCode/autorocm/redline-pub/examples/hipengine-6409/results/gfx1201/2026-07-12/build/vulkan/dense-q8/vulkan/ls64_rt4/raw_2048x2048_rows4.json",
          "--rows",
          "4",
          "--in-features",
          "2048",
          "--out-features",
          "2048",
          "--input-scale",
          "0.1",
          "--local-size",
          "64",
          "--row-tile",
          "4",
          "--reps",
          "10",
          "--warmup",
          "3",
          "--samples",
          "5",
          "--timing-mode",
          "independent_throughput",
          "--independent-lanes",
          "4",
          "--device-index",
          "0"
        ],
        "kind": "run_harness",
        "local_size": 64,
        "raw_json_retained": false,
        "returncode": 0,
        "row_tile": 4,
        "rows": 4,
        "shape": "2048x2048",
        "variant": "rowtile4"
      },
      {
        "command": [
          "/tmp/shaderc-2025/root/usr/bin/glslc",
          "--target-env=vulkan1.2",
          "-O",
          "-DHIPENGINE_LOCAL_SIZE_X=128",
          "-DHIPENGINE_ROW_TILE=1",
          "/tmp/hipEngine-f2c/benchmarks/micro/kernels/vulkan/q8_0_dense.comp",
          "-o",
          "/home/kaden/ClaudeCode/autorocm/redline-pub/examples/hipengine-6409/results/gfx1201/2026-07-12/build/vulkan/dense-q8/vulkan/ls128_rt1/q8_0_dense.spv"
        ],
        "kind": "compile_shader",
        "local_size": 128,
        "row_tile": 1,
        "variant": "single"
      },
      {
        "command": [
          "/home/kaden/ClaudeCode/autorocm/redline-pub/examples/hipengine-6409/results/gfx1201/2026-07-12/build/vulkan/dense-q8/vulkan_q8_0_dense",
          "--quantize-spirv",
          "/home/kaden/ClaudeCode/autorocm/redline-pub/examples/hipengine-6409/results/gfx1201/2026-07-12/build/vulkan/dense-q8/q8_1_quantize.spv",
          "--dot-spirv",
          "/home/kaden/ClaudeCode/autorocm/redline-pub/examples/hipengine-6409/results/gfx1201/2026-07-12/build/vulkan/dense-q8/vulkan/ls128_rt1/q8_0_dense.spv",
          "--json",
          "/home/kaden/ClaudeCode/autorocm/redline-pub/examples/hipengine-6409/results/gfx1201/2026-07-12/build/vulkan/dense-q8/vulkan/ls128_rt1/raw_768x2048_rows1.json",
          "--rows",
          "1",
          "--in-features",
          "768",
          "--out-features",
          "2048",
          "--input-scale",
          "0.1",
          "--local-size",
          "128",
          "--row-tile",
          "1",
          "--reps",
          "10",
          "--warmup",
          "3",
          "--samples",
          "5",
          "--timing-mode",
          "independent_throughput",
          "--independent-lanes",
          "4",
          "--device-index",
          "0"
        ],
        "kind": "run_harness",
        "local_size": 128,
        "raw_json_retained": false,
        "returncode": 0,
        "row_tile": 1,
        "rows": 1,
        "shape": "768x2048",
        "variant": "single"
      },
      {
        "command": [
          "/home/kaden/ClaudeCode/autorocm/redline-pub/examples/hipengine-6409/results/gfx1201/2026-07-12/build/vulkan/dense-q8/vulkan_q8_0_dense",
          "--quantize-spirv",
          "/home/kaden/ClaudeCode/autorocm/redline-pub/examples/hipengine-6409/results/gfx1201/2026-07-12/build/vulkan/dense-q8/q8_1_quantize.spv",
          "--dot-spirv",
          "/home/kaden/ClaudeCode/autorocm/redline-pub/examples/hipengine-6409/results/gfx1201/2026-07-12/build/vulkan/dense-q8/vulkan/ls128_rt1/q8_0_dense.spv",
          "--json",
          "/home/kaden/ClaudeCode/autorocm/redline-pub/examples/hipengine-6409/results/gfx1201/2026-07-12/build/vulkan/dense-q8/vulkan/ls128_rt1/raw_768x2048_rows4.json",
          "--rows",
          "4",
          "--in-features",
          "768",
          "--out-features",
          "2048",
          "--input-scale",
          "0.1",
          "--local-size",
          "128",
          "--row-tile",
          "1",
          "--reps",
          "10",
          "--warmup",
          "3",
          "--samples",
          "5",
          "--timing-mode",
          "independent_throughput",
          "--independent-lanes",
          "4",
          "--device-index",
          "0"
        ],
        "kind": "run_harness",
        "local_size": 128,
        "raw_json_retained": false,
        "returncode": 0,
        "row_tile": 1,
        "rows": 4,
        "shape": "768x2048",
        "variant": "single"
      },
      {
        "command": [
          "/home/kaden/ClaudeCode/autorocm/redline-pub/examples/hipengine-6409/results/gfx1201/2026-07-12/build/vulkan/dense-q8/vulkan_q8_0_dense",
          "--quantize-spirv",
          "/home/kaden/ClaudeCode/autorocm/redline-pub/examples/hipengine-6409/results/gfx1201/2026-07-12/build/vulkan/dense-q8/q8_1_quantize.spv",
          "--dot-spirv",
          "/home/kaden/ClaudeCode/autorocm/redline-pub/examples/hipengine-6409/results/gfx1201/2026-07-12/build/vulkan/dense-q8/vulkan/ls128_rt1/q8_0_dense.spv",
          "--json",
          "/home/kaden/ClaudeCode/autorocm/redline-pub/examples/hipengine-6409/results/gfx1201/2026-07-12/build/vulkan/dense-q8/vulkan/ls128_rt1/raw_2048x2048_rows1.json",
          "--rows",
          "1",
          "--in-features",
          "2048",
          "--out-features",
          "2048",
          "--input-scale",
          "0.1",
          "--local-size",
          "128",
          "--row-tile",
          "1",
          "--reps",
          "10",
          "--warmup",
          "3",
          "--samples",
          "5",
          "--timing-mode",
          "independent_throughput",
          "--independent-lanes",
          "4",
          "--device-index",
          "0"
        ],
        "kind": "run_harness",
        "local_size": 128,
        "raw_json_retained": false,
        "returncode": 0,
        "row_tile": 1,
        "rows": 1,
        "shape": "2048x2048",
        "variant": "single"
      },
      {
        "command": [
          "/home/kaden/ClaudeCode/autorocm/redline-pub/examples/hipengine-6409/results/gfx1201/2026-07-12/build/vulkan/dense-q8/vulkan_q8_0_dense",
          "--quantize-spirv",
          "/home/kaden/ClaudeCode/autorocm/redline-pub/examples/hipengine-6409/results/gfx1201/2026-07-12/build/vulkan/dense-q8/q8_1_quantize.spv",
          "--dot-spirv",
          "/home/kaden/ClaudeCode/autorocm/redline-pub/examples/hipengine-6409/results/gfx1201/2026-07-12/build/vulkan/dense-q8/vulkan/ls128_rt1/q8_0_dense.spv",
          "--json",
          "/home/kaden/ClaudeCode/autorocm/redline-pub/examples/hipengine-6409/results/gfx1201/2026-07-12/build/vulkan/dense-q8/vulkan/ls128_rt1/raw_2048x2048_rows4.json",
          "--rows",
          "4",
          "--in-features",
          "2048",
          "--out-features",
          "2048",
          "--input-scale",
          "0.1",
          "--local-size",
          "128",
          "--row-tile",
          "1",
          "--reps",
          "10",
          "--warmup",
          "3",
          "--samples",
          "5",
          "--timing-mode",
          "independent_throughput",
          "--independent-lanes",
          "4",
          "--device-index",
          "0"
        ],
        "kind": "run_harness",
        "local_size": 128,
        "raw_json_retained": false,
        "returncode": 0,
        "row_tile": 1,
        "rows": 4,
        "shape": "2048x2048",
        "variant": "single"
      },
      {
        "command": [
          "/tmp/shaderc-2025/root/usr/bin/glslc",
          "--target-env=vulkan1.2",
          "-O",
          "-DHIPENGINE_LOCAL_SIZE_X=128",
          "-DHIPENGINE_ROW_TILE=4",
          "/tmp/hipEngine-f2c/benchmarks/micro/kernels/vulkan/q8_0_dense.comp",
          "-o",
          "/home/kaden/ClaudeCode/autorocm/redline-pub/examples/hipengine-6409/results/gfx1201/2026-07-12/build/vulkan/dense-q8/vulkan/ls128_rt4/q8_0_dense.spv"
        ],
        "kind": "compile_shader",
        "local_size": 128,
        "row_tile": 4,
        "variant": "rowtile4"
      },
      {
        "command": [
          "/home/kaden/ClaudeCode/autorocm/redline-pub/examples/hipengine-6409/results/gfx1201/2026-07-12/build/vulkan/dense-q8/vulkan_q8_0_dense",
          "--quantize-spirv",
          "/home/kaden/ClaudeCode/autorocm/redline-pub/examples/hipengine-6409/results/gfx1201/2026-07-12/build/vulkan/dense-q8/q8_1_quantize.spv",
          "--dot-spirv",
          "/home/kaden/ClaudeCode/autorocm/redline-pub/examples/hipengine-6409/results/gfx1201/2026-07-12/build/vulkan/dense-q8/vulkan/ls128_rt4/q8_0_dense.spv",
          "--json",
          "/home/kaden/ClaudeCode/autorocm/redline-pub/examples/hipengine-6409/results/gfx1201/2026-07-12/build/vulkan/dense-q8/vulkan/ls128_rt4/raw_768x2048_rows1.json",
          "--rows",
          "1",
          "--in-features",
          "768",
          "--out-features",
          "2048",
          "--input-scale",
          "0.1",
          "--local-size",
          "128",
          "--row-tile",
          "4",
          "--reps",
          "10",
          "--warmup",
          "3",
          "--samples",
          "5",
          "--timing-mode",
          "independent_throughput",
          "--independent-lanes",
          "4",
          "--device-index",
          "0"
        ],
        "kind": "run_harness",
        "local_size": 128,
        "raw_json_retained": false,
        "returncode": 0,
        "row_tile": 4,
        "rows": 1,
        "shape": "768x2048",
        "variant": "rowtile4"
      },
      {
        "command": [
          "/home/kaden/ClaudeCode/autorocm/redline-pub/examples/hipengine-6409/results/gfx1201/2026-07-12/build/vulkan/dense-q8/vulkan_q8_0_dense",
          "--quantize-spirv",
          "/home/kaden/ClaudeCode/autorocm/redline-pub/examples/hipengine-6409/results/gfx1201/2026-07-12/build/vulkan/dense-q8/q8_1_quantize.spv",
          "--dot-spirv",
          "/home/kaden/ClaudeCode/autorocm/redline-pub/examples/hipengine-6409/results/gfx1201/2026-07-12/build/vulkan/dense-q8/vulkan/ls128_rt4/q8_0_dense.spv",
          "--json",
          "/home/kaden/ClaudeCode/autorocm/redline-pub/examples/hipengine-6409/results/gfx1201/2026-07-12/build/vulkan/dense-q8/vulkan/ls128_rt4/raw_768x2048_rows4.json",
          "--rows",
          "4",
          "--in-features",
          "768",
          "--out-features",
          "2048",
          "--input-scale",
          "0.1",
          "--local-size",
          "128",
          "--row-tile",
          "4",
          "--reps",
          "10",
          "--warmup",
          "3",
          "--samples",
          "5",
          "--timing-mode",
          "independent_throughput",
          "--independent-lanes",
          "4",
          "--device-index",
          "0"
        ],
        "kind": "run_harness",
        "local_size": 128,
        "raw_json_retained": false,
        "returncode": 0,
        "row_tile": 4,
        "rows": 4,
        "shape": "768x2048",
        "variant": "rowtile4"
      },
      {
        "command": [
          "/home/kaden/ClaudeCode/autorocm/redline-pub/examples/hipengine-6409/results/gfx1201/2026-07-12/build/vulkan/dense-q8/vulkan_q8_0_dense",
          "--quantize-spirv",
          "/home/kaden/ClaudeCode/autorocm/redline-pub/examples/hipengine-6409/results/gfx1201/2026-07-12/build/vulkan/dense-q8/q8_1_quantize.spv",
          "--dot-spirv",
          "/home/kaden/ClaudeCode/autorocm/redline-pub/examples/hipengine-6409/results/gfx1201/2026-07-12/build/vulkan/dense-q8/vulkan/ls128_rt4/q8_0_dense.spv",
          "--json",
          "/home/kaden/ClaudeCode/autorocm/redline-pub/examples/hipengine-6409/results/gfx1201/2026-07-12/build/vulkan/dense-q8/vulkan/ls128_rt4/raw_2048x2048_rows1.json",
          "--rows",
          "1",
          "--in-features",
          "2048",
          "--out-features",
          "2048",
          "--input-scale",
          "0.1",
          "--local-size",
          "128",
          "--row-tile",
          "4",
          "--reps",
          "10",
          "--warmup",
          "3",
          "--samples",
          "5",
          "--timing-mode",
          "independent_throughput",
          "--independent-lanes",
          "4",
          "--device-index",
          "0"
        ],
        "kind": "run_harness",
        "local_size": 128,
        "raw_json_retained": false,
        "returncode": 0,
        "row_tile": 4,
        "rows": 1,
        "shape": "2048x2048",
        "variant": "rowtile4"
      },
      {
        "command": [
          "/home/kaden/ClaudeCode/autorocm/redline-pub/examples/hipengine-6409/results/gfx1201/2026-07-12/build/vulkan/dense-q8/vulkan_q8_0_dense",
          "--quantize-spirv",
          "/home/kaden/ClaudeCode/autorocm/redline-pub/examples/hipengine-6409/results/gfx1201/2026-07-12/build/vulkan/dense-q8/q8_1_quantize.spv",
          "--dot-spirv",
          "/home/kaden/ClaudeCode/autorocm/redline-pub/examples/hipengine-6409/results/gfx1201/2026-07-12/build/vulkan/dense-q8/vulkan/ls128_rt4/q8_0_dense.spv",
          "--json",
          "/home/kaden/ClaudeCode/autorocm/redline-pub/examples/hipengine-6409/results/gfx1201/2026-07-12/build/vulkan/dense-q8/vulkan/ls128_rt4/raw_2048x2048_rows4.json",
          "--rows",
          "4",
          "--in-features",
          "2048",
          "--out-features",
          "2048",
          "--input-scale",
          "0.1",
          "--local-size",
          "128",
          "--row-tile",
          "4",
          "--reps",
          "10",
          "--warmup",
          "3",
          "--samples",
          "5",
          "--timing-mode",
          "independent_throughput",
          "--independent-lanes",
          "4",
          "--device-index",
          "0"
        ],
        "kind": "run_harness",
        "local_size": 128,
        "raw_json_retained": false,
        "returncode": 0,
        "row_tile": 4,
        "rows": 4,
        "shape": "2048x2048",
        "variant": "rowtile4"
      }
    ],
    "cwd": "/tmp/hipEngine-f2c",
    "schema": "hipengine.micro.q8_0_dense_real_slice_runner.v2"
  }
}

